file_name,class_label,resolution_level,width,height,aspect_ratio,file_size_kb,mean_intensity,std_intensity,skewness,kurtosis,entropy,edge_density
s1_1.tif,Canon120-1,150,1240,1752,0.7077625570776256,6366.8017578125,0.9723840951919556,0.12570802867412567,-4.814417362213135,22.19645881652832,-1769.7677565847878,0.030322488584474887
s1_10.tif,Canon120-1,150,1240,1752,0.7077625570776256,6366.8017578125,0.9699103236198425,0.12492669373750687,-4.209887981414795,16.492502212524414,-1788.987006959056,0.026919005008101342
s1_100.tif,Canon120-1,150,1240,1752,0.7077625570776256,6366.8017578125,0.9852476119995117,0.0921424925327301,-6.863428592681885,48.042274475097656,-1895.3236720203406,0.01858429076447194
s1_11.tif,Canon120-1,150,1240,1752,0.7077625570776256,6366.8017578125,0.9738848209381104,0.11723852902650833,-4.927458763122559,24.068151473999023,-1793.202439161927,0.04882622624834291
s1_12.tif,Canon120-1,150,1240,1752,0.7077625570776256,6366.8017578125,0.9885857701301575,0.07847538590431213,-7.975543975830078,65.19390869140625,-1828.304206433676,0.016380818235380762
s1_13.tif,Canon120-1,150,1240,1752,0.7077625570776256,6366.8017578125,0.9802454113960266,0.10342062264680862,-5.751214504241943,33.207359313964844,-1828.835773369361,0.03525786198261894
s1_14.tif,Canon120-1,150,1240,1752,0.7077625570776256,6366.8017578125,0.9792277812957764,0.10701345652341843,-5.614022731781006,31.33251953125,-1827.7862284973708,0.032753351008985125
s1_15.tif,Canon120-1,150,1240,1752,0.7077625570776256,6366.8017578125,0.9777542352676392,0.09956928342580795,-5.160011291503906,27.287376403808594,-1758.6085499193769,0.04417808219178082
s1_16.tif,Canon120-1,150,1240,1752,0.7077625570776256,6366.8017578125,0.9825577139854431,0.09189165383577347,-5.943690776824951,36.29407501220703,-1821.123223780718,0.03513864339372515
s1_17.tif,Canon120-1,150,1240,1752,0.7077625570776256,6366.8017578125,0.9930278062820435,0.06253989785909653,-10.006731033325195,103.40247344970703,-1951.0951673520522,0.010751307261746943
s1_18.tif,Canon120-1,150,1240,1752,0.7077625570776256,6366.8017578125,0.983065664768219,0.0980387032032013,-6.294898509979248,39.6683349609375,-1861.101651353914,0.024509776844896157
s1_19.tif,Canon120-1,150,1240,1752,0.7077625570776256,6366.8017578125,0.9712375998497009,0.12134969234466553,-4.703660488128662,21.81641960144043,-1681.8650417158005,0.04423055678303137
s1_2.tif,Canon120-1,150,1240,1752,0.7077625570776256,6366.8017578125,0.9589833617210388,0.13665378093719482,-3.7131593227386475,13.231075286865234,-1583.2843931923994,0.08023411032552659
s1_20.tif,Canon120-1,150,1240,1752,0.7077625570776256,6366.8017578125,0.9713486433029175,0.12092086672782898,-4.6932854652404785,21.691987991333008,-1682.6462855653087,0.04426646045072912
s1_21.tif,Canon120-1,150,1240,1752,0.7077625570776256,6366.8017578125,0.9920738339424133,0.06508889049291611,-9.282116889953613,89.54683685302734,-1936.1853497990746,0.014012096774193548
s1_22.tif,Canon120-1,150,1240,1752,0.7077625570776256,6366.8017578125,0.9936716556549072,0.05916909500956535,-10.532270431518555,115.09693908691406,-1950.6028234761839,0.010441983355427897
s1_23.tif,Canon120-1,150,1240,1752,0.7077625570776256,6366.8017578125,0.9864252805709839,0.08055847138166428,-7.036585807800293,51.228424072265625,-1823.0376855686657,0.022126325673884225
s1_24.tif,Canon120-1,150,1240,1752,0.7077625570776256,6366.8017578125,0.9888270497322083,0.07467326521873474,-7.528604984283447,58.52922439575195,-1900.264514416975,0.0233120673147739
s1_25.tif,Canon120-1,150,1240,1752,0.7077625570776256,6366.8017578125,0.9771588444709778,0.1174243912100792,-5.442476749420166,28.93256378173828,-1847.5251024975382,0.025349370304904993
s1_26.tif,Canon120-1,150,1240,1752,0.7077625570776256,6366.8017578125,0.9848273396492004,0.09315230697393417,-6.660303115844727,44.614200592041016,-1887.528376447207,0.020953472529091178
s1_27.tif,Canon120-1,150,1240,1752,0.7077625570776256,6366.8017578125,0.9639862775802612,0.13903078436851501,-4.090136528015137,15.72646713256836,-1710.3286800918047,0.04206160701134188
s1_28.tif,Canon120-1,150,1240,1752,0.7077625570776256,6366.8017578125,0.9895029067993164,0.0786365419626236,-8.216633796691895,68.62690734863281,-1921.6059983173311,0.013583093975548681
s1_29.tif,Canon120-1,150,1240,1752,0.7077625570776256,6366.8017578125,0.9931367635726929,0.05427885800600052,-9.744314193725586,103.41712951660156,-1900.1524304778982,0.010766957578435704
s1_3.tif,Canon120-1,150,1240,1752,0.7077625570776256,6366.8017578125,0.9787089824676514,0.10762717574834824,-5.525354862213135,30.516239166259766,-1826.290236756525,0.03433265208425394
s1_30.tif,Canon120-1,150,1240,1752,0.7077625570776256,6366.8017578125,0.9809054732322693,0.08484913408756256,-4.688738822937012,21.733972549438477,-1818.3401546392179,0.02127016129032258
s1_31.tif,Canon120-1,150,1240,1752,0.7077625570776256,6366.8017578125,0.9593371152877808,0.1379166692495346,-3.67915678024292,12.745826721191406,-1618.3335344197876,0.06618795109736338
s1_32.tif,Canon120-1,150,1240,1752,0.7077625570776256,6366.8017578125,0.985308825969696,0.08398396521806717,-6.617211818695068,45.92732238769531,-1843.520207270711,0.03733659228163205
s1_33.tif,Canon120-1,150,1240,1752,0.7077625570776256,6366.8017578125,0.9610959887504578,0.1404784917831421,-3.8973655700683594,14.338516235351562,-1650.8302400794034,0.05987627043747238
s1_34.tif,Canon120-1,150,1240,1752,0.7077625570776256,6366.8017578125,0.9869837760925293,0.08026285469532013,-6.997603893280029,50.78572082519531,-1874.5308222069193,0.027243518927677124
s1_35.tif,Canon120-1,150,1240,1752,0.7077625570776256,6366.8017578125,0.9726778864860535,0.12903577089309692,-4.93678617477417,23.370534896850586,-1821.6203266473058,0.028765282073943143
s1_36.tif,Canon120-1,150,1240,1752,0.7077625570776256,6366.8017578125,0.9845602512359619,0.09548935294151306,-6.694479465484619,44.9193115234375,-1889.7972252219472,0.020622054058035057
s1_37.tif,Canon120-1,150,1240,1752,0.7077625570776256,6366.8017578125,0.9820513725280762,0.10205132514238358,-6.161211013793945,37.87059020996094,-1865.7022715666917,0.02464372514361467
s1_38.tif,Canon120-1,150,1240,1752,0.7077625570776256,6366.8017578125,0.9869944453239441,0.08307867497205734,-7.100801944732666,51.633968353271484,-1882.6463459224474,0.02066117984975696
s1_39.tif,Canon120-1,150,1240,1752,0.7077625570776256,6366.8017578125,0.986884355545044,0.07970954477787018,-7.1329731941223145,53.983299255371094,-1874.7924661569364,0.0296587310354986
s1_4.tif,Canon120-1,150,1240,1752,0.7077625570776256,6366.8017578125,0.9689451456069946,0.1259097158908844,-4.393123626708984,18.76923942565918,-1740.2442654704769,0.05505275077330977
s1_40.tif,Canon120-1,150,1240,1752,0.7077625570776256,6366.8017578125,0.9849638342857361,0.08207099884748459,-7.066357612609863,54.20563888549805,-1782.3881774614126,0.0428722013551333
s1_41.tif,Canon120-1,150,1240,1752,0.7077625570776256,6366.8017578125,0.9598231911659241,0.15484614670276642,-4.028698921203613,15.195205688476562,-1744.4920314990893,0.05021910443364266
s1_42.tif,Canon120-1,150,1240,1752,0.7077625570776256,6366.8017578125,0.9691942930221558,0.1327631026506424,-4.366356372833252,17.804725646972656,-1799.0153269475056,0.02313300927971719
s1_43.tif,Canon120-1,150,1240,1752,0.7077625570776256,6366.8017578125,0.9864597320556641,0.08258634805679321,-6.847910404205322,48.20967102050781,-1878.932349379009,0.025501730740904404
s1_44.tif,Canon120-1,150,1240,1752,0.7077625570776256,6366.8017578125,0.9761080741882324,0.11459703743457794,-5.174881935119629,26.3892765045166,-1819.0519801333369,0.03832946678450434
s1_45.tif,Canon120-1,150,1240,1752,0.7077625570776256,6366.8017578125,0.9830390810966492,0.09439177066087723,-6.17471170425415,38.6396484375,-1845.4986361621736,0.03018669907202828
s1_46.tif,Canon120-1,150,1240,1752,0.7077625570776256,6366.8017578125,0.9788641333580017,0.10524000972509384,-5.491485595703125,30.254459381103516,-1820.5898942879808,0.0362088488731772
s1_47.tif,Canon120-1,150,1240,1752,0.7077625570776256,6366.8017578125,0.9822697043418884,0.08083514869213104,-6.031914234161377,40.42680358886719,-1700.7897185543388,0.0604769664162616
s1_48.tif,Canon120-1,150,1240,1752,0.7077625570776256,6366.8017578125,0.9880450963973999,0.06479038298130035,-7.670444488525391,67.0672378540039,-1738.7197821734233,0.039288278833406985
s1_49.tif,Canon120-1,150,1240,1752,0.7077625570776256,6366.8017578125,0.989309549331665,0.07816661894321442,-8.141800880432129,67.96774291992188,-1913.5300748843124,0.015040874944763588
s1_5.tif,Canon120-1,150,1240,1752,0.7077625570776256,6366.8017578125,0.9888792037963867,0.07698230445384979,-7.752187252044678,61.87571716308594,-1903.244201698997,0.01858797319192812
s1_50.tif,Canon120-1,150,1240,1752,0.7077625570776256,6366.8017578125,0.9830752015113831,0.09732617437839508,-6.463016033172607,42.581668853759766,-1851.103353557172,0.016726506112829578
s1_51.tif,Canon120-1,150,1240,1752,0.7077625570776256,6366.8017578125,0.9819581508636475,0.09419931471347809,-5.87095832824707,35.167625427246094,-1837.214380500664,0.03164908307556341
s1_52.tif,Canon120-1,150,1240,1752,0.7077625570776256,6366.8017578125,0.9428664445877075,0.12228948622941971,-2.0221595764160156,3.6546053886413574,-1566.4367285153928,0.011514030048608043
s1_53.tif,Canon120-1,150,1240,1752,0.7077625570776256,6366.8017578125,0.9801658987998962,0.10062962770462036,-5.611989974975586,32.238224029541016,-1837.8889207842578,0.022359239210487554
s1_54.tif,Canon120-1,150,1240,1752,0.7077625570776256,6366.8017578125,0.9884496331214905,0.07564049959182739,-7.680025577545166,61.726051330566406,-1874.8222278173937,0.013028428339961703
s1_55.tif,Canon120-1,150,1240,1752,0.7077625570776256,6366.8017578125,0.9703873991966248,0.09736379235982895,-4.330811500549316,22.0985107421875,-1623.4450313593059,0.031211794815142142
s1_56.tif,Canon120-1,150,1240,1752,0.7077625570776256,6366.8017578125,0.9609491229057312,0.1258099526166916,-4.24854040145874,18.748779296875,-1567.452542903809,0.04319027102666077
s1_57.tif,Canon120-1,150,1240,1752,0.7077625570776256,6366.8017578125,0.9818699359893799,0.09769389778375626,-5.8859171867370605,34.59706115722656,-1844.3239320635948,0.02748333701576079
s1_58.tif,Canon120-1,150,1240,1752,0.7077625570776256,6366.8017578125,0.9871742129325867,0.07834324985742569,-6.914741516113281,49.35671615600586,-1874.1121153207794,0.02510172705847695
s1_59.tif,Canon120-1,150,1240,1752,0.7077625570776256,6366.8017578125,0.9676396250724792,0.13063058257102966,-4.3304548263549805,18.202238082885742,-1738.440333520314,0.03677179997054058
s1_6.tif,Canon120-1,150,1240,1752,0.7077625570776256,6366.8017578125,0.9932718873023987,0.059452950954437256,-10.029806137084961,105.02561950683594,-1949.8242550139535,0.011856035498600677
s1_60.tif,Canon120-1,150,1240,1752,0.7077625570776256,6366.8017578125,0.9862204790115356,0.08839389681816101,-6.967470169067383,48.846900939941406,-1898.5988246414995,0.019218588893798794
s1_61.tif,Canon120-1,150,1240,1752,0.7077625570776256,6366.8017578125,0.9882910251617432,0.0763532891869545,-7.400331020355225,56.67353439331055,-1882.3841618492452,0.02188466637207247
s1_62.tif,Canon120-1,150,1240,1752,0.7077625570776256,6366.8017578125,0.978046178817749,0.11072313040494919,-5.373198986053467,28.460607528686523,-1850.6151010933568,0.027390355722492266
s1_63.tif,Canon120-1,150,1240,1752,0.7077625570776256,6366.8017578125,0.9724916815757751,0.11451508849859238,-4.927670478820801,23.733247756958008,-1471.3134414701092,0.031525261452349386
s1_64.tif,Canon120-1,150,1240,1752,0.7077625570776256,6366.8017578125,0.9680130481719971,0.13089635968208313,-4.274814128875732,17.118614196777344,-1677.4397031143646,0.02729277139490352
s1_65.tif,Canon120-1,150,1240,1752,0.7077625570776256,6366.8017578125,0.9682771563529968,0.13022510707378387,-4.22519063949585,16.668289184570312,-1774.1944785951785,0.03560769259095596
s1_66.tif,Canon120-1,150,1240,1752,0.7077625570776256,6366.8017578125,0.9638218879699707,0.14565667510032654,-4.003044128417969,14.546327590942383,-1789.779890137825,0.02221562453969657
s1_67.tif,Canon120-1,150,1240,1752,0.7077625570776256,6366.8017578125,0.9157674908638,0.1280219852924347,-1.9596130847930908,5.82541561126709,-1143.3998640255738,0.01597160848431286
s1_68.tif,Canon120-1,150,1240,1752,0.7077625570776256,6366.8017578125,0.9783614873886108,0.1172255426645279,-5.764872074127197,32.699249267578125,-1860.3288951707582,0.020623434968331123
s1_69.tif,Canon120-1,150,1240,1752,0.7077625570776256,6366.8017578125,0.9863959550857544,0.08570010215044022,-7.045803070068359,50.87112045288086,-1875.2036010921659,0.022486282957725732
s1_7.tif,Canon120-1,150,1240,1752,0.7077625570776256,6366.8017578125,0.9874850511550903,0.08172909915447235,-7.234593391418457,53.360015869140625,-1890.2064815781619,0.02160756370599499
s1_70.tif,Canon120-1,150,1240,1752,0.7077625570776256,6366.8017578125,0.952680230140686,0.15529416501522064,-3.473590850830078,11.069510459899902,-1605.4129259005376,0.08059222639564001
s1_71.tif,Canon120-1,150,1240,1752,0.7077625570776256,6366.8017578125,0.9886654019355774,0.0736512616276741,-7.317519187927246,55.28473663330078,-1894.1766144670062,0.023178579319487407
s1_72.tif,Canon120-1,150,1240,1752,0.7077625570776256,6366.8017578125,0.9758386611938477,0.11792697012424469,-5.240454196929932,26.979597091674805,-1834.831572633368,0.035277655030195906
s1_73.tif,Canon120-1,150,1240,1752,0.7077625570776256,6366.8017578125,0.9694487452507019,0.12868833541870117,-4.572967052459717,20.18870735168457,-1721.2146118933656,0.03976929591987038
s1_74.tif,Canon120-1,150,1240,1752,0.7077625570776256,6366.8017578125,0.9880192279815674,0.07448180764913559,-7.381381511688232,57.56965255737305,-1876.446551554853,0.02229525703343644
s1_75.tif,Canon120-1,150,1240,1752,0.7077625570776256,6366.8017578125,0.9888119697570801,0.07183985412120819,-7.47967004776001,59.74148941040039,-1854.2974341555052,0.020746796288113125
s1_76.tif,Canon120-1,150,1240,1752,0.7077625570776256,6366.8017578125,0.9877699613571167,0.07904531061649323,-8.09546184539795,68.5154800415039,-1802.1181688090755,0.012111503903373103
s1_77.tif,Canon120-1,150,1240,1752,0.7077625570776256,6366.8017578125,0.9700541496276855,0.11892489343881607,-4.3978047370910645,19.424558639526367,-1728.5274824269159,0.0478536050964796
s1_78.tif,Canon120-1,150,1240,1752,0.7077625570776256,6366.8017578125,0.9757348895072937,0.10276584327220917,-5.462608814239502,30.9161376953125,-1641.7574748520422,0.03273770069229636
s1_79.tif,Canon120-1,150,1240,1752,0.7077625570776256,6366.8017578125,0.9831323027610779,0.0929872989654541,-6.364724636077881,41.56374740600586,-1837.2932120802302,0.0280324790101635
s1_8.tif,Canon120-1,150,1240,1752,0.7077625570776256,6366.8017578125,0.9847333431243896,0.09192552417516708,-6.649246692657471,44.699832916259766,-1858.7791917965308,0.023517822948887906
s1_80.tif,Canon120-1,150,1240,1752,0.7077625570776256,6366.8017578125,0.9820501208305359,0.09835104644298553,-6.124567031860352,37.89195251464844,-1808.6070260718395,0.03370986154072765
s1_81.tif,Canon120-1,150,1240,1752,0.7077625570776256,6366.8017578125,0.9735669493675232,0.11563864350318909,-4.753441333770752,22.417821884155273,-1784.978389712758,0.037840164236264545
s1_82.tif,Canon120-1,150,1240,1752,0.7077625570776256,6366.8017578125,0.98612380027771,0.0930359959602356,-7.269848823547363,52.96696090698242,-1877.9017002730918,0.014765153188982177
s1_83.tif,Canon120-1,150,1240,1752,0.7077625570776256,6366.8017578125,0.978136420249939,0.1092761680483818,-5.427326679229736,29.220745086669922,-1826.5509320819322,0.036323924731182795
s1_84.tif,Canon120-1,150,1240,1752,0.7077625570776256,6366.8017578125,0.9888777136802673,0.07128004729747772,-8.521897315979004,77.5949935913086,-1772.8434051012657,0.018390503019590516
s1_85.tif,Canon120-1,150,1240,1752,0.7077625570776256,6366.8017578125,0.9803000688552856,0.1083870604634285,-6.096887588500977,37.558807373046875,-1854.3477627338589,0.01940132935631168
s1_86.tif,Canon120-1,150,1240,1752,0.7077625570776256,6366.8017578125,0.9805808067321777,0.10397068411111832,-5.639042377471924,31.14128875732422,-1869.8210864888717,0.022785940491972308
s1_87.tif,Canon120-1,150,1240,1752,0.7077625570776256,6366.8017578125,0.9818727970123291,0.10067936033010483,-6.050328254699707,36.559837341308594,-1846.2497628236576,0.02726607379584622
s1_88.tif,Canon120-1,150,1240,1752,0.7077625570776256,6366.8017578125,0.9809103012084961,0.09554324299097061,-5.7100677490234375,34.13983917236328,-1806.1829107635972,0.024948446015613492
s1_89.tif,Canon120-1,150,1240,1752,0.7077625570776256,6366.8017578125,0.9724875688552856,0.11860834807157516,-4.7555155754089355,22.359800338745117,-1762.7832132445792,0.04625589188392989
s1_9.tif,Canon120-1,150,1240,1752,0.7077625570776256,6366.8017578125,0.9749701023101807,0.11640520393848419,-5.034550189971924,24.982715606689453,-1804.1547826504225,0.038363529238474005
s1_90.tif,Canon120-1,150,1240,1752,0.7077625570776256,6366.8017578125,0.9811004996299744,0.09632359445095062,-5.9026618003845215,36.096126556396484,-1816.2223301537504,0.043677732361172485
s1_91.tif,Canon120-1,150,1240,1752,0.7077625570776256,6366.8017578125,0.9794738292694092,0.11135924607515335,-5.791045188903809,33.111900329589844,-1858.2264105661916,0.024627154220061866
s1_92.tif,Canon120-1,150,1240,1752,0.7077625570776256,6366.8017578125,0.9834045767784119,0.09866877645254135,-6.466700553894043,41.98918533325195,-1877.3890810526857,0.022341747680070703
s1_93.tif,Canon120-1,150,1240,1752,0.7077625570776256,6366.8017578125,0.9817219376564026,0.10274355113506317,-6.125628471374512,37.503273010253906,-1846.5839906662113,0.026313245691559878
s1_94.tif,Canon120-1,150,1240,1752,0.7077625570776256,6366.8017578125,0.9835593700408936,0.10021927952766418,-6.582293510437012,43.25981521606445,-1871.584022499415,0.01960892620415378
s1_95.tif,Canon120-1,150,1240,1752,0.7077625570776256,6366.8017578125,0.9868126511573792,0.08618169277906418,-7.202585220336914,52.74517059326172,-1896.2444719047533,0.02074173295036088
s1_96.tif,Canon120-1,150,1240,1752,0.7077625570776256,6366.8017578125,0.9816343784332275,0.1048516184091568,-6.1917901039123535,38.39524841308594,-1881.3606580446308,0.01513339593460009
s1_97.tif,Canon120-1,150,1240,1752,0.7077625570776256,6366.8017578125,0.9815385937690735,0.09900329262018204,-6.150166988372803,38.57996368408203,-1840.8540181184655,0.024632217557814112
s1_98.tif,Canon120-1,150,1240,1752,0.7077625570776256,6366.8017578125,0.9611243605613708,0.13846567273139954,-3.8574540615081787,14.213539123535156,-1673.7446275265195,0.07282184415967005
s1_99.tif,Canon120-1,150,1240,1752,0.7077625570776256,6366.8017578125,0.9813459515571594,0.10125729441642761,-6.448517322540283,42.26335525512695,-1712.879030714775,0.021051056856679923
s1_1.tif,Canon120-1,300,2480,3508,0.7069555302166477,25495.0673828125,0.9716540575027466,0.12911318242549896,-4.875391960144043,22.62154197692871,-1666.7249230005914,0.01563741402140729
s1_10.tif,Canon120-1,300,2480,3508,0.7069555302166477,25495.0673828125,0.9693344831466675,0.12991081178188324,-4.401904106140137,18.31073570251465,-1706.8532075606931,0.016064203479604224
s1_100.tif,Canon120-1,300,2480,3508,0.7069555302166477,25495.0673828125,0.9845740795135498,0.09632080793380737,-6.9125142097473145,47.907745361328125,-1802.7354456570245,0.010595367271122227
s1_11.tif,Canon120-1,300,2480,3508,0.7069555302166477,25495.0673828125,0.9733316898345947,0.12444941699504852,-5.014967441558838,24.305448532104492,-1740.6492193973565,0.026426922793982417
s1_12.tif,Canon120-1,300,2480,3508,0.7069555302166477,25495.0673828125,0.9871804714202881,0.08285486698150635,-8.020392417907715,65.05348205566406,-1710.0715807482375,0.009131662191488579
s1_13.tif,Canon120-1,300,2480,3508,0.7069555302166477,25495.0673828125,0.9794932007789612,0.10942582786083221,-5.859801769256592,33.765323638916016,-1734.3591407231913,0.01880057564277044
s1_14.tif,Canon120-1,300,2480,3508,0.7069555302166477,25495.0673828125,0.9787769913673401,0.11250452697277069,-5.720958709716797,31.99184799194336,-1775.8836632657108,0.01878827656600581
s1_15.tif,Canon120-1,300,2480,3508,0.7069555302166477,25495.0673828125,0.9765418767929077,0.10523851215839386,-5.2512664794921875,27.96640396118164,-1644.8561745955628,0.02503597767315261
s1_16.tif,Canon120-1,300,2480,3508,0.7069555302166477,25495.0673828125,0.9818379282951355,0.0989822968840599,-6.168260097503662,38.13037109375,-1740.0210142304238,0.021362691727663956
s1_17.tif,Canon120-1,300,2480,3508,0.7069555302166477,25495.0673828125,0.9926018118858337,0.06571370363235474,-10.134395599365234,104.38277435302734,-1875.9856504791333,0.006127928789494979
s1_18.tif,Canon120-1,300,2480,3508,0.7069555302166477,25495.0673828125,0.9819815158843994,0.10336833447217941,-6.371298313140869,40.02508544921875,-1729.0575234493365,0.013888416338691286
s1_19.tif,Canon120-1,300,2480,3508,0.7069555302166477,25495.0673828125,0.9692791104316711,0.12659530341625214,-4.749708652496338,21.94561767578125,-1504.9549527456024,0.024555853900761395
s1_2.tif,Canon120-1,300,2480,3508,0.7069555302166477,25495.0673828125,0.9572323560714722,0.14771991968154907,-3.8281545639038086,13.670660018920898,-1475.5845159006958,0.04901078640526722
s1_20.tif,Canon120-1,300,2480,3508,0.7069555302166477,25495.0673828125,0.969231367111206,0.12660226225852966,-4.748301029205322,21.932785034179688,-1500.8984676371474,0.024605280097105234
s1_21.tif,Canon120-1,300,2480,3508,0.7069555302166477,25495.0673828125,0.991604208946228,0.06914298981428146,-9.405863761901855,90.13652038574219,-1866.6842092430015,0.00840762588737264
s1_22.tif,Canon120-1,300,2480,3508,0.7069555302166477,25495.0673828125,0.9931934475898743,0.06250803917646408,-10.623655319213867,114.93798828125,-1868.586679935672,0.005890338213116563
s1_23.tif,Canon120-1,300,2480,3508,0.7069555302166477,25495.0673828125,0.9852783679962158,0.08573094755411148,-7.129316806793213,51.94133377075195,-1703.44873446101,0.012679658476477729
s1_24.tif,Canon120-1,300,2480,3508,0.7069555302166477,25495.0673828125,0.9883478283882141,0.08008439838886261,-7.7571187019348145,60.91500473022461,-1833.3899880662177,0.013129781697134659
s1_25.tif,Canon120-1,300,2480,3508,0.7069555302166477,25495.0673828125,0.9765755534172058,0.12135957926511765,-5.464696884155273,28.724794387817383,-1762.1960478666545,0.01435290763968073
s1_26.tif,Canon120-1,300,2480,3508,0.7069555302166477,25495.0673828125,0.9839839339256287,0.09730079025030136,-6.7195892333984375,44.728660583496094,-1763.4913517715092,0.011685617206753228
s1_27.tif,Canon120-1,300,2480,3508,0.7069555302166477,25495.0673828125,0.963228702545166,0.14295490086078644,-4.147283554077148,16.052051544189453,-1613.0922399743959,0.02477930628609262
s1_28.tif,Canon120-1,300,2480,3508,0.7069555302166477,25495.0673828125,0.9890017509460449,0.08168047666549683,-8.244880676269531,68.12661743164062,-1838.1599262597144,0.007561173538823703
s1_29.tif,Canon120-1,300,2480,3508,0.7069555302166477,25495.0673828125,0.9923818111419678,0.056715019047260284,-9.836216926574707,104.42340087890625,-1798.7305188042678,0.00621344760363409
s1_3.tif,Canon120-1,300,2480,3508,0.7069555302166477,25495.0673828125,0.9780901670455933,0.11340346932411194,-5.612505912780762,30.79684066772461,-1753.8128500380224,0.018863335417662854
s1_30.tif,Canon120-1,300,2480,3508,0.7069555302166477,25495.0673828125,0.9799085855484009,0.08871077001094818,-4.8635101318359375,23.875652313232422,-1715.1749847177634,0.014331757825431272
s1_31.tif,Canon120-1,300,2480,3508,0.7069555302166477,25495.0673828125,0.9580104351043701,0.14572244882583618,-3.7836103439331055,13.277078628540039,-1511.3977628700018,0.04022821109353735
s1_32.tif,Canon120-1,300,2480,3508,0.7069555302166477,25495.0673828125,0.9841771721839905,0.09150652587413788,-6.720628261566162,45.60126876831055,-1717.8517876534825,0.018975981167469746
s1_33.tif,Canon120-1,300,2480,3508,0.7069555302166477,25495.0673828125,0.9604911804199219,0.14681896567344666,-4.016889572143555,15.067251205444336,-1583.3556292472015,0.03500386213999338
s1_34.tif,Canon120-1,300,2480,3508,0.7069555302166477,25495.0673828125,0.9864098429679871,0.08551200479269028,-7.133955478668213,51.44430923461914,-1794.4038240200011,0.015176371059697649
s1_35.tif,Canon120-1,300,2480,3508,0.7069555302166477,25495.0673828125,0.9718368649482727,0.1331942081451416,-4.955064296722412,23.26643943786621,-1718.9077039602162,0.015801440026483246
s1_36.tif,Canon120-1,300,2480,3508,0.7069555302166477,25495.0673828125,0.9840772747993469,0.09938673675060272,-6.772669792175293,45.3289794921875,-1816.0823193531066,0.011442969066097767
s1_37.tif,Canon120-1,300,2480,3508,0.7069555302166477,25495.0673828125,0.9814656376838684,0.10620766133069992,-6.221311092376709,38.01716995239258,-1776.656150621947,0.014033706367013647
s1_38.tif,Canon120-1,300,2480,3508,0.7069555302166477,25495.0673828125,0.9860886931419373,0.08777758479118347,-7.257951259613037,53.2154655456543,-1755.0102372262286,0.011970105197336963
s1_39.tif,Canon120-1,300,2480,3508,0.7069555302166477,25495.0673828125,0.9865071177482605,0.08486311137676239,-7.214742183685303,53.50775909423828,-1821.2456954962759,0.016131101261632398
s1_4.tif,Canon120-1,300,2480,3508,0.7069555302166477,25495.0673828125,0.967831015586853,0.13418662548065186,-4.49061393737793,19.15398597717285,-1650.0216406553047,0.03230254809283849
s1_40.tif,Canon120-1,300,2480,3508,0.7069555302166477,25495.0673828125,0.9831306338310242,0.08843309432268143,-6.832813739776611,49.24201583862305,-1653.262659904584,0.024133317394342886
s1_41.tif,Canon120-1,300,2480,3508,0.7069555302166477,25495.0673828125,0.9589685201644897,0.1606467217206955,-4.024439334869385,14.7880859375,-1654.9617402651063,0.026896011880678264
s1_42.tif,Canon120-1,300,2480,3508,0.7069555302166477,25495.0673828125,0.968368411064148,0.13685528934001923,-4.495095729827881,18.97786521911621,-1676.353677356231,0.013936233310037885
s1_43.tif,Canon120-1,300,2480,3508,0.7069555302166477,25495.0673828125,0.985884428024292,0.08871577680110931,-7.058065414428711,50.194908142089844,-1813.2083673262268,0.015767416412255857
s1_44.tif,Canon120-1,300,2480,3508,0.7069555302166477,25495.0673828125,0.9753313660621643,0.12098228931427002,-5.269069671630859,26.846385955810547,-1734.9457769032826,0.021116710192371355
s1_45.tif,Canon120-1,300,2480,3508,0.7069555302166477,25495.0673828125,0.9824352860450745,0.10002412647008896,-6.320010185241699,39.69673538208008,-1764.2723794704887,0.01715180968845404
s1_46.tif,Canon120-1,300,2480,3508,0.7069555302166477,25495.0673828125,0.9783123731613159,0.11131846904754639,-5.614083290100098,30.960220336914062,-1754.5304098902955,0.021800285982270937
s1_47.tif,Canon120-1,300,2480,3508,0.7069555302166477,25495.0673828125,0.9807016849517822,0.08878752589225769,-6.049282550811768,39.10106658935547,-1602.0182304532768,0.0331093445396697
s1_48.tif,Canon120-1,300,2480,3508,0.7069555302166477,25495.0673828125,0.9856957197189331,0.07222689688205719,-7.491725921630859,61.85777282714844,-1587.378908150607,0.021819481737595174
s1_49.tif,Canon120-1,300,2480,3508,0.7069555302166477,25495.0673828125,0.9889097809791565,0.08124157041311264,-8.207433700561523,67.87865447998047,-1844.2519807820665,0.008983383602457057
s1_5.tif,Canon120-1,300,2480,3508,0.7069555302166477,25495.0673828125,0.9881163239479065,0.08182772994041443,-7.856817245483398,62.314857482910156,-1798.082011825577,0.011442164453599147
s1_50.tif,Canon120-1,300,2480,3508,0.7069555302166477,25495.0673828125,0.9822381734848022,0.09954897314310074,-6.438082218170166,41.982357025146484,-1738.9343837737547,0.011461590098208702
s1_51.tif,Canon120-1,300,2480,3508,0.7069555302166477,25495.0673828125,0.9813165664672852,0.10030781477689743,-6.003302097320557,36.07467269897461,-1771.7111517788883,0.01859206606098503
s1_52.tif,Canon120-1,300,2480,3508,0.7069555302166477,25495.0673828125,0.9415183067321777,0.12696802616119385,-2.1397483348846436,4.216109275817871,-1449.883812864193,0.0070800152646485455
s1_53.tif,Canon120-1,300,2480,3508,0.7069555302166477,25495.0673828125,0.9795271158218384,0.10460538417100906,-5.713450908660889,32.967098236083984,-1747.9425799757587,0.012086314231066318
s1_54.tif,Canon120-1,300,2480,3508,0.7069555302166477,25495.0673828125,0.9878656268119812,0.07829891890287399,-7.791951656341553,62.84346008300781,-1776.7109547778573,0.007533012101371979
s1_55.tif,Canon120-1,300,2480,3508,0.7069555302166477,25495.0673828125,0.9692619442939758,0.10523084551095963,-4.52933931350708,22.721174240112305,-1506.2006261788852,0.017509862250340236
s1_56.tif,Canon120-1,300,2480,3508,0.7069555302166477,25495.0673828125,0.9594100713729858,0.13380621373653412,-4.2387261390686035,18.133621215820312,-1438.023719787653,0.024446886379519625
s1_57.tif,Canon120-1,300,2480,3508,0.7069555302166477,25495.0673828125,0.981294572353363,0.10212823003530502,-5.995060920715332,35.505001068115234,-1767.391171955252,0.015280166072019716
s1_58.tif,Canon120-1,300,2480,3508,0.7069555302166477,25495.0673828125,0.9866328835487366,0.08360068500041962,-7.098156452178955,50.918617248535156,-1800.0543079884733,0.015437180453893405
s1_59.tif,Canon120-1,300,2480,3508,0.7069555302166477,25495.0673828125,0.9669200778007507,0.1353827714920044,-4.400054931640625,18.55899429321289,-1655.2496989528813,0.021201194504726524
s1_6.tif,Canon120-1,300,2480,3508,0.7069555302166477,25495.0673828125,0.992690920829773,0.06342602521181107,-10.17298412322998,106.05592346191406,-1858.321701283875,0.007321399014234745
s1_60.tif,Canon120-1,300,2480,3508,0.7069555302166477,25495.0673828125,0.9857919216156006,0.09162350744009018,-7.047877788543701,49.36137390136719,-1825.760137938763,0.01070628885128922
s1_61.tif,Canon120-1,300,2480,3508,0.7069555302166477,25495.0673828125,0.9877691864967346,0.08089251816272736,-7.593173027038574,58.563148498535156,-1801.098430293824,0.013276680950454261
s1_62.tif,Canon120-1,300,2480,3508,0.7069555302166477,25495.0673828125,0.9772892594337463,0.11564374715089798,-5.446633815765381,28.906007766723633,-1767.1838053904967,0.015299246882701291
s1_63.tif,Canon120-1,300,2480,3508,0.7069555302166477,25495.0673828125,0.9707002639770508,0.11769788712263107,-5.004401206970215,24.423809051513672,-1372.1764164500305,0.017188132195534632
s1_64.tif,Canon120-1,300,2480,3508,0.7069555302166477,25495.0673828125,0.9655517935752869,0.13446025550365448,-4.3042893409729,17.380878448486328,-1501.6060551015448,0.014877170154853422
s1_65.tif,Canon120-1,300,2480,3508,0.7069555302166477,25495.0673828125,0.9675893783569336,0.1356859654188156,-4.328737258911133,17.475393295288086,-1706.738079562574,0.02045980155956891
s1_66.tif,Canon120-1,300,2480,3508,0.7069555302166477,25495.0673828125,0.9633102416992188,0.14952974021434784,-4.11808967590332,15.55929183959961,-1709.932865206587,0.013596227057049324
s1_67.tif,Canon120-1,300,2480,3508,0.7069555302166477,25495.0673828125,0.9132797718048096,0.13460370898246765,-1.9932925701141357,5.496391296386719,-1046.8989970503956,0.01019857836465958
s1_68.tif,Canon120-1,300,2480,3508,0.7069555302166477,25495.0673828125,0.9778556823730469,0.12061125785112381,-5.767670154571533,32.26066589355469,-1789.3690119497996,0.0124020671644536
s1_69.tif,Canon120-1,300,2480,3508,0.7069555302166477,25495.0673828125,0.9854598641395569,0.09107949584722519,-7.173980712890625,51.619964599609375,-1748.4118618175517,0.013428522823408246
s1_7.tif,Canon120-1,300,2480,3508,0.7069555302166477,25495.0673828125,0.9866581559181213,0.08686649799346924,-7.41196870803833,55.196083068847656,-1777.3365901441064,0.012643221024754478
s1_70.tif,Canon120-1,300,2480,3508,0.7069555302166477,25495.0673828125,0.951152503490448,0.16565681993961334,-3.577824354171753,11.479514122009277,-1495.309313212151,0.046623501121859715
s1_71.tif,Canon120-1,300,2480,3508,0.7069555302166477,25495.0673828125,0.9883090853691101,0.07932741940021515,-7.680357456207275,59.951881408691406,-1841.7858844087318,0.0141214091293633
s1_72.tif,Canon120-1,300,2480,3508,0.7069555302166477,25495.0673828125,0.9752741456031799,0.12307372689247131,-5.316081523895264,27.31927490234375,-1757.4140244073806,0.01976817964468312
s1_73.tif,Canon120-1,300,2480,3508,0.7069555302166477,25495.0673828125,0.968738853931427,0.1328742355108261,-4.640255928039551,20.56766128540039,-1633.6769618761261,0.022945364512450803
s1_74.tif,Canon120-1,300,2480,3508,0.7069555302166477,25495.0673828125,0.9874022006988525,0.08062029629945755,-7.628307819366455,60.047122955322266,-1803.1963812948827,0.013586226873137897
s1_75.tif,Canon120-1,300,2480,3508,0.7069555302166477,25495.0673828125,0.987907350063324,0.0769428238272667,-7.742415904998779,62.629554748535156,-1741.8682095505503,0.011121124066649501
s1_76.tif,Canon120-1,300,2480,3508,0.7069555302166477,25495.0673828125,0.987071692943573,0.08115292340517044,-8.183279037475586,69.2145767211914,-1698.0184429156377,0.006678513627836833
s1_77.tif,Canon120-1,300,2480,3508,0.7069555302166477,25495.0673828125,0.969269335269928,0.12650664150714874,-4.570822715759277,20.56209373474121,-1664.9576137815527,0.026182205649759076
s1_78.tif,Canon120-1,300,2480,3508,0.7069555302166477,25495.0673828125,0.9747524261474609,0.1094665452837944,-5.59272575378418,31.777381896972656,-1575.9504167399584,0.017921134181778056
s1_79.tif,Canon120-1,300,2480,3508,0.7069555302166477,25495.0673828125,0.9823163151741028,0.09869895875453949,-6.474158763885498,42.13922882080078,-1740.1701506570878,0.0161567339169456
s1_8.tif,Canon120-1,300,2480,3508,0.7069555302166477,25495.0673828125,0.9836896061897278,0.0966656357049942,-6.718080997467041,44.908451080322266,-1721.5109810067254,0.013453006032294847
s1_80.tif,Canon120-1,300,2480,3508,0.7069555302166477,25495.0673828125,0.9811277985572815,0.10437891632318497,-6.243695259094238,38.638214111328125,-1734.0070874745463,0.017516299150329203
s1_81.tif,Canon120-1,300,2480,3508,0.7069555302166477,25495.0673828125,0.9728919267654419,0.12469487637281418,-4.99752950668335,24.203493118286133,-1704.1598767743544,0.027755682863133114
s1_82.tif,Canon120-1,300,2480,3508,0.7069555302166477,25495.0673828125,0.9853692650794983,0.0957987979054451,-7.310021877288818,53.03740692138672,-1763.4404823774776,0.008249921837642992
s1_83.tif,Canon120-1,300,2480,3508,0.7069555302166477,25495.0673828125,0.9775503873825073,0.11559823900461197,-5.559821605682373,30.14826202392578,-1764.3475391808645,0.02064141409497186
s1_84.tif,Canon120-1,300,2480,3508,0.7069555302166477,25495.0673828125,0.9883458614349365,0.07484713941812515,-8.57872200012207,77.033447265625,-1711.8749286535453,0.012290685805715967
s1_85.tif,Canon120-1,300,2480,3508,0.7069555302166477,25495.0673828125,0.9795751571655273,0.11161918938159943,-6.101547718048096,37.0909423828125,-1753.1138461947555,0.011047329606061721
s1_86.tif,Canon120-1,300,2480,3508,0.7069555302166477,25495.0673828125,0.9799391627311707,0.10747172683477402,-5.684840202331543,31.39212417602539,-1783.6038997252158,0.01223367326295656
s1_87.tif,Canon120-1,300,2480,3508,0.7069555302166477,25495.0673828125,0.9808512330055237,0.10578348487615585,-6.137165069580078,37.05754470825195,-1715.0953132006557,0.015270280832750947
s1_88.tif,Canon120-1,300,2480,3508,0.7069555302166477,25495.0673828125,0.9800921678543091,0.10009454190731049,-5.883485794067383,35.69765090942383,-1692.2601453095272,0.014476358185897672
s1_89.tif,Canon120-1,300,2480,3508,0.7069555302166477,25495.0673828125,0.9718626737594604,0.12607645988464355,-4.911653518676758,23.436098098754883,-1702.5530768225922,0.027366365358443372
s1_9.tif,Canon120-1,300,2480,3508,0.7069555302166477,25495.0673828125,0.9741277098655701,0.12260995805263519,-5.103552341461182,25.163545608520508,-1716.9062928992812,0.022078107183580387
s1_90.tif,Canon120-1,300,2480,3508,0.7069555302166477,25495.0673828125,0.980128824710846,0.1041191816329956,-5.953329086303711,35.53502655029297,-1732.8122563990692,0.02295076691065583
s1_91.tif,Canon120-1,300,2480,3508,0.7069555302166477,25495.0673828125,0.9787312150001526,0.11556536704301834,-5.8375630378723145,33.16995620727539,-1755.1515723040436,0.013487259535807554
s1_92.tif,Canon120-1,300,2480,3508,0.7069555302166477,25495.0673828125,0.9829100370407104,0.10270312428474426,-6.542176246643066,42.336421966552734,-1803.4886566408086,0.01238999797697429
s1_93.tif,Canon120-1,300,2480,3508,0.7069555302166477,25495.0673828125,0.980689287185669,0.10783035308122635,-6.210639476776123,37.99146270751953,-1715.439701852193,0.014928665354765145
s1_94.tif,Canon120-1,300,2480,3508,0.7069555302166477,25495.0673828125,0.9826375842094421,0.10413472354412079,-6.629140853881836,43.309844970703125,-1742.365877467643,0.011097675359546842
s1_95.tif,Canon120-1,300,2480,3508,0.7069555302166477,25495.0673828125,0.986320436000824,0.09084118902683258,-7.331479072570801,53.72595977783203,-1827.8487736589327,0.011928265347408687
s1_96.tif,Canon120-1,300,2480,3508,0.7069555302166477,25495.0673828125,0.9809753894805908,0.10788367688655853,-6.222238063812256,38.41926574707031,-1785.1790499419608,0.008023710780887924
s1_97.tif,Canon120-1,300,2480,3508,0.7069555302166477,25495.0673828125,0.9807727336883545,0.10403457283973694,-6.246778964996338,39.107460021972656,-1734.0876283402315,0.013669676683709126
s1_98.tif,Canon120-1,300,2480,3508,0.7069555302166477,25495.0673828125,0.9599019885063171,0.1491474211215973,-3.9817724227905273,14.751775741577148,-1598.2102754544596,0.04359459484312355
s1_99.tif,Canon120-1,300,2480,3508,0.7069555302166477,25495.0673828125,0.9809779524803162,0.10462635010480881,-6.538767337799072,42.64741897583008,-1659.5481052742966,0.011445612792878949
s2_1.tif,Canon120-2,150,1240,1752,0.7077625570776256,6366.8017578125,0.9727171063423157,0.12487629055976868,-4.8282575607299805,22.347795486450195,-1789.1731250663029,0.030276458241272647
s2_10.tif,Canon120-2,150,1240,1752,0.7077625570776256,6366.8017578125,0.9702946543693542,0.12317445874214172,-4.197186470031738,16.421951293945312,-1803.0574430630268,0.026803929150095742
s2_100.tif,Canon120-2,150,1240,1752,0.7077625570776256,6366.8017578125,0.9853640794754028,0.0916532427072525,-6.876599311828613,48.180419921875,-1898.3434064674461,0.018544704669318013
s2_11.tif,Canon120-2,150,1240,1752,0.7077625570776256,6366.8017578125,0.974183976650238,0.11680298298597336,-4.944313049316406,24.18613052368164,-1802.4809590772638,0.04895419060244513
s2_12.tif,Canon120-2,150,1240,1752,0.7077625570776256,6366.8017578125,0.9882720708847046,0.07913129031658173,-7.903433322906494,64.25843811035156,-1830.6214895974483,0.016683237590219474
s2_13.tif,Canon120-2,150,1240,1752,0.7077625570776256,6366.8017578125,0.9804900288581848,0.10267613083124161,-5.773925304412842,33.541412353515625,-1847.3568239414803,0.03514784946236559
s2_14.tif,Canon120-2,150,1240,1752,0.7077625570776256,6366.8017578125,0.9795933961868286,0.10546617954969406,-5.6385498046875,31.705337524414062,-1838.802212758774,0.032815491972308146
s2_15.tif,Canon120-2,150,1240,1752,0.7077625570776256,6366.8017578125,0.9788438677787781,0.10732844471931458,-5.641397953033447,31.773540496826172,-1825.2318474141516,0.036228181617322136
s2_16.tif,Canon120-2,150,1240,1752,0.7077625570776256,6366.8017578125,0.9782328009605408,0.09812164306640625,-5.198760986328125,27.79090118408203,-1774.107494749347,0.04386553616143762
s2_17.tif,Canon120-2,150,1240,1752,0.7077625570776256,6366.8017578125,0.9830989241600037,0.09072357416152954,-6.115405082702637,38.52827453613281,-1836.1791582250355,0.03564958020327
s2_18.tif,Canon120-2,150,1240,1752,0.7077625570776256,6366.8017578125,0.9932044148445129,0.06141113489866257,-10.050954818725586,104.33658599853516,-1960.6612141782864,0.010761433937251437
s2_19.tif,Canon120-2,150,1240,1752,0.7077625570776256,6366.8017578125,0.9833171367645264,0.09715019166469574,-6.3298420906066895,40.17206573486328,-1875.7268090450366,0.024461444984533804
s2_2.tif,Canon120-2,150,1240,1752,0.7077625570776256,6366.8017578125,0.959384024143219,0.13570772111415863,-3.729679584503174,13.401906967163086,-1596.7046524428276,0.08039153409927824
s2_20.tif,Canon120-2,150,1240,1752,0.7077625570776256,6366.8017578125,0.971703290939331,0.11965244263410568,-4.715090274810791,21.95488739013672,-1694.9587952178892,0.04429131683605833
s2_21.tif,Canon120-2,150,1240,1752,0.7077625570776256,6366.8017578125,0.9921694397926331,0.0643903836607933,-9.292135238647461,89.81900024414062,-1939.7140189172387,0.013768596258653705
s2_22.tif,Canon120-2,150,1240,1752,0.7077625570776256,6366.8017578125,0.9938258528709412,0.058187782764434814,-10.595380783081055,116.71998596191406,-1962.6355804237949,0.010480188540285757
s2_23.tif,Canon120-2,150,1240,1752,0.7077625570776256,6366.8017578125,0.9866932034492493,0.07929924130439758,-7.078051567077637,51.95674514770508,-1828.6307521249682,0.02215440418323759
s2_24.tif,Canon120-2,150,1240,1752,0.7077625570776256,6366.8017578125,0.9890369772911072,0.07364323735237122,-7.535726070404053,58.693599700927734,-1910.842423249591,0.023328638238326704
s2_25.tif,Canon120-2,150,1240,1752,0.7077625570776256,6366.8017578125,0.9769669771194458,0.11687574535608292,-5.446569442749023,29.030838012695312,-1840.7485804089795,0.02519470835174547
s2_26.tif,Canon120-2,150,1240,1752,0.7077625570776256,6366.8017578125,0.9850134253501892,0.0922362208366394,-6.676384449005127,44.853416442871094,-1894.038671147666,0.020909283399617028
s2_27.tif,Canon120-2,150,1240,1752,0.7077625570776256,6366.8017578125,0.9644857048988342,0.13711324334144592,-4.101815223693848,15.858423233032227,-1712.0744345677379,0.042105796140816026
s2_28.tif,Canon120-2,150,1240,1752,0.7077625570776256,6366.8017578125,0.9896841645240784,0.07775966823101044,-8.225818634033203,68.87256622314453,-1934.9187122547835,0.013512667550449256
s2_29.tif,Canon120-2,150,1240,1752,0.7077625570776256,6366.8017578125,0.9933218955993652,0.053587812930345535,-9.820157051086426,105.30801391601562,-1915.7582779128443,0.010714482987185152
s2_3.tif,Canon120-2,150,1240,1752,0.7077625570776256,6366.8017578125,0.9785595536231995,0.10864794999361038,-5.532538890838623,30.51205825805664,-1824.038186963144,0.034306875092060686
s2_30.tif,Canon120-2,150,1240,1752,0.7077625570776256,6366.8017578125,0.9810813069343567,0.08416388928890228,-4.693235397338867,21.803180694580078,-1820.3865461063551,0.02039742598320813
s2_31.tif,Canon120-2,150,1240,1752,0.7077625570776256,6366.8017578125,0.9600508213043213,0.13557028770446777,-3.686103105545044,12.821815490722656,-1623.8324718897748,0.06598956031816174
s2_32.tif,Canon120-2,150,1240,1752,0.7077625570776256,6366.8017578125,0.9856693744659424,0.08283188939094543,-6.653722763061523,46.420902252197266,-1865.1861321974036,0.03707513993224334
s2_33.tif,Canon120-2,150,1240,1752,0.7077625570776256,6366.8017578125,0.9620699286460876,0.13808287680149078,-3.9280824661254883,14.596595764160156,-1669.9941934499464,0.059780067020179704
s2_34.tif,Canon120-2,150,1240,1752,0.7077625570776256,6366.8017578125,0.9873360395431519,0.07865554839372635,-7.047585487365723,51.703250885009766,-1891.071787878432,0.027141791869200176
s2_35.tif,Canon120-2,150,1240,1752,0.7077625570776256,6366.8017578125,0.9730478525161743,0.1274033933877945,-4.943536758422852,23.452733993530273,-1825.5781403064511,0.02870544262778023
s2_36.tif,Canon120-2,150,1240,1752,0.7077625570776256,6366.8017578125,0.9848099946975708,0.09437255561351776,-6.703622341156006,45.03455352783203,-1900.3550350826945,0.020634942554131685
s2_37.tif,Canon120-2,150,1240,1752,0.7077625570776256,6366.8017578125,0.9823676347732544,0.10061881691217422,-6.176426410675049,38.09290313720703,-1878.9693244386606,0.024672724259832083
s2_38.tif,Canon120-2,150,1240,1752,0.7077625570776256,6366.8017578125,0.9870502948760986,0.08259905874729156,-7.0955328941345215,51.55743408203125,-1883.7451390163956,0.020710432316983357
s2_39.tif,Canon120-2,150,1240,1752,0.7077625570776256,6366.8017578125,0.9871119856834412,0.0788763239979744,-7.200126647949219,55.04853820800781,-1883.7682030312396,0.02969325379290028
s2_4.tif,Canon120-2,150,1240,1752,0.7077625570776256,6366.8017578125,0.9689802527427673,0.12649688124656677,-4.4258646965026855,19.073122024536133,-1749.8781273132,0.05509509868905583
s2_40.tif,Canon120-2,150,1240,1752,0.7077625570776256,6366.8017578125,0.9851260781288147,0.08115673810243607,-7.0664448738098145,54.25099182128906,-1784.0313484242076,0.04269544483723671
s2_41.tif,Canon120-2,150,1240,1752,0.7077625570776256,6366.8017578125,0.9601740837097168,0.15338820219039917,-4.031711101531982,15.228473663330078,-1743.5146020677503,0.05027295993518928
s2_42.tif,Canon120-2,150,1240,1752,0.7077625570776256,6366.8017578125,0.9694517254829407,0.131540447473526,-4.373729705810547,17.88997459411621,-1797.5908405477155,0.02320251509795257
s2_43.tif,Canon120-2,150,1240,1752,0.7077625570776256,6366.8017578125,0.9865915775299072,0.08186321705579758,-6.867659568786621,48.59625244140625,-1884.3344842208908,0.02549298497569598
s2_44.tif,Canon120-2,150,1240,1752,0.7077625570776256,6366.8017578125,0.9763798713684082,0.11383713036775589,-5.195894718170166,26.589658737182617,-1825.3681137060378,0.03830967373692738
s2_45.tif,Canon120-2,150,1240,1752,0.7077625570776256,6366.8017578125,0.9832423329353333,0.09358475357294083,-6.184513568878174,38.76255798339844,-1855.0565068074413,0.030227666077478274
s2_46.tif,Canon120-2,150,1240,1752,0.7077625570776256,6366.8017578125,0.9792267084121704,0.10380063951015472,-5.515772342681885,30.562294006347656,-1827.666072135822,0.036079043305346885
s2_47.tif,Canon120-2,150,1240,1752,0.7077625570776256,6366.8017578125,0.9824333190917969,0.0801662802696228,-6.063070774078369,40.96554946899414,-1713.5920071353344,0.05992782442185889
s2_48.tif,Canon120-2,150,1240,1752,0.7077625570776256,6366.8017578125,0.9883733987808228,0.06355101615190506,-7.760107517242432,68.9997329711914,-1752.8812758662812,0.03851174694358521
s2_49.tif,Canon120-2,150,1240,1752,0.7077625570776256,6366.8017578125,0.9894654750823975,0.07727919518947601,-8.164763450622559,68.3346176147461,-1917.9359745499164,0.014948353954927088
s2_5.tif,Canon120-2,150,1240,1752,0.7077625570776256,6366.8017578125,0.9888880252838135,0.07741423696279526,-7.807301044464111,62.86357879638672,-1912.8343224601954,0.01889315436735896
s2_50.tif,Canon120-2,150,1240,1752,0.7077625570776256,6366.8017578125,0.9834399223327637,0.0960688591003418,-6.493736267089844,43.015926361083984,-1869.9533600216398,0.016731569450581824
s2_51.tif,Canon120-2,150,1240,1752,0.7077625570776256,6366.8017578125,0.9819095134735107,0.09383044391870499,-5.82704496383667,34.7238883972168,-1834.7324097552987,0.0318318235380763
s2_52.tif,Canon120-2,150,1240,1752,0.7077625570776256,6366.8017578125,0.9440783858299255,0.12014628946781158,-2.065484046936035,4.010788440704346,-1572.3715290782936,0.011486411842686698
s2_53.tif,Canon120-2,150,1240,1752,0.7077625570776256,6366.8017578125,0.9803979992866516,0.09983488917350769,-5.633991718292236,32.481380462646484,-1844.4038900525993,0.02229295551627633
s2_54.tif,Canon120-2,150,1240,1752,0.7077625570776256,6366.8017578125,0.988620936870575,0.07497090101242065,-7.7129926681518555,62.268157958984375,-1881.6954684459045,0.013000349830608337
s2_55.tif,Canon120-2,150,1240,1752,0.7077625570776256,6366.8017578125,0.971012532711029,0.09590217471122742,-4.393432140350342,22.85478973388672,-1638.1499778871494,0.031210413904846076
s2_56.tif,Canon120-2,150,1240,1752,0.7077625570776256,6366.8017578125,0.9610039591789246,0.12501226365566254,-4.241667747497559,18.71634864807129,-1561.9654192370094,0.04314285977316247
s2_57.tif,Canon120-2,150,1240,1752,0.7077625570776256,6366.8017578125,0.9821603894233704,0.09630114585161209,-5.887906074523926,34.59848403930664,-1851.1422388610206,0.027423497569597877
s2_58.tif,Canon120-2,150,1240,1752,0.7077625570776256,6366.8017578125,0.9872387647628784,0.07822825014591217,-6.90957498550415,49.20941925048828,-1880.831856089106,0.02504372882604213
s2_59.tif,Canon120-2,150,1240,1752,0.7077625570776256,6366.8017578125,0.9683794379234314,0.12839782238006592,-4.34323787689209,18.322757720947266,-1760.1152548658379,0.03656788555015466
s2_6.tif,Canon120-2,150,1240,1752,0.7077625570776256,6366.8017578125,0.9932538866996765,0.05989361181855202,-10.076860427856445,106.10416412353516,-1955.6909747948039,0.011977095301222566
s2_60.tif,Canon120-2,150,1240,1752,0.7077625570776256,6366.8017578125,0.9863412976264954,0.08798705041408539,-6.980240821838379,49.02527618408203,-1909.4622357301232,0.019251730740904405
s2_61.tif,Canon120-2,150,1240,1752,0.7077625570776256,6366.8017578125,0.9884762167930603,0.0755123421549797,-7.423913955688477,57.15190505981445,-1896.1592254779016,0.02185382604212697
s2_62.tif,Canon120-2,150,1240,1752,0.7077625570776256,6366.8017578125,0.9781374335289001,0.11006984114646912,-5.3765058517456055,28.528831481933594,-1849.1887394537757,0.02741751362498159
s2_63.tif,Canon120-2,150,1240,1752,0.7077625570776256,6366.8017578125,0.9732446074485779,0.11333202570676804,-4.9326605796813965,23.78884506225586,-1512.8751826258735,0.03155195905140669
s2_64.tif,Canon120-2,150,1240,1752,0.7077625570776256,6366.8017578125,0.9687163829803467,0.1291213184595108,-4.287046909332275,17.22594451904297,-1709.1101768179444,0.0272347731624687
s2_65.tif,Canon120-2,150,1240,1752,0.7077625570776256,6366.8017578125,0.9683240056037903,0.12974601984024048,-4.217159271240234,16.60387420654297,-1770.7713610590192,0.03554923405508911
s2_66.tif,Canon120-2,150,1240,1752,0.7077625570776256,6366.8017578125,0.9643887877464294,0.1438426971435547,-4.008229732513428,14.590675354003906,-1806.6296397395347,0.022183403299455
s2_67.tif,Canon120-2,150,1240,1752,0.7077625570776256,6366.8017578125,0.9176581501960754,0.12603524327278137,-2.0122873783111572,6.1802473068237305,-1148.2313404048896,0.015858834143467372
s2_68.tif,Canon120-2,150,1240,1752,0.7077625570776256,6366.8017578125,0.9785428643226624,0.11642923951148987,-5.766948699951172,32.71004104614258,-1865.2998536502603,0.020581087052585063
s2_69.tif,Canon120-2,150,1240,1752,0.7077625570776256,6366.8017578125,0.9865480661392212,0.08521462976932526,-7.059092044830322,50.954158782958984,-1884.3663961134553,0.022326557666813962
s2_7.tif,Canon120-2,150,1240,1752,0.7077625570776256,6366.8017578125,0.9876346588134766,0.08107306063175201,-7.271974563598633,54.03511428833008,-1900.0314454624022,0.021606182795698925
s2_70.tif,Canon120-2,150,1240,1752,0.7077625570776256,6366.8017578125,0.9534217119216919,0.15384644269943237,-3.4915804862976074,11.167922973632812,-1619.212446254386,0.08065344675209898
s2_71.tif,Canon120-2,150,1240,1752,0.7077625570776256,6366.8017578125,0.9888150691986084,0.07278266549110413,-7.334125518798828,55.63006591796875,-1900.0241206949747,0.02314681838267786
s2_72.tif,Canon120-2,150,1240,1752,0.7077625570776256,6366.8017578125,0.9760296940803528,0.11673248559236526,-5.242134094238281,27.037202835083008,-1831.7291819743537,0.03528179776108411
s2_73.tif,Canon120-2,150,1240,1752,0.7077625570776256,6366.8017578125,0.9698765873908997,0.1271316409111023,-4.572782039642334,20.203113555908203,-1732.881314152323,0.03984662689645014
s2_74.tif,Canon120-2,150,1240,1752,0.7077625570776256,6366.8017578125,0.9881641268730164,0.07375790923833847,-7.38326358795166,57.63047790527344,-1882.316136576802,0.022240941228457798
s2_75.tif,Canon120-2,150,1240,1752,0.7077625570776256,6366.8017578125,0.9889707565307617,0.07115232944488525,-7.488144397735596,59.983375549316406,-1867.0865097122985,0.020694782000294593
s2_76.tif,Canon120-2,150,1240,1752,0.7077625570776256,6366.8017578125,0.9879785776138306,0.07798802107572556,-8.080625534057617,68.36566925048828,-1823.9376098241794,0.011723007806746207
s2_77.tif,Canon120-2,150,1240,1752,0.7077625570776256,6366.8017578125,0.9704470038414001,0.11770166456699371,-4.410470008850098,19.556364059448242,-1736.106808925501,0.04775095743113861
s2_78.tif,Canon120-2,150,1240,1752,0.7077625570776256,6366.8017578125,0.9757941365242004,0.1025913804769516,-5.4645094871521,30.81949234008789,-1635.2031112211241,0.03261940271026661
s2_79.tif,Canon120-2,150,1240,1752,0.7077625570776256,6366.8017578125,0.9831095337867737,0.09219902008771896,-6.331263542175293,41.25619888305664,-1830.8963725744352,0.02841222934158197
s2_8.tif,Canon120-2,150,1240,1752,0.7077625570776256,6366.8017578125,0.984968900680542,0.09108841419219971,-6.702651023864746,45.595340728759766,-1873.3652455663666,0.023600217263219914
s2_80.tif,Canon120-2,150,1240,1752,0.7077625570776256,6366.8017578125,0.9824616312980652,0.09662517160177231,-6.142606735229492,38.27611541748047,-1829.1669558403164,0.03328177934894683
s2_81.tif,Canon120-2,150,1240,1752,0.7077625570776256,6366.8017578125,0.9738029837608337,0.1155996099114418,-4.784334659576416,22.647998809814453,-1791.8750862596078,0.03779965753424658
s2_82.tif,Canon120-2,150,1240,1752,0.7077625570776256,6366.8017578125,0.986260175704956,0.0923711508512497,-7.276082515716553,53.07636642456055,-1889.0338155250513,0.014805199587568124
s2_83.tif,Canon120-2,150,1240,1752,0.7077625570776256,6366.8017578125,0.9781786203384399,0.10853166878223419,-5.4239606857299805,29.233139038085938,-1819.338982844663,0.03639250994255413
s2_84.tif,Canon120-2,150,1240,1752,0.7077625570776256,6366.8017578125,0.9890499711036682,0.07066512107849121,-8.525918960571289,77.69358825683594,-1786.7717272130235,0.01864597142436294
s2_85.tif,Canon120-2,150,1240,1752,0.7077625570776256,6366.8017578125,0.9805896878242493,0.10690087825059891,-6.105487823486328,37.65486526489258,-1858.8954910181192,0.019486945794667844
s2_86.tif,Canon120-2,150,1240,1752,0.7077625570776256,6366.8017578125,0.9807854294776917,0.10289314389228821,-5.6412200927734375,31.165958404541016,-1871.0218340864963,0.022766607747827367
s2_87.tif,Canon120-2,150,1240,1752,0.7077625570776256,6366.8017578125,0.9820207953453064,0.09991046786308289,-6.040748596191406,36.43941879272461,-1851.731744295577,0.027187361908970392
s2_88.tif,Canon120-2,150,1240,1752,0.7077625570776256,6366.8017578125,0.9811080098152161,0.09410830587148666,-5.671454429626465,33.7969970703125,-1816.761472110487,0.024843036529680364
s2_89.tif,Canon120-2,150,1240,1752,0.7077625570776256,6366.8017578125,0.9729838967323303,0.11651386320590973,-4.756353855133057,22.39964485168457,-1767.4348855459036,0.046191909706878774
s2_9.tif,Canon120-2,150,1240,1752,0.7077625570776256,6366.8017578125,0.9750558137893677,0.11588772386312485,-5.0465474128723145,25.189767837524414,-1804.8217994268284,0.03866548828988069
s2_90.tif,Canon120-2,150,1240,1752,0.7077625570776256,6366.8017578125,0.981304407119751,0.09515302628278732,-5.900207042694092,36.13613510131836,-1822.9069845302147,0.04360546472234497
s2_91.tif,Canon120-2,150,1240,1752,0.7077625570776256,6366.8017578125,0.9797170758247375,0.11015684902667999,-5.7999067306518555,33.238182067871094,-1863.7706471053307,0.024639122109294448
s2_92.tif,Canon120-2,150,1240,1752,0.7077625570776256,6366.8017578125,0.983875572681427,0.09661472588777542,-6.489844799041748,42.28034591674805,-1890.991178450877,0.02223311607011342
s2_93.tif,Canon120-2,150,1240,1752,0.7077625570776256,6366.8017578125,0.9819420576095581,0.1013566106557846,-6.117192268371582,37.48084259033203,-1853.4638200296245,0.026224867432611577
s2_94.tif,Canon120-2,150,1240,1752,0.7077625570776256,6366.8017578125,0.9836637377738953,0.09969115257263184,-6.59047794342041,43.39237976074219,-1878.0937669197162,0.019638845927235235
s2_95.tif,Canon120-2,150,1240,1752,0.7077625570776256,6366.8017578125,0.9869003295898438,0.08576483279466629,-7.216595649719238,52.95018005371094,-1900.6217197499143,0.020834714243629402
s2_96.tif,Canon120-2,150,1240,1752,0.7077625570776256,6366.8017578125,0.9817580580711365,0.10425146669149399,-6.193036079406738,38.384674072265625,-1883.346383215203,0.015126951686551775
s2_97.tif,Canon120-2,150,1240,1752,0.7077625570776256,6366.8017578125,0.9816877245903015,0.09844740480184555,-6.148870944976807,38.50615310668945,-1843.6808243399971,0.024616106937693328
s2_98.tif,Canon120-2,150,1240,1752,0.7077625570776256,6366.8017578125,0.9615265130996704,0.13732323050498962,-3.856698513031006,14.185050964355469,-1678.0770094578331,0.07281816173221388
s2_99.tif,Canon120-2,150,1240,1752,0.7077625570776256,6366.8017578125,0.9814833998680115,0.1008652001619339,-6.428260326385498,42.00704574584961,-1731.2669371352927,0.021095706289586093
s2_1.tif,Canon120-2,300,2480,3508,0.7069555302166477,25495.0673828125,0.9719682335853577,0.12922219932079315,-4.8896484375,22.762792587280273,-1708.3194064614177,0.015561205723323647
s2_10.tif,Canon120-2,300,2480,3508,0.7069555302166477,25495.0673828125,0.9696641564369202,0.12940295040607452,-4.41013765335083,18.396156311035156,-1742.1150884679473,0.016428463052194062
s2_100.tif,Canon120-2,300,2480,3508,0.7069555302166477,25495.0673828125,0.9846704006195068,0.09621135145425797,-6.91780948638916,47.98651123046875,-1818.0169553886074,0.010616976863942326
s2_11.tif,Canon120-2,300,2480,3508,0.7069555302166477,25495.0673828125,0.9734597206115723,0.12470896542072296,-5.021148204803467,24.380115509033203,-1770.1774647151474,0.026445888660021333
s2_12.tif,Canon120-2,300,2480,3508,0.7069555302166477,25495.0673828125,0.9864546656608582,0.08450672030448914,-7.882785320281982,63.12812042236328,-1701.0210100314366,0.009337642991135469
s2_13.tif,Canon120-2,300,2480,3508,0.7069555302166477,25495.0673828125,0.9798081517219543,0.10940948873758316,-5.882232666015625,34.02187728881836,-1780.51604469935,0.018768965866038916
s2_14.tif,Canon120-2,300,2480,3508,0.7069555302166477,25495.0673828125,0.9788744449615479,0.11223167181015015,-5.737950325012207,32.23825454711914,-1783.6865776864702,0.018768965866038916
s2_15.tif,Canon120-2,300,2480,3508,0.7069555302166477,25495.0673828125,0.9782178997993469,0.11315765976905823,-5.692747116088867,31.844493865966797,-1782.3105692558545,0.022391446279471806
s2_16.tif,Canon120-2,300,2480,3508,0.7069555302166477,25495.0673828125,0.977478563785553,0.10396388918161392,-5.306058406829834,28.5872859954834,-1722.46889054289,0.024973907566116157
s2_17.tif,Canon120-2,300,2480,3508,0.7069555302166477,25495.0673828125,0.9820296764373779,0.0983055904507637,-6.182242393493652,38.35685729980469,-1752.6882150042418,0.021299931952771547
s2_18.tif,Canon120-2,300,2480,3508,0.7069555302166477,25495.0673828125,0.9928507804870605,0.0648793876171112,-10.166020393371582,105.09326171875,-1910.1388940655602,0.006118618273439512
s2_19.tif,Canon120-2,300,2480,3508,0.7069555302166477,25495.0673828125,0.9824969172477722,0.10231491178274155,-6.396306991577148,40.38261032104492,-1780.5814454475753,0.013887381836907346
s2_2.tif,Canon120-2,300,2480,3508,0.7069555302166477,25495.0673828125,0.9575626254081726,0.14785940945148468,-3.844572067260742,13.815498352050781,-1507.9941833844257,0.049001475889211756
s2_20.tif,Canon120-2,300,2480,3508,0.7069555302166477,25495.0673828125,0.9703527688980103,0.12503859400749207,-4.7724080085754395,22.174789428710938,-1572.3468650354255,0.024566773641814102
s2_21.tif,Canon120-2,300,2480,3508,0.7069555302166477,25495.0673828125,0.99172443151474,0.06866536289453506,-9.42470645904541,90.57024383544922,-1879.9922637795294,0.008370728657078752
s2_22.tif,Canon120-2,300,2480,3508,0.7069555302166477,25495.0673828125,0.9934728741645813,0.061636172235012054,-10.690985679626465,116.62356567382812,-1908.375726186443,0.005911947805936661
s2_23.tif,Canon120-2,300,2480,3508,0.7069555302166477,25495.0673828125,0.9858803153038025,0.08474238961935043,-7.185619831085205,52.771854400634766,-1756.9892524675884,0.012629887446205907
s2_24.tif,Canon120-2,300,2480,3508,0.7069555302166477,25495.0673828125,0.9885535836219788,0.07997030019760132,-7.786588668823242,61.38013458251953,-1866.3647937403123,0.013096562695405892
s2_25.tif,Canon120-2,300,2480,3508,0.7069555302166477,25495.0673828125,0.9764116406440735,0.12120246142148972,-5.454126834869385,28.678482055664062,-1785.1363821337534,0.014370034391437084
s2_26.tif,Canon120-2,300,2480,3508,0.7069555302166477,25495.0673828125,0.9844783544540405,0.09641481935977936,-6.748854160308838,45.159000396728516,-1819.8271667531856,0.011668145621068894
s2_27.tif,Canon120-2,300,2480,3508,0.7069555302166477,25495.0673828125,0.9637429118156433,0.14237667620182037,-4.165369033813477,16.2192325592041,-1651.9920069215252,0.024742983779012028
s2_28.tif,Canon120-2,300,2480,3508,0.7069555302166477,25495.0673828125,0.9892836213111877,0.08126068860292435,-8.275630950927734,68.64812469482422,-1880.3082216519192,0.007547495126347151
s2_29.tif,Canon120-2,300,2480,3508,0.7069555302166477,25495.0673828125,0.9923053979873657,0.057158175855875015,-9.827776908874512,104.24547576904297,-1803.5576088222765,0.006219654614337735
s2_3.tif,Canon120-2,300,2480,3508,0.7069555302166477,25495.0673828125,0.9781234860420227,0.1141555979847908,-5.624796390533447,30.945682525634766,-1780.463342880541,0.018803104424908963
s2_30.tif,Canon120-2,300,2480,3508,0.7069555302166477,25495.0673828125,0.9800372123718262,0.08839695900678635,-4.877995014190674,24.09665870666504,-1725.4066258613045,0.014263825541619157
s2_31.tif,Canon120-2,300,2480,3508,0.7069555302166477,25495.0673828125,0.9590550661087036,0.1439238041639328,-3.8003108501434326,13.414154052734375,-1562.6524914627064,0.04022257880604701
s2_32.tif,Canon120-2,300,2480,3508,0.7069555302166477,25495.0673828125,0.9847544431686401,0.09068162739276886,-6.748915672302246,45.96738052368164,-1782.1895643343184,0.01889655441939162
s2_33.tif,Canon120-2,300,2480,3508,0.7069555302166477,25495.0673828125,0.960881233215332,0.1456393003463745,-4.024777412414551,15.147586822509766,-1594.0927080898807,0.03496489590613161
s2_34.tif,Canon120-2,300,2480,3508,0.7069555302166477,25495.0673828125,0.9865677952766418,0.08510709553956985,-7.146271705627441,51.646934509277344,-1812.707120069445,0.015159933975797256
s2_35.tif,Canon120-2,300,2480,3508,0.7069555302166477,25495.0673828125,0.9724463820457458,0.13182467222213745,-4.967087268829346,23.388755798339844,-1768.6454996667167,0.015788681171147977
s2_36.tif,Canon120-2,300,2480,3508,0.7069555302166477,25495.0673828125,0.9843690395355225,0.0986214131116867,-6.78115177154541,45.43550491333008,-1847.5922827123284,0.011447911685732151
s2_37.tif,Canon120-2,300,2480,3508,0.7069555302166477,25495.0673828125,0.981773316860199,0.10555804520845413,-6.229942798614502,38.11705780029297,-1810.030553123011,0.014013016331334829
s2_38.tif,Canon120-2,300,2480,3508,0.7069555302166477,25495.0673828125,0.9863775372505188,0.08743908256292343,-7.265955924987793,53.30983352661133,-1794.8014723956885,0.01197918582410711
s2_39.tif,Canon120-2,300,2480,3508,0.7069555302166477,25495.0673828125,0.9867008924484253,0.0844850018620491,-7.238541603088379,53.85045623779297,-1843.3356316232669,0.01611213539559348
s2_4.tif,Canon120-2,300,2480,3508,0.7069555302166477,25495.0673828125,0.9681724309921265,0.13500775396823883,-4.518550395965576,19.421688079833984,-1711.607120284222,0.03223668481259426
s2_40.tif,Canon120-2,300,2480,3508,0.7069555302166477,25495.0673828125,0.9835902452468872,0.08778151124715805,-6.867585182189941,49.69868087768555,-1689.5268607931644,0.024087799315849485
s2_41.tif,Canon120-2,300,2480,3508,0.7069555302166477,25495.0673828125,0.9594286680221558,0.15966589748859406,-4.031253814697266,14.846771240234375,-1683.5962891508145,0.0268907244271159
s2_42.tif,Canon120-2,300,2480,3508,0.7069555302166477,25495.0673828125,0.9687166810035706,0.13627134263515472,-4.50270938873291,19.050682067871094,-1708.7769576653366,0.013815196601316805
s2_43.tif,Canon120-2,300,2480,3508,0.7069555302166477,25495.0673828125,0.9860047101974487,0.08860564231872559,-7.0608439445495605,50.1948356628418,-1832.100072116288,0.015774887814028762
s2_44.tif,Canon120-2,300,2480,3508,0.7069555302166477,25495.0673828125,0.9755361080169678,0.12079931795597076,-5.27355432510376,26.8876953125,-1760.719403379801,0.021094870710265935
s2_45.tif,Canon120-2,300,2480,3508,0.7069555302166477,25495.0673828125,0.9825552105903625,0.10013062506914139,-6.319498062133789,39.657623291015625,-1788.824273703826,0.017144108397395816
s2_46.tif,Canon120-2,300,2480,3508,0.7069555302166477,25495.0673828125,0.9784667491912842,0.11120136082172394,-5.6208295822143555,31.029598236083984,-1775.8238037330786,0.02177718210909626
s2_47.tif,Canon120-2,300,2480,3508,0.7069555302166477,25495.0673828125,0.9806034564971924,0.0900566354393959,-6.039231777191162,38.82511520385742,-1621.9601096080141,0.03330337109647993
s2_48.tif,Canon120-2,300,2480,3508,0.7069555302166477,25495.0673828125,0.9860720634460449,0.0717892125248909,-7.537801265716553,62.56481170654297,-1618.2584506148924,0.02187626439106926
s2_49.tif,Canon120-2,300,2480,3508,0.7069555302166477,25495.0673828125,0.988982081413269,0.08123166859149933,-8.214742660522461,67.99327850341797,-1857.798716392689,0.008948900209659029
s2_5.tif,Canon120-2,300,2480,3508,0.7069555302166477,25495.0673828125,0.9884101152420044,0.082417793571949,-7.909989833831787,63.156150817871094,-1858.4710087948704,0.011389289917975503
s2_50.tif,Canon120-2,300,2480,3508,0.7069555302166477,25495.0673828125,0.982416570186615,0.09939096122980118,-6.451157569885254,42.14757537841797,-1761.6632279796086,0.011484693971383382
s2_51.tif,Canon120-2,300,2480,3508,0.7069555302166477,25495.0673828125,0.9814575910568237,0.10011691600084305,-6.009444713592529,36.14496994018555,-1788.6064617383086,0.018588042998491927
s2_52.tif,Canon120-2,300,2480,3508,0.7069555302166477,25495.0673828125,0.9426421523094177,0.12513084709644318,-2.178431510925293,4.536398410797119,-1466.966801828971,0.006985415823739287
s2_53.tif,Canon120-2,300,2480,3508,0.7069555302166477,25495.0673828125,0.979813277721405,0.10380607843399048,-5.723728656768799,33.10709762573242,-1770.712785747275,0.01206401497039026
s2_54.tif,Canon120-2,300,2480,3508,0.7069555302166477,25495.0673828125,0.9879671335220337,0.07845747470855713,-7.79269552230835,62.8258056640625,-1799.3628582143895,0.007535310994225181
s2_55.tif,Canon120-2,300,2480,3508,0.7069555302166477,25495.0673828125,0.9699108004570007,0.1042051762342453,-4.559206008911133,23.0449161529541,-1534.761687173851,0.01742963088976349
s2_56.tif,Canon120-2,300,2480,3508,0.7069555302166477,25495.0673828125,0.9599869251251221,0.13283510506153107,-4.2552170753479,18.287185668945312,-1464.7307116583443,0.024337459079707212
s2_57.tif,Canon120-2,300,2480,3508,0.7069555302166477,25495.0673828125,0.9815186262130737,0.10133285075426102,-5.994027614593506,35.49065017700195,-1785.2554963680104,0.015247406848861588
s2_58.tif,Canon120-2,300,2480,3508,0.7069555302166477,25495.0673828125,0.9866839051246643,0.08385641872882843,-7.09927225112915,50.90774154663086,-1817.046993195241,0.015401547614668776
s2_59.tif,Canon120-2,300,2480,3508,0.7069555302166477,25495.0673828125,0.9673410058021545,0.13426758348941803,-4.402896881103516,18.57997703552246,-1678.9009611871463,0.021179010188693125
s2_6.tif,Canon120-2,300,2480,3508,0.7069555302166477,25495.0673828125,0.9927440285682678,0.06426489353179932,-10.197299003601074,106.4823226928711,-1885.951619206958,0.007319100121381542
s2_60.tif,Canon120-2,300,2480,3508,0.7069555302166477,25495.0673828125,0.985936164855957,0.09186853468418121,-7.049463748931885,49.33314895629883,-1859.9624827548566,0.010710311913782323
s2_61.tif,Canon120-2,300,2480,3508,0.7069555302166477,25495.0673828125,0.9879646301269531,0.08080360293388367,-7.598679542541504,58.59294509887695,-1834.6096500945512,0.01325139312906904
s2_62.tif,Canon120-2,300,2480,3508,0.7069555302166477,25495.0673828125,0.9776447415351868,0.1147313266992569,-5.460322380065918,29.073589324951172,-1797.7744329706125,0.015307063118402178
s2_63.tif,Canon120-2,300,2480,3508,0.7069555302166477,25495.0673828125,0.9706237316131592,0.1175866574048996,-4.996255874633789,24.356401443481445,-1371.8505400181195,0.017214684407989112
s2_64.tif,Canon120-2,300,2480,3508,0.7069555302166477,25495.0673828125,0.9663305282592773,0.13368333876132965,-4.317144393920898,17.486278533935547,-1546.7826774060463,0.014878434545922683
s2_65.tif,Canon120-2,300,2480,3508,0.7069555302166477,25495.0673828125,0.9676253795623779,0.1352098286151886,-4.326992511749268,17.47836685180664,-1701.0394337500322,0.020474169639901424
s2_66.tif,Canon120-2,300,2480,3508,0.7069555302166477,25495.0673828125,0.9637175798416138,0.14851482212543488,-4.122602462768555,15.593791961669922,-1736.239089582488,0.01372301099790341
s2_67.tif,Canon120-2,300,2480,3508,0.7069555302166477,25495.0673828125,0.9150794148445129,0.13272689282894135,-2.032843828201294,5.757994651794434,-1062.9809860833984,0.010171336484349137
s2_68.tif,Canon120-2,300,2480,3508,0.7069555302166477,25495.0673828125,0.9780869483947754,0.119944728910923,-5.76778507232666,32.25175476074219,-1809.7518006202088,0.01240356144480818
s2_69.tif,Canon120-2,300,2480,3508,0.7069555302166477,25495.0673828125,0.9856814742088318,0.09085054695606232,-7.170068264007568,51.543888092041016,-1779.6086867702534,0.013405763784161548
s2_7.tif,Canon120-2,300,2480,3508,0.7069555302166477,25495.0673828125,0.986845850944519,0.087178535759449,-7.4447832107543945,55.7350959777832,-1814.106025791238,0.01262138154264906
s2_70.tif,Canon120-2,300,2480,3508,0.7069555302166477,25495.0673828125,0.9517918229103088,0.16465449333190918,-3.5818278789520264,11.500080108642578,-1530.9087186131853,0.04655591367197558
s2_71.tif,Canon120-2,300,2480,3508,0.7069555302166477,25495.0673828125,0.9882573485374451,0.0791531577706337,-7.670721530914307,59.855445861816406,-1832.905171791839,0.01415853624894251
s2_72.tif,Canon120-2,300,2480,3508,0.7069555302166477,25495.0673828125,0.9754841327667236,0.12267472594976425,-5.318610191345215,27.325559616088867,-1777.8953316268762,0.019750937948284107
s2_73.tif,Canon120-2,300,2480,3508,0.7069555302166477,25495.0673828125,0.9690456390380859,0.13242404162883759,-4.6442365646362305,20.598188400268555,-1658.4062281539739,0.02296398554456174
s2_74.tif,Canon120-2,300,2480,3508,0.7069555302166477,25495.0673828125,0.9875959753990173,0.08016164600849152,-7.6469855308532715,60.32034683227539,-1823.0837468012808,0.013597376503475925
s2_75.tif,Canon120-2,300,2480,3508,0.7069555302166477,25495.0673828125,0.9881727695465088,0.07646480202674866,-7.76402473449707,62.99004364013672,-1770.0904547188982,0.011100204141685364
s2_76.tif,Canon120-2,300,2480,3508,0.7069555302166477,25495.0673828125,0.9873384833335876,0.08090618252754211,-8.183024406433105,69.08090209960938,-1729.4600708724706,0.006680812520690036
s2_77.tif,Canon120-2,300,2480,3508,0.7069555302166477,25495.0673828125,0.9690342545509338,0.1267358362674713,-4.549477577209473,20.359243392944336,-1650.1301905599323,0.026182205649759076
s2_78.tif,Canon120-2,300,2480,3508,0.7069555302166477,25495.0673828125,0.9752159714698792,0.10883773863315582,-5.617535591125488,32.025936126708984,-1594.816844135125,0.017909064994298746
s2_79.tif,Canon120-2,300,2480,3508,0.7069555302166477,25495.0673828125,0.9823757410049438,0.09899073094129562,-6.461547374725342,41.86907196044922,-1755.6080808647243,0.016125009195571412
s2_8.tif,Canon120-2,300,2480,3508,0.7069555302166477,25495.0673828125,0.984230637550354,0.09683363139629364,-6.769467830657959,45.60326385498047,-1800.4758104259215,0.01339587854489278
s2_80.tif,Canon120-2,300,2480,3508,0.7069555302166477,25495.0673828125,0.9813799858093262,0.10350192338228226,-6.244433879852295,38.71079635620117,-1752.831822409998,0.017523770552102108
s2_81.tif,Canon120-2,300,2480,3508,0.7069555302166477,25495.0673828125,0.9730640053749084,0.12451738119125366,-5.002931118011475,24.22063446044922,-1722.602402152534,0.027690164416816862
s2_82.tif,Canon120-2,300,2480,3508,0.7069555302166477,25495.0673828125,0.9855532050132751,0.0954488068819046,-7.3079729080200195,52.98155975341797,-1786.0675949630631,0.008252565564424174
s2_83.tif,Canon120-2,300,2480,3508,0.7069555302166477,25495.0673828125,0.9773858785629272,0.11570657789707184,-5.5498151779174805,30.042461395263672,-1748.6313144796873,0.020647736050318166
s2_84.tif,Canon120-2,300,2480,3508,0.7069555302166477,25495.0673828125,0.9884934425354004,0.0746532455086708,-8.581768035888672,77.09473419189453,-1730.437871030578,0.012251949461139515
s2_85.tif,Canon120-2,300,2480,3508,0.7069555302166477,25495.0673828125,0.979783296585083,0.11096635460853577,-6.095953941345215,36.99761199951172,-1771.0347209271001,0.011056295288189208
s2_86.tif,Canon120-2,300,2480,3508,0.7069555302166477,25495.0673828125,0.9800782799720764,0.10704529285430908,-5.684659957885742,31.387516021728516,-1796.9991807321637,0.01220781071835804
s2_87.tif,Canon120-2,300,2480,3508,0.7069555302166477,25495.0673828125,0.9813212752342224,0.10532007366418839,-6.140399932861328,37.06105041503906,-1772.3935712358175,0.01526223470776474
s2_88.tif,Canon120-2,300,2480,3508,0.7069555302166477,25495.0673828125,0.9802829623222351,0.09974923729896545,-5.890944957733154,35.8006477355957,-1713.5225989033388,0.014422793982418067
s2_89.tif,Canon120-2,300,2480,3508,0.7069555302166477,25495.0673828125,0.9721768498420715,0.12501178681850433,-4.918924331665039,23.522762298583984,-1715.64423832174,0.027352457056681503
s2_9.tif,Canon120-2,300,2480,3508,0.7069555302166477,25495.0673828125,0.9743488430976868,0.12271849811077118,-5.120754241943359,25.375286102294922,-1750.632284931159,0.0220417846764998
s2_90.tif,Canon120-2,300,2480,3508,0.7069555302166477,25495.0673828125,0.9802907705307007,0.10380911082029343,-5.950315475463867,35.46428298950195,-1749.4614394827227,0.022983641078456615
s2_91.tif,Canon120-2,300,2480,3508,0.7069555302166477,25495.0673828125,0.9789516925811768,0.11496450006961823,-5.839967250823975,33.19012451171875,-1773.581748901658,0.013498524110788244
s2_92.tif,Canon120-2,300,2480,3508,0.7069555302166477,25495.0673828125,0.9832006096839905,0.10157555341720581,-6.561865329742432,42.62789535522461,-1821.7010073427894,0.01237953801449222
s2_93.tif,Canon120-2,300,2480,3508,0.7069555302166477,25495.0673828125,0.9809067845344543,0.10726606845855713,-6.206600666046143,37.916290283203125,-1735.5824626725253,0.014924757236914702
s2_94.tif,Canon120-2,300,2480,3508,0.7069555302166477,25495.0673828125,0.9827733635902405,0.10387938469648361,-6.627877235412598,43.270347595214844,-1758.45311560051,0.011095376466693641
s2_95.tif,Canon120-2,300,2480,3508,0.7069555302166477,25495.0673828125,0.9864035248756409,0.090578094124794,-7.330866813659668,53.70584487915039,-1837.0934359886796,0.011920564056350462
s2_96.tif,Canon120-2,300,2480,3508,0.7069555302166477,25495.0673828125,0.9810928702354431,0.10746191442012787,-6.208966255187988,38.23207092285156,-1798.877394115072,0.00803060745944753
s2_97.tif,Canon120-2,300,2480,3508,0.7069555302166477,25495.0673828125,0.9808779358863831,0.10386240482330322,-6.234306812286377,38.94674301147461,-1751.4183443004142,0.013690251774745282
s2_98.tif,Canon120-2,300,2480,3508,0.7069555302166477,25495.0673828125,0.9601864218711853,0.14849257469177246,-3.9804112911224365,14.736734390258789,-1614.484348794201,0.04355861716997094
s2_99.tif,Canon120-2,300,2480,3508,0.7069555302166477,25495.0673828125,0.9811075925827026,0.10452567785978317,-6.529191493988037,42.517330169677734,-1677.5634985464999,0.011402278662596094
s3_1.tif,Canon220,150,1240,1752,0.7077625570776256,6366.8017578125,0.9731199145317078,0.12221327424049377,-4.867151737213135,22.58228874206543,-1696.6804017515885,0.030181635734276034
s3_10.tif,Canon220,150,1240,1752,0.7077625570776256,6366.8017578125,0.9711500406265259,0.12089087069034576,-4.314857482910156,17.49942398071289,-1741.5154515287402,0.02692130652526145
s3_100.tif,Canon220,150,1240,1752,0.7077625570776256,6366.8017578125,0.9850090742111206,0.09204193949699402,-6.843337535858154,47.42152786254883,-1833.641678705541,0.018438834879952865
s3_11.tif,Canon220,150,1240,1752,0.7077625570776256,6366.8017578125,0.9751604199409485,0.11411619931459427,-5.045930862426758,25.02069854736328,-1756.889345557284,0.04900758580055973
s3_12.tif,Canon220,150,1240,1752,0.7077625570776256,6366.8017578125,0.9881266951560974,0.07643777132034302,-8.095698356628418,66.98970794677734,-1737.1754190446009,0.016484846811017823
s3_13.tif,Canon220,150,1240,1752,0.7077625570776256,6366.8017578125,0.9810189008712769,0.10043445974588394,-5.891783237457275,34.64073944091797,-1767.5588026723572,0.03515981735159817
s3_14.tif,Canon220,150,1240,1752,0.7077625570776256,6366.8017578125,0.9804313778877258,0.1028401181101799,-5.776691436767578,33.16481399536133,-1804.6864138274018,0.032543452643982916
s3_15.tif,Canon220,150,1240,1752,0.7077625570776256,6366.8017578125,0.9790938496589661,0.10498902946710587,-5.720336437225342,32.657981872558594,-1730.2672230673768,0.03770437472381794
s3_16.tif,Canon220,150,1240,1752,0.7077625570776256,6366.8017578125,0.9780586957931519,0.09784335643053055,-5.190530776977539,27.488494873046875,-1702.1933630769538,0.043194874060981
s3_17.tif,Canon220,150,1240,1752,0.7077625570776256,6366.8017578125,0.983284056186676,0.0901980847120285,-6.215147018432617,39.38319396972656,-1769.91829973378,0.03640631904551481
s3_18.tif,Canon220,150,1240,1752,0.7077625570776256,6366.8017578125,0.9930786490440369,0.06030946224927902,-10.202164649963379,107.24190521240234,-1879.1472695407447,0.010600788039475622
s3_19.tif,Canon220,150,1240,1752,0.7077625570776256,6366.8017578125,0.9834562540054321,0.09461988508701324,-6.442139625549316,41.5020751953125,-1764.0893729959714,0.024327036382383267
s3_2.tif,Canon220,150,1240,1752,0.7077625570776256,6366.8017578125,0.9604259729385376,0.13404595851898193,-3.839404582977295,14.119056701660156,-1518.9633003097806,0.08092824790101635
s3_20.tif,Canon220,150,1240,1752,0.7077625570776256,6366.8017578125,0.9709116816520691,0.1184736117720604,-4.712230205535889,21.760360717773438,-1533.6642161009406,0.044060704816615115
s3_21.tif,Canon220,150,1240,1752,0.7077625570776256,6366.8017578125,0.9924694299697876,0.0625690221786499,-9.534823417663574,94.01892852783203,-1908.7708196784988,0.013690344675209899
s3_22.tif,Canon220,150,1240,1752,0.7077625570776256,6366.8017578125,0.9935553073883057,0.05791192501783371,-10.639381408691406,116.9298324584961,-1871.160883971783,0.010738879069082339
s3_23.tif,Canon220,150,1240,1752,0.7077625570776256,6366.8017578125,0.9865134358406067,0.07831041514873505,-7.170694351196289,53.26167678833008,-1746.7680440145232,0.021842778759758433
s3_24.tif,Canon220,150,1240,1752,0.7077625570776256,6366.8017578125,0.9890984892845154,0.07345285266637802,-7.8113555908203125,62.588897705078125,-1829.7631648401673,0.023118279569892472
s3_25.tif,Canon220,150,1240,1752,0.7077625570776256,6366.8017578125,0.9781944155693054,0.11280415952205658,-5.508594989776611,29.43465805053711,-1793.1297087898995,0.024982048166151127
s3_26.tif,Canon220,150,1240,1752,0.7077625570776256,6366.8017578125,0.9852676391601562,0.0894874781370163,-6.768145561218262,45.90545654296875,-1804.2262381983219,0.02081492119605244
s3_27.tif,Canon220,150,1240,1752,0.7077625570776256,6366.8017578125,0.9654541015625,0.13314661383628845,-4.125846862792969,15.996831893920898,-1662.9586319509049,0.04194515024304021
s3_28.tif,Canon220,150,1240,1752,0.7077625570776256,6366.8017578125,0.9895281195640564,0.0765257254242897,-8.270874977111816,69.24356842041016,-1840.2047643681217,0.013194597878921785
s3_29.tif,Canon220,150,1240,1752,0.7077625570776256,6366.8017578125,0.9927558302879333,0.054308898746967316,-9.589372634887695,99.218017578125,-1837.6468743835321,0.010708499042568861
s3_3.tif,Canon220,150,1240,1752,0.7077625570776256,6366.8017578125,0.9797595143318176,0.10446193814277649,-5.6214213371276855,31.257606506347656,-1808.2001771118337,0.03416187951097363
s3_30.tif,Canon220,150,1240,1752,0.7077625570776256,6366.8017578125,0.9794373512268066,0.08878187835216522,-4.6926589012146,21.644411087036133,-1704.0873269168987,0.022354636176167328
s3_31.tif,Canon220,150,1240,1752,0.7077625570776256,6366.8017578125,0.9599375128746033,0.13583523035049438,-3.7241921424865723,12.960305213928223,-1529.7368826163713,0.06604065399911621
s3_32.tif,Canon220,150,1240,1752,0.7077625570776256,6366.8017578125,0.9856441617012024,0.08309832960367203,-6.77966833114624,47.16957092285156,-1767.3615152014374,0.03768412137280896
s3_33.tif,Canon220,150,1240,1752,0.7077625570776256,6366.8017578125,0.9605684876441956,0.1421860307455063,-3.955409049987793,14.877191543579102,-1597.2274655181648,0.06140585874208278
s3_34.tif,Canon220,150,1240,1752,0.7077625570776256,6366.8017578125,0.9872891902923584,0.07826744765043259,-7.191447734832764,53.19682312011719,-1793.3455260757698,0.027176314626601857
s3_35.tif,Canon220,150,1240,1752,0.7077625570776256,6366.8017578125,0.9738110303878784,0.12322386354207993,-4.990794658660889,23.867023468017578,-1749.3389971012034,0.028496004566210046
s3_36.tif,Canon220,150,1240,1752,0.7077625570776256,6366.8017578125,0.9852969646453857,0.09168797731399536,-6.855603218078613,47.04423522949219,-1847.8855516882766,0.020250589188392988
s3_37.tif,Canon220,150,1240,1752,0.7077625570776256,6366.8017578125,0.982072114944458,0.10040343552827835,-6.223056316375732,38.5993537902832,-1778.083441363121,0.024224388717042276
s3_38.tif,Canon220,150,1240,1752,0.7077625570776256,6366.8017578125,0.9871483445167542,0.0808715671300888,-7.246518611907959,53.661720275878906,-1797.5140445398813,0.020511581234349683
s3_39.tif,Canon220,150,1240,1752,0.7077625570776256,6366.8017578125,0.9873389005661011,0.07839565724134445,-7.203701972961426,54.176212310791016,-1838.8593963620174,0.029800044189129474
s3_4.tif,Canon220,150,1240,1752,0.7077625570776256,6366.8017578125,0.9701812863349915,0.12341257184743881,-4.532500743865967,19.881948471069336,-1692.6851700889758,0.05512870083959346
s3_40.tif,Canon220,150,1240,1752,0.7077625570776256,6366.8017578125,0.984365701675415,0.08137411624193192,-6.901888370513916,51.12305450439453,-1683.3204908739142,0.0428372182942996
s3_41.tif,Canon220,150,1240,1752,0.7077625570776256,6366.8017578125,0.9617469906806946,0.149310901761055,-4.053854942321777,15.177371978759766,-1694.3983811784328,0.05063475843275887
s3_42.tif,Canon220,150,1240,1752,0.7077625570776256,6366.8017578125,0.9704415202140808,0.12733064591884613,-4.454966068267822,18.640079498291016,-1719.2581760206542,0.022983410664309912
s3_43.tif,Canon220,150,1240,1752,0.7077625570776256,6366.8017578125,0.9868717789649963,0.08044543862342834,-7.069729328155518,51.36173629760742,-1822.1924773528528,0.02572820002945942
s3_44.tif,Canon220,150,1240,1752,0.7077625570776256,6366.8017578125,0.9770113825798035,0.11171276867389679,-5.29831075668335,27.507911682128906,-1759.515466021475,0.038103918102813376
s3_45.tif,Canon220,150,1240,1752,0.7077625570776256,6366.8017578125,0.9833489656448364,0.09281846135854721,-6.3156328201293945,40.24171447753906,-1770.5908663584485,0.030347805273236116
s3_46.tif,Canon220,150,1240,1752,0.7077625570776256,6366.8017578125,0.9796018600463867,0.10195978730916977,-5.641153335571289,31.87122344970703,-1744.9888831231224,0.03632070260715864
s3_47.tif,Canon220,150,1240,1752,0.7077625570776256,6366.8017578125,0.9816907644271851,0.08169449865818024,-5.95526123046875,38.74618911743164,-1624.4808497854858,0.060550614965385184
s3_48.tif,Canon220,150,1240,1752,0.7077625570776256,6366.8017578125,0.9868670701980591,0.06523993611335754,-7.48974609375,63.52461242675781,-1625.6515510935128,0.03946503535130358
s3_49.tif,Canon220,150,1240,1752,0.7077625570776256,6366.8017578125,0.9893999099731445,0.07591363042593002,-8.222199440002441,69.08799743652344,-1852.7365290757248,0.01541878406245397
s3_5.tif,Canon220,150,1240,1752,0.7077625570776256,6366.8017578125,0.9892417788505554,0.07503806799650192,-7.942626476287842,64.58790588378906,-1860.9639333704513,0.01870535056709383
s3_50.tif,Canon220,150,1240,1752,0.7077625570776256,6366.8017578125,0.9832282662391663,0.09364049136638641,-6.438561916351318,42.34321594238281,-1770.157959258547,0.018854488879069084
s3_51.tif,Canon220,150,1240,1752,0.7077625570776256,6366.8017578125,0.9830049276351929,0.09099182486534119,-6.053523540496826,37.20893859863281,-1810.8345854658542,0.031768761967889234
s3_52.tif,Canon220,150,1240,1752,0.7077625570776256,6366.8017578125,0.9380915760993958,0.13157857954502106,-1.9291762113571167,2.767841339111328,-1496.014647558077,0.01154625128884961
s3_53.tif,Canon220,150,1240,1752,0.7077625570776256,6366.8017578125,0.98053377866745,0.0974411889910698,-5.639605522155762,32.44264602661133,-1756.051063576878,0.022219767270584768
s3_54.tif,Canon220,150,1240,1752,0.7077625570776256,6366.8017578125,0.9884380102157593,0.0738435685634613,-7.6376953125,60.73471450805664,-1815.0154881042874,0.013080442627780233
s3_55.tif,Canon220,150,1240,1752,0.7077625570776256,6366.8017578125,0.9696616530418396,0.09834101796150208,-4.314173698425293,21.307485580444336,-1504.4185677952776,0.03142767712476064
s3_56.tif,Canon220,150,1240,1752,0.7077625570776256,6366.8017578125,0.9609465003013611,0.12453608214855194,-4.168731689453125,17.855432510375977,-1484.8740067174767,0.04404459419649433
s3_57.tif,Canon220,150,1240,1752,0.7077625570776256,6366.8017578125,0.9820185899734497,0.09715256839990616,-5.936966896057129,35.17116165161133,-1810.274692730501,0.02764306230667256
s3_58.tif,Canon220,150,1240,1752,0.7077625570776256,6366.8017578125,0.9874395728111267,0.0762222558259964,-7.056635856628418,51.139892578125,-1801.3708198984523,0.025120139195757844
s3_59.tif,Canon220,150,1240,1752,0.7077625570776256,6366.8017578125,0.9687619805335999,0.12623444199562073,-4.341618537902832,18.130678176879883,-1690.8567117048785,0.03659780527323612
s3_6.tif,Canon220,150,1240,1752,0.7077625570776256,6366.8017578125,0.9932098388671875,0.05860515311360359,-10.211950302124023,108.26152801513672,-1881.756813598942,0.0119181764619237
s3_60.tif,Canon220,150,1240,1752,0.7077625570776256,6366.8017578125,0.9867873191833496,0.08451840281486511,-7.096594333648682,50.716854095458984,-1853.5983115375084,0.019041832375902196
s3_61.tif,Canon220,150,1240,1752,0.7077625570776256,6366.8017578125,0.9884355664253235,0.07458367198705673,-7.58010196685791,59.29375457763672,-1807.8436101151613,0.022033344380615702
s3_62.tif,Canon220,150,1240,1752,0.7077625570776256,6366.8017578125,0.9783309698104858,0.10837335884571075,-5.441789150238037,29.151657104492188,-1765.3260517079755,0.027087936367653557
s3_63.tif,Canon220,150,1240,1752,0.7077625570776256,6366.8017578125,0.9684633612632751,0.11297504603862762,-4.873210906982422,23.683076858520508,-1270.8774751982255,0.031512833259684785
s3_64.tif,Canon220,150,1240,1752,0.7077625570776256,6366.8017578125,0.967697262763977,0.12865464389324188,-4.287533283233643,17.162126541137695,-1581.1810233284934,0.027178155840329947
s3_65.tif,Canon220,150,1240,1752,0.7077625570776256,6366.8017578125,0.9690383672714233,0.1277555525302887,-4.310291290283203,17.40638542175293,-1712.3222983866779,0.035641755044925616
s3_66.tif,Canon220,150,1240,1752,0.7077625570776256,6366.8017578125,0.9652634263038635,0.13991717994213104,-4.074906826019287,15.192338943481445,-1708.4215052419436,0.02217373692738253
s3_67.tif,Canon220,150,1240,1752,0.7077625570776256,6366.8017578125,0.9095783829689026,0.13384629786014557,-1.693480372428894,3.819688320159912,-1084.6730185687488,0.017102113713359846
s3_68.tif,Canon220,150,1240,1752,0.7077625570776256,6366.8017578125,0.9784494042396545,0.11305127292871475,-5.780824661254883,32.853939056396484,-1761.8552017175891,0.020805254823979966
s3_69.tif,Canon220,150,1240,1752,0.7077625570776256,6366.8017578125,0.9866209626197815,0.0839780643582344,-7.236120700836182,53.29137420654297,-1793.4467187492223,0.02240665046398586
s3_7.tif,Canon220,150,1240,1752,0.7077625570776256,6366.8017578125,0.9875594973564148,0.0801910012960434,-7.43920373916626,56.42380142211914,-1805.9375914409961,0.021636562822212404
s3_70.tif,Canon220,150,1240,1752,0.7077625570776256,6366.8017578125,0.9547612071037292,0.1508801281452179,-3.610220432281494,11.990903854370117,-1513.489410839,0.08035701134187656
s3_71.tif,Canon220,150,1240,1752,0.7077625570776256,6366.8017578125,0.9891827702522278,0.07164766639471054,-7.641785621643066,60.3637580871582,-1857.8960556322097,0.023179960229783473
s3_72.tif,Canon220,150,1240,1752,0.7077625570776256,6366.8017578125,0.9768852591514587,0.11391530185937881,-5.365433692932129,28.25873374938965,-1780.5924224902342,0.03504151936956842
s3_73.tif,Canon220,150,1240,1752,0.7077625570776256,6366.8017578125,0.9697878956794739,0.12541155517101288,-4.62039041519165,20.60023307800293,-1626.074721282734,0.0400473191928119
s3_74.tif,Canon220,150,1240,1752,0.7077625570776256,6366.8017578125,0.9881027936935425,0.07356715202331543,-7.541264533996582,60.02273941040039,-1813.4661184721124,0.022492727205774048
s3_75.tif,Canon220,150,1240,1752,0.7077625570776256,6366.8017578125,0.9885871410369873,0.07152453064918518,-7.689808368682861,62.356590270996094,-1751.8437984363431,0.020715955958167623
s3_76.tif,Canon220,150,1240,1752,0.7077625570776256,6366.8017578125,0.9874770045280457,0.07706554979085922,-8.12490463256836,69.0024642944336,-1734.5846001446052,0.011870765208425393
s3_77.tif,Canon220,150,1240,1752,0.7077625570776256,6366.8017578125,0.9699303507804871,0.12053415924310684,-4.426576614379883,19.292469024658203,-1668.51755116162,0.04798617248490205
s3_78.tif,Canon220,150,1240,1752,0.7077625570776256,6366.8017578125,0.9753768444061279,0.10187768936157227,-5.500303745269775,31.318405151367188,-1596.8587144209216,0.032461058329650905
s3_79.tif,Canon220,150,1240,1752,0.7077625570776256,6366.8017578125,0.9833770394325256,0.09119702875614166,-6.463016986846924,42.7588996887207,-1778.6033261218365,0.028450894829871853
s3_8.tif,Canon220,150,1240,1752,0.7077625570776256,6366.8017578125,0.9850769639015198,0.0897349864244461,-6.775298595428467,46.188270568847656,-1792.808174123931,0.02305613860656945
s3_80.tif,Canon220,150,1240,1752,0.7077625570776256,6366.8017578125,0.9820932745933533,0.09768608957529068,-6.285491466522217,39.50624084472656,-1731.6386674476619,0.03379777949624392
s3_81.tif,Canon220,150,1240,1752,0.7077625570776256,6366.8017578125,0.9744334816932678,0.11541740596294403,-4.994205474853516,24.473928451538086,-1705.1525647260212,0.03831887980556783
s3_82.tif,Canon220,150,1240,1752,0.7077625570776256,6366.8017578125,0.9864423274993896,0.08988306671380997,-7.365923881530762,54.31123733520508,-1815.6005150351402,0.0144880505229047
s3_83.tif,Canon220,150,1240,1752,0.7077625570776256,6366.8017578125,0.9792621731758118,0.10610625147819519,-5.626828193664551,31.419227600097656,-1797.165288145206,0.036081344822506994
s3_84.tif,Canon220,150,1240,1752,0.7077625570776256,6366.8017578125,0.9894100427627563,0.06884080916643143,-8.673567771911621,80.13728332519531,-1779.610489299536,0.019179002798644866
s3_85.tif,Canon220,150,1240,1752,0.7077625570776256,6366.8017578125,0.980679452419281,0.105167455971241,-6.080036640167236,37.18039321899414,-1798.091867625909,0.019254032258064515
s3_86.tif,Canon220,150,1240,1752,0.7077625570776256,6366.8017578125,0.9807918667793274,0.10140319168567657,-5.678366184234619,31.503055572509766,-1782.4099821585937,0.02250285388127854
s3_87.tif,Canon220,150,1240,1752,0.7077625570776256,6366.8017578125,0.9823358654975891,0.09763416647911072,-6.186650276184082,38.15373611450195,-1761.0317437587946,0.02701520842539402
s3_88.tif,Canon220,150,1240,1752,0.7077625570776256,6366.8017578125,0.9809648394584656,0.09488757699728012,-5.721634864807129,33.853660583496094,-1742.0098920413063,0.02497928634555899
s3_89.tif,Canon220,150,1240,1752,0.7077625570776256,6366.8017578125,0.9739695191383362,0.11477958410978317,-4.923549175262451,24.003210067749023,-1733.1029837118288,0.0460073280306378
s3_9.tif,Canon220,150,1240,1752,0.7077625570776256,6366.8017578125,0.976021409034729,0.11356783658266068,-5.135932922363281,25.824464797973633,-1772.034952181511,0.038264103697157166
s3_90.tif,Canon220,150,1240,1752,0.7077625570776256,6366.8017578125,0.9816824793815613,0.09482260793447495,-6.023494243621826,37.206382751464844,-1766.5146382412177,0.04374401605538371
s3_91.tif,Canon220,150,1240,1752,0.7077625570776256,6366.8017578125,0.9801709055900574,0.1078178659081459,-5.874610424041748,33.94397735595703,-1799.1220996569161,0.024328417292679334
s3_92.tif,Canon220,150,1240,1752,0.7077625570776256,6366.8017578125,0.9837831854820251,0.09612017124891281,-6.565682411193848,43.09145736694336,-1807.5625012722955,0.02207891442038592
s3_93.tif,Canon220,150,1240,1752,0.7077625570776256,6366.8017578125,0.9822171926498413,0.09911511093378067,-6.2480854988098145,39.004154205322266,-1762.665003281837,0.026102887023125645
s3_94.tif,Canon220,150,1240,1752,0.7077625570776256,6366.8017578125,0.9839223027229309,0.09693168848752975,-6.6802659034729,44.425167083740234,-1789.8195771109129,0.019352537192517307
s3_95.tif,Canon220,150,1240,1752,0.7077625570776256,6366.8017578125,0.9874905347824097,0.08326848596334457,-7.422403812408447,55.84602355957031,-1869.2185374065114,0.02057464280453675
s3_96.tif,Canon220,150,1240,1752,0.7077625570776256,6366.8017578125,0.9816319346427917,0.10253530740737915,-6.158162593841553,37.86677169799805,-1791.057285588287,0.01503351008985123
s3_97.tif,Canon220,150,1240,1752,0.7077625570776256,6366.8017578125,0.981942892074585,0.09613316506147385,-6.227658271789551,39.61308288574219,-1779.8031679096775,0.02454522020916188
s3_98.tif,Canon220,150,1240,1752,0.7077625570776256,6366.8017578125,0.9629564881324768,0.13550078868865967,-4.011526584625244,15.332033157348633,-1621.4535178765832,0.07336316099572839
s3_99.tif,Canon220,150,1240,1752,0.7077625570776256,6366.8017578125,0.9819708466529846,0.0976094901561737,-6.601637840270996,43.88506317138672,-1648.4199553918068,0.021058882015024306
s3_1.tif,Canon220,300,2480,3508,0.7069555302166477,25495.0673828125,0.9715277552604675,0.1252974271774292,-4.8196635246276855,22.090755462646484,-1592.3084456657166,0.015569366792952514
s3_10.tif,Canon220,300,2480,3508,0.7069555302166477,25495.0673828125,0.9696510434150696,0.1254868060350418,-4.336852550506592,17.68843650817871,-1650.5076015112388,0.015319362195166808
s3_100.tif,Canon220,300,2480,3508,0.7069555302166477,25495.0673828125,0.983912467956543,0.09608002007007599,-6.722437858581543,45.22975158691406,-1752.9372906389958,0.010861004340309706
s3_11.tif,Canon220,300,2480,3508,0.7069555302166477,25495.0673828125,0.9732927083969116,0.12136531621217728,-4.949871063232422,23.642547607421875,-1683.752923843534,0.026565660977673152
s3_12.tif,Canon220,300,2480,3508,0.7069555302166477,25495.0673828125,0.9866458177566528,0.08036135137081146,-7.891402244567871,63.24725341796875,-1644.531640000934,0.009132121970059219
s3_13.tif,Canon220,300,2480,3508,0.7069555302166477,25495.0673828125,0.979426383972168,0.1061544194817543,-5.811385631561279,33.230709075927734,-1670.896437218817,0.01882034612130798
s3_14.tif,Canon220,300,2480,3508,0.7069555302166477,25495.0673828125,0.9788511991500854,0.10954861342906952,-5.67560338973999,31.517963409423828,-1732.3802930254797,0.018828162357008866
s3_15.tif,Canon220,300,2480,3508,0.7069555302166477,25495.0673828125,0.9777369499206543,0.11089692264795303,-5.611088275909424,30.941539764404297,-1685.063688456033,0.022377767866995257
s3_16.tif,Canon220,300,2480,3508,0.7069555302166477,25495.0673828125,0.9763170480728149,0.10367606580257416,-5.128188610076904,26.484546661376953,-1617.375937501881,0.02513322084084305
s3_17.tif,Canon220,300,2480,3508,0.7069555302166477,25495.0673828125,0.9816911816596985,0.09608419239521027,-6.1001763343811035,37.32537078857422,-1678.7980399898581,0.02127108084746386
s3_18.tif,Canon220,300,2480,3508,0.7069555302166477,25495.0673828125,0.9924314618110657,0.06385818123817444,-10.017976760864258,102.12637329101562,-1828.1667993260332,0.006169653694780594
s3_19.tif,Canon220,300,2480,3508,0.7069555302166477,25495.0673828125,0.981778085231781,0.10016009956598282,-6.303891181945801,39.19906997680664,-1660.2636476358807,0.013937382756464486
s3_2.tif,Canon220,300,2480,3508,0.7069555302166477,25495.0673828125,0.9570297598838806,0.14474181830883026,-3.7707481384277344,13.238101959228516,-1432.441811926251,0.0493732068635745
s3_20.tif,Canon220,300,2480,3508,0.7069555302166477,25495.0673828125,0.968498945236206,0.12317747622728348,-4.6562018394470215,21.05455207824707,-1421.084401660389,0.024693442638025528
s3_21.tif,Canon220,300,2480,3508,0.7069555302166477,25495.0673828125,0.9915728569030762,0.0671231597661972,-9.325272560119629,88.69551849365234,-1834.0996530258906,0.008473374222974216
s3_22.tif,Canon220,300,2480,3508,0.7069555302166477,25495.0673828125,0.9929962158203125,0.0605960339307785,-10.516982078552246,113.10664367675781,-1819.0828426860166,0.006017007209327988
s3_23.tif,Canon220,300,2480,3508,0.7069555302166477,25495.0673828125,0.9848984479904175,0.08335758745670319,-7.045948028564453,50.9166374206543,-1639.6729971058921,0.012711728031779895
s3_24.tif,Canon220,300,2480,3508,0.7069555302166477,25495.0673828125,0.9878082871437073,0.07822868227958679,-7.666235446929932,59.60216522216797,-1730.565497252411,0.013189323022032589
s3_25.tif,Canon220,300,2480,3508,0.7069555302166477,25495.0673828125,0.9768155217170715,0.11700102686882019,-5.423274517059326,28.28658103942871,-1705.258017392022,0.014476243241255012
s3_26.tif,Canon220,300,2480,3508,0.7069555302166477,25495.0673828125,0.9839099049568176,0.09396617114543915,-6.6551384925842285,43.927459716796875,-1703.8107712028257,0.011704812962077463
s3_27.tif,Canon220,300,2480,3508,0.7069555302166477,25495.0673828125,0.9635863900184631,0.13902945816516876,-4.091775894165039,15.576725006103516,-1591.0608558078984,0.024814824180674586
s3_28.tif,Canon220,300,2480,3508,0.7069555302166477,25495.0673828125,0.9888217449188232,0.07968366146087646,-8.146127700805664,66.54707336425781,-1788.3129214134651,0.00767910674219296
s3_29.tif,Canon220,300,2480,3508,0.7069555302166477,25495.0673828125,0.9917328357696533,0.0571710504591465,-9.454938888549805,95.86343383789062,-1745.580073175967,0.006248045941074779
s3_3.tif,Canon220,300,2480,3508,0.7069555302166477,25495.0673828125,0.9785541892051697,0.1091928482055664,-5.564308166503906,30.263492584228516,-1734.2439190918053,0.0188712665980064
s3_30.tif,Canon220,300,2480,3508,0.7069555302166477,25495.0673828125,0.9779046773910522,0.09255941957235336,-4.72902774810791,22.155664443969727,-1605.2459668748986,0.014396931437819546
s3_31.tif,Canon220,300,2480,3508,0.7069555302166477,25495.0673828125,0.9577096104621887,0.14157496392726898,-3.7045786380767822,12.661705017089844,-1440.4423852698617,0.040306028616618236
s3_32.tif,Canon220,300,2480,3508,0.7069555302166477,25495.0673828125,0.9840216636657715,0.08853175491094589,-6.627596855163574,44.37871551513672,-1662.2385690663184,0.019054833192334572
s3_33.tif,Canon220,300,2480,3508,0.7069555302166477,25495.0673828125,0.9585267305374146,0.14816023409366608,-3.9075255393981934,14.259212493896484,-1521.1586939742303,0.03597732831868172
s3_34.tif,Canon220,300,2480,3508,0.7069555302166477,25495.0673828125,0.9863356351852417,0.08296947926282883,-7.0634307861328125,50.472259521484375,-1744.5596559986009,0.015205911832861295
s3_35.tif,Canon220,300,2480,3508,0.7069555302166477,25495.0673828125,0.9722180962562561,0.12789899110794067,-4.918781280517578,22.95047378540039,-1657.8708298757979,0.015847302938904625
s3_36.tif,Canon220,300,2480,3508,0.7069555302166477,25495.0673828125,0.9840770363807678,0.09655867516994476,-6.71836519241333,44.641544342041016,-1767.8993875209794,0.011509522014197962
s3_37.tif,Canon220,300,2480,3508,0.7069555302166477,25495.0673828125,0.9805217385292053,0.1051502525806427,-6.098644733428955,36.60679244995117,-1672.7813456220388,0.014299228491558465
s3_38.tif,Canon220,300,2480,3508,0.7069555302166477,25495.0673828125,0.9857584834098816,0.08594661951065063,-7.150761604309082,51.60974884033203,-1696.5906189714933,0.012016542832971641
s3_39.tif,Canon220,300,2480,3508,0.7069555302166477,25495.0673828125,0.9861020445823669,0.08314448595046997,-7.098013877868652,51.82258987426758,-1745.3016905596278,0.016264896825688747
s3_4.tif,Canon220,300,2480,3508,0.7069555302166477,25495.0673828125,0.9678876996040344,0.13166768848896027,-4.444501876831055,18.7266788482666,-1615.5475921584996,0.03232001967852283
s3_40.tif,Canon220,300,2480,3508,0.7069555302166477,25495.0673828125,0.9825802445411682,0.08632976561784744,-6.6869378089904785,47.22209930419922,-1589.414916966131,0.02417642163534042
s3_41.tif,Canon220,300,2480,3508,0.7069555302166477,25495.0673828125,0.959926187992096,0.1541699469089508,-3.992056369781494,14.528512954711914,-1607.0584198230972,0.026980036414462796
s3_42.tif,Canon220,300,2480,3508,0.7069555302166477,25495.0673828125,0.9688105583190918,0.13177870213985443,-4.448246955871582,18.53301429748535,-1618.6592887629631,0.013277945341523522
s3_43.tif,Canon220,300,2480,3508,0.7069555302166477,25495.0673828125,0.9857000708580017,0.08762083947658539,-6.971095561981201,48.9367561340332,-1780.453621605729,0.015836728031779896
s3_44.tif,Canon220,300,2480,3508,0.7069555302166477,25495.0673828125,0.9754263162612915,0.1175827756524086,-5.224503517150879,26.407793045043945,-1681.9835375697867,0.021164986942288595
s3_45.tif,Canon220,300,2480,3508,0.7069555302166477,25495.0673828125,0.9817507863044739,0.09828605502843857,-6.224369049072266,38.58236312866211,-1666.630691558589,0.017330893441718467
s3_46.tif,Canon220,300,2480,3508,0.7069555302166477,25495.0673828125,0.9776937365531921,0.10933498293161392,-5.545616149902344,30.246231079101562,-1654.0788184204969,0.021875689667855962
s3_47.tif,Canon220,300,2480,3508,0.7069555302166477,25495.0673828125,0.9795370697975159,0.08892261236906052,-5.88035249710083,36.88031005859375,-1529.5822502050344,0.03356004248353993
s3_48.tif,Canon220,300,2480,3508,0.7069555302166477,25495.0673828125,0.9848414659500122,0.07114943861961365,-7.304075241088867,59.03229904174805,-1521.351717959942,0.021949139294515762
s3_49.tif,Canon220,300,2480,3508,0.7069555302166477,25495.0673828125,0.9886252880096436,0.08002052456140518,-8.073967933654785,65.75745391845703,-1804.8982221932868,0.009219250009195571
s3_5.tif,Canon220,300,2480,3508,0.7069555302166477,25495.0673828125,0.9880650639533997,0.08025247603654861,-7.78517484664917,61.15882873535156,-1774.4633692038587,0.011469866112480229
s3_50.tif,Canon220,300,2480,3508,0.7069555302166477,25495.0673828125,0.9820210337638855,0.09659960865974426,-6.354802131652832,41.01695251464844,-1674.3283713040535,0.011476992680325156
s3_51.tif,Canon220,300,2480,3508,0.7069555302166477,25495.0673828125,0.9814849495887756,0.09714598208665848,-5.930032730102539,35.192665100097656,-1738.046882401295,0.018646434876963255
s3_52.tif,Canon220,300,2480,3508,0.7069555302166477,25495.0673828125,0.9363206028938293,0.1356099247932434,-1.9783475399017334,2.9836535453796387,-1413.8824763125144,0.007004266745135543
s3_53.tif,Canon220,300,2480,3508,0.7069555302166477,25495.0673828125,0.9792622327804565,0.1009889617562294,-5.629967212677002,32.0821533203125,-1652.9573144392127,0.012092981020340603
s3_54.tif,Canon220,300,2480,3508,0.7069555302166477,25495.0673828125,0.9872931241989136,0.07781615853309631,-7.560074329376221,59.00151824951172,-1723.6968160154252,0.007566805826314047
s3_55.tif,Canon220,300,2480,3508,0.7069555302166477,25495.0673828125,0.9683378338813782,0.10343638807535172,-4.303579330444336,20.47425651550293,-1452.5279712298793,0.017555380328833633
s3_56.tif,Canon220,300,2480,3508,0.7069555302166477,25495.0673828125,0.9587940573692322,0.1297222375869751,-4.091371059417725,16.979082107543945,-1387.7621468589728,0.024410448927796372
s3_57.tif,Canon220,300,2480,3508,0.7069555302166477,25495.0673828125,0.9805143475532532,0.1010010614991188,-5.858146667480469,33.97272491455078,-1688.7416960316295,0.015530515503733402
s3_58.tif,Canon220,300,2480,3508,0.7069555302166477,25495.0673828125,0.985974907875061,0.08240082859992981,-6.976099014282227,49.1768913269043,-1704.8336668574734,0.015526377496597639
s3_59.tif,Canon220,300,2480,3508,0.7069555302166477,25495.0673828125,0.9668922424316406,0.13196028769016266,-4.297200679779053,17.545124053955078,-1605.6073525569975,0.021231080111818148
s3_6.tif,Canon220,300,2480,3508,0.7069555302166477,25495.0673828125,0.9922014474868774,0.06282517313957214,-10.015514373779297,102.82581329345703,-1785.1691827093446,0.007403124655166072
s3_60.tif,Canon220,300,2480,3508,0.7069555302166477,25495.0673828125,0.9852837324142456,0.08940248936414719,-6.959072113037109,48.21952438354492,-1727.8565662849803,0.010787784602935226
s3_61.tif,Canon220,300,2480,3508,0.7069555302166477,25495.0673828125,0.9870076775550842,0.08031764626502991,-7.457880973815918,56.49039840698242,-1706.4405803778197,0.01338461396991209
s3_62.tif,Canon220,300,2480,3508,0.7069555302166477,25495.0673828125,0.9767217636108398,0.11365464329719543,-5.367273807525635,28.015892028808594,-1669.5899860904294,0.01536970794865193
s3_63.tif,Canon220,300,2480,3508,0.7069555302166477,25495.0673828125,0.9675021767616272,0.11815015226602554,-4.851438999176025,23.109203338623047,-1263.3578490166503,0.017340433847059255
s3_64.tif,Canon220,300,2480,3508,0.7069555302166477,25495.0673828125,0.9656926989555359,0.13219374418258667,-4.259434700012207,16.918210983276367,-1487.837633217468,0.014821651892448598
s3_65.tif,Canon220,300,2480,3508,0.7069555302166477,25495.0673828125,0.9669378995895386,0.13443168997764587,-4.270467758178711,16.93958854675293,-1623.0256576911427,0.020417042152499357
s3_66.tif,Canon220,300,2480,3508,0.7069555302166477,25495.0673828125,0.963615357875824,0.14445853233337402,-4.076797008514404,15.186056137084961,-1614.6149142397426,0.012726785779968367
s3_67.tif,Canon220,300,2480,3508,0.7069555302166477,25495.0673828125,0.9062443971633911,0.1397777497768402,-1.6949197053909302,3.5324816703796387,-1007.9633917730197,0.010389731305403318
s3_68.tif,Canon220,300,2480,3508,0.7069555302166477,25495.0673828125,0.9770063757896423,0.11761736124753952,-5.676177978515625,31.30815887451172,-1674.3654019689438,0.01256011604811123
s3_69.tif,Canon220,300,2480,3508,0.7069555302166477,25495.0673828125,0.9850866198539734,0.08953813463449478,-7.09228515625,50.488075256347656,-1690.6473464021399,0.013496570051863022
s3_7.tif,Canon220,300,2480,3508,0.7069555302166477,25495.0673828125,0.9860973358154297,0.0857902392745018,-7.309933662414551,53.69832992553711,-1701.9101851095947,0.012715176371059699
s3_70.tif,Canon220,300,2480,3508,0.7069555302166477,25495.0673828125,0.9511793255805969,0.16137813031673431,-3.535611629486084,11.180462837219238,-1426.6132420147176,0.046837528046492806
s3_71.tif,Canon220,300,2480,3508,0.7069555302166477,25495.0673828125,0.9878551959991455,0.07827840000391006,-7.545939922332764,57.84898376464844,-1770.708292892745,0.014260377202339353
s3_72.tif,Canon220,300,2480,3508,0.7069555302166477,25495.0673828125,0.9751757383346558,0.12078484147787094,-5.261532783508301,26.72781753540039,-1706.169634924346,0.01985335362489425
s3_73.tif,Canon220,300,2480,3508,0.7069555302166477,25495.0673828125,0.9677103161811829,0.13061493635177612,-4.5607523918151855,19.865468978881836,-1523.9315994722638,0.02319582888880715
s3_74.tif,Canon220,300,2480,3508,0.7069555302166477,25495.0673828125,0.9866141080856323,0.08000774681568146,-7.433101654052734,57.1731071472168,-1713.5428650073611,0.013726229447897892
s3_75.tif,Canon220,300,2480,3508,0.7069555302166477,25495.0673828125,0.9876801371574402,0.07470981031656265,-7.666243553161621,61.56360626220703,-1689.8128785531505,0.011145492330893441
s3_76.tif,Canon220,300,2480,3508,0.7069555302166477,25495.0673828125,0.9861308932304382,0.07995250076055527,-8.00753116607666,66.50395965576172,-1618.2718952484586,0.006760009379482841
s3_77.tif,Canon220,300,2480,3508,0.7069555302166477,25495.0673828125,0.9687374830245972,0.12525737285614014,-4.433455467224121,19.19536781311035,-1627.618856475312,0.026262437010335822
s3_78.tif,Canon220,300,2480,3508,0.7069555302166477,25495.0673828125,0.9734900593757629,0.10772228986024857,-5.403251647949219,29.853424072265625,-1523.7528040966224,0.018040216831573915
s3_79.tif,Canon220,300,2480,3508,0.7069555302166477,25495.0673828125,0.9819156527519226,0.09678465873003006,-6.352361679077148,40.69005584716797,-1689.5592489947448,0.01645880843785633
s3_8.tif,Canon220,300,2480,3508,0.7069555302166477,25495.0673828125,0.9836377501487732,0.09472277760505676,-6.660467624664307,44.096763610839844,-1692.2915923852136,0.01350542078934785
s3_80.tif,Canon220,300,2480,3508,0.7069555302166477,25495.0673828125,0.9804118275642395,0.10176496207714081,-6.1392903327941895,37.515724182128906,-1636.1324237774968,0.01761204803766506
s3_81.tif,Canon220,300,2480,3508,0.7069555302166477,25495.0673828125,0.9725697040557861,0.12091860920190811,-4.9329118728637695,23.607376098632812,-1603.4077968609454,0.02779602843270681
s3_82.tif,Canon220,300,2480,3508,0.7069555302166477,25495.0673828125,0.9851261377334595,0.09356312453746796,-7.236722946166992,52.01853561401367,-1707.714483521575,0.008355900798175598
s3_83.tif,Canon220,300,2480,3508,0.7069555302166477,25495.0673828125,0.9770628213882446,0.11400873214006424,-5.493436336517334,29.440521240234375,-1686.1755077405508,0.020743944716224667
s3_84.tif,Canon220,300,2480,3508,0.7069555302166477,25495.0673828125,0.9881771206855774,0.0733608528971672,-8.408845901489258,74.30561828613281,-1704.019492057432,0.01229493875749439
s3_85.tif,Canon220,300,2480,3508,0.7069555302166477,25495.0673828125,0.9795597195625305,0.10856006294488907,-5.999576568603516,35.87138748168945,-1713.4022911159186,0.011116756170228418
s3_86.tif,Canon220,300,2480,3508,0.7069555302166477,25495.0673828125,0.9795152544975281,0.10495613515377045,-5.610445976257324,30.53493881225586,-1687.8979773625563,0.012239995218302865
s3_87.tif,Canon220,300,2480,3508,0.7069555302166477,25495.0673828125,0.9806814789772034,0.10313688218593597,-6.078354358673096,36.36494827270508,-1659.2687989349756,0.015334649832640601
s3_88.tif,Canon220,300,2480,3508,0.7069555302166477,25495.0673828125,0.9794581532478333,0.09953945875167847,-5.713494300842285,33.43632507324219,-1637.5894751931812,0.014470725898407326
s3_89.tif,Canon220,300,2480,3508,0.7069555302166477,25495.0673828125,0.9718610644340515,0.12330599874258041,-4.8396196365356445,22.725492477416992,-1664.8799152721401,0.02748027549931953
s3_9.tif,Canon220,300,2480,3508,0.7069555302166477,25495.0673828125,0.9744435548782349,0.11925704777240753,-5.05930757522583,24.74114227294922,-1697.2572354386239,0.022156039651303933
s3_90.tif,Canon220,300,2480,3508,0.7069555302166477,25495.0673828125,0.9798662066459656,0.10260988026857376,-5.869878768920898,34.47634506225586,-1685.1977571467842,0.02328031320116232
s3_91.tif,Canon220,300,2480,3508,0.7069555302166477,25495.0673828125,0.9788345694541931,0.11227042973041534,-5.796294212341309,32.718265533447266,-1709.2982695763212,0.013535766175010115
s3_92.tif,Canon220,300,2480,3508,0.7069555302166477,25495.0673828125,0.9824882745742798,0.10048065334558487,-6.4738993644714355,41.47380447387695,-1712.2214039901792,0.012446665685805715
s3_93.tif,Canon220,300,2480,3508,0.7069555302166477,25495.0673828125,0.9805373549461365,0.10481711477041245,-6.143919467926025,37.19097137451172,-1658.1370599813852,0.015005103542134109
s3_94.tif,Canon220,300,2480,3508,0.7069555302166477,25495.0673828125,0.9825377464294434,0.10119970887899399,-6.567245960235596,42.50847625732422,-1689.757868689719,0.01111974473093758
s3_95.tif,Canon220,300,2480,3508,0.7069555302166477,25495.0673828125,0.985974907875061,0.08898605406284332,-7.257431507110596,52.714927673339844,-1753.2597116824209,0.011986197447309376
s3_96.tif,Canon220,300,2480,3508,0.7069555302166477,25495.0673828125,0.9808858633041382,0.10527103394269943,-6.114435195922852,37.07970428466797,-1739.8701120664796,0.00801911299518152
s3_97.tif,Canon220,300,2480,3508,0.7069555302166477,25495.0673828125,0.9804319143295288,0.1017470583319664,-6.11188268661499,37.59330368041992,-1688.554591041834,0.01373462040681208
s3_98.tif,Canon220,300,2480,3508,0.7069555302166477,25495.0673828125,0.9600158929824829,0.14566132426261902,-3.936655044555664,14.388374328613281,-1545.4004356129321,0.043692527678669955
s3_99.tif,Canon220,300,2480,3508,0.7069555302166477,25495.0673828125,0.9808248281478882,0.1009739562869072,-6.493974208831787,42.11224365234375,-1587.762572675368,0.01145906131607018
s4_1.tif,Canon9000-1,150,1240,1754,0.7069555302166477,6374.0791015625,0.9734504222869873,0.12082590162754059,-4.910887718200684,23.366741180419922,-1773.1089815686069,0.03026584396954427
s4_10.tif,Canon9000-1,150,1240,1754,0.7069555302166477,6374.0791015625,0.9724629521369934,0.11457055062055588,-4.263140678405762,17.047754287719727,-1796.226994077752,0.02691589730385846
s4_100.tif,Canon9000-1,150,1240,1754,0.7069555302166477,6374.0791015625,0.9859063029289246,0.08781424164772034,-6.9664788246154785,49.739990234375,-1885.6828613209593,0.018775057932099902
s4_11.tif,Canon9000-1,150,1240,1754,0.7069555302166477,6374.0791015625,0.9766579866409302,0.10542496293783188,-5.128829479217529,26.71624755859375,-1793.8629958372092,0.04890710633758782
s4_12.tif,Canon9000-1,150,1240,1754,0.7069555302166477,6374.0791015625,0.9892339110374451,0.07131850719451904,-8.305530548095703,72.05488586425781,-1804.1359898268213,0.016451796814654064
s4_13.tif,Canon9000-1,150,1240,1754,0.7069555302166477,6374.0791015625,0.9824544191360474,0.09258995205163956,-6.001675128936768,37.028141021728516,-1837.8471352144438,0.03515972707544047
s4_14.tif,Canon9000-1,150,1240,1754,0.7069555302166477,6374.0791015625,0.9809008240699768,0.09820997714996338,-5.774044036865234,33.691410064697266,-1817.1378847478918,0.03295968661492625
s4_15.tif,Canon9000-1,150,1240,1754,0.7069555302166477,6374.0791015625,0.9800843596458435,0.10017496347427368,-5.7683820724487305,33.730411529541016,-1807.4393446499416,0.03671239930849303
s4_16.tif,Canon9000-1,150,1240,1754,0.7069555302166477,6374.0791015625,0.9780446290969849,0.09689871966838837,-5.117451190948486,26.991901397705078,-1768.858762121671,0.044047706624489646
s4_17.tif,Canon9000-1,150,1240,1754,0.7069555302166477,6374.0791015625,0.9844985604286194,0.08193077892065048,-6.246211051940918,41.08745574951172,-1816.7767592682414,0.035625482767499175
s4_18.tif,Canon9000-1,150,1240,1754,0.7069555302166477,6374.0791015625,0.9935133457183838,0.05814112722873688,-10.291607856750488,110.66929626464844,-1949.4982619265409,0.010770313017250892
s4_19.tif,Canon9000-1,150,1240,1754,0.7069555302166477,6374.0791015625,0.9842444062232971,0.09141647070646286,-6.489015102386475,42.71608352661133,-1857.286844418301,0.024608728436385036
s4_2.tif,Canon9000-1,150,1240,1754,0.7069555302166477,6374.0791015625,0.9626387357711792,0.12388180196285248,-3.869898557662964,14.894325256347656,-1587.1666307624387,0.07985756059881562
s4_20.tif,Canon9000-1,150,1240,1754,0.7069555302166477,6374.0791015625,0.972535252571106,0.11582132428884506,-4.774071216583252,22.679025650024414,-1703.50640894596,0.04427989480266304
s4_21.tif,Canon9000-1,150,1240,1754,0.7069555302166477,6374.0712890625,0.9925967454910278,0.0601356215775013,-9.652898788452148,98.37960815429688,-1902.0784392474893,0.013728068562180454
s4_22.tif,Canon9000-1,150,1240,1754,0.7069555302166477,6374.0712890625,0.994017481803894,0.054850976914167404,-10.993603706359863,127.56257629394531,-1909.7364850795468,0.010412605289292677
s4_23.tif,Canon9000-1,150,1240,1754,0.7069555302166477,6374.0712890625,0.986984372138977,0.07553143799304962,-7.194983005523682,54.12894058227539,-1791.3816547919191,0.02231029536175378
s4_24.tif,Canon9000-1,150,1240,1754,0.7069555302166477,6374.0712890625,0.9899128079414368,0.06677126884460449,-7.769736289978027,63.510154724121094,-1873.9090452397159,0.023633538088056794
s4_25.tif,Canon9000-1,150,1240,1754,0.7069555302166477,6374.0712890625,0.9787794947624207,0.11067718267440796,-5.654653549194336,31.562786102294922,-1829.0763095662205,0.025345293706550927
s4_26.tif,Canon9000-1,150,1240,1754,0.7069555302166477,6374.0712890625,0.9860020279884338,0.08667993545532227,-6.911266326904297,48.63810348510742,-1867.3364659705744,0.02090475227130614
s4_27.tif,Canon9000-1,150,1240,1754,0.7069555302166477,6374.0712890625,0.9640090465545654,0.1380043923854828,-4.176387786865234,16.621191024780273,-1666.0782212077745,0.0421718100562769
s4_28.tif,Canon9000-1,150,1240,1754,0.7069555302166477,6374.0712890625,0.9900691509246826,0.07428628951311111,-8.48475456237793,73.90095520019531,-1890.120225908677,0.013550134255342627
s4_29.tif,Canon9000-1,150,1240,1754,0.7069555302166477,6374.0712890625,0.9925950169563293,0.05499831959605217,-9.466283798217773,97.11848449707031,-1850.9909839211296,0.010785945488652665
s4_3.tif,Canon9000-1,150,1240,1754,0.7069555302166477,6374.0791015625,0.9805479049682617,0.09843114763498306,-5.7504706382751465,33.72935485839844,-1813.2198027619636,0.03436201125537941
s4_30.tif,Canon9000-1,150,1240,1754,0.7069555302166477,6374.0712890625,0.978861927986145,0.09315452724695206,-4.628785610198975,20.427288055419922,-1775.6703801278557,0.020817854121455107
s4_31.tif,Canon9000-1,150,1240,1754,0.7069555302166477,6374.0712890625,0.9612315893173218,0.13025423884391785,-3.777477502822876,13.80617904663086,-1575.0517043553511,0.06611523890094531
s4_32.tif,Canon9000-1,150,1240,1754,0.7069555302166477,6374.0712890625,0.9869863390922546,0.07523703575134277,-7.078903675079346,53.83749008178711,-1813.6924094482063,0.036923437672416966
s4_33.tif,Canon9000-1,150,1240,1754,0.7069555302166477,6374.0712890625,0.9627497792243958,0.13341796398162842,-4.011642932891846,15.536224365234375,-1608.2878918701585,0.05966454555486078
s4_34.tif,Canon9000-1,150,1240,1754,0.7069555302166477,6374.0712890625,0.9879077076911926,0.07460247725248337,-7.41838264465332,58.515140533447266,-1835.9371906324175,0.027039117960790084
s4_35.tif,Canon9000-1,150,1240,1754,0.7069555302166477,6374.0712890625,0.974162757396698,0.12273210287094116,-5.077167510986328,24.994741439819336,-1789.1404645273035,0.028567421929598706
s4_36.tif,Canon9000-1,150,1240,1754,0.7069555302166477,6374.0791015625,0.9855396151542664,0.08962468057870865,-6.883349895477295,48.045047760009766,-1883.6251432175113,0.020498767793430683
s4_37.tif,Canon9000-1,150,1240,1754,0.7069555302166477,6374.0791015625,0.9834343194961548,0.09503468871116638,-6.3776445388793945,41.128849029541016,-1869.4236816110338,0.024727811086180895
s4_38.tif,Canon9000-1,150,1240,1754,0.7069555302166477,6374.0791015625,0.987652063369751,0.07822670042514801,-7.202430248260498,53.53561019897461,-1873.4794998890186,0.020817854121455107
s4_39.tif,Canon9000-1,150,1240,1754,0.7069555302166477,6374.0791015625,0.9880659580230713,0.07325118035078049,-7.519448280334473,61.24119567871094,-1877.557129048415,0.029862618163092654
s4_4.tif,Canon9000-1,150,1240,1754,0.7069555302166477,6374.0791015625,0.9717399477958679,0.11574660986661911,-4.610802173614502,21.229549407958984,-1743.0473489136052,0.054669051384853055
s4_40.tif,Canon9000-1,150,1240,1754,0.7069555302166477,6374.0791015625,0.9856677651405334,0.07677526772022247,-7.347447872161865,59.50087356567383,-1762.5102707474352,0.042677566483981313
s4_41.tif,Canon9000-1,150,1240,1754,0.7069555302166477,6374.0791015625,0.962618350982666,0.14618724584579468,-4.229392051696777,17.128217697143555,-1732.4999587203677,0.05019494611395152
s4_42.tif,Canon9000-1,150,1240,1754,0.7069555302166477,6374.0791015625,0.970932126045227,0.12519651651382446,-4.448470115661621,18.72138023376465,-1783.82687529222,0.023317670210026852
s4_43.tif,Canon9000-1,150,1240,1754,0.7069555302166477,6374.0791015625,0.9873371124267578,0.0766708105802536,-7.080554008483887,52.577701568603516,-1865.1024478267839,0.025486445727737523
s4_44.tif,Canon9000-1,150,1240,1754,0.7069555302166477,6374.0791015625,0.9779956936836243,0.10575509816408157,-5.372818946838379,29.021678924560547,-1804.5416250869214,0.03840714311987347
s4_45.tif,Canon9000-1,150,1240,1754,0.7069555302166477,6374.0791015625,0.984565794467926,0.08614324033260345,-6.4047417640686035,42.47725296020508,-1847.1885310446025,0.03035090300511274
s4_46.tif,Canon9000-1,150,1240,1754,0.7069555302166477,6374.0791015625,0.9805378317832947,0.09734298288822174,-5.725909233093262,33.63084411621094,-1817.6893438007519,0.035835601574281825
s4_47.tif,Canon9000-1,150,1240,1754,0.7069555302166477,6374.0791015625,0.9833494424819946,0.0737539678812027,-6.240515232086182,44.580596923828125,-1696.4121755197648,0.060061334461323425
s4_48.tif,Canon9000-1,150,1240,1754,0.7069555302166477,6374.0791015625,0.9881768226623535,0.059305042028427124,-7.85652494430542,73.0505142211914,-1713.5769002621046,0.03921037628278221
s4_49.tif,Canon9000-1,150,1240,1754,0.7069555302166477,6374.0791015625,0.9896551966667175,0.07456162571907043,-8.318016052246094,71.77999114990234,-1900.9971548108556,0.01514142788832898
s4_5.tif,Canon9000-1,150,1240,1754,0.7069555302166477,6374.0791015625,0.9889621138572693,0.07506431639194489,-7.888632297515869,65.0611343383789,-1890.1018049383674,0.019231158274175156
s4_50.tif,Canon9000-1,150,1240,1754,0.7069555302166477,6374.0791015625,0.9829031229019165,0.096817247569561,-6.388591766357422,41.56697082519531,-1841.2337896417098,0.016454095707507263
s4_51.tif,Canon9000-1,150,1240,1754,0.7069555302166477,6374.0791015625,0.9831852316856384,0.08704761415719986,-6.020429611206055,37.82180404663086,-1826.9410422681258,0.031971622466620074
s4_52.tif,Canon9000-1,150,1240,1754,0.7069555302166477,6374.0791015625,0.9334107637405396,0.14033101499080658,-1.81448495388031,1.9818382263183594,-1568.5102703303717,0.011369404494795307
s4_53.tif,Canon9000-1,150,1240,1754,0.7069555302166477,6374.0791015625,0.9803985953330994,0.09864897280931473,-5.571184158325195,31.732036590576172,-1838.073495297881,0.022417423768712988
s4_54.tif,Canon9000-1,150,1240,1754,0.7069555302166477,6374.0791015625,0.9872475862503052,0.08011054992675781,-7.398927688598633,57.395050048828125,-1881.7531596496256,0.013418637584139479
s4_55.tif,Canon9000-1,150,1240,1754,0.7069555302166477,6374.0791015625,0.9715135097503662,0.090207539498806,-4.164097309112549,20.9548282623291,-1630.4527155961819,0.03169345643138265
s4_56.tif,Canon9000-1,150,1240,1754,0.7069555302166477,6374.0791015625,0.9627530574798584,0.11713938415050507,-4.309032917022705,19.9693660736084,-1567.3988868640208,0.04356953691102365
s4_57.tif,Canon9000-1,150,1240,1754,0.7069555302166477,6374.0791015625,0.9825462102890015,0.09303326904773712,-5.97475528717041,36.08883285522461,-1831.1073573912165,0.02757981755986317
s4_58.tif,Canon9000-1,150,1240,1754,0.7069555302166477,6374.0791015625,0.9880169034004211,0.07273879647254944,-7.129385471343994,53.442726135253906,-1865.1457865119878,0.025042759407069556
s4_59.tif,Canon9000-1,150,1240,1754,0.7069555302166477,6374.0791015625,0.9691861271858215,0.12403515726327896,-4.3362650871276855,18.249881744384766,-1745.3832034405161,0.03657722440872476
s4_6.tif,Canon9000-1,150,1240,1754,0.7069555302166477,6374.0791015625,0.9936789870262146,0.05559122562408447,-10.360638618469238,113.89026641845703,-1947.5513609455613,0.011947346158090264
s4_60.tif,Canon9000-1,150,1240,1754,0.7069555302166477,6374.0791015625,0.986972987651825,0.08364944159984589,-7.145735740661621,51.98557662963867,-1898.5426752175902,0.01924265273844117
s4_61.tif,Canon9000-1,150,1240,1754,0.7069555302166477,6374.0791015625,0.9891249537467957,0.07104964554309845,-7.654872417449951,61.70482635498047,-1884.3556845388675,0.021925460698127782
s4_62.tif,Canon9000-1,150,1240,1754,0.7069555302166477,6374.0791015625,0.9788742065429688,0.10631562024354935,-5.455521583557129,29.535526275634766,-1839.4211512343352,0.02727590392466988
s4_63.tif,Canon9000-1,150,1240,1754,0.7069555302166477,6374.0791015625,0.9715273976325989,0.11367080360651016,-4.943292617797852,24.096179962158203,-1445.9168538045362,0.03147460183175783
s4_64.tif,Canon9000-1,150,1240,1754,0.7069555302166477,6374.0791015625,0.9679227471351624,0.13215051591396332,-4.341893672943115,17.617321014404297,-1686.0753964360297,0.027234523853312244
s4_65.tif,Canon9000-1,150,1240,1754,0.7069555302166477,6374.0791015625,0.968589186668396,0.12928421795368195,-4.311079978942871,17.448158264160156,-1760.6211678604345,0.03589629234560636
s4_66.tif,Canon9000-1,150,1240,1754,0.7069555302166477,6374.0791015625,0.9660394787788391,0.13727588951587677,-4.071926116943359,15.229000091552734,-1790.099714173938,0.022209144076212897
s4_67.tif,Canon9000-1,150,1240,1754,0.7069555302166477,6374.0791015625,0.902315080165863,0.14118757843971252,-1.484534740447998,2.673647403717041,-1140.977329155115,0.01579339390149704
s4_68.tif,Canon9000-1,150,1240,1754,0.7069555302166477,6374.0791015625,0.9794111251831055,0.11254102736711502,-5.937995433807373,35.02820587158203,-1861.1736313581277,0.020279453415235224
s4_69.tif,Canon9000-1,150,1240,1754,0.7069555302166477,6374.0791015625,0.987413763999939,0.07942277938127518,-7.329885482788086,55.98078155517578,-1864.1028717314277,0.02227489241181447
s4_7.tif,Canon9000-1,150,1240,1754,0.7069555302166477,6374.0791015625,0.9884076118469238,0.07511934638023376,-7.436087608337402,57.229957580566406,-1878.8042504241453,0.021809136719755765
s4_70.tif,Canon9000-1,150,1240,1754,0.7069555302166477,6374.0791015625,0.9574968814849854,0.1405576467514038,-3.632840394973755,12.524360656738281,-1605.1839215157613,0.08075182991871115
s4_71.tif,Canon9000-1,150,1240,1754,0.7069555302166477,6374.0791015625,0.9896025657653809,0.06650297343730927,-7.487926006317139,59.0721321105957,-1882.1547565061205,0.023344797145694634
s4_72.tif,Canon9000-1,150,1240,1754,0.7069555302166477,6374.0791015625,0.9770984053611755,0.11082791537046432,-5.348518371582031,28.540687561035156,-1817.6080207362293,0.03575514032441976
s4_73.tif,Canon9000-1,150,1240,1754,0.7069555302166477,6374.0791015625,0.9700827598571777,0.12516020238399506,-4.641858100891113,21.065710067749023,-1722.1411114833575,0.03946509361091698
s4_74.tif,Canon9000-1,150,1240,1754,0.7069555302166477,6374.0791015625,0.9884675145149231,0.06949761509895325,-7.412498950958252,59.664886474609375,-1868.9870099404468,0.022275352190385112
s4_75.tif,Canon9000-1,150,1240,1754,0.7069555302166477,6374.0791015625,0.9895339608192444,0.06690593808889389,-7.593761920928955,62.25221252441406,-1862.0097181141198,0.020725898407327033
s4_76.tif,Canon9000-1,150,1240,1754,0.7069555302166477,6374.0791015625,0.9886791110038757,0.07481519877910614,-8.313318252563477,72.86436462402344,-1852.4062229641722,0.011813090815463273
s4_77.tif,Canon9000-1,150,1240,1754,0.7069555302166477,6374.0791015625,0.9714353084564209,0.1115654781460762,-4.359926223754883,19.164878845214844,-1709.695375090096,0.04779398241806746
s4_78.tif,Canon9000-1,150,1240,1754,0.7069555302166477,6374.0791015625,0.9746041297912598,0.09625516831874847,-5.29871940612793,30.1798095703125,-1627.9155169586227,0.032842443079412954
s4_79.tif,Canon9000-1,150,1240,1754,0.7069555302166477,6374.0791015625,0.984062910079956,0.08570092916488647,-6.5348029136657715,45.17638397216797,-1826.059378462688,0.028227185787324825
s4_8.tif,Canon9000-1,150,1240,1754,0.7069555302166477,6374.0791015625,0.9858473539352417,0.08525673300027847,-6.872050762176514,48.46573257446289,-1851.11916239813,0.023630319638062308
s4_80.tif,Canon9000-1,150,1240,1754,0.7069555302166477,6374.0791015625,0.9838578701019287,0.08789904415607452,-6.4021525382995605,42.636844635009766,-1804.6106891425798,0.033761540442123074
s4_81.tif,Canon9000-1,150,1240,1754,0.7069555302166477,6374.0791015625,0.9766742587089539,0.10179245471954346,-4.946646213531494,25.14236831665039,-1769.9197095661502,0.03746229815720749
s4_82.tif,Canon9000-1,150,1240,1754,0.7069555302166477,6374.0791015625,0.9869006872177124,0.08849968761205673,-7.445576190948486,56.001220703125,-1890.2490602741032,0.014868319417368596
s4_83.tif,Canon9000-1,150,1240,1754,0.7069555302166477,6374.0791015625,0.9797922968864441,0.1008555144071579,-5.612731456756592,31.856117248535156,-1812.7758478318221,0.03665722588001619
s4_84.tif,Canon9000-1,150,1240,1754,0.7069555302166477,6374.0791015625,0.9893189072608948,0.06626498699188232,-8.661458969116211,81.88992309570312,-1797.8589037389036,0.018343325854268584
s4_85.tif,Canon9000-1,150,1240,1754,0.7069555302166477,6374.0791015625,0.9802119135856628,0.10572770237922668,-5.979299068450928,36.277549743652344,-1840.8938995527524,0.02011715157979917
s4_86.tif,Canon9000-1,150,1240,1754,0.7069555302166477,6374.0791015625,0.9813417196273804,0.09977266192436218,-5.737033367156982,32.469608306884766,-1861.3040280869718,0.022657428182587265
s4_87.tif,Canon9000-1,150,1240,1754,0.7069555302166477,6374.0791015625,0.9830427765846252,0.09380769729614258,-6.207201957702637,39.00694274902344,-1832.4921356232037,0.02736096296023835
s4_88.tif,Canon9000-1,150,1240,1754,0.7069555302166477,6374.0791015625,0.981428861618042,0.09211952239274979,-5.609154224395752,32.83039093017578,-1818.1477108376723,0.02465010850774267
s4_89.tif,Canon9000-1,150,1240,1754,0.7069555302166477,6374.0791015625,0.9747945070266724,0.10815798491239548,-4.855269908905029,23.71251106262207,-1754.1784439901387,0.04644269319895538
s4_9.tif,Canon9000-1,150,1240,1754,0.7069555302166477,6374.0791015625,0.976611852645874,0.10859550535678864,-5.202709197998047,27.172035217285156,-1781.9582135868013,0.03825817486298599
s4_90.tif,Canon9000-1,150,1240,1754,0.7069555302166477,6374.0791015625,0.9826741814613342,0.08850696682929993,-6.154260635375977,40.00987243652344,-1809.668735841521,0.043386085261338136
s4_91.tif,Canon9000-1,150,1240,1754,0.7069555302166477,6374.0791015625,0.9808828830718994,0.10429098457098007,-5.957794666290283,35.4295539855957,-1851.0079407345193,0.024493324015154302
s4_92.tif,Canon9000-1,150,1240,1754,0.7069555302166477,6374.0791015625,0.9845490455627441,0.09227947145700455,-6.628954887390137,44.55150604248047,-1879.0612399359575,0.02224040901901644
s4_93.tif,Canon9000-1,150,1240,1754,0.7069555302166477,6374.0791015625,0.9829952120780945,0.09516382217407227,-6.294759273529053,40.2213134765625,-1833.418277301837,0.026546235333063595
s4_94.tif,Canon9000-1,150,1240,1754,0.7069555302166477,6374.0791015625,0.9846127033233643,0.09395553916692734,-6.761775493621826,46.165771484375,-1863.6915161119996,0.01960771692352963
s4_95.tif,Canon9000-1,150,1240,1754,0.7069555302166477,6374.0791015625,0.9876972436904907,0.07977475970983505,-7.395228385925293,56.3746223449707,-1877.4079847354205,0.020939695442674808
s4_96.tif,Canon9000-1,150,1240,1754,0.7069555302166477,6374.0791015625,0.9817531108856201,0.10238125175237656,-6.143781661987305,37.97598648071289,-1862.6221916573077,0.015060966638466915
s4_97.tif,Canon9000-1,150,1240,1754,0.7069555302166477,6374.0791015625,0.9823565483093262,0.09256650507450104,-6.182745456695557,39.78184509277344,-1833.4399204949718,0.024754938021848676
s4_98.tif,Canon9000-1,150,1240,1754,0.7069555302166477,6374.0791015625,0.9651129245758057,0.12438406050205231,-4.031556129455566,16.043685913085938,-1660.8568671235003,0.07272547541104205
s4_99.tif,Canon9000-1,150,1240,1754,0.7069555302166477,6374.0791015625,0.9834208488464355,0.09404144436120987,-6.769822597503662,47.24118423461914,-1803.8312740996885,0.020970500606907715
s4_1.tif,Canon9000-1,300,2480,3508,0.7069555302166477,25495.0712890625,0.9722349047660828,0.126754492521286,-4.858222484588623,22.51581382751465,-1744.227890267473,0.015622586162504138
s4_10.tif,Canon9000-1,300,2480,3508,0.7069555302166477,25495.0712890625,0.9710555672645569,0.12117084115743637,-4.307458877563477,17.425094604492188,-1753.245087329171,0.015049472174200905
s4_100.tif,Canon9000-1,300,2480,3508,0.7069555302166477,25495.0712890625,0.9850846529006958,0.0935676321387291,-6.847095012664795,47.08884811401367,-1870.9820501348004,0.010641230183543605
s4_11.tif,Canon9000-1,300,2480,3508,0.7069555302166477,25495.0712890625,0.974919855594635,0.11615005135536194,-5.040826320648193,24.878021240234375,-1790.2595564541311,0.02666083514179571
s4_12.tif,Canon9000-1,300,2480,3508,0.7069555302166477,25495.0712890625,0.9883005619049072,0.07719962298870087,-8.103131294250488,67.08961486816406,-1788.357509545875,0.009186031007466804
s4_13.tif,Canon9000-1,300,2480,3508,0.7069555302166477,25495.0712890625,0.981113076210022,0.10161223262548447,-5.913259506225586,34.82428741455078,-1819.5026805083237,0.018756896678559606
s4_14.tif,Canon9000-1,300,2480,3508,0.7069555302166477,25495.0712890625,0.9795070886611938,0.10694443434476852,-5.712706565856934,32.18769454956055,-1794.1669306066965,0.018794483576709455
s4_15.tif,Canon9000-1,300,2480,3508,0.7069555302166477,25495.0712890625,0.9787750244140625,0.10824324190616608,-5.677335739135742,31.90500259399414,-1791.8855643211996,0.02195867969985655
s4_16.tif,Canon9000-1,300,2480,3508,0.7069555302166477,25495.0712890625,0.9767840504646301,0.10451432317495346,-5.111212253570557,26.38035774230957,-1758.106785764143,0.025175750358627284
s4_17.tif,Canon9000-1,300,2480,3508,0.7069555302166477,25495.0712890625,0.9834463596343994,0.0905490294098854,-6.205196857452393,39.142822265625,-1817.2510153143382,0.021333725677713612
s4_18.tif,Canon9000-1,300,2480,3508,0.7069555302166477,25495.0712890625,0.9929897785186768,0.06292169541120529,-10.139022827148438,105.2890853881836,-1927.2748681643818,0.006181837826902564
s4_19.tif,Canon9000-1,300,2480,3508,0.7069555302166477,25495.0712890625,0.9831923246383667,0.0984402447938919,-6.393576145172119,40.58174133300781,-1834.9086877849031,0.013911290322580646
s4_2.tif,Canon9000-1,300,2480,3508,0.7069555302166477,25495.0712890625,0.959831714630127,0.13799475133419037,-3.8298072814941406,13.915140151977539,-1576.2439615477274,0.049594705189980506
s4_20.tif,Canon9000-1,300,2480,3508,0.7069555302166477,25495.0712890625,0.9708437323570251,0.12346605211496353,-4.710904121398926,21.57929801940918,-1662.676925239179,0.024463783241990656
s4_21.tif,Canon9000-1,300,2480,3508,0.7069555302166477,25495.0634765625,0.9914446473121643,0.06622322648763657,-9.361659049987793,90.41924285888672,-1807.2564256441883,0.008544180122852834
s4_22.tif,Canon9000-1,300,2480,3508,0.7069555302166477,25495.0634765625,0.9932104349136353,0.0593368224799633,-10.664067268371582,117.61003112792969,-1832.048927218402,0.0064942573656527015
s4_23.tif,Canon9000-1,300,2480,3508,0.7069555302166477,25495.0634765625,0.9853108525276184,0.08300577104091644,-7.036003589630127,50.77714920043945,-1699.3141494580734,0.01297426159561555
s4_24.tif,Canon9000-1,300,2480,3508,0.7069555302166477,25495.0634765625,0.988551139831543,0.07534001767635345,-7.712583541870117,61.05015563964844,-1801.3413769825752,0.013428522823408246
s4_25.tif,Canon9000-1,300,2480,3508,0.7069555302166477,25495.0634765625,0.9770939350128174,0.11670194566249847,-5.4986090660095215,29.326297760009766,-1725.907282302501,0.014368655055725163
s4_26.tif,Canon9000-1,300,2480,3508,0.7069555302166477,25495.0634765625,0.9844178557395935,0.09292967617511749,-6.741402626037598,45.441001892089844,-1744.9820785278198,0.011666076617501011
s4_27.tif,Canon9000-1,300,2480,3508,0.7069555302166477,25495.0634765625,0.9614876508712769,0.14559206366539001,-4.091479301452637,15.616567611694336,-1570.41492741094,0.024821261080663553
s4_28.tif,Canon9000-1,300,2480,3508,0.7069555302166477,25495.0634765625,0.9890583157539368,0.07920827716588974,-8.257963180541992,68.89083099365234,-1811.708965401249,0.007892443998970097
s4_29.tif,Canon9000-1,300,2480,3508,0.7069555302166477,25495.0634765625,0.9913867115974426,0.05900863930583,-9.263648986816406,92.03482818603516,-1744.5205536423853,0.006428049251480487
s4_3.tif,Canon9000-1,300,2480,3508,0.7069555302166477,25495.0712890625,0.9792636632919312,0.10615531355142593,-5.639981746673584,31.541500091552734,-1788.4827500497588,0.018867818258726597
s4_30.tif,Canon9000-1,300,2480,3508,0.7069555302166477,25495.0634765625,0.9773626923561096,0.09778586030006409,-4.639830112457275,20.64842414855957,-1691.1966995294763,0.014168421488211277
s4_31.tif,Canon9000-1,300,2480,3508,0.7069555302166477,25495.0634765625,0.9578168392181396,0.14201602339744568,-3.7327752113342285,13.018159866333008,-1489.2038815800447,0.04026028064883952
s4_32.tif,Canon9000-1,300,2480,3508,0.7069555302166477,25495.0634765625,0.9849737286567688,0.0840175524353981,-6.777439117431641,47.43132019042969,-1693.7871354869012,0.019093224702983042
s4_33.tif,Canon9000-1,300,2480,3508,0.7069555302166477,25495.0634765625,0.9594478607177734,0.1443243771791458,-3.950505495071411,14.66526985168457,-1515.3091086657405,0.035193175966454555
s4_34.tif,Canon9000-1,300,2480,3508,0.7069555302166477,25495.0634765625,0.9865925312042236,0.08181630074977875,-7.171318531036377,52.85836410522461,-1768.3018460136022,0.015523848714459117
s4_35.tif,Canon9000-1,300,2480,3508,0.7069555302166477,25495.0634765625,0.9724538326263428,0.12901820242404938,-4.964724540710449,23.50783920288086,-1713.2890887416215,0.01587695865671093
s4_36.tif,Canon9000-1,300,2480,3508,0.7069555302166477,25495.0712890625,0.9846069812774658,0.09612012654542923,-6.785376071929932,45.7994270324707,-1865.7637224393031,0.011450555412513334
s4_37.tif,Canon9000-1,300,2480,3508,0.7069555302166477,25495.0712890625,0.9823609590530396,0.10206886380910873,-6.257326126098633,38.754478454589844,-1852.5802136141258,0.014011981829550888
s4_38.tif,Canon9000-1,300,2480,3508,0.7069555302166477,25495.0712890625,0.9867056012153625,0.08523549884557724,-7.177905559539795,52.17538833618164,-1845.3868574388073,0.011936426417037556
s4_39.tif,Canon9000-1,300,2480,3508,0.7069555302166477,25495.0712890625,0.9871559739112854,0.08018671721220016,-7.325784683227539,56.22052001953125,-1857.0154086506393,0.01615891786515614
s4_4.tif,Canon9000-1,300,2480,3508,0.7069555302166477,25495.0712890625,0.9696831107139587,0.1268783062696457,-4.526181221008301,19.728309631347656,-1735.3846416344154,0.0322201327840512
s4_40.tif,Canon9000-1,300,2480,3508,0.7069555302166477,25495.0712890625,0.9845386743545532,0.08339495956897736,-7.057341575622559,53.441322326660156,-1753.603132945574,0.023979176628535697
s4_41.tif,Canon9000-1,300,2480,3508,0.7069555302166477,25495.0712890625,0.9608015418052673,0.15403148531913757,-4.095925331115723,15.584598541259766,-1717.9632981982184,0.027378319601280024
s4_42.tif,Canon9000-1,300,2480,3508,0.7069555302166477,25495.0712890625,0.9697521924972534,0.1310395449399948,-4.458046913146973,18.677459716796875,-1752.1737505481735,0.013429097546621548
s4_43.tif,Canon9000-1,300,2480,3508,0.7069555302166477,25495.0712890625,0.9862327575683594,0.08526582270860672,-7.035459041595459,50.41505432128906,-1842.716755751144,0.015777071762239307
s4_44.tif,Canon9000-1,300,2480,3508,0.7069555302166477,25495.0712890625,0.9764865636825562,0.11507942527532578,-5.301616191864014,27.49616241455078,-1791.445910300775,0.021176596351197265
s4_45.tif,Canon9000-1,300,2480,3508,0.7069555302166477,25495.0712890625,0.9833449721336365,0.09493368119001389,-6.344479560852051,40.46294403076172,-1827.6590895482875,0.017177557288409903
s4_46.tif,Canon9000-1,300,2480,3508,0.7069555302166477,25495.0712890625,0.979109525680542,0.10665255039930344,-5.63850736618042,31.608810424804688,-1804.9128413408753,0.022146729135248466
s4_47.tif,Canon9000-1,300,2480,3508,0.7069555302166477,25495.0712890625,0.9819340109825134,0.08356624841690063,-6.1659722328186035,41.61264419555664,-1690.0059553151164,0.03307670026115423
s4_48.tif,Canon9000-1,300,2480,3508,0.7069555302166477,25495.0712890625,0.9871495366096497,0.06670090556144714,-7.721938133239746,67.60022735595703,-1697.1706898270666,0.02159717879869055
s4_49.tif,Canon9000-1,300,2480,3508,0.7069555302166477,25495.0712890625,0.9890038371086121,0.07965517789125443,-8.176472663879395,67.92427062988281,-1877.41896851859,0.009084419943355281
s4_5.tif,Canon9000-1,300,2480,3508,0.7069555302166477,25495.0712890625,0.9882252812385559,0.08081836253404617,-7.733380317687988,60.89508819580078,-1866.1092014737699,0.011521361312391952
s4_50.tif,Canon9000-1,300,2480,3508,0.7069555302166477,25495.0712890625,0.9822199940681458,0.10018682479858398,-6.309972763061523,40.17948532104492,-1814.4703429291617,0.011236873321808217
s4_51.tif,Canon9000-1,300,2480,3508,0.7069555302166477,25495.0712890625,0.9819839000701904,0.09532110393047333,-5.99330997467041,36.429569244384766,-1805.303229132348,0.01856735296281311
s4_52.tif,Canon9000-1,300,2480,3508,0.7069555302166477,25495.0712890625,0.9327228665351868,0.1429184526205063,-1.8781647682189941,2.3346590995788574,-1519.428648898628,0.006882655313201163
s4_53.tif,Canon9000-1,300,2480,3508,0.7069555302166477,25495.0712890625,0.9795824885368347,0.10368907451629639,-5.552372932434082,31.006851196289062,-1815.8802378405292,0.012081601500717255
s4_54.tif,Canon9000-1,300,2480,3508,0.7069555302166477,25495.0712890625,0.9866419434547424,0.08359657973051071,-7.320822238922119,55.37618637084961,-1844.1636857189835,0.008283830507227719
s4_55.tif,Canon9000-1,300,2480,3508,0.7069555302166477,25495.0712890625,0.9703077077865601,0.09744265675544739,-4.371722221374512,22.257617950439453,-1588.3017148625177,0.017401584396954425
s4_56.tif,Canon9000-1,300,2480,3508,0.7069555302166477,25495.0712890625,0.9611422419548035,0.1256837248802185,-4.276109218597412,18.905794143676758,-1528.7352557570227,0.023890669253687425
s4_57.tif,Canon9000-1,300,2480,3508,0.7069555302166477,25495.0712890625,0.9814858436584473,0.09986609220504761,-5.941718578338623,35.014610290527344,-1805.0840034583114,0.015267062382756465
s4_58.tif,Canon9000-1,300,2480,3508,0.7069555302166477,25495.0712890625,0.9870728850364685,0.08016598224639893,-7.076632976531982,51.150367736816406,-1842.3562641040612,0.015412352411078824
s4_59.tif,Canon9000-1,300,2480,3508,0.7069555302166477,25495.0712890625,0.967738687992096,0.13133597373962402,-4.305657386779785,17.651941299438477,-1729.666460286613,0.021104985838820024
s4_6.tif,Canon9000-1,300,2480,3508,0.7069555302166477,25495.0712890625,0.9930815696716309,0.060968395322561264,-10.163558959960938,106.79570770263672,-1921.1967228540284,0.007799223893772759
s4_60.tif,Canon9000-1,300,2480,3508,0.7069555302166477,25495.0712890625,0.9861822724342346,0.08950337767601013,-7.04635763168335,49.60302734375,-1882.6742975759946,0.011063191966748813
s4_61.tif,Canon9000-1,300,2480,3508,0.7069555302166477,25495.0712890625,0.988241970539093,0.07823915779590607,-7.571063041687012,58.69328689575195,-1865.8003618072894,0.013211392393423328
s4_62.tif,Canon9000-1,300,2480,3508,0.7069555302166477,25495.0712890625,0.9777482151985168,0.11306706070899963,-5.403499603271484,28.490978240966797,-1824.558150866125,0.01558925221613271
s4_63.tif,Canon9000-1,300,2480,3508,0.7069555302166477,25495.0712890625,0.9698598980903625,0.11946554481983185,-4.908048629760742,23.433935165405273,-1418.4513624941007,0.017340548791701917
s4_64.tif,Canon9000-1,300,2480,3508,0.7069555302166477,25495.0712890625,0.9665936231613159,0.13672064244747162,-4.2985711097717285,17.1220645904541,-1664.6219944638153,0.014749581601500717
s4_65.tif,Canon9000-1,300,2480,3508,0.7069555302166477,25495.0712890625,0.9670525193214417,0.13671310245990753,-4.279448509216309,16.96221351623535,-1737.8386918678302,0.020329799168720346
s4_66.tif,Canon9000-1,300,2480,3508,0.7069555302166477,25495.0712890625,0.9646564722061157,0.14320452511310577,-4.075538158416748,15.195802688598633,-1752.9799031307152,0.012823684113730827
s4_67.tif,Canon9000-1,300,2480,3508,0.7069555302166477,25495.0712890625,0.9012655019760132,0.14510037004947662,-1.556096076965332,2.8515186309814453,-1107.2338456619025,0.010030874131018502
s4_68.tif,Canon9000-1,300,2480,3508,0.7069555302166477,25495.0712890625,0.9785047769546509,0.11762426793575287,-5.804211616516113,32.88713836669922,-1845.4668786553136,0.012601036340898224
s4_69.tif,Canon9000-1,300,2480,3508,0.7069555302166477,25495.0712890625,0.9863805770874023,0.0868760496377945,-7.211669921875,52.7137336730957,-1835.0725256934575,0.013406223562732187
s4_7.tif,Canon9000-1,300,2480,3508,0.7069555302166477,25495.0712890625,0.9874247312545776,0.08274448662996292,-7.397890090942383,55.3865852355957,-1852.6984404787086,0.012651726928311326
s4_70.tif,Canon9000-1,300,2480,3508,0.7069555302166477,25495.0712890625,0.9542264342308044,0.15570257604122162,-3.597909450531006,11.774771690368652,-1598.6925254990633,0.046737985985949165
s4_71.tif,Canon9000-1,300,2480,3508,0.7069555302166477,25495.0712890625,0.9888038039207458,0.07477089017629623,-7.607240200042725,59.385536193847656,-1875.1480357800729,0.014216353404200537
s4_72.tif,Canon9000-1,300,2480,3508,0.7069555302166477,25495.0712890625,0.9757981896400452,0.1192389577627182,-5.278934478759766,27.10945701599121,-1809.1363892235838,0.02010531228160518
s4_73.tif,Canon9000-1,300,2480,3508,0.7069555302166477,25495.0712890625,0.9686385989189148,0.13229937851428986,-4.591142654418945,20.19469451904297,-1700.6147089462816,0.02306191838010814
s4_74.tif,Canon9000-1,300,2480,3508,0.7069555302166477,25495.0712890625,0.9875165224075317,0.07754262536764145,-7.453251361846924,58.28658676147461,-1845.5666819849946,0.01386864586015375
s4_75.tif,Canon9000-1,300,2480,3508,0.7069555302166477,25495.0712890625,0.988676905632019,0.07309306412935257,-7.587742328643799,60.50837707519531,-1828.873536908589,0.011132388641630192
s4_76.tif,Canon9000-1,300,2480,3508,0.7069555302166477,25495.0712890625,0.9879940152168274,0.07906525582075119,-8.208802223205566,69.76866912841797,-1809.740839429077,0.006636099054695259
s4_77.tif,Canon9000-1,300,2480,3508,0.7069555302166477,25495.0712890625,0.9695871472358704,0.12173204869031906,-4.403654098510742,19.08064079284668,-1695.188899544484,0.02616645823371464
s4_78.tif,Canon9000-1,300,2480,3508,0.7069555302166477,25495.0712890625,0.973315954208374,0.10489293932914734,-5.335791110992432,29.668899536132812,-1608.1097247042894,0.017920329569279435
s4_79.tif,Canon9000-1,300,2480,3508,0.7069555302166477,25495.0712890625,0.9828733801841736,0.09420151263475418,-6.44101095199585,42.37588119506836,-1805.2695301950173,0.016308805679184905
s4_8.tif,Canon9000-1,300,2480,3508,0.7069555302166477,25495.0712890625,0.9847613573074341,0.09227354824542999,-6.7462663650512695,45.61684036254883,-1818.5793255310277,0.013476109905469526
s4_80.tif,Canon9000-1,300,2480,3508,0.7069555302166477,25495.0712890625,0.9824564456939697,0.09688233584165573,-6.293765068054199,39.893218994140625,-1793.0906466553565,0.01793952532460367
s4_81.tif,Canon9000-1,300,2480,3508,0.7069555302166477,25495.0712890625,0.9747627377510071,0.11416197568178177,-5.006417274475098,24.773719787597656,-1745.8677570320942,0.027669704270423364
s4_82.tif,Canon9000-1,300,2480,3508,0.7069555302166477,25495.0712890625,0.9861697554588318,0.09297110140323639,-7.320472240447998,53.40376281738281,-1859.5810682501121,0.008218656894839445
s4_83.tif,Canon9000-1,300,2480,3508,0.7069555302166477,25495.0712890625,0.9782552123069763,0.11070806533098221,-5.554010391235352,30.361156463623047,-1796.9537190610135,0.020681874609188217
s4_84.tif,Canon9000-1,300,2480,3508,0.7069555302166477,25495.0712890625,0.9885888695716858,0.0714440569281578,-8.491283416748047,76.89116668701172,-1779.1074912439228,0.012174706661271932
s4_85.tif,Canon9000-1,300,2480,3508,0.7069555302166477,25495.0712890625,0.9796093702316284,0.10980971902608871,-5.923616886138916,35.044620513916016,-1823.8971369541846,0.011348484569831169
s4_86.tif,Canon9000-1,300,2480,3508,0.7069555302166477,25495.0712890625,0.9803463220596313,0.10474716126918793,-5.656445503234863,31.161205291748047,-1824.113917959269,0.012289191525361386
s4_87.tif,Canon9000-1,300,2480,3508,0.7069555302166477,25495.0712890625,0.9818886518478394,0.10120618343353271,-6.142870903015137,37.4149055480957,-1803.7124203826656,0.01538166219148858
s4_88.tif,Canon9000-1,300,2480,3508,0.7069555302166477,25495.0712890625,0.9803774356842041,0.09853414446115494,-5.631697654724121,32.47731399536133,-1785.529611825769,0.01441325357707728
s4_89.tif,Canon9000-1,300,2480,3508,0.7069555302166477,25495.0712890625,0.9728621244430542,0.11974392831325531,-4.867404460906982,23.20929527282715,-1740.4974811440682,0.027355560562033324
s4_9.tif,Canon9000-1,300,2480,3508,0.7069555302166477,25495.0712890625,0.9753599166870117,0.11665928363800049,-5.125054359436035,25.65285301208496,-1779.800000441978,0.02198408246588443
s4_90.tif,Canon9000-1,300,2480,3508,0.7069555302166477,25495.0712890625,0.981273889541626,0.09808757901191711,-5.98732328414917,36.400062561035156,-1800.2599946342887,0.023917796189355207
s4_91.tif,Canon9000-1,300,2480,3508,0.7069555302166477,25495.0712890625,0.9797967672348022,0.11081186681985855,-5.8589911460876465,33.61913299560547,-1831.5781147353891,0.013523007319674844
s4_92.tif,Canon9000-1,300,2480,3508,0.7069555302166477,25495.0712890625,0.9834119081497192,0.09909091889858246,-6.520228385925293,42.301300048828125,-1845.7897891441396,0.012737245742450436
s4_93.tif,Canon9000-1,300,2480,3508,0.7069555302166477,25495.0712890625,0.9817743897438049,0.10300084203481674,-6.2157697677612305,38.32720184326172,-1804.8216402789044,0.015064759811674697
s4_94.tif,Canon9000-1,300,2480,3508,0.7069555302166477,25495.0712890625,0.9836676120758057,0.09987149387598038,-6.650264739990234,43.825923919677734,-1834.6644367467627,0.011054226284621327
s4_95.tif,Canon9000-1,300,2480,3508,0.7069555302166477,25495.0712890625,0.986701250076294,0.08703732490539551,-7.315369129180908,53.95077896118164,-1847.7026597555896,0.011937805752749477
s4_96.tif,Canon9000-1,300,2480,3508,0.7069555302166477,25495.0712890625,0.9812201261520386,0.10611061006784439,-6.099301338195801,36.98598861694336,-1855.3653530467761,0.007964859123845956
s4_97.tif,Canon9000-1,300,2480,3508,0.7069555302166477,25495.0712890625,0.981027364730835,0.10007268935441971,-6.106503486633301,37.891605377197266,-1786.40176651054,0.013730022621105675
s4_98.tif,Canon9000-1,300,2480,3508,0.7069555302166477,25495.0712890625,0.9623286128044128,0.13884258270263672,-3.998981475830078,15.130880355834961,-1657.5262365836736,0.043648733769816456
s4_99.tif,Canon9000-1,300,2480,3508,0.7069555302166477,25495.0712890625,0.9823856353759766,0.09978391975164413,-6.626061916351318,44.243988037109375,-1760.9656067865908,0.01172607772096958
s5_1.tif,Canon9000-2,150,1240,1754,0.7069555302166477,6374.0791015625,0.973371684551239,0.12070024013519287,-4.90511417388916,23.300888061523438,-1751.2986855921768,0.030179405598263875
s5_10.tif,Canon9000-2,150,1240,1754,0.7069555302166477,6374.0791015625,0.9723402857780457,0.11470558494329453,-4.260531902313232,17.047069549560547,-1784.288246929479,0.027059807996468902
s5_100.tif,Canon9000-2,150,1240,1754,0.7069555302166477,6374.0791015625,0.9886965751647949,0.06857668608427048,-7.4470391273498535,60.143577575683594,-1874.552557525672,0.022223856990473388
s5_11.tif,Canon9000-2,150,1240,1754,0.7069555302166477,6374.0791015625,0.9765852093696594,0.10560450702905655,-5.125092029571533,26.659711837768555,-1787.5298098874334,0.04893101482326112
s5_12.tif,Canon9000-2,150,1240,1754,0.7069555302166477,6374.0791015625,0.9890515208244324,0.07136516273021698,-8.261308670043945,71.2988052368164,-1786.369461768351,0.016445819693235737
s5_13.tif,Canon9000-2,150,1240,1754,0.7069555302166477,6374.0791015625,0.9823445081710815,0.09270167350769043,-6.001981735229492,37.051727294921875,-1821.8944568036322,0.035237429653878695
s5_14.tif,Canon9000-2,150,1240,1754,0.7069555302166477,6374.0791015625,0.9809879064559937,0.09802337735891342,-5.792072296142578,33.919002532958984,-1818.467177038551,0.03299922757200133
s5_15.tif,Canon9000-2,150,1240,1754,0.7069555302166477,6374.0791015625,0.9802152514457703,0.1000620648264885,-5.784004211425781,33.86729049682617,-1812.6616525759507,0.035836061352852465
s5_16.tif,Canon9000-2,150,1240,1754,0.7069555302166477,6374.0791015625,0.9778891205787659,0.09714709967374802,-5.103389263153076,26.835752487182617,-1759.6933967475595,0.04422196270276235
s5_17.tif,Canon9000-2,150,1240,1754,0.7069555302166477,6374.0791015625,0.9846317768096924,0.08147034794092178,-6.263396739959717,41.45209884643555,-1823.042050951424,0.03552525103909957
s5_18.tif,Canon9000-2,150,1240,1754,0.7069555302166477,6374.0791015625,0.9935101270675659,0.05790693685412407,-10.278221130371094,110.29949188232422,-1941.8960771805737,0.01069628866737779
s5_19.tif,Canon9000-2,150,1240,1754,0.7069555302166477,6374.0791015625,0.9844642877578735,0.09060200303792953,-6.500730514526367,42.84245681762695,-1862.894024767335,0.024554474565049472
s5_2.tif,Canon9000-2,150,1240,1754,0.7069555302166477,6374.0791015625,0.9629462957382202,0.12325913459062576,-3.8749520778656006,14.929937362670898,-1585.8014833806421,0.07996193033435098
s5_20.tif,Canon9000-2,150,1240,1754,0.7069555302166477,6374.0791015625,0.9724780917167664,0.11528681218624115,-4.763956069946289,22.626300811767578,-1682.0405090954127,0.04419667488137713
s5_21.tif,Canon9000-2,150,1240,1754,0.7069555302166477,6374.0791015625,0.9927486181259155,0.05933382362127304,-9.617890357971191,97.82981872558594,-1926.6687797346062,0.013705999190789716
s5_22.tif,Canon9000-2,150,1240,1754,0.7069555302166477,6374.0791015625,0.9941890835762024,0.054167941212654114,-10.929450035095215,126.32972717285156,-1944.427912695841,0.010450307132085187
s5_23.tif,Canon9000-2,150,1240,1754,0.7069555302166477,6374.0791015625,0.9869928359985352,0.07477496564388275,-7.120980739593506,53.124244689941406,-1807.874145146724,0.022256961047559497
s5_24.tif,Canon9000-2,150,1240,1754,0.7069555302166477,6374.0791015625,0.9899222254753113,0.06658285111188889,-7.723580837249756,62.67289733886719,-1888.072344606234,0.023722735130761025
s5_25.tif,Canon9000-2,150,1240,1754,0.7069555302166477,6374.0791015625,0.9787058234214783,0.11008739471435547,-5.60635232925415,31.00506591796875,-1833.0499991511097,0.025251039099569647
s5_26.tif,Canon9000-2,150,1240,1754,0.7069555302166477,6374.0791015625,0.986002504825592,0.08613160997629166,-6.8700056076049805,48.05852127075195,-1875.2461088244165,0.021011880678265347
s5_27.tif,Canon9000-2,150,1240,1754,0.7069555302166477,6374.0791015625,0.9642823338508606,0.13648563623428345,-4.155439376831055,16.45037269592285,-1683.7505128795133,0.042398940670173246
s5_28.tif,Canon9000-2,150,1240,1754,0.7069555302166477,6374.0791015625,0.9901859164237976,0.07355745136737823,-8.453097343444824,73.35279846191406,-1911.8474582733916,0.013623698826645088
s5_29.tif,Canon9000-2,150,1240,1754,0.7069555302166477,6374.0791015625,0.9928288459777832,0.05376827344298363,-9.432494163513184,96.70120239257812,-1880.2560168935256,0.010790543274359068
s5_3.tif,Canon9000-2,150,1240,1754,0.7069555302166477,6374.0791015625,0.980742871761322,0.0979536846280098,-5.76242733001709,33.87867736816406,-1820.5966378776664,0.03425856107698532
s5_30.tif,Canon9000-2,150,1240,1754,0.7069555302166477,6374.0791015625,0.9794623851776123,0.0904465839266777,-4.614146709442139,20.313167572021484,-1793.1033666136007,0.021437175856107698
s5_31.tif,Canon9000-2,150,1240,1754,0.7069555302166477,6374.0791015625,0.9611510634422302,0.12959079444408417,-3.7374014854431152,13.466726303100586,-1589.7691660173923,0.06615799830801486
s5_32.tif,Canon9000-2,150,1240,1754,0.7069555302166477,6374.0791015625,0.9869912266731262,0.07452959567308426,-6.997060298919678,52.731136322021484,-1830.0075518967212,0.03671010041563983
s5_33.tif,Canon9000-2,150,1240,1754,0.7069555302166477,6374.0791015625,0.9627364277839661,0.1321900635957718,-3.968027114868164,15.183237075805664,-1615.5951317689523,0.05975374259756501
s5_34.tif,Canon9000-2,150,1240,1754,0.7069555302166477,6374.0791015625,0.9882538318634033,0.07303750514984131,-7.358108043670654,57.43682098388672,-1875.877186143673,0.027100728289255895
s5_35.tif,Canon9000-2,150,1240,1754,0.7069555302166477,6374.0791015625,0.9743732213973999,0.12154146283864975,-5.059258460998535,24.814788818359375,-1805.677196115182,0.028639147386618605
s5_36.tif,Canon9000-2,150,1240,1754,0.7069555302166477,6374.0791015625,0.9858429431915283,0.0880851000547409,-6.890739440917969,48.10712814331055,-1888.6622262685544,0.020474399529186744
s5_37.tif,Canon9000-2,150,1240,1754,0.7069555302166477,6374.0791015625,0.9836673140525818,0.09364219754934311,-6.371395587921143,41.00471115112305,-1865.1182071277476,0.02461010777209696
s5_38.tif,Canon9000-2,150,1240,1754,0.7069555302166477,6374.0791015625,0.987796425819397,0.07717794924974442,-7.195079803466797,53.39772033691406,-1867.7200276994301,0.02081969323573767
s5_39.tif,Canon9000-2,150,1240,1754,0.7069555302166477,6374.0791015625,0.9881710410118103,0.07240168005228043,-7.488096237182617,60.65143585205078,-1869.3264588615634,0.02975870820612793
s5_4.tif,Canon9000-2,150,1240,1754,0.7069555302166477,6374.0791015625,0.971629798412323,0.11570712924003601,-4.598547458648682,21.110122680664062,-1730.2162237878908,0.05463732666347887
s5_40.tif,Canon9000-2,150,1240,1754,0.7069555302166477,6374.0791015625,0.9853068590164185,0.07800337672233582,-7.225383758544922,57.249794006347656,-1758.9619484086927,0.0425134255342627
s5_41.tif,Canon9000-2,150,1240,1754,0.7069555302166477,6374.0791015625,0.9631444215774536,0.1440611332654953,-4.209707260131836,16.91629409790039,-1730.5942029218122,0.05021425681391842
s5_42.tif,Canon9000-2,150,1240,1754,0.7069555302166477,6374.0791015625,0.9713423252105713,0.12344253808259964,-4.46034574508667,18.829830169677734,-1774.010815108068,0.02315858682458528
s5_43.tif,Canon9000-2,150,1240,1754,0.7069555302166477,6374.0791015625,0.9874798655509949,0.07570761442184448,-7.066539764404297,52.343589782714844,-1861.8174949251047,0.025437249420679
s5_44.tif,Canon9000-2,150,1240,1754,0.7069555302166477,6374.0791015625,0.9782116413116455,0.10468538850545883,-5.36825704574585,28.930965423583984,-1799.4532954572892,0.038431051605546766
s5_45.tif,Canon9000-2,150,1240,1754,0.7069555302166477,6374.0791015625,0.9845162630081177,0.08525300770998001,-6.375010013580322,42.197265625,-1821.960020099632,0.030312281605178945
s5_46.tif,Canon9000-2,150,1240,1754,0.7069555302166477,6374.0791015625,0.9807090759277344,0.09647484123706818,-5.727319717407227,33.62163543701172,-1815.1606029891122,0.03571835803876853
s5_47.tif,Canon9000-2,150,1240,1754,0.7069555302166477,6374.0791015625,0.983479380607605,0.07316683232784271,-6.230901718139648,44.35319137573242,-1692.2942811553119,0.06018501489682569
s5_48.tif,Canon9000-2,150,1240,1754,0.7069555302166477,6374.0791015625,0.988228976726532,0.05892094597220421,-7.840266704559326,72.56180572509766,-1707.8370799028794,0.039113822782947734
s5_49.tif,Canon9000-2,150,1240,1754,0.7069555302166477,6374.0791015625,0.9898785352706909,0.0732911080121994,-8.367753028869629,72.6505355834961,-1899.810310930774,0.014780501710376284
s5_5.tif,Canon9000-2,150,1240,1754,0.7069555302166477,6374.0791015625,0.9897752404212952,0.0708497017621994,-8.059393882751465,67.9644775390625,-1889.7225067901322,0.01886195608195093
s5_50.tif,Canon9000-2,150,1240,1754,0.7069555302166477,6374.0791015625,0.983343243598938,0.09500227123498917,-6.410368919372559,41.89458465576172,-1855.5274340840053,0.01622880420789348
s5_51.tif,Canon9000-2,150,1240,1754,0.7069555302166477,6374.0791015625,0.9833350777626038,0.08611787855625153,-6.010474681854248,37.67253112792969,-1822.687820069378,0.03190633390958914
s5_52.tif,Canon9000-2,150,1240,1754,0.7069555302166477,6374.0791015625,0.9339558482170105,0.1393275409936905,-1.8109623193740845,1.9435782432556152,-1569.148681764519,0.011244804502151763
s5_53.tif,Canon9000-2,150,1240,1754,0.7069555302166477,6374.0791015625,0.9805355072021484,0.09741134941577911,-5.569088459014893,31.69945526123047,-1809.4040513347672,0.02224960459042925
s5_54.tif,Canon9000-2,150,1240,1754,0.7069555302166477,6374.0791015625,0.9883283972740173,0.07427118718624115,-7.559420585632324,59.97869873046875,-1872.6346964112945,0.012866903299371023
s5_55.tif,Canon9000-2,150,1240,1754,0.7069555302166477,6374.0791015625,0.9717652201652527,0.08944886177778244,-4.160610198974609,20.874666213989258,-1628.4254786929914,0.03170081288851289
s5_56.tif,Canon9000-2,150,1240,1754,0.7069555302166477,6374.0791015625,0.9629624485969543,0.11610254645347595,-4.289707660675049,19.773330688476562,-1559.9727238789797,0.04298929635487549
s5_57.tif,Canon9000-2,150,1240,1754,0.7069555302166477,6374.0791015625,0.9826871752738953,0.09222732484340668,-5.972900867462158,36.02397155761719,-1828.0217151542163,0.027572920881303566
s5_58.tif,Canon9000-2,150,1240,1754,0.7069555302166477,6374.0791015625,0.9882523417472839,0.07183853536844254,-7.139519691467285,53.49773406982422,-1873.4434159046925,0.024933791885827786
s5_59.tif,Canon9000-2,150,1240,1754,0.7069555302166477,6374.0791015625,0.9694406986236572,0.12277582287788391,-4.323482036590576,18.10205078125,-1737.7243643453814,0.03651285540883511
s5_6.tif,Canon9000-2,150,1240,1754,0.7069555302166477,6374.0791015625,0.9936056137084961,0.05554712563753128,-10.317706108093262,112.81302642822266,-1929.2742905810794,0.012035163865082577
s5_60.tif,Canon9000-2,150,1240,1754,0.7069555302166477,6374.0791015625,0.9870774745941162,0.08288902789354324,-7.134026527404785,51.74501419067383,-1896.0274699031338,0.019201272667083533
s5_61.tif,Canon9000-2,150,1240,1754,0.7069555302166477,6374.0791015625,0.9891716241836548,0.07043105363845825,-7.643675327301025,61.525787353515625,-1876.5210116547012,0.021962702762349653
s5_62.tif,Canon9000-2,150,1240,1754,0.7069555302166477,6374.0791015625,0.9790582060813904,0.1052725613117218,-5.448886871337891,29.443012237548828,-1834.5406666625715,0.02730303086033766
s5_63.tif,Canon9000-2,150,1240,1754,0.7069555302166477,6374.0791015625,0.9714627861976624,0.11250942945480347,-4.9312872886657715,23.974807739257812,-1431.8133024003382,0.031475981167469747
s5_64.tif,Canon9000-2,150,1240,1754,0.7069555302166477,6374.0791015625,0.9671866297721863,0.1330760419368744,-4.28358793258667,17.128780364990234,-1668.0853189380207,0.027720969581049765
s5_65.tif,Canon9000-2,150,1240,1754,0.7069555302166477,6374.0791015625,0.9683241248130798,0.1290086954832077,-4.270007133483887,17.10880470275879,-1750.7358759770152,0.03656205171589363
s5_66.tif,Canon9000-2,150,1240,1754,0.7069555302166477,6374.0791015625,0.9664267301559448,0.13568104803562164,-4.069334506988525,15.195621490478516,-1789.2068480473606,0.022204086511935853
s5_67.tif,Canon9000-2,150,1240,1754,0.7069555302166477,6374.0791015625,0.9029590487480164,0.1401074081659317,-1.467276930809021,2.551703453063965,-1139.6914438708902,0.015398903887887594
s5_68.tif,Canon9000-2,150,1240,1754,0.7069555302166477,6374.0791015625,0.9796242117881775,0.11124472320079803,-5.932790279388428,34.96013259887695,-1859.0594531035351,0.020222440872475815
s5_69.tif,Canon9000-2,150,1240,1754,0.7069555302166477,6374.0791015625,0.9874643683433533,0.07877308130264282,-7.322056293487549,55.86638641357422,-1855.6156179496063,0.02215167175488285
s5_7.tif,Canon9000-2,150,1240,1754,0.7069555302166477,6374.0791015625,0.988356351852417,0.07508528977632523,-7.42288064956665,57.012874603271484,-1866.2039564274946,0.021774193548387097
s5_70.tif,Canon9000-2,150,1240,1754,0.7069555302166477,6374.0791015625,0.957823634147644,0.1392539143562317,-3.6267707347869873,12.485101699829102,-1603.5902889193703,0.08065527641887667
s5_71.tif,Canon9000-2,150,1240,1754,0.7069555302166477,6374.0791015625,0.989801287651062,0.0656467154622078,-7.502939701080322,59.215267181396484,-1889.2101231441102,0.02324410563872439
s5_72.tif,Canon9000-2,150,1240,1754,0.7069555302166477,6374.0791015625,0.9778996109962463,0.10808897018432617,-5.409012794494629,29.212268829345703,-1820.9861808856942,0.03517352043255968
s5_73.tif,Canon9000-2,150,1240,1754,0.7069555302166477,6374.0791015625,0.970258891582489,0.12399426102638245,-4.635468482971191,20.996807098388672,-1710.8950123024451,0.03942831132526575
s5_74.tif,Canon9000-2,150,1240,1754,0.7069555302166477,6374.0791015625,0.9879387617111206,0.07517822086811066,-7.459742546081543,60.23501968383789,-1849.8612989611222,0.021331886563431053
s5_75.tif,Canon9000-2,150,1240,1754,0.7069555302166477,6374.0791015625,0.9887846112251282,0.07417111843824387,-8.324254035949707,72.86790466308594,-1842.7821874488538,0.011694467944238054
s5_76.tif,Canon9000-2,150,1240,1754,0.7069555302166477,6374.0791015625,0.9715530276298523,0.11091843992471695,-4.353689193725586,19.080551147460938,-1705.3872330297436,0.04778294773237209
s5_77.tif,Canon9000-2,150,1240,1754,0.7069555302166477,6374.0791015625,0.9752671122550964,0.09498580545186996,-5.324821949005127,30.391197204589844,-1640.2506693889854,0.032795545665207634
s5_78.tif,Canon9000-2,150,1240,1754,0.7069555302166477,6374.0791015625,0.9841268062591553,0.08506644517183304,-6.523959636688232,45.01084518432617,-1818.0909524117994,0.028022584323389856
s5_79.tif,Canon9000-2,150,1240,1754,0.7069555302166477,6374.0791015625,0.9839061498641968,0.08732166886329651,-6.394135475158691,42.47748947143555,-1797.7520851892223,0.03345532791407658
s5_8.tif,Canon9000-2,150,1240,1754,0.7069555302166477,6374.0791015625,0.9858783483505249,0.08490564674139023,-6.867087364196777,48.41078567504883,-1840.2631159511711,0.023640894545187037
s5_80.tif,Canon9000-2,150,1240,1754,0.7069555302166477,6374.0791015625,0.9770208597183228,0.1009221076965332,-4.950716972351074,25.065044403076172,-1778.7361333905392,0.037418159414426014
s5_81.tif,Canon9000-2,150,1240,1754,0.7069555302166477,6374.0791015625,0.9869799613952637,0.08756445348262787,-7.438375949859619,55.925201416015625,-1879.607495161789,0.014860962960238349
s5_82.tif,Canon9000-2,150,1240,1754,0.7069555302166477,6374.0791015625,0.979910671710968,0.1000172570347786,-5.600234508514404,31.70965576171875,-1809.0459654070967,0.03664113363004377
s5_83.tif,Canon9000-2,150,1240,1754,0.7069555302166477,6374.0791015625,0.9896512031555176,0.06524698436260223,-8.723657608032227,82.91504669189453,-1807.8990947240122,0.018017342847684557
s5_84.tif,Canon9000-2,150,1240,1754,0.7069555302166477,6374.0791015625,0.981149435043335,0.1021905392408371,-6.084994316101074,37.64636993408203,-1840.0005263584942,0.0194297826166918
s5_85.tif,Canon9000-2,150,1240,1754,0.7069555302166477,6374.0791015625,0.9814689755439758,0.09886877238750458,-5.732120037078857,32.40546417236328,-1855.2752248540387,0.022644554382609334
s5_86.tif,Canon9000-2,150,1240,1754,0.7069555302166477,6374.0791015625,0.9834001660346985,0.09239350259304047,-6.232112407684326,39.34952926635742,-1841.4577426460423,0.02719176444624269
s5_87.tif,Canon9000-2,150,1240,1754,0.7069555302166477,6374.0791015625,0.9814356565475464,0.09143726527690887,-5.575002670288086,32.368988037109375,-1801.0625382784008,0.02460321109353735
s5_88.tif,Canon9000-2,150,1240,1754,0.7069555302166477,6374.0791015625,0.9748104810714722,0.10739793628454208,-4.834048271179199,23.489849090576172,-1739.3920352726857,0.046380623091918934
s5_89.tif,Canon9000-2,150,1240,1754,0.7069555302166477,6374.0791015625,0.9826006889343262,0.08809772878885269,-6.120051383972168,39.59574508666992,-1800.268780661257,0.043587008496707984
s5_9.tif,Canon9000-2,150,1240,1754,0.7069555302166477,6374.0791015625,0.97678542137146,0.10801982879638672,-5.2164716720581055,27.340354919433594,-1782.5467121045965,0.03819978298451466
s5_90.tif,Canon9000-2,150,1240,1754,0.7069555302166477,6374.0791015625,0.9810253977775574,0.10316302627325058,-5.953888893127441,35.39754867553711,-1839.8926796145092,0.024485048000882775
s5_91.tif,Canon9000-2,150,1240,1754,0.7069555302166477,6374.0791015625,0.9846290349960327,0.09150703996419907,-6.617178916931152,44.37398910522461,-1872.8326780113862,0.022234891676168756
s5_92.tif,Canon9000-2,150,1240,1754,0.7069555302166477,6374.0791015625,0.9832929968833923,0.09392091631889343,-6.297944068908691,40.228240966796875,-1841.5518034713589,0.02631864494059661
s5_93.tif,Canon9000-2,150,1240,1754,0.7069555302166477,6374.0791015625,0.9847152233123779,0.09293641895055771,-6.752274990081787,46.03792953491211,-1853.777973742388,0.01960082024497002
s5_94.tif,Canon9000-2,150,1240,1754,0.7069555302166477,6374.0791015625,0.987914502620697,0.07867638021707535,-7.416973114013672,56.75849533081055,-1883.4834414171155,0.020907051164159342
s5_95.tif,Canon9000-2,150,1240,1754,0.7069555302166477,6374.0791015625,0.9820170402526855,0.10113855451345444,-6.143266677856445,37.94538879394531,-1870.6067866012656,0.015070162209879723
s5_96.tif,Canon9000-2,150,1240,1754,0.7069555302166477,6374.0791015625,0.9823894500732422,0.0919194445014,-6.157189846038818,39.43805694580078,-1823.3054428852877,0.024763214036120206
s5_97.tif,Canon9000-2,150,1240,1754,0.7069555302166477,6374.0791015625,0.965552031993866,0.12312912195920944,-4.035377502441406,16.058927536010742,-1665.7406321991614,0.072533747747085
s5_98.tif,Canon9000-2,150,1240,1754,0.7069555302166477,6374.0791015625,0.9835207462310791,0.09296507388353348,-6.754513740539551,47.037132263183594,-1789.0194190770858,0.02104176628535697
s5_99.tif,Canon9000-2,150,1240,1754,0.7069555302166477,6374.0791015625,0.985989511013031,0.08708272129297256,-6.950165271759033,49.44567108154297,-1882.6996318124577,0.018829311803435465
s5_1.tif,Canon9000-2,300,2480,3508,0.7069555302166477,25495.0712890625,0.9721792340278625,0.12646536529064178,-4.858984470367432,22.525529861450195,-1720.419189221971,0.015571550741163056
s5_10.tif,Canon9000-2,300,2480,3508,0.7069555302166477,25495.0712890625,0.9712257981300354,0.12078981101512909,-4.316496849060059,17.516239166259766,-1758.1568885941565,0.0151649915400743
s5_100.tif,Canon9000-2,300,2480,3508,0.7069555302166477,25495.0712890625,0.9877848625183105,0.07648853957653046,-7.477416038513184,58.60883331298828,-1854.7914115915364,0.013752321881781734
s5_11.tif,Canon9000-2,300,2480,3508,0.7069555302166477,25495.0712890625,0.97480309009552,0.11630118638277054,-5.037350177764893,24.84522819519043,-1776.258344825705,0.026819343804023982
s5_12.tif,Canon9000-2,300,2480,3508,0.7069555302166477,25495.0712890625,0.9881116151809692,0.07724842429161072,-8.086220741271973,66.8535385131836,-1768.8793035512656,0.00921764078419833
s5_13.tif,Canon9000-2,300,2480,3508,0.7069555302166477,25495.0712890625,0.9809872508049011,0.10159882158041,-5.907664775848389,34.768428802490234,-1794.8102817612053,0.01875011494464266
s5_14.tif,Canon9000-2,300,2480,3508,0.7069555302166477,25495.0712890625,0.9796198606491089,0.10669592022895813,-5.720577239990234,32.2694091796875,-1798.1807371873417,0.018796092801706698
s5_15.tif,Canon9000-2,300,2480,3508,0.7069555302166477,25495.0712890625,0.9789240956306458,0.10797741264104843,-5.688199043273926,32.015811920166016,-1797.481489997743,0.021920633023136057
s5_16.tif,Canon9000-2,300,2480,3508,0.7069555302166477,25495.0712890625,0.9766486287117004,0.10466121882200241,-5.09871244430542,26.238048553466797,-1745.7105573432457,0.02526563706918748
s5_17.tif,Canon9000-2,300,2480,3508,0.7069555302166477,25495.0712890625,0.9832981824874878,0.09089277684688568,-6.198082447052002,39.06148910522461,-1803.599038239343,0.021312001140250857
s5_18.tif,Canon9000-2,300,2480,3508,0.7069555302166477,25495.0712890625,0.9929843544960022,0.06256850063800812,-10.13756275177002,105.2769546508789,-1916.164153233832,0.006217815500055173
s5_19.tif,Canon9000-2,300,2480,3508,0.7069555302166477,25495.0712890625,0.9832088947296143,0.09785491973161697,-6.3924665451049805,40.57682418823242,-1818.158307290284,0.013875427594070696
s5_2.tif,Canon9000-2,300,2480,3508,0.7069555302166477,25495.0712890625,0.9595634341239929,0.13801825046539307,-3.8223657608032227,13.85722541809082,-1545.9944400499762,0.04967516643984257
s5_20.tif,Canon9000-2,300,2480,3508,0.7069555302166477,25495.0712890625,0.9707005023956299,0.12305622547864914,-4.70373010635376,21.505279541015625,-1632.8139586022155,0.02442998951704859
s5_21.tif,Canon9000-2,300,2480,3508,0.7069555302166477,25495.0712890625,0.9920853972434998,0.06511425971984863,-9.432282447814941,91.58903503417969,-1901.7346432403529,0.008362452642807224
s5_22.tif,Canon9000-2,300,2480,3508,0.7069555302166477,25495.0712890625,0.9936599731445312,0.058739468455314636,-10.719112396240234,118.63036346435547,-1911.851922168313,0.006328162357008864
s5_23.tif,Canon9000-2,300,2480,3508,0.7069555302166477,25495.0712890625,0.9860066175460815,0.08159865438938141,-7.079684734344482,51.45948791503906,-1775.7075082395215,0.012816902379813882
s5_24.tif,Canon9000-2,300,2480,3508,0.7069555302166477,25495.0712890625,0.9891631603240967,0.07427357137203217,-7.766571044921875,61.780181884765625,-1883.5202749424743,0.0134205916430647
s5_25.tif,Canon9000-2,300,2480,3508,0.7069555302166477,25495.0712890625,0.9776589274406433,0.11557690054178238,-5.494125843048096,29.246417999267578,-1801.2047525035382,0.014405437341376393
s5_26.tif,Canon9000-2,300,2480,3508,0.7069555302166477,25495.0712890625,0.9851245284080505,0.09186868369579315,-6.757500648498535,45.599491119384766,-1844.9230770477488,0.011656881046088204
s5_27.tif,Canon9000-2,300,2480,3508,0.7069555302166477,25495.0712890625,0.9626954197883606,0.14351461827754974,-4.107570648193359,15.734012603759766,-1654.1684372709494,0.024748041343289073
s5_28.tif,Canon9000-2,300,2480,3508,0.7069555302166477,25495.0712890625,0.9895206093788147,0.07817018777132034,-8.275611877441406,69.12696838378906,-1880.796675824465,0.007905547688233348
s5_29.tif,Canon9000-2,300,2480,3508,0.7069555302166477,25495.0712890625,0.9923061728477478,0.05717776343226433,-9.402362823486328,94.79104614257812,-1853.8267964333925,0.0063648296980174345
s5_3.tif,Canon9000-2,300,2480,3508,0.7069555302166477,25495.0712890625,0.9793853759765625,0.10603158175945282,-5.644875526428223,31.56909942626953,-1797.632817730576,0.018947704785375365
s5_30.tif,Canon9000-2,300,2480,3508,0.7069555302166477,25495.0712890625,0.9786989092826843,0.09391321241855621,-4.665780544281006,20.965829849243164,-1766.286341999896,0.013970256924265274
s5_31.tif,Canon9000-2,300,2480,3508,0.7069555302166477,25495.0712890625,0.9589124917984009,0.1406097114086151,-3.7448906898498535,13.079410552978516,-1567.5625402597473,0.040195566815021885
s5_32.tif,Canon9000-2,300,2480,3508,0.7069555302166477,25495.0712890625,0.9857989549636841,0.08300220221281052,-6.802305221557617,47.65058898925781,-1800.4038834040239,0.019025752197741566
s5_33.tif,Canon9000-2,300,2480,3508,0.7069555302166477,25495.0712890625,0.9605862498283386,0.14271165430545807,-3.961353063583374,14.727285385131836,-1595.9713106219147,0.035140531320116235
s5_34.tif,Canon9000-2,300,2480,3508,0.7069555302166477,25495.0712890625,0.9873610138893127,0.07993970811367035,-7.187371730804443,52.93427276611328,-1857.460174742911,0.015258786368484937
s5_35.tif,Canon9000-2,300,2480,3508,0.7069555302166477,25495.0712890625,0.9731842279434204,0.12753689289093018,-4.974099159240723,23.576271057128906,-1784.4882454846556,0.01575891050869901
s5_36.tif,Canon9000-2,300,2480,3508,0.7069555302166477,25495.0712890625,0.984959602355957,0.09429779648780823,-6.791714191436768,45.86832046508789,-1870.8409857386655,0.011533315555228602
s5_37.tif,Canon9000-2,300,2480,3508,0.7069555302166477,25495.0712890625,0.9823693037033081,0.10069714486598969,-6.240146160125732,38.55467224121094,-1815.7848030652933,0.014008073711700444
s5_38.tif,Canon9000-2,300,2480,3508,0.7069555302166477,25495.0712890625,0.9868618249893188,0.0840185359120369,-7.170493125915527,52.04423141479492,-1837.5967569883942,0.01194355298488248
s5_39.tif,Canon9000-2,300,2480,3508,0.7069555302166477,25495.0712890625,0.9872921705245972,0.07920075207948685,-7.306907653808594,55.87002182006836,-1853.0664488410182,0.01616949277228087
s5_4.tif,Canon9000-2,300,2480,3508,0.7069555302166477,25495.0712890625,0.969630241394043,0.12678223848342896,-4.524089336395264,19.707693099975586,-1722.6270280997146,0.032251397726854744
s5_40.tif,Canon9000-2,300,2480,3508,0.7069555302166477,25495.0712890625,0.9844048619270325,0.08370772004127502,-6.96250581741333,51.82827377319336,-1753.0574688935553,0.02407963824622062
s5_41.tif,Canon9000-2,300,2480,3508,0.7069555302166477,25495.0712890625,0.9613908529281616,0.15153270959854126,-4.086576461791992,15.490314483642578,-1713.122451957393,0.02713026906241954
s5_42.tif,Canon9000-2,300,2480,3508,0.7069555302166477,25495.0712890625,0.9701877236366272,0.12907268106937408,-4.460853576660156,18.699604034423828,-1742.0244460008332,0.013211967116636627
s5_43.tif,Canon9000-2,300,2480,3508,0.7069555302166477,25495.0712890625,0.9863938689231873,0.08415191620588303,-7.030965805053711,50.32326126098633,-1838.1184096454801,0.0157445424283665
s5_44.tif,Canon9000-2,300,2480,3508,0.7069555302166477,25495.0712890625,0.9767606258392334,0.11365394294261932,-5.299161434173584,27.45916175842285,-1786.4378648590612,0.021127400044138742
s5_45.tif,Canon9000-2,300,2480,3508,0.7069555302166477,25495.0712890625,0.9832448363304138,0.09410089999437332,-6.321177005767822,40.16379165649414,-1790.289244109471,0.017176752675911282
s5_46.tif,Canon9000-2,300,2480,3508,0.7069555302166477,25495.0712890625,0.9792859554290771,0.10568879544734955,-5.63351583480835,31.531349182128906,-1800.4870554186289,0.022184086144112995
s5_47.tif,Canon9000-2,300,2480,3508,0.7069555302166477,25495.0712890625,0.9820794463157654,0.08275773376226425,-6.149691581726074,41.35426712036133,-1685.724964770218,0.03305865395225659
s5_48.tif,Canon9000-2,300,2480,3508,0.7069555302166477,25495.0712890625,0.9872193932533264,0.06613890826702118,-7.694481372833252,67.0727767944336,-1692.1602037091684,0.021589017729061685
s5_49.tif,Canon9000-2,300,2480,3508,0.7069555302166477,25495.0712890625,0.9891756772994995,0.07846309244632721,-8.196532249450684,68.23446655273438,-1872.0011463407839,0.00899821146136021
s5_5.tif,Canon9000-2,300,2480,3508,0.7069555302166477,25495.0712890625,0.9887728691101074,0.0776393860578537,-7.8861517906188965,63.385223388671875,-1846.401591970746,0.011419405414352449
s5_50.tif,Canon9000-2,300,2480,3508,0.7069555302166477,25495.0712890625,0.982706606388092,0.09837723523378372,-6.329229831695557,40.431148529052734,-1834.890325096423,0.01119124029867216
s5_51.tif,Canon9000-2,300,2480,3508,0.7069555302166477,25495.0712890625,0.9821521043777466,0.09417429566383362,-5.983646392822266,36.28962326049805,-1798.338153697206,0.018523099275388973
s5_52.tif,Canon9000-2,300,2480,3508,0.7069555302166477,25495.0712890625,0.9333876967430115,0.14165765047073364,-1.8754963874816895,2.3024439811706543,-1522.767151091093,0.00684380402398205
s5_53.tif,Canon9000-2,300,2480,3508,0.7069555302166477,25495.0712890625,0.9796440005302429,0.10247845947742462,-5.555169105529785,31.054489135742188,-1779.627808085243,0.011994818295508882
s5_54.tif,Canon9000-2,300,2480,3508,0.7069555302166477,25495.0712890625,0.9877356290817261,0.07823330163955688,-7.5102739334106445,58.3378791809082,-1842.1442794282946,0.007991526280943097
s5_55.tif,Canon9000-2,300,2480,3508,0.7069555302166477,25495.0712890625,0.970610499382019,0.09647607803344727,-4.362993240356445,22.12582778930664,-1587.452165749591,0.017182040129473646
s5_56.tif,Canon9000-2,300,2480,3508,0.7069555302166477,25495.0712890625,0.9620075821876526,0.12390025705099106,-4.2910637855529785,18.99054527282715,-1544.8725038498462,0.02386089859123846
s5_57.tif,Canon9000-2,300,2480,3508,0.7069555302166477,25495.0712890625,0.9816567897796631,0.0988428071141243,-5.938781261444092,34.9618034362793,-1801.3241561879556,0.01521361312391952
s5_58.tif,Canon9000-2,300,2480,3508,0.7069555302166477,25495.0712890625,0.9873588681221008,0.07918655127286911,-7.0935750007629395,51.34197998046875,-1858.1612791679695,0.015390168095045426
s5_59.tif,Canon9000-2,300,2480,3508,0.7069555302166477,25495.0712890625,0.968026876449585,0.12992644309997559,-4.300699710845947,17.593666076660156,-1721.2157918481134,0.021041881229999632
s5_6.tif,Canon9000-2,300,2480,3508,0.7069555302166477,25495.0712890625,0.992998480796814,0.06084930896759033,-10.149918556213379,106.54975128173828,-1899.606355694212,0.007791637547357193
s5_60.tif,Canon9000-2,300,2480,3508,0.7069555302166477,25495.0712890625,0.9863107800483704,0.08843103051185608,-7.041236400604248,49.52824401855469,-1877.272008242813,0.01097296042226064
s5_61.tif,Canon9000-2,300,2480,3508,0.7069555302166477,25495.0712890625,0.988288402557373,0.07747913151979446,-7.5610127449035645,58.5048942565918,-1853.5733887675585,0.013254266745135542
s5_62.tif,Canon9000-2,300,2480,3508,0.7069555302166477,25495.0712890625,0.9779664874076843,0.11182364821434021,-5.40123176574707,28.451095581054688,-1818.7256116956723,0.015704196858792804
s5_63.tif,Canon9000-2,300,2480,3508,0.7069555302166477,25495.0712890625,0.9697681665420532,0.11809730529785156,-4.894924163818359,23.317041397094727,-1401.4281019281373,0.017098820208187735
s5_64.tif,Canon9000-2,300,2480,3508,0.7069555302166477,25495.0712890625,0.9661444425582886,0.1368705928325653,-4.251873970031738,16.727642059326172,-1653.6574010756894,0.014993838967153419
s5_65.tif,Canon9000-2,300,2480,3508,0.7069555302166477,25495.0712890625,0.9670488238334656,0.13575130701065063,-4.25595760345459,16.762428283691406,-1727.1809131040811,0.020694173685952846
s5_66.tif,Canon9000-2,300,2480,3508,0.7069555302166477,25495.0712890625,0.9653346538543701,0.14099209010601044,-4.080536365509033,15.231216430664062,-1768.8679947971973,0.012701268069297826
s5_67.tif,Canon9000-2,300,2480,3508,0.7069555302166477,25495.0712890625,0.9018707871437073,0.14394305646419525,-1.5341955423355103,2.703399658203125,-1101.5124723242652,0.010009379482841065
s5_68.tif,Canon9000-2,300,2480,3508,0.7069555302166477,25495.0712890625,0.9787232875823975,0.11633618921041489,-5.798934459686279,32.80955123901367,-1842.9116585104077,0.012655175267591127
s5_69.tif,Canon9000-2,300,2480,3508,0.7069555302166477,25495.0712890625,0.9864339828491211,0.08610884100198746,-7.2007951736450195,52.53293991088867,-1824.694279037769,0.01339564865560746
s5_7.tif,Canon9000-2,300,2480,3508,0.7069555302166477,25495.0712890625,0.9873092174530029,0.08271022886037827,-7.3941216468811035,55.338741302490234,-1828.9428818499307,0.012643335969397138
s5_70.tif,Canon9000-2,300,2480,3508,0.7069555302166477,25495.0712890625,0.9546151757240295,0.15432964265346527,-3.594264268875122,11.738408088684082,-1598.9612256002551,0.04665488100930592
s5_71.tif,Canon9000-2,300,2480,3508,0.7069555302166477,25495.0712890625,0.9888467788696289,0.07418353110551834,-7.600747585296631,59.27402114868164,-1867.8335713103734,0.014217847684555118
s5_72.tif,Canon9000-2,300,2480,3508,0.7069555302166477,25495.0712890625,0.9764600396156311,0.11692292988300323,-5.32542610168457,27.602697372436523,-1809.6280664844242,0.019770363592893664
s5_73.tif,Canon9000-2,300,2480,3508,0.7069555302166477,25495.0712890625,0.9688653945922852,0.13081522285938263,-4.585235595703125,20.139192581176758,-1686.8437291695122,0.023095022437194246
s5_74.tif,Canon9000-2,300,2480,3508,0.7069555302166477,25495.0712890625,0.9872272610664368,0.07994292676448822,-7.355609893798828,56.83824157714844,-1814.1072622037937,0.011400784382241512
s5_75.tif,Canon9000-2,300,2480,3508,0.7069555302166477,25495.0712890625,0.988086462020874,0.07826181501150131,-8.226920127868652,69.99758911132812,-1796.1168386859874,0.006599546658329349
s5_76.tif,Canon9000-2,300,2480,3508,0.7069555302166477,25495.0712890625,0.96971195936203,0.12089496850967407,-4.394282817840576,18.97325325012207,-1687.2521345556088,0.02614254974804134
s5_77.tif,Canon9000-2,300,2480,3508,0.7069555302166477,25495.0712890625,0.9740076661109924,0.10365382581949234,-5.36708927154541,29.928810119628906,-1619.3840595719064,0.017953548571008202
s5_78.tif,Canon9000-2,300,2480,3508,0.7069555302166477,25495.0712890625,0.9826520085334778,0.09376346319913864,-6.402969837188721,41.894134521484375,-1768.401224244336,0.016275471732813476
s5_79.tif,Canon9000-2,300,2480,3508,0.7069555302166477,25495.0712890625,0.9824914932250977,0.09605967998504639,-6.2828779220581055,39.74391555786133,-1781.9028897537767,0.017845155772979734
s5_8.tif,Canon9000-2,300,2480,3508,0.7069555302166477,25495.0712890625,0.9848058223724365,0.0919596403837204,-6.753511428833008,45.7020149230957,-1809.190513177462,0.013471052341192481
s5_80.tif,Canon9000-2,300,2480,3508,0.7069555302166477,25495.0712890625,0.9748743772506714,0.11309503018856049,-4.995336055755615,24.655569076538086,-1729.8112173287052,0.027633726597270755
s5_81.tif,Canon9000-2,300,2480,3508,0.7069555302166477,25495.0712890625,0.9862366318702698,0.09199757874011993,-7.3163580894470215,53.34342956542969,-1845.490322194078,0.008240036598374223
s5_82.tif,Canon9000-2,300,2480,3508,0.7069555302166477,25495.0712890625,0.9783992767333984,0.1097375676035881,-5.548250198364258,30.285720825195312,-1791.5652071231884,0.020683368889542798
s5_83.tif,Canon9000-2,300,2480,3508,0.7069555302166477,25495.0712890625,0.9889257550239563,0.07045184075832367,-8.527628898620605,77.41207885742188,-1793.953706032835,0.012111027329238239
s5_84.tif,Canon9000-2,300,2480,3508,0.7069555302166477,25495.0712890625,0.980330228805542,0.10682088881731033,-5.992867946624756,35.92117691040039,-1817.676328232798,0.01101020248648251
s5_85.tif,Canon9000-2,300,2480,3508,0.7069555302166477,25495.0712890625,0.9806937575340271,0.10333583503961563,-5.662018775939941,31.206356048583984,-1834.9701612893984,0.012578507190936845
s5_86.tif,Canon9000-2,300,2480,3508,0.7069555302166477,25495.0712890625,0.9822826385498047,0.09977875649929047,-6.158382892608643,37.580718994140625,-1819.3766147297695,0.01527418895060139
s5_87.tif,Canon9000-2,300,2480,3508,0.7069555302166477,25495.0712890625,0.9804088473320007,0.09779351204633713,-5.613020420074463,32.21053695678711,-1770.625343600728,0.014385896752124178
s5_88.tif,Canon9000-2,300,2480,3508,0.7069555302166477,25495.0712890625,0.972935140132904,0.11863746494054794,-4.853434085845947,23.065675735473633,-1721.537502829421,0.027382572553058447
s5_89.tif,Canon9000-2,300,2480,3508,0.7069555302166477,25495.0712890625,0.9812561869621277,0.09747340530157089,-5.958948612213135,36.03322219848633,-1789.352025870483,0.0238118172288226
s5_9.tif,Canon9000-2,300,2480,3508,0.7069555302166477,25495.0712890625,0.9752482771873474,0.11651577055454254,-5.119813442230225,25.59956169128418,-1757.957940075402,0.021975346673042264
s5_90.tif,Canon9000-2,300,2480,3508,0.7069555302166477,25495.0712890625,0.979967474937439,0.10946930199861526,-5.857721328735352,33.608909606933594,-1819.4827234432532,0.01344610935373524
s5_91.tif,Canon9000-2,300,2480,3508,0.7069555302166477,25495.0712890625,0.9837018847465515,0.09783751517534256,-6.527246952056885,42.37044906616211,-1855.8682907099126,0.012519425644609556
s5_92.tif,Canon9000-2,300,2480,3508,0.7069555302166477,25495.0712890625,0.9821274876594543,0.10158684104681015,-6.22164249420166,38.37770080566406,-1819.5108637296794,0.014963378636848493
s5_93.tif,Canon9000-2,300,2480,3508,0.7069555302166477,25495.0712890625,0.983751654624939,0.09868746995925903,-6.643128395080566,43.74285888671875,-1818.318074601247,0.011061467797108912
s5_94.tif,Canon9000-2,300,2480,3508,0.7069555302166477,25495.0712890625,0.9869597554206848,0.08581652492284775,-7.32710075378418,54.100730895996094,-1857.3928370457827,0.011947001324162283
s5_95.tif,Canon9000-2,300,2480,3508,0.7069555302166477,25495.0712890625,0.9813423156738281,0.10497072339057922,-6.087602615356445,36.8351936340332,-1844.8713680414949,0.00811532166108802
s5_96.tif,Canon9000-2,300,2480,3508,0.7069555302166477,25495.0712890625,0.9813321828842163,0.09885841608047485,-6.109428405761719,37.9019660949707,-1797.5264230604676,0.013717263765770406
s5_97.tif,Canon9000-2,300,2480,3508,0.7069555302166477,25495.0712890625,0.9628548622131348,0.1372690349817276,-3.998326301574707,15.109018325805664,-1666.6434214577027,0.04371701088755655
s5_98.tif,Canon9000-2,300,2480,3508,0.7069555302166477,25495.0712890625,0.9824673533439636,0.09859184920787811,-6.618546485900879,44.13139343261719,-1741.8813093192555,0.011789297274432634
s5_99.tif,Canon9000-2,300,2480,3508,0.7069555302166477,25495.0712890625,0.9851758480072021,0.09259951114654541,-6.832845687866211,46.8747444152832,-1861.8440057728321,0.010676288299554934
s6_1.tif,EpsonV370-1,150,1236,1754,0.7046750285062714,6353.5263671875,0.9669521450996399,0.12533684074878693,-4.607748985290527,20.58987808227539,-1386.9334336952456,0.032362920813452746
s6_10.tif,EpsonV370-1,150,1236,1754,0.7046750285062714,6353.5263671875,0.9653984308242798,0.12557202577590942,-4.039951324462891,15.120420455932617,-1442.4482706825056,0.029103611532401204
s6_100.tif,EpsonV370-1,150,1236,1754,0.7046750285062714,6353.5263671875,0.9804341197013855,0.09219399094581604,-6.2825798988342285,40.72272491455078,-1497.1773775340912,0.021322506485407372
s6_11.tif,EpsonV370-1,150,1236,1754,0.7046750285062714,6353.5263671875,0.9693415760993958,0.11165113747119904,-4.649824142456055,21.9449462890625,-1390.323950783035,0.0513421933407874
s6_12.tif,EpsonV370-1,150,1236,1754,0.7046750285062714,6353.5263671875,0.982259213924408,0.07657884806394577,-7.229682445526123,56.147377014160156,-1404.2057330618668,0.018375935909783647
s6_13.tif,EpsonV370-1,150,1236,1754,0.7046750285062714,6353.5263671875,0.9769545197486877,0.09583570808172226,-5.482144832611084,31.17086410522461,-1445.628862135145,0.037102895646751025
s6_14.tif,EpsonV370-1,150,1236,1754,0.7046750285062714,6353.5263671875,0.9758665561676025,0.10155581682920456,-5.23585319519043,27.734830856323242,-1506.2296435012724,0.03554381478488374
s6_15.tif,EpsonV370-1,150,1236,1754,0.7046750285062714,6353.5263671875,0.9720121026039124,0.1043362021446228,-5.172695636749268,27.339597702026367,-1310.419216658088,0.04078979899849812
s6_16.tif,EpsonV370-1,150,1236,1754,0.7046750285062714,6353.5263671875,0.9713695049285889,0.10255351662635803,-4.572716236114502,21.38866424560547,-1405.892675993234,0.04714420667692523
s6_17.tif,EpsonV370-1,150,1236,1754,0.7046750285062714,6353.5263671875,0.9773644804954529,0.08963906019926071,-5.538240432739258,32.41014099121094,-1406.9878634882127,0.039487182325742734
s6_18.tif,EpsonV370-1,150,1236,1754,0.7046750285062714,6353.5263671875,0.9877790808677673,0.06282945722341537,-8.765640258789062,81.96141815185547,-1483.4166104499493,0.012631322580288052
s6_19.tif,EpsonV370-1,150,1236,1754,0.7046750285062714,6353.5263671875,0.9790550470352173,0.09321823716163635,-5.997147083282471,36.871063232421875,-1444.949962388826,0.0262972659810401
s6_2.tif,EpsonV370-1,150,1236,1754,0.7046750285062714,6353.5263671875,0.9521132111549377,0.12911953032016754,-3.4138576984405518,11.42997932434082,-1163.435776396646,0.08239603975010425
s6_20.tif,EpsonV370-1,150,1236,1754,0.7046750285062714,6353.5263671875,0.9623785614967346,0.12030743062496185,-4.372443675994873,19.141529083251953,-1180.0853966005493,0.046853608764802046
s6_21.tif,EpsonV370-1,150,1236,1754,0.7046750285062714,6353.5263671875,0.9888895750045776,0.06324952840805054,-8.437739372253418,76.02922058105469,-1602.7787590279904,0.015692287254652333
s6_22.tif,EpsonV370-1,150,1236,1754,0.7046750285062714,6353.5263671875,0.9886826872825623,0.05866331234574318,-9.4432373046875,96.35574340820312,-1475.7484821869602,0.012050588022568849
s6_23.tif,EpsonV370-1,150,1236,1754,0.7046750285062714,6353.5263671875,0.9810689091682434,0.07914590835571289,-6.26869010925293,41.7507209777832,-1426.5131704273676,0.0248521179513862
s6_24.tif,EpsonV370-1,150,1236,1754,0.7046750285062714,6353.5263671875,0.9844012260437012,0.07239172607660294,-6.762979030609131,48.43425750732422,-1496.8220739719125,0.025940245689003036
s6_25.tif,EpsonV370-1,150,1236,1754,0.7046750285062714,6353.5263671875,0.97336345911026,0.1137058436870575,-5.337235927581787,28.39588737487793,-1442.9734743162055,0.027076345145446563
s6_26.tif,EpsonV370-1,150,1236,1754,0.7046750285062714,6353.5263671875,0.979999840259552,0.09113462269306183,-6.276846885681152,40.411041259765625,-1441.6841805804218,0.02265003155063046
s6_27.tif,EpsonV370-1,150,1236,1754,0.7046750285062714,6353.5263671875,0.9570302963256836,0.14129945635795593,-3.866875648498535,14.24673843383789,-1345.0156342836524,0.04458417745107807
s6_28.tif,EpsonV370-1,150,1236,1754,0.7046750285062714,6353.5263671875,0.9836445450782776,0.07748977094888687,-7.571069717407227,60.10699462890625,-1414.8006540459253,0.015454734993154804
s6_29.tif,EpsonV370-1,150,1236,1754,0.7046750285062714,6353.5263671875,0.9868887066841125,0.060232970863580704,-8.00546646118164,70.7353744506836,-1461.167498368065,0.012705125224636798
s6_3.tif,EpsonV370-1,150,1236,1754,0.7046750285062714,6353.5263671875,0.9752807021141052,0.10283960402011871,-5.295208930969238,28.713342666625977,-1486.2812910106554,0.03655444974593439
s6_30.tif,EpsonV370-1,150,1236,1754,0.7046750285062714,6353.5263671875,0.9702604413032532,0.10237973928451538,-4.306145668029785,17.63772964477539,-1341.3484177364796,0.024398231688641404
s6_31.tif,EpsonV370-1,150,1236,1754,0.7046750285062714,6353.5263671875,0.9522930979728699,0.13592937588691711,-3.4558913707733154,11.475020408630371,-1224.1742111242943,0.0681834955146443
s6_32.tif,EpsonV370-1,150,1236,1754,0.7046750285062714,6353.5263671875,0.9801425933837891,0.07993603497743607,-6.265378475189209,42.61882781982422,-1368.1317056372327,0.038621846320753675
s6_33.tif,EpsonV370-1,150,1236,1754,0.7046750285062714,6353.5263671875,0.955924391746521,0.13557440042495728,-3.645521640777588,12.689398765563965,-1317.9982535850706,0.06250207569937231
s6_34.tif,EpsonV370-1,150,1236,1754,0.7046750285062714,6353.5263671875,0.9799177050590515,0.08063722401857376,-6.323493003845215,42.882423400878906,-1353.612293862024,0.02940527984117671
s6_35.tif,EpsonV370-1,150,1236,1754,0.7046750285062714,6353.5263671875,0.9677257537841797,0.12594448029994965,-4.729648590087891,21.8214054107666,-1395.8732612145586,0.03093760724446757
s6_36.tif,EpsonV370-1,150,1236,1754,0.7046750285062714,6353.5263671875,0.9802897572517395,0.09187913686037064,-6.203866481781006,39.38165283203125,-1498.610451624085,0.022739978523430494
s6_37.tif,EpsonV370-1,150,1236,1754,0.7046750285062714,6353.5263671875,0.9780688285827637,0.09686274081468582,-5.860057353973389,35.00550842285156,-1449.2744825252062,0.02672578258479001
s6_38.tif,EpsonV370-1,150,1236,1754,0.7046750285062714,6353.5263671875,0.9825258255004883,0.08137702941894531,-6.439289569854736,42.803531646728516,-1475.3635170692082,0.02231607458495238
s6_39.tif,EpsonV370-1,150,1236,1754,0.7046750285062714,6353.5263671875,0.984062910079956,0.07775922864675522,-6.5986504554748535,46.99732971191406,-1593.2644792516971,0.031414095567044165
s6_4.tif,EpsonV370-1,150,1236,1754,0.7046750285062714,6353.5263671875,0.963047981262207,0.12033049762248993,-4.118942737579346,16.836963653564453,-1289.3281779662884,0.05801302985685977
s6_40.tif,EpsonV370-1,150,1236,1754,0.7046750285062714,6353.5263671875,0.9768866300582886,0.08183854818344116,-6.154407024383545,43.06991195678711,-1297.249662937467,0.044203632566154845
s6_41.tif,EpsonV370-1,150,1236,1754,0.7046750285062714,6353.5263671875,0.9555220007896423,0.15095563232898712,-4.004014492034912,15.431682586669922,-1344.0848374762934,0.05249997232400837
s6_42.tif,EpsonV370-1,150,1236,1754,0.7046750285062714,6353.5263671875,0.9627953767776489,0.13208362460136414,-4.182326793670654,16.380353927612305,-1321.9565147324422,0.0254374651743772
s6_43.tif,EpsonV370-1,150,1236,1754,0.7046750285062714,6353.5263671875,0.9825193881988525,0.08040659129619598,-6.20239782333374,40.28385925292969,-1536.7849999890989,0.02785634684290738
s6_44.tif,EpsonV370-1,150,1236,1754,0.7046750285062714,6353.5263671875,0.969377338886261,0.11066341400146484,-4.810503959655762,23.215789794921875,-1302.489416371874,0.041164808685095186
s6_45.tif,EpsonV370-1,150,1236,1754,0.7046750285062714,6353.5263671875,0.9787685871124268,0.09056403487920761,-5.721900463104248,33.90848159790039,-1451.0967491838785,0.03219870992977678
s6_46.tif,EpsonV370-1,150,1236,1754,0.7046750285062714,6353.5263671875,0.9737634062767029,0.10176067799329758,-5.077992916107178,26.368793487548828,-1413.1455138052054,0.0386642828412542
s6_47.tif,EpsonV370-1,150,1236,1754,0.7046750285062714,6353.5263671875,0.9744114875793457,0.08094438910484314,-5.092961311340332,29.750194549560547,-1279.4380938185277,0.062266368503983496
s6_48.tif,EpsonV370-1,150,1236,1754,0.7046750285062714,6353.5263671875,0.9797841906547546,0.06613098829984665,-6.180290699005127,45.99863052368164,-1296.4298398530054,0.04079118279807965
s6_49.tif,EpsonV370-1,150,1236,1754,0.7046750285062714,6353.5263671875,0.9854808449745178,0.07751006633043289,-7.460646152496338,58.495574951171875,-1575.763916727526,0.016865288033270233
s6_5.tif,EpsonV370-1,150,1236,1754,0.7046750285062714,6353.5263671875,0.984366774559021,0.07596813887357712,-6.997265338897705,51.60257339477539,-1501.4455580347394,0.021442435782474085
s6_50.tif,EpsonV370-1,150,1236,1754,0.7046750285062714,6353.5263671875,0.975540280342102,0.10120046883821487,-5.7978057861328125,34.57320022583008,-1366.4867342993687,0.021425368920968437
s6_51.tif,EpsonV370-1,150,1236,1754,0.7046750285062714,6353.5263671875,0.977767288684845,0.092206209897995,-5.4047956466674805,30.450302124023438,-1498.3242785258979,0.034260110039742726
s6_52.tif,EpsonV370-1,150,1236,1754,0.7046750285062714,6353.5263671875,0.9170029759407043,0.1629841923713684,-1.6651495695114136,1.0845422744750977,-1207.707715171078,0.012769241271914773
s6_53.tif,EpsonV370-1,150,1236,1754,0.7046750285062714,6353.5263671875,0.9741907715797424,0.10336558520793915,-5.062119960784912,26.000347137451172,-1426.903616801461,0.0244323654116527
s6_54.tif,EpsonV370-1,150,1236,1754,0.7046750285062714,6353.5263671875,0.981937050819397,0.08003879338502884,-6.695962429046631,47.463260650634766,-1432.7446337357828,0.01479281752665198
s6_55.tif,EpsonV370-1,150,1236,1754,0.7046750285062714,6353.5263671875,0.9617520570755005,0.10099644213914871,-3.426687240600586,13.174383163452148,-1265.143839049948,0.03419876159162783
s6_56.tif,EpsonV370-1,150,1236,1754,0.7046750285062714,6353.5263671875,0.9509764909744263,0.1252032220363617,-3.6838066577911377,14.778799057006836,-1142.8390274732872,0.045970283365252974
s6_57.tif,EpsonV370-1,150,1236,1754,0.7046750285062714,6353.5263671875,0.9777031540870667,0.09742098301649094,-5.48772668838501,30.43645477294922,-1520.7363884477375,0.029382216514817726
s6_58.tif,EpsonV370-1,150,1236,1754,0.7046750285062714,6353.5263671875,0.9814364314079285,0.07816970348358154,-6.197145938873291,40.64182662963867,-1421.1589192269864,0.027292679146693827
s6_59.tif,EpsonV370-1,150,1236,1754,0.7046750285062714,6353.5263671875,0.9614431858062744,0.1292828619480133,-3.9802372455596924,15.244775772094727,-1339.1211721799136,0.03900377500525844
s6_6.tif,EpsonV370-1,150,1236,1754,0.7046750285062714,6353.5263671875,0.9887598752975464,0.059642914682626724,-8.739849090576172,82.52886199951172,-1539.482941064753,0.014213005501987137
s6_60.tif,EpsonV370-1,150,1236,1754,0.7046750285062714,6353.5263671875,0.9804401993751526,0.0877704992890358,-6.381524085998535,41.8560676574707,-1431.8648434358586,0.021268077035200172
s6_61.tif,EpsonV370-1,150,1236,1754,0.7046750285062714,6353.5263671875,0.9834979772567749,0.07600143551826477,-6.698947906494141,47.59033966064453,-1473.4805221491251,0.023965563686146874
s6_62.tif,EpsonV370-1,150,1236,1754,0.7046750285062714,6353.5263671875,0.9717512130737305,0.11048168689012527,-4.986203193664551,24.58249855041504,-1374.6507450937904,0.0292216957633592
s6_63.tif,EpsonV370-1,150,1236,1754,0.7046750285062714,6353.5263671875,0.960211455821991,0.11615978181362152,-4.5085062980651855,20.253271102905273,-1066.80549614765,0.03322733428538745
s6_64.tif,EpsonV370-1,150,1236,1754,0.7046750285062714,6353.5263671875,0.9576388597488403,0.13718488812446594,-4.075416088104248,15.563539505004883,-1218.166456644404,0.02898368223533449
s6_65.tif,EpsonV370-1,150,1236,1754,0.7046750285062714,6353.5263671875,0.9627220034599304,0.13315826654434204,-4.047050476074219,15.32366943359375,-1435.691564487337,0.03806648142202935
s6_66.tif,EpsonV370-1,150,1236,1754,0.7046750285062714,6353.5263671875,0.9576154947280884,0.1452057957649231,-3.878937244415283,13.688806533813477,-1315.5037531582568,0.024105327443882316
s6_67.tif,EpsonV370-1,150,1236,1754,0.7046750285062714,6353.5263671875,0.8801445364952087,0.1610676348209381,-1.1256287097930908,0.6891255378723145,-899.286882664625,0.017953877037414252
s6_68.tif,EpsonV370-1,150,1236,1754,0.7046750285062714,6353.5263671875,0.9739552736282349,0.11530765146017075,-5.549464702606201,30.90964126586914,-1476.3963043266633,0.02239864129331754
s6_69.tif,EpsonV370-1,150,1236,1754,0.7046750285062714,6353.5263671875,0.9806956648826599,0.08325983583927155,-6.441694259643555,43.54436492919922,-1394.8456678854927,0.024441590742196293
s6_7.tif,EpsonV370-1,150,1236,1754,0.7046750285062714,6353.5263671875,0.981897234916687,0.08084230124950409,-6.434443473815918,43.0811767578125,-1440.4372800408967,0.024043978995767417
s6_70.tif,EpsonV370-1,150,1236,1754,0.7046750285062714,6353.5263671875,0.9482899308204651,0.14338913559913635,-3.2918248176574707,10.127114295959473,-1184.8170059637719,0.08378168439775197
s6_71.tif,EpsonV370-1,150,1236,1754,0.7046750285062714,6353.5263671875,0.9855373501777649,0.0712454542517662,-6.638588905334473,46.52317810058594,-1598.5981795530272,0.02543331377563258
s6_72.tif,EpsonV370-1,150,1236,1754,0.7046750285062714,6353.5263671875,0.9707945585250854,0.1120900958776474,-4.932502746582031,24.39341163635254,-1368.831725176378,0.03752956718439222
s6_73.tif,EpsonV370-1,150,1236,1754,0.7046750285062714,6353.5263671875,0.962848961353302,0.12758922576904297,-4.267536640167236,17.793180465698242,-1311.1573582981096,0.04166758919972103
s6_74.tif,EpsonV370-1,150,1236,1754,0.7046750285062714,6353.5263671875,0.9814451932907104,0.07525582611560822,-6.270581245422363,42.70818328857422,-1397.534487408042,0.024247397534253652
s6_75.tif,EpsonV370-1,150,1236,1754,0.7046750285062714,6353.5263671875,0.9833235740661621,0.0728268101811409,-6.666031360626221,47.505672454833984,-1426.0739744768548,0.022423549685785242
s6_76.tif,EpsonV370-1,150,1236,1754,0.7046750285062714,6353.5263671875,0.9816234707832336,0.07951470464468002,-7.33715295791626,57.702510833740234,-1364.1433619187194,0.01362258434719716
s6_77.tif,EpsonV370-1,150,1236,1754,0.7046750285062714,6353.5263671875,0.9646979570388794,0.11807166039943695,-3.962177276611328,15.361797332763672,-1391.765471861098,0.04984446092703502
s6_78.tif,EpsonV370-1,150,1236,1754,0.7046750285062714,6353.5263671875,0.9661701917648315,0.10238905996084213,-4.562177658081055,22.587736129760742,-1279.6071685194138,0.03495846756189274
s6_79.tif,EpsonV370-1,150,1236,1754,0.7046750285062714,6353.5263671875,0.9778982996940613,0.09212660044431686,-5.6796770095825195,33.86803436279297,-1453.527981240499,0.03046296398799969
s6_8.tif,EpsonV370-1,150,1236,1754,0.7046750285062714,6353.5263671875,0.9793173670768738,0.08846408873796463,-6.180275917053223,39.64768981933594,-1388.9990806155204,0.026387674220367315
s6_80.tif,EpsonV370-1,150,1236,1754,0.7046750285062714,6353.5263671875,0.9766082763671875,0.09044739603996277,-5.748971939086914,34.99722671508789,-1352.6869016712897,0.03571079326772278
s6_81.tif,EpsonV370-1,150,1236,1754,0.7046750285062714,6353.5263671875,0.9690680503845215,0.1089412197470665,-4.498900890350342,20.41024398803711,-1343.363312490379,0.040448000501857984
s6_82.tif,EpsonV370-1,150,1236,1754,0.7046750285062714,6353.5263671875,0.9801963567733765,0.09125752747058868,-6.839297771453857,48.107269287109375,-1383.7039831061304,0.016510112807341888
s6_83.tif,EpsonV370-1,150,1236,1754,0.7046750285062714,6353.5263671875,0.9743378758430481,0.10363321006298065,-5.03475284576416,25.594457626342773,-1487.0469409759337,0.039119091637053356
s6_84.tif,EpsonV370-1,150,1236,1754,0.7046750285062714,6353.5263671875,0.9823217391967773,0.07145500183105469,-7.235260486602783,59.05039978027344,-1381.3321003411372,0.021037443771610338
s6_85.tif,EpsonV370-1,150,1236,1754,0.7046750285062714,6353.5263671875,0.9756131768226624,0.10746083408594131,-5.628667831420898,32.42025375366211,-1467.556787591736,0.021318355086662754
s6_86.tif,EpsonV370-1,150,1236,1754,0.7046750285062714,6353.5263671875,0.9745474457740784,0.10505958646535873,-5.3425612449646,28.34358787536621,-1399.2719155192974,0.024387161291989094
s6_87.tif,EpsonV370-1,150,1236,1754,0.7046750285062714,6353.5263671875,0.9775216579437256,0.0964369922876358,-5.655916690826416,32.53678512573242,-1437.4004688210018,0.028933404183871907
s6_88.tif,EpsonV370-1,150,1236,1754,0.7046750285062714,6353.5263671875,0.9751706123352051,0.0962604358792305,-5.08413553237915,26.512630462646484,-1387.8899595755704,0.026163498688157996
s6_89.tif,EpsonV370-1,150,1236,1754,0.7046750285062714,6353.5263671875,0.9692662954330444,0.11130693554878235,-4.387298583984375,19.17940902709961,-1450.0055041399835,0.04870236500573816
s6_9.tif,EpsonV370-1,150,1236,1754,0.7046750285062714,6353.5263671875,0.9714680314064026,0.11213285475969315,-4.789580821990967,22.997297286987305,-1483.08667530144,0.041265364788020356
s6_90.tif,EpsonV370-1,150,1236,1754,0.7046750285062714,6353.5263671875,0.9765152931213379,0.09278830140829086,-5.473008632659912,31.755157470703125,-1416.144349401029,0.04546519651799124
s6_91.tif,EpsonV370-1,150,1236,1754,0.7046750285062714,6353.5263671875,0.9758543372154236,0.10666763782501221,-5.5185465812683105,30.547679901123047,-1476.4060119095445,0.026496533120781717
s6_92.tif,EpsonV370-1,150,1236,1754,0.7046750285062714,6353.5263671875,0.9788305163383484,0.09649345278739929,-6.0182905197143555,36.89901351928711,-1475.894566828865,0.024200348348481327
s6_93.tif,EpsonV370-1,150,1236,1754,0.7046750285062714,6353.5263671875,0.9767918586730957,0.09704925119876862,-5.749159336090088,33.897884368896484,-1388.509276522687,0.028113733565073636
s6_94.tif,EpsonV370-1,150,1236,1754,0.7046750285062714,6353.5263671875,0.9789853692054749,0.09573129564523697,-6.262996673583984,40.21379089355469,-1427.8099746881676,0.0212560841054935
s6_95.tif,EpsonV370-1,150,1236,1754,0.7046750285062714,6353.5263671875,0.9832795262336731,0.08267228305339813,-6.567474842071533,44.68715286254883,-1559.1617187115846,0.02309423121630448
s6_96.tif,EpsonV370-1,150,1236,1754,0.7046750285062714,6353.5263671875,0.9768973588943481,0.1055375412106514,-5.704204082489014,32.733421325683594,-1493.758987340333,0.016570999988929604
s6_97.tif,EpsonV370-1,150,1236,1754,0.7046750285062714,6353.5263671875,0.9767376184463501,0.09690101444721222,-5.5213093757629395,31.810958862304688,-1464.6262981673356,0.02652236404630378
s6_98.tif,EpsonV370-1,150,1236,1754,0.7046750285062714,6353.5263671875,0.9575771689414978,0.12833218276500702,-3.623582124710083,12.746013641357422,-1317.7927147531586,0.07599319908632327
s6_99.tif,EpsonV370-1,150,1236,1754,0.7046750285062714,6353.5263671875,0.9776558876037598,0.09720820933580399,-6.271104335784912,40.99176788330078,-1397.3349266569235,0.02264818648452174
s6_1.tif,EpsonV370-1,300,2480,3508,0.7069555302166477,25495.0732421875,0.9616270661354065,0.13085247576236725,-4.545324802398682,19.855491638183594,-1198.1384064132596,0.01650731507705889
s6_10.tif,EpsonV370-1,300,2480,3508,0.7069555302166477,25495.0732421875,0.961031973361969,0.1305842101573944,-4.033801555633545,15.041059494018555,-1262.0919275358315,0.015725691506970244
s6_100.tif,EpsonV370-1,300,2480,3508,0.7069555302166477,25495.0732421875,0.9774969220161438,0.09689802676439285,-6.200296878814697,39.15803146362305,-1374.1435908725111,0.01160412145510722
s6_11.tif,EpsonV370-1,300,2480,3508,0.7069555302166477,25495.0732421875,0.9659693837165833,0.11886467784643173,-4.639174461364746,21.269481658935547,-1268.4926442259757,0.027898559053959614
s6_12.tif,EpsonV370-1,300,2480,3508,0.7069555302166477,25495.0732421875,0.9777183532714844,0.08222292363643646,-7.024417877197266,52.39358901977539,-1240.1678094842835,0.01008915106484717
s6_13.tif,EpsonV370-1,300,2480,3508,0.7069555302166477,25495.0732421875,0.9719561338424683,0.10460765659809113,-5.408236026763916,29.54126739501953,-1262.2015101490874,0.019640016368117116
s6_14.tif,EpsonV370-1,300,2480,3508,0.7069555302166477,25495.0732421875,0.9718132615089417,0.10905693471431732,-5.226198196411133,27.22361183166504,-1337.6893126687999,0.01985473296060617
s6_15.tif,EpsonV370-1,300,2480,3508,0.7069555302166477,25495.0732421875,0.9700571298599243,0.1103934720158577,-5.207574367523193,27.256072998046875,-1272.6463678783905,0.022446734652591314
s6_16.tif,EpsonV370-1,300,2480,3508,0.7069555302166477,25495.0732421875,0.9666911363601685,0.10926765203475952,-4.579995155334473,21.207801818847656,-1223.0386893846842,0.026257149556773458
s6_17.tif,EpsonV370-1,300,2480,3508,0.7069555302166477,25495.0732421875,0.9744045734405518,0.09608197957277298,-5.537769317626953,31.601417541503906,-1308.13424575347,0.022765131312759774
s6_18.tif,EpsonV370-1,300,2480,3508,0.7069555302166477,25495.0732421875,0.9843129515647888,0.06682701408863068,-8.655817031860352,79.85157775878906,-1338.653206318111,0.00700127818442638
s6_19.tif,EpsonV370-1,300,2480,3508,0.7069555302166477,25495.0732421875,0.9740991592407227,0.09999890625476837,-5.889395236968994,35.10875701904297,-1259.948132668242,0.014621993048148011
s6_2.tif,EpsonV370-1,300,2480,3508,0.7069555302166477,25495.0732421875,0.9450967907905579,0.14151081442832947,-3.4273154735565186,11.129944801330566,-1006.8071375322729,0.0518935980431824
s6_20.tif,EpsonV370-1,300,2480,3508,0.7069555302166477,25495.0732421875,0.9577293395996094,0.12689435482025146,-4.333510875701904,18.446367263793945,-1075.6167773793554,0.02546161768492294
s6_21.tif,EpsonV370-1,300,2480,3508,0.7069555302166477,25495.0732421875,0.9850768446922302,0.06817544251680374,-8.282679557800293,72.90573120117188,-1406.9253739757728,0.009165570861073308
s6_22.tif,EpsonV370-1,300,2480,3508,0.7069555302166477,25495.0732421875,0.9858033061027527,0.06266791373491287,-9.189581871032715,90.85059356689453,-1369.6815943107333,0.006675410122485011
s6_23.tif,EpsonV370-1,300,2480,3508,0.7069555302166477,25495.0732421875,0.9764024615287781,0.08546137064695358,-6.203749179840088,40.504695892333984,-1247.3736643293266,0.013565536837459079
s6_24.tif,EpsonV370-1,300,2480,3508,0.7069555302166477,25495.0732421875,0.9794881343841553,0.07875458896160126,-6.744819164276123,47.73676300048828,-1284.3877934750228,0.014152789016809504
s6_25.tif,EpsonV370-1,300,2480,3508,0.7069555302166477,25495.0732421875,0.9686385989189148,0.1188754215836525,-5.200672626495361,26.586484909057617,-1259.523594349069,0.015101427152683268
s6_26.tif,EpsonV370-1,300,2480,3508,0.7069555302166477,25495.0732421875,0.9763456583023071,0.09554806351661682,-6.207767963409424,39.17681884765625,-1293.7808926541652,0.012349422518115275
s6_27.tif,EpsonV370-1,300,2480,3508,0.7069555302166477,25495.0732421875,0.9537747502326965,0.14633747935295105,-3.859437942504883,13.953317642211914,-1223.237597156549,0.02566874793099643
s6_28.tif,EpsonV370-1,300,2480,3508,0.7069555302166477,25495.0732421875,0.9801175594329834,0.08199026435613632,-7.39061975479126,56.87120819091797,-1297.5618956690034,0.008356015742818258
s6_29.tif,EpsonV370-1,300,2480,3508,0.7069555302166477,25495.0732421875,0.9839938282966614,0.06391585618257523,-7.818005084991455,67.37216186523438,-1353.6528854353605,0.007031048846875345
s6_3.tif,EpsonV370-1,300,2480,3508,0.7069555302166477,25495.0732421875,0.9718976616859436,0.10966344177722931,-5.2184038162231445,27.241792678833008,-1354.150206372698,0.019955884246147054
s6_30.tif,EpsonV370-1,300,2480,3508,0.7069555302166477,25495.0732421875,0.9676113724708557,0.10465727001428604,-4.281248092651367,17.486196517944336,-1243.0577784927516,0.014779122374664362
s6_31.tif,EpsonV370-1,300,2480,3508,0.7069555302166477,25495.0732421875,0.9481565952301025,0.1446671187877655,-3.4695262908935547,11.21558666229248,-1120.014796148247,0.04126868999889653
s6_32.tif,EpsonV370-1,300,2480,3508,0.7069555302166477,25495.0732421875,0.9763831496238708,0.08738291263580322,-6.075347900390625,38.827781677246094,-1256.1706750043684,0.020157152315444883
s6_33.tif,EpsonV370-1,300,2480,3508,0.7069555302166477,25495.0732421875,0.9505838751792908,0.144785076379776,-3.6516921520233154,12.486885070800781,-1158.5506855091262,0.03625468974142053
s6_34.tif,EpsonV370-1,300,2480,3508,0.7069555302166477,25495.0732421875,0.9765987396240234,0.0858081802725792,-6.222739219665527,40.7886848449707,-1257.3564342089383,0.016457429102144407
s6_35.tif,EpsonV370-1,300,2480,3508,0.7069555302166477,25495.0732421875,0.9646532535552979,0.13076363503932953,-4.6930251121521,21.190650939941406,-1290.4938750747356,0.016659846617868835
s6_36.tif,EpsonV370-1,300,2480,3508,0.7069555302166477,25495.0732421875,0.9753703474998474,0.09769748151302338,-6.137607574462891,38.28929901123047,-1289.4009485859588,0.012373331003788575
s6_37.tif,EpsonV370-1,300,2480,3508,0.7069555302166477,25495.0732421875,0.973861038684845,0.10309237986803055,-5.780843734741211,33.60459899902344,-1284.0416063107675,0.014770846360392834
s6_38.tif,EpsonV370-1,300,2480,3508,0.7069555302166477,25495.0732421875,0.977658212184906,0.08708983659744263,-6.420629501342773,42.4537353515625,-1269.1282329982123,0.012623105712288961
s6_39.tif,EpsonV370-1,300,2480,3508,0.7069555302166477,25495.0732421875,0.9802287220954895,0.08404533565044403,-6.446865558624268,43.96797561645508,-1408.101016243308,0.016754675948063413
s6_4.tif,EpsonV370-1,300,2480,3508,0.7069555302166477,25495.0732421875,0.9592970013618469,0.12893758714199066,-4.13685417175293,16.54494857788086,-1187.7256735969247,0.03365510170301982
s6_40.tif,EpsonV370-1,300,2480,3508,0.7069555302166477,25495.0732421875,0.9735814929008484,0.08800752460956573,-5.971280574798584,39.58399200439453,-1215.7839974408803,0.0239592912053555
s6_41.tif,EpsonV370-1,300,2480,3508,0.7069555302166477,25495.0732421875,0.9522581100463867,0.15733018517494202,-3.8971755504608154,14.200334548950195,-1258.3461631638525,0.028045228417993895
s6_42.tif,EpsonV370-1,300,2480,3508,0.7069555302166477,25495.0732421875,0.9593791365623474,0.13636523485183716,-4.1758246421813965,16.264909744262695,-1212.0065648569048,0.01389278423511237
s6_43.tif,EpsonV370-1,300,2480,3508,0.7069555302166477,25495.0732421875,0.9785103797912598,0.0871124416589737,-6.228542327880859,40.215145111083984,-1358.9624190667594,0.01693307003347188
s6_44.tif,EpsonV370-1,300,2480,3508,0.7069555302166477,25495.0732421875,0.9662505388259888,0.11714722961187363,-4.8357768058776855,23.11197280883789,-1223.500270466325,0.02216385588700482
s6_45.tif,EpsonV370-1,300,2480,3508,0.7069555302166477,25495.0732421875,0.9742035269737244,0.09771944582462311,-5.7023820877075195,33.15242004394531,-1274.6874456428714,0.018104470886820906
s6_46.tif,EpsonV370-1,300,2480,3508,0.7069555302166477,25495.0732421875,0.9686279296875,0.10895965993404388,-5.056764602661133,25.746685028076172,-1223.169280617783,0.023106057122889618
s6_47.tif,EpsonV370-1,300,2480,3508,0.7069555302166477,25495.0732421875,0.968988835811615,0.08920473605394363,-5.042157173156738,28.39267349243164,-1123.2537545359746,0.03357061739066466
s6_48.tif,EpsonV370-1,300,2480,3508,0.7069555302166477,25495.0732421875,0.9763991236686707,0.07205457240343094,-6.191296100616455,45.1524543762207,-1195.2768313148556,0.021955576194504726
s6_49.tif,EpsonV370-1,300,2480,3508,0.7069555302166477,25495.0732421875,0.9817070364952087,0.08202908933162689,-7.300314903259277,55.630313873291016,-1395.7209291103052,0.009960183175782544
s6_5.tif,EpsonV370-1,300,2480,3508,0.7069555302166477,25495.0732421875,0.9802975654602051,0.08165408670902252,-6.888893127441406,49.46714782714844,-1326.5297986004703,0.012535058116011329
s6_50.tif,EpsonV370-1,300,2480,3508,0.7069555302166477,25495.0732421875,0.9718132615089417,0.10395972430706024,-5.720044136047363,33.58220291137695,-1232.8791405050958,0.012037117924007797
s6_51.tif,EpsonV370-1,300,2480,3508,0.7069555302166477,25495.0732421875,0.9745742678642273,0.09878499805927277,-5.395397663116455,29.72283172607422,-1361.3375583699553,0.019398287784602935
s6_52.tif,EpsonV370-1,300,2480,3508,0.7069555302166477,25495.0732421875,0.9129335284233093,0.16485944390296936,-1.687854528427124,1.2259607315063477,-1042.8068522566202,0.007552437745981536
s6_53.tif,EpsonV370-1,300,2480,3508,0.7069555302166477,25495.0732421875,0.970015287399292,0.10753226280212402,-5.05987548828125,25.83413314819336,-1251.9744017183618,0.012930467686762056
s6_54.tif,EpsonV370-1,300,2480,3508,0.7069555302166477,25495.0732421875,0.9787386655807495,0.0835127905011177,-6.629480838775635,46.346168518066406,-1303.9534093391837,0.008456822194431161
s6_55.tif,EpsonV370-1,300,2480,3508,0.7069555302166477,25495.0732421875,0.9564447999000549,0.1077844426035881,-3.5617902278900146,14.231496810913086,-1089.2513869764955,0.01802446941552948
s6_56.tif,EpsonV370-1,300,2480,3508,0.7069555302166477,25495.0732421875,0.946281909942627,0.13231728971004486,-3.678567886352539,14.241388320922852,-1014.9591454205779,0.024894021039467393
s6_57.tif,EpsonV370-1,300,2480,3508,0.7069555302166477,25495.0732421875,0.973360538482666,0.10331109166145325,-5.453399658203125,29.82355499267578,-1329.0209479510506,0.016030984477875456
s6_58.tif,EpsonV370-1,300,2480,3508,0.7069555302166477,25495.0732421875,0.9783007502555847,0.08394205570220947,-6.229602813720703,40.492061614990234,-1312.4178244692478,0.016499958619928642
s6_59.tif,EpsonV370-1,300,2480,3508,0.7069555302166477,25495.0732421875,0.9567689299583435,0.13618913292884827,-3.969494581222534,14.928241729736328,-1187.2882613135812,0.02200764611762975
s6_6.tif,EpsonV370-1,300,2480,3508,0.7069555302166477,25495.0732421875,0.9839417934417725,0.06475657224655151,-8.533384323120117,78.71688079833984,-1317.7622264949348,0.008361303196380622
s6_60.tif,EpsonV370-1,300,2480,3508,0.7069555302166477,25495.0732421875,0.9768515229225159,0.09267860651016235,-6.334625244140625,40.94135284423828,-1297.610736015219,0.011588833817633428
s6_61.tif,EpsonV370-1,300,2480,3508,0.7069555302166477,25495.0732421875,0.9789561629295349,0.0822058767080307,-6.629237174987793,46.104576110839844,-1289.1560550850083,0.014347275352190386
s6_62.tif,EpsonV370-1,300,2480,3508,0.7069555302166477,25495.0732421875,0.9680982828140259,0.1161770299077034,-4.9756927490234375,24.28371238708496,-1257.7308393076667,0.01588983245668886
s6_63.tif,EpsonV370-1,300,2480,3508,0.7069555302166477,25495.0732421875,0.9560946226119995,0.12102313339710236,-4.490357398986816,19.947481155395508,-994.174637727101,0.01784182237834259
s6_64.tif,EpsonV370-1,300,2480,3508,0.7069555302166477,25495.0732421875,0.9541436433792114,0.14087416231632233,-4.029790878295898,15.123624801635742,-1124.887182866878,0.015425571044984735
s6_65.tif,EpsonV370-1,300,2480,3508,0.7069555302166477,25495.0732421875,0.9579143524169922,0.13916024565696716,-4.017791748046875,14.962936401367188,-1253.1573958943118,0.02124441369036672
s6_66.tif,EpsonV370-1,300,2480,3508,0.7069555302166477,25495.0732421875,0.9542112946510315,0.14940276741981506,-3.8629517555236816,13.518028259277344,-1216.4551886545646,0.013203116379151801
s6_67.tif,EpsonV370-1,300,2480,3508,0.7069555302166477,25495.0732421875,0.8754146099090576,0.16423624753952026,-1.1451573371887207,0.7419922351837158,-779.9098486915958,0.010800083679699857
s6_68.tif,EpsonV370-1,300,2480,3508,0.7069555302166477,25495.0732421875,0.9690243601799011,0.11972879618406296,-5.422884464263916,29.201641082763672,-1262.7293476056577,0.013333348659285689
s6_69.tif,EpsonV370-1,300,2480,3508,0.7069555302166477,25495.0732421875,0.9769785404205322,0.089358851313591,-6.417837619781494,42.67389678955078,-1268.760065268201,0.014370149336079744
s6_7.tif,EpsonV370-1,300,2480,3508,0.7069555302166477,25495.0732421875,0.9774079918861389,0.08699917048215866,-6.427277088165283,42.700931549072266,-1267.2387587826984,0.01365071081767021
s6_70.tif,EpsonV370-1,300,2480,3508,0.7069555302166477,25495.0732421875,0.9438199996948242,0.15518374741077423,-3.3242669105529785,10.00761604309082,-1107.45612807242,0.04806467705153198
s6_71.tif,EpsonV370-1,300,2480,3508,0.7069555302166477,25495.0732421875,0.9818388819694519,0.07795226573944092,-6.664487838745117,46.40213394165039,-1414.3725720394275,0.015303614779122374
s6_72.tif,EpsonV370-1,300,2480,3508,0.7069555302166477,25495.0732421875,0.9675754904747009,0.11916998773813248,-4.937737941741943,24.017379760742188,-1276.9808856472655,0.02062348273071689
s6_73.tif,EpsonV370-1,300,2480,3508,0.7069555302166477,25495.0732421875,0.957649827003479,0.13356350362300873,-4.234627723693848,17.31214714050293,-1146.9957005530323,0.02418791609960643
s6_74.tif,EpsonV370-1,300,2480,3508,0.7069555302166477,25495.0732421875,0.9781783223152161,0.08065854758024216,-6.339148044586182,43.13105010986328,-1284.1317013487185,0.014710040644425645
s6_75.tif,EpsonV370-1,300,2480,3508,0.7069555302166477,25495.0732421875,0.9797857403755188,0.07782931625843048,-6.609512805938721,46.355430603027344,-1294.342386177551,0.011893322176040019
s6_76.tif,EpsonV370-1,300,2480,3508,0.7069555302166477,25495.0732421875,0.9777926802635193,0.08304309844970703,-7.227667331695557,55.80455017089844,-1229.6729417906947,0.007406113215875234
s6_77.tif,EpsonV370-1,300,2480,3508,0.7069555302166477,25495.0732421875,0.9596216678619385,0.12727978825569153,-3.9942493438720703,15.416736602783203,-1230.975408220896,0.027042336410784566
s6_78.tif,EpsonV370-1,300,2480,3508,0.7069555302166477,25495.0732421875,0.9609683752059937,0.1099293902516365,-4.575247764587402,22.34513282775879,-1116.7564055011271,0.01873816070180601
s6_79.tif,EpsonV370-1,300,2480,3508,0.7069555302166477,25495.0732421875,0.9737308025360107,0.09710437059402466,-5.727484703063965,34.16286849975586,-1268.5533691631601,0.017318134586383198
s6_8.tif,EpsonV370-1,300,2480,3508,0.7069555302166477,25495.0732421875,0.9737870097160339,0.09514392167329788,-6.067720413208008,37.75928497314453,-1201.4327011117596,0.014478542134108213
s6_80.tif,EpsonV370-1,300,2480,3508,0.7069555302166477,25495.0732421875,0.9724312424659729,0.09958033263683319,-5.654860973358154,32.82978439331055,-1239.17356810578,0.018405051127377055
s6_81.tif,EpsonV370-1,300,2480,3508,0.7069555302166477,25495.0732421875,0.965158224105835,0.11747787147760391,-4.56184196472168,20.571788787841797,-1226.2197973049767,0.028240979144444036
s6_82.tif,EpsonV370-1,300,2480,3508,0.7069555302166477,25495.0732421875,0.9763113856315613,0.09534282237291336,-6.705127716064453,45.94446563720703,-1254.0191767417482,0.008919934159708685
s6_83.tif,EpsonV370-1,300,2480,3508,0.7069555302166477,25495.0732421875,0.9700554013252258,0.11193183809518814,-5.043431282043457,25.304279327392578,-1320.0523546106667,0.02178890646264759
s6_84.tif,EpsonV370-1,300,2480,3508,0.7069555302166477,25495.0732421875,0.9796087145805359,0.07538408786058426,-7.186070442199707,57.50067138671875,-1288.7481342496333,0.012809316033398315
s6_85.tif,EpsonV370-1,300,2480,3508,0.7069555302166477,25495.0732421875,0.9712374210357666,0.11174890398979187,-5.5242133140563965,30.941993713378906,-1281.655226820967,0.011732284731673226
s6_86.tif,EpsonV370-1,300,2480,3508,0.7069555302166477,25495.0732421875,0.9713045358657837,0.10916870832443237,-5.282222270965576,27.469532012939453,-1285.4839436260522,0.012940467870673484
s6_87.tif,EpsonV370-1,300,2480,3508,0.7069555302166477,25495.0732421875,0.973129391670227,0.10254466533660889,-5.645321846008301,32.08196258544922,-1267.1453619869583,0.01602121418324935
s6_88.tif,EpsonV370-1,300,2480,3508,0.7069555302166477,25495.0732421875,0.969617486000061,0.10334748774766922,-5.021705627441406,25.640798568725586,-1203.1480210359225,0.015171658329348586
s6_89.tif,EpsonV370-1,300,2480,3508,0.7069555302166477,25495.0732421875,0.9658135175704956,0.12048559635877609,-4.447575092315674,19.39557647705078,-1329.3590676129938,0.028313394269319895
s6_9.tif,EpsonV370-1,300,2480,3508,0.7069555302166477,25495.0732421875,0.966863751411438,0.11959630250930786,-4.7205023765563965,21.909442901611328,-1296.5246801356648,0.02309904549968735
s6_90.tif,EpsonV370-1,300,2480,3508,0.7069555302166477,25495.0732421875,0.9716874957084656,0.10069091618061066,-5.3529205322265625,29.65353775024414,-1253.5044724252307,0.025597597197189834
s6_91.tif,EpsonV370-1,300,2480,3508,0.7069555302166477,25495.0732421875,0.97126704454422,0.1121450737118721,-5.441822528839111,29.38336944580078,-1285.4342522099887,0.014352332916467429
s6_92.tif,EpsonV370-1,300,2480,3508,0.7069555302166477,25495.0732421875,0.9739506840705872,0.1018478199839592,-5.9582014083862305,35.935760498046875,-1271.249753541779,0.013167483539927171
s6_93.tif,EpsonV370-1,300,2480,3508,0.7069555302166477,25495.0732421875,0.9729798436164856,0.10376789420843124,-5.705760478973389,32.851402282714844,-1264.0186638117605,0.015674196307058522
s6_94.tif,EpsonV370-1,300,2480,3508,0.7069555302166477,25495.0732421875,0.9739741086959839,0.10107026994228363,-6.125870704650879,38.05015182495117,-1239.6025559471225,0.011790561665501895
s6_95.tif,EpsonV370-1,300,2480,3508,0.7069555302166477,25495.0732421875,0.9794448018074036,0.08875346928834915,-6.544764041900635,44.02676010131836,-1384.433283518227,0.012865638908301762
s6_96.tif,EpsonV370-1,300,2480,3508,0.7069555302166477,25495.0732421875,0.9730590581893921,0.10892903059720993,-5.635671615600586,31.825672149658203,-1322.458361505746,0.00868303325118623
s6_97.tif,EpsonV370-1,300,2480,3508,0.7069555302166477,25495.0732421875,0.9721099734306335,0.10282082110643387,-5.477020263671875,30.931785583496094,-1271.1722469622612,0.014427276823481812
s6_98.tif,EpsonV370-1,300,2480,3508,0.7069555302166477,25495.0732421875,0.9518274068832397,0.13959404826164246,-3.6413047313690186,12.510666847229004,-1147.9974233877383,0.04514151984404311
s6_99.tif,EpsonV370-1,300,2480,3508,0.7069555302166477,25495.0732421875,0.9723499417304993,0.10212409496307373,-6.088686466217041,38.18340301513672,-1204.622588830117,0.012106544488174496
s7_1.tif,EpsonV370-2,150,1236,1754,0.7046750285062714,6353.5263671875,0.9665012955665588,0.12472240626811981,-4.603332996368408,20.59765625,-1362.541061241276,0.03228496677035938
s7_10.tif,EpsonV370-2,150,1236,1754,0.7046750285062714,6353.5263671875,0.9660720229148865,0.12511864304542542,-4.065680027008057,15.315628051757812,-1470.1032841211866,0.02878072496337544
s7_100.tif,EpsonV370-2,150,1236,1754,0.7046750285062714,6353.5263671875,0.9800796508789062,0.09329744428396225,-6.230741024017334,39.99716567993164,-1498.7206029516458,0.021345108545239175
s7_11.tif,EpsonV370-2,150,1236,1754,0.7046750285062714,6353.5263671875,0.9689556956291199,0.11123012006282806,-4.616600513458252,21.720535278320312,-1385.9847444004808,0.05149487256128387
s7_12.tif,EpsonV370-2,150,1236,1754,0.7046750285062714,6353.5263671875,0.9829647541046143,0.07653015851974487,-7.27662992477417,56.80344009399414,-1458.9612619767763,0.018283221337820534
s7_13.tif,EpsonV370-2,150,1236,1754,0.7046750285062714,6353.5263671875,0.9771020412445068,0.09630357474088669,-5.517937183380127,31.47308349609375,-1460.578293543822,0.03684689272416631
s7_14.tif,EpsonV370-2,150,1236,1754,0.7046750285062714,6353.5263671875,0.9759922027587891,0.10150692611932755,-5.227382183074951,27.678936004638672,-1538.5448163382816,0.03561715616270531
s7_15.tif,EpsonV370-2,150,1236,1754,0.7046750285062714,6353.5263671875,0.9733805656433105,0.1041170060634613,-5.172482490539551,27.330392837524414,-1414.9364634727233,0.04091018956209201
s7_16.tif,EpsonV370-2,150,1236,1754,0.7046750285062714,6353.5263671875,0.9715480208396912,0.10211742669343948,-4.5792999267578125,21.517667770385742,-1428.1278969692298,0.047390061735911995
s7_17.tif,EpsonV370-2,150,1236,1754,0.7046750285062714,6353.5263671875,0.9776421785354614,0.08791348338127136,-5.655734539031982,34.02192687988281,-1382.9841584911194,0.0388367965224194
s7_18.tif,EpsonV370-2,150,1236,1754,0.7046750285062714,6353.5263671875,0.9883794188499451,0.06153864413499832,-8.988389015197754,86.61306762695312,-1504.898567282629,0.012387312587410007
s7_19.tif,EpsonV370-2,150,1236,1754,0.7046750285062714,6353.5263671875,0.9793059825897217,0.09419531375169754,-5.97178840637207,36.50655746459961,-1487.5905033264848,0.026266822390246244
s7_2.tif,EpsonV370-2,150,1236,1754,0.7046750285062714,6353.5263671875,0.9519942998886108,0.1292659044265747,-3.4030301570892334,11.370802879333496,-1183.468495459868,0.08227288158734727
s7_20.tif,EpsonV370-2,150,1236,1754,0.7046750285062714,6353.5263671875,0.9636357426643372,0.12062427401542664,-4.433826923370361,19.676042556762695,-1222.8359766703593,0.04694955220245541
s7_21.tif,EpsonV370-2,150,1236,1754,0.7046750285062714,6353.5263671875,0.9891875386238098,0.06317674368619919,-8.51442813873291,77.33686828613281,-1620.61649650762,0.015618023343776408
s7_22.tif,EpsonV370-2,150,1236,1754,0.7046750285062714,6353.5263671875,0.9902875423431396,0.057015981525182724,-9.737955093383789,102.56314849853516,-1573.0228862073777,0.0119223559280129
s7_23.tif,EpsonV370-2,150,1236,1754,0.7046750285062714,6353.5263671875,0.9809421896934509,0.07968804240226746,-6.2201337814331055,41.09699249267578,-1445.918181116688,0.024938836058495974
s7_24.tif,EpsonV370-2,150,1236,1754,0.7046750285062714,6353.5263671875,0.9850876927375793,0.07205627858638763,-6.812224864959717,48.940895080566406,-1540.6162569662774,0.025692084297380374
s7_25.tif,EpsonV370-2,150,1236,1754,0.7046750285062714,6353.5263671875,0.974425196647644,0.11365433782339096,-5.365816116333008,28.636140823364258,-1518.2898926670225,0.027013612897750127
s7_26.tif,EpsonV370-2,150,1236,1754,0.7046750285062714,6353.5263671875,0.9805296063423157,0.09120476245880127,-6.259720325469971,40.18538284301758,-1482.306907414534,0.02284237969246438
s7_27.tif,EpsonV370-2,150,1236,1754,0.7046750285062714,6353.5263671875,0.9583418965339661,0.14088685810565948,-3.8952808380126953,14.449369430541992,-1420.2701528757484,0.044730398940194024
s7_28.tif,EpsonV370-2,150,1236,1754,0.7046750285062714,6353.5263671875,0.984655499458313,0.07886432111263275,-7.488747596740723,58.47986602783203,-1508.2367783233142,0.015939064846693458
s7_29.tif,EpsonV370-2,150,1236,1754,0.7046750285062714,6353.5263671875,0.9866887927055359,0.06213618814945221,-7.769914150238037,66.3584213256836,-1493.4533880168638,0.012884096637182511
s7_3.tif,EpsonV370-2,150,1236,1754,0.7046750285062714,6353.5263671875,0.9758954644203186,0.1037948802113533,-5.288869857788086,28.538219451904297,-1566.5830468310705,0.03642667891790563
s7_30.tif,EpsonV370-2,150,1236,1754,0.7046750285062714,6353.5263671875,0.9719832539558411,0.10079026222229004,-4.338699817657471,17.870967864990234,-1408.5354310796504,0.024574896768551218
s7_31.tif,EpsonV370-2,150,1236,1754,0.7046750285062714,6353.5263671875,0.9526734352111816,0.135692298412323,-3.460329294204712,11.50103759765625,-1237.1411081382066,0.06850730461672441
s7_32.tif,EpsonV370-2,150,1236,1754,0.7046750285062714,6353.5263671875,0.9824226498603821,0.07931157946586609,-6.358909606933594,43.65507125854492,-1505.8526135319523,0.03872240242367884
s7_33.tif,EpsonV370-2,150,1236,1754,0.7046750285062714,6353.5263671875,0.9563002586364746,0.1360461562871933,-3.6599724292755127,12.779544830322266,-1350.379483061845,0.06201036558139878
s7_34.tif,EpsonV370-2,150,1236,1754,0.7046750285062714,6353.5263671875,0.9828439950942993,0.0786466971039772,-6.5950775146484375,46.53493118286133,-1489.357617057822,0.028866059270903677
s7_35.tif,EpsonV370-2,150,1236,1754,0.7046750285062714,6353.5263671875,0.9687361717224121,0.12624867260456085,-4.763201713562012,22.070316314697266,-1457.8197557358822,0.030433904196787372
s7_36.tif,EpsonV370-2,150,1236,1754,0.7046750285062714,6353.5263671875,0.9807975888252258,0.0917222648859024,-6.286375999450684,40.36967468261719,-1515.5357538949636,0.02234236677700162
s7_37.tif,EpsonV370-2,150,1236,1754,0.7046750285062714,6353.5263671875,0.9778410792350769,0.09791800379753113,-5.846067428588867,34.80881118774414,-1451.2700608263815,0.026916285660515217
s7_38.tif,EpsonV370-2,150,1236,1754,0.7046750285062714,6353.5263671875,0.9824190735816956,0.08166028559207916,-6.450948238372803,43.09471893310547,-1474.138702748083,0.022679091341842778
s7_39.tif,EpsonV370-2,150,1236,1754,0.7046750285062714,6353.5263671875,0.9842357635498047,0.07766787707805634,-6.671060562133789,48.07435989379883,-1600.699387421159,0.031456532087544696
s7_4.tif,EpsonV370-2,150,1236,1754,0.7046750285062714,6353.5263671875,0.9635799527168274,0.11970009654760361,-4.131113529205322,16.967557907104492,-1310.304133957962,0.057941533545146924
s7_40.tif,EpsonV370-2,150,1236,1754,0.7046750285062714,6353.5263671875,0.9782810211181641,0.0824277475476265,-6.218218803405762,43.67232894897461,-1385.4173700705128,0.04460308937869244
s7_41.tif,EpsonV370-2,150,1236,1754,0.7046750285062714,6353.5263671875,0.9576674699783325,0.14914189279079437,-4.093492031097412,16.21272087097168,-1422.6250996660006,0.052169705490547724
s7_42.tif,EpsonV370-2,150,1236,1754,0.7046750285062714,6353.5263671875,0.9639142155647278,0.13214080035686493,-4.2321014404296875,16.768457412719727,-1362.9543923446613,0.02490562486853904
s7_43.tif,EpsonV370-2,150,1236,1754,0.7046750285062714,6353.5263671875,0.9829860925674438,0.07975318282842636,-6.267531394958496,41.177101135253906,-1555.042196049148,0.027656618436638584
s7_44.tif,EpsonV370-2,150,1236,1754,0.7046750285062714,6353.5263671875,0.9715346693992615,0.10952107608318329,-4.915134429931641,24.228286743164062,-1391.280051035478,0.040555936869218025
s7_45.tif,EpsonV370-2,150,1236,1754,0.7046750285062714,6353.5263671875,0.9801519513130188,0.0888863056898117,-5.8505730628967285,35.58327865600586,-1515.182832668981,0.03210092142601469
s7_46.tif,EpsonV370-2,150,1236,1754,0.7046750285062714,6353.5263671875,0.9741905331611633,0.1005745381116867,-5.124797821044922,26.9658145904541,-1421.204597581513,0.03859278652954135
s7_47.tif,EpsonV370-2,150,1236,1754,0.7046750285062714,6353.5263671875,0.9749276041984558,0.08046675473451614,-5.117461204528809,30.098846435546875,-1305.3343450461823,0.06250622709811693
s7_48.tif,EpsonV370-2,150,1236,1754,0.7046750285062714,6353.5263671875,0.9800176024436951,0.06567013263702393,-6.245307922363281,47.38703155517578,-1303.361597401535,0.04066940843490422
s7_49.tif,EpsonV370-2,150,1236,1754,0.7046750285062714,6353.5263671875,0.9858386516571045,0.07693824917078018,-7.515462398529053,59.452789306640625,-1596.2016647041514,0.016961231470923602
s7_5.tif,EpsonV370-2,150,1236,1754,0.7046750285062714,6353.5263671875,0.984295129776001,0.07596839964389801,-7.0014495849609375,51.95903015136719,-1516.1916728591411,0.02132896421678789
s7_50.tif,EpsonV370-2,150,1236,1754,0.7046750285062714,6353.5263671875,0.9773154854774475,0.10047485679388046,-5.852205753326416,35.216270446777344,-1480.3056292081876,0.021554523548578744
s7_51.tif,EpsonV370-2,150,1236,1754,0.7046750285062714,6353.5263671875,0.977500319480896,0.09243876487016678,-5.3874592781066895,30.315032958984375,-1492.7623693479934,0.03429055363053658
s7_52.tif,EpsonV370-2,150,1236,1754,0.7046750285062714,6353.5263671875,0.9179455041885376,0.16252979636192322,-1.6701281070709229,1.102419376373291,-1246.2937720662528,0.0127867693999476
s7_53.tif,EpsonV370-2,150,1236,1754,0.7046750285062714,6353.5263671875,0.9745063781738281,0.10262543708086014,-5.094748497009277,26.376630783081055,-1439.6806325291225,0.024407918285712177
s7_54.tif,EpsonV370-2,150,1236,1754,0.7046750285062714,6353.5263671875,0.9817906022071838,0.08081043511629105,-6.620477676391602,46.31267547607422,-1438.0083538160602,0.015005461395681808
s7_55.tif,EpsonV370-2,150,1236,1754,0.7046750285062714,6353.5263671875,0.9618128538131714,0.10170337557792664,-3.4640438556671143,13.521688461303711,-1277.6632124045134,0.03404239223891392
s7_56.tif,EpsonV370-2,150,1236,1754,0.7046750285062714,6353.5263671875,0.9514294862747192,0.12657766044139862,-3.674180030822754,14.589290618896484,-1199.1715959352905,0.046414483030926997
s7_57.tif,EpsonV370-2,150,1236,1754,0.7046750285062714,6353.5263671875,0.9779759049415588,0.09668264538049698,-5.491816520690918,30.536853790283203,-1532.238102863273,0.02971063828216965
s7_58.tif,EpsonV370-2,150,1236,1754,0.7046750285062714,6353.5263671875,0.982030987739563,0.07854979485273361,-6.168630123138428,40.10877227783203,-1477.664115029661,0.027558368666349316
s7_59.tif,EpsonV370-2,150,1236,1754,0.7046750285062714,6353.5263671875,0.9621849060058594,0.12986323237419128,-4.010801315307617,15.464311599731445,-1386.2606856462473,0.038384755325783323
s7_6.tif,EpsonV370-2,150,1236,1754,0.7046750285062714,6353.5263671875,0.9891434907913208,0.059457749128341675,-8.799430847167969,83.84032440185547,-1574.0912084630756,0.013960692711619857
s7_60.tif,EpsonV370-2,150,1236,1754,0.7046750285062714,6353.5263671875,0.9824150204658508,0.08671317249536514,-6.490478515625,43.1920166015625,-1549.8492627669718,0.021232098246080158
s7_61.tif,EpsonV370-2,150,1236,1754,0.7046750285062714,6353.5263671875,0.9845241904258728,0.07590010017156601,-6.638467311859131,46.68474578857422,-1582.2953702831285,0.024274612259357252
s7_62.tif,EpsonV370-2,150,1236,1754,0.7046750285062714,6353.5263671875,0.9724503755569458,0.11060497909784317,-4.955361366271973,24.29707145690918,-1448.9318712414392,0.02989468362651434
s7_63.tif,EpsonV370-2,150,1236,1754,0.7046750285062714,6353.5263671875,0.9598467946052551,0.11669076234102249,-4.459111213684082,19.781049728393555,-1065.0049369075105,0.03380530124394357
s7_64.tif,EpsonV370-2,150,1236,1754,0.7046750285062714,6353.5263671875,0.9570949077606201,0.13771474361419678,-4.046272277832031,15.335830688476562,-1209.1736879445968,0.029481850084688534
s7_65.tif,EpsonV370-2,150,1236,1754,0.7046750285062714,6353.5263671875,0.9630821943283081,0.13296960294246674,-4.063889503479004,15.469720840454102,-1456.8526783336456,0.038224695840851974
s7_66.tif,EpsonV370-2,150,1236,1754,0.7046750285062714,6353.5263671875,0.9594309329986572,0.1453905701637268,-3.8963093757629395,13.790546417236328,-1425.3832101313808,0.024300443184879315
s7_67.tif,EpsonV370-2,150,1236,1754,0.7046750285062714,6353.5263671875,0.8789993524551392,0.16143599152565002,-1.118048071861267,0.6744606494903564,-884.9654670201595,0.01894052613905156
s7_68.tif,EpsonV370-2,150,1236,1754,0.7046750285062714,6353.5263671875,0.9738641977310181,0.11579698324203491,-5.5351362228393555,30.72894287109375,-1475.2641908700455,0.02261866542678224
s7_69.tif,EpsonV370-2,150,1236,1754,0.7046750285062714,6353.5263671875,0.9823483824729919,0.08194020390510559,-6.556166172027588,45.1317138671875,-1485.0134789716128,0.024551372175665054
s7_7.tif,EpsonV370-2,150,1236,1754,0.7046750285062714,6353.5263671875,0.9825106263160706,0.07980621606111526,-6.473753929138184,43.81007385253906,-1481.5111309503257,0.02398908827903304
s7_70.tif,EpsonV370-2,150,1236,1754,0.7046750285062714,6353.5263671875,0.94717937707901,0.14421041309833527,-3.2670586109161377,9.968563079833984,-1170.7353856468476,0.08438086961655836
s7_71.tif,EpsonV370-2,150,1236,1754,0.7046750285062714,6353.5263671875,0.9852713942527771,0.07187127321958542,-6.555541515350342,45.44647979736328,-1599.6845672948741,0.025514496684416202
s7_72.tif,EpsonV370-2,150,1236,1754,0.7046750285062714,6353.5263671875,0.9722656607627869,0.11177454143762589,-4.982141017913818,24.887527465820312,-1456.7260987745562,0.03751988058732145
s7_73.tif,EpsonV370-2,150,1236,1754,0.7046750285062714,6353.5263671875,0.9623691439628601,0.12804733216762543,-4.2271728515625,17.462406158447266,-1322.0780072996517,0.042083190340709904
s7_74.tif,EpsonV370-2,150,1236,1754,0.7046750285062714,6353.5263671875,0.9833021759986877,0.07431532442569733,-6.354608535766602,43.832515716552734,-1513.5547266312935,0.02458504463214917
s7_75.tif,EpsonV370-2,150,1236,1754,0.7046750285062714,6353.5263671875,0.984785795211792,0.07182399928569794,-6.712380409240723,48.19784927368164,-1526.495450924591,0.022783337576985384
s7_76.tif,EpsonV370-2,150,1236,1754,0.7046750285062714,6353.5263671875,0.9831960797309875,0.07801852375268936,-7.463535785675049,59.87856674194336,-1440.744459064123,0.013611513950544848
s7_77.tif,EpsonV370-2,150,1236,1754,0.7046750285062714,6353.5263671875,0.9648727774620056,0.11859910935163498,-3.963897466659546,15.395198822021484,-1432.8789275408885,0.05055342757931017
s7_78.tif,EpsonV370-2,150,1236,1754,0.7046750285062714,6353.5263671875,0.9649794101715088,0.10411365330219269,-4.457503318786621,21.514087677001953,-1271.7428550003267,0.03551244866103553
s7_79.tif,EpsonV370-2,150,1236,1754,0.7046750285062714,6353.5263671875,0.9782181978225708,0.09226579964160919,-5.682360649108887,33.98160934448242,-1497.915520175438,0.0309482163745927
s7_8.tif,EpsonV370-2,150,1236,1754,0.7046750285062714,6353.5263671875,0.9792883396148682,0.08937186747789383,-6.188196659088135,39.72502517700195,-1403.585321106863,0.026081854512847197
s7_80.tif,EpsonV370-2,150,1236,1754,0.7046750285062714,6353.5263671875,0.9763151407241821,0.09343114495277405,-5.60968017578125,32.99612808227539,-1402.3093627660858,0.03597971165306853
s7_81.tif,EpsonV370-2,150,1236,1754,0.7046750285062714,6353.5263671875,0.9693445563316345,0.10877291113138199,-4.452986240386963,20.03718376159668,-1383.8374336232234,0.04087790090518943
s7_82.tif,EpsonV370-2,150,1236,1754,0.7046750285062714,6353.5263671875,0.9800553917884827,0.09274700284004211,-6.664992809295654,45.62624740600586,-1415.009697601903,0.017154502145811885
s7_83.tif,EpsonV370-2,150,1236,1754,0.7046750285062714,6353.5263671875,0.9751557111740112,0.10379166901111603,-5.064792633056641,25.841562271118164,-1545.6608987263671,0.03912970076717849
s7_84.tif,EpsonV370-2,150,1236,1754,0.7046750285062714,6353.5263671875,0.9827277660369873,0.07191137224435806,-7.218651294708252,58.559356689453125,-1420.2351785338062,0.021583122073263884
s7_85.tif,EpsonV370-2,150,1236,1754,0.7046750285062714,6353.5263671875,0.9752403497695923,0.10819779336452484,-5.593470096588135,32.02837371826172,-1468.2725779772516,0.02154622075108951
s7_86.tif,EpsonV370-2,150,1236,1754,0.7046750285062714,6353.5263671875,0.9757345914840698,0.1056932657957077,-5.309954643249512,27.881608963012695,-1504.3128227892482,0.024869646079419026
s7_87.tif,EpsonV370-2,150,1236,1754,0.7046750285062714,6353.5263671875,0.9776630401611328,0.0964709222316742,-5.672850608825684,32.7927131652832,-1457.9201003487053,0.029577793522341904
s7_88.tif,EpsonV370-2,150,1236,1754,0.7046750285062714,6353.5263671875,0.9749826192855835,0.09825445711612701,-5.005613803863525,25.548669815063477,-1427.5846232266576,0.026927356057167527
s7_89.tif,EpsonV370-2,150,1236,1754,0.7046750285062714,6353.5263671875,0.9688144326210022,0.11255127936601639,-4.345292568206787,18.805797576904297,-1472.0153221050743,0.04939149719734458
s7_9.tif,EpsonV370-2,150,1236,1754,0.7046750285062714,6353.5263671875,0.9717339277267456,0.112176813185215,-4.804436683654785,23.140010833740234,-1515.8078164841675,0.04117034388342134
s7_90.tif,EpsonV370-2,150,1236,1754,0.7046750285062714,6353.5263671875,0.9759194850921631,0.09421707689762115,-5.402515888214111,30.935928344726562,-1415.2919431593518,0.046003955821737094
s7_91.tif,EpsonV370-2,150,1236,1754,0.7046750285062714,6353.5263671875,0.9748485088348389,0.10786937177181244,-5.435321807861328,29.61907196044922,-1452.0507383929203,0.02683925415047621
s7_92.tif,EpsonV370-2,150,1236,1754,0.7046750285062714,6353.5263671875,0.9778236746788025,0.0972275361418724,-5.865965843200684,35.10962677001953,-1451.6704653671288,0.024743720317498975
s7_93.tif,EpsonV370-2,150,1236,1754,0.7046750285062714,6353.5263671875,0.9767075181007385,0.09921518713235855,-5.623969078063965,32.26557159423828,-1441.922044515966,0.028846224810234952
s7_94.tif,EpsonV370-2,150,1236,1754,0.7046750285062714,6353.5263671875,0.9787660837173462,0.09783484786748886,-6.124649524688721,38.260528564453125,-1462.362187694054,0.021859881989571686
s7_95.tif,EpsonV370-2,150,1236,1754,0.7046750285062714,6353.5263671875,0.9828037619590759,0.08418618887662888,-6.476044178009033,43.35638427734375,-1562.8718285619354,0.023199399984501445
s7_96.tif,EpsonV370-2,150,1236,1754,0.7046750285062714,6353.5263671875,0.9766390323638916,0.10579647868871689,-5.696507930755615,32.65247344970703,-1476.0510199371201,0.01683899584122099
s7_97.tif,EpsonV370-2,150,1236,1754,0.7046750285062714,6353.5263671875,0.9759455323219299,0.09847468882799149,-5.439964294433594,30.774673461914062,-1445.6415737374355,0.026971637643776778
s7_98.tif,EpsonV370-2,150,1236,1754,0.7046750285062714,6353.5263671875,0.957615077495575,0.12826764583587646,-3.634471893310547,12.850835800170898,-1324.005296683856,0.07608452985870484
s7_99.tif,EpsonV370-2,150,1236,1754,0.7046750285062714,6353.5263671875,0.9779139757156372,0.09861396253108978,-6.184452533721924,39.77817916870117,-1454.092102260304,0.023172185259397845
s7_1.tif,EpsonV370-2,300,2480,3508,0.7069555302166477,25495.0732421875,0.9615588784217834,0.1304377168416977,-4.544182300567627,19.848670959472656,-1190.5877660738481,0.016456279655717807
s7_10.tif,EpsonV370-2,300,2480,3508,0.7069555302166477,25495.0732421875,0.961712658405304,0.13003548979759216,-4.059353828430176,15.25021743774414,-1274.0835194026981,0.01554178007871409
s7_100.tif,EpsonV370-2,300,2480,3508,0.7069555302166477,25495.0732421875,0.9761568903923035,0.09778327494859695,-6.1361589431762695,38.422889709472656,-1318.8720113190436,0.011684122926398647
s7_11.tif,EpsonV370-2,300,2480,3508,0.7069555302166477,25495.0732421875,0.9653825759887695,0.11954120546579361,-4.597860336303711,20.932279586791992,-1266.4492993334804,0.028035917901938427
s7_12.tif,EpsonV370-2,300,2480,3508,0.7069555302166477,25495.0732421875,0.9780293703079224,0.08227498829364777,-7.03344202041626,52.55387496948242,-1257.2514803210584,0.010082139441644903
s7_13.tif,EpsonV370-2,300,2480,3508,0.7069555302166477,25495.0732421875,0.9719535112380981,0.10494212806224823,-5.426738739013672,29.678211212158203,-1261.9154750678304,0.019482312318387464
s7_14.tif,EpsonV370-2,300,2480,3508,0.7069555302166477,25495.0732421875,0.9720517992973328,0.10932061076164246,-5.219184398651123,27.183015823364258,-1365.19847930184,0.01990151543016883
s7_15.tif,EpsonV370-2,300,2480,3508,0.7069555302166477,25495.0732421875,0.9702816605567932,0.11056876927614212,-5.175043106079102,26.953994750976562,-1308.6081992708844,0.02261535844337367
s7_16.tif,EpsonV370-2,300,2480,3508,0.7069555302166477,25495.0732421875,0.9672497510910034,0.10916411876678467,-4.58287239074707,21.27017593383789,-1258.5119274800848,0.02626082778533858
s7_17.tif,EpsonV370-2,300,2480,3508,0.7069555302166477,25495.0732421875,0.9733704328536987,0.09649920463562012,-5.59240198135376,32.31676483154297,-1250.146460717106,0.02239328539375437
s7_18.tif,EpsonV370-2,300,2480,3508,0.7069555302166477,25495.0732421875,0.9856513738632202,0.06585641205310822,-8.891790390014648,84.1408920288086,-1400.0938132195358,0.006835987788281163
s7_19.tif,EpsonV370-2,300,2480,3508,0.7069555302166477,25495.0732421875,0.9743961691856384,0.10064037144184113,-5.895336627960205,35.11429977416992,-1277.1309514911993,0.014628200058851657
s7_2.tif,EpsonV370-2,300,2480,3508,0.7069555302166477,25495.0732421875,0.9457715153694153,0.1413678526878357,-3.4267711639404297,11.126790046691895,-1031.5336070399499,0.05184129823077206
s7_20.tif,EpsonV370-2,300,2480,3508,0.7069555302166477,25495.0732421875,0.9572582244873047,0.1279684454202652,-4.3696088790893555,18.762935638427734,-1062.7452657908952,0.025576562327583038
s7_21.tif,EpsonV370-2,300,2480,3508,0.7069555302166477,25495.0732421875,0.9853059649467468,0.06858281046152115,-8.346467971801758,73.8199234008789,-1409.5551116153877,0.009191088571743848
s7_22.tif,EpsonV370-2,300,2480,3508,0.7069555302166477,25495.0732421875,0.9860110282897949,0.062286749482154846,-9.33548355102539,93.61956024169922,-1368.6481985790997,0.006676329679626292
s7_23.tif,EpsonV370-2,300,2480,3508,0.7069555302166477,25495.0732421875,0.9763030409812927,0.08605268597602844,-6.168610095977783,40.0483512878418,-1254.1693458048157,0.013682320594401736
s7_24.tif,EpsonV370-2,300,2480,3508,0.7069555302166477,25495.0732421875,0.9806663393974304,0.07885072380304337,-6.827373027801514,48.75700378417969,-1341.4242952696668,0.01403876393129069
s7_25.tif,EpsonV370-2,300,2480,3508,0.7069555302166477,25495.0732421875,0.9695594310760498,0.11858164519071579,-5.235988140106201,26.896503448486328,-1288.9496675941082,0.015116944679442381
s7_26.tif,EpsonV370-2,300,2480,3508,0.7069555302166477,25495.0732421875,0.9757816195487976,0.09621810913085938,-6.163371562957764,38.608394622802734,-1280.3684035845395,0.01248758597859271
s7_27.tif,EpsonV370-2,300,2480,3508,0.7069555302166477,25495.0732421875,0.9541823267936707,0.14682669937610626,-3.8605754375457764,13.944013595581055,-1253.6063312173542,0.025783002905800566
s7_28.tif,EpsonV370-2,300,2480,3508,0.7069555302166477,25495.0732421875,0.9804366230964661,0.08300754427909851,-7.312024116516113,55.52070617675781,-1318.3501017183592,0.008548777908559239
s7_29.tif,EpsonV370-2,300,2480,3508,0.7069555302166477,25495.0732421875,0.983738899230957,0.06511985510587692,-7.684379577636719,65.02775573730469,-1350.5067633841686,0.0071434647073969175
s7_3.tif,EpsonV370-2,300,2480,3508,0.7069555302166477,25495.0732421875,0.9721914529800415,0.1099814847111702,-5.231442928314209,27.391944885253906,-1383.6498018122747,0.019886227792695037
s7_30.tif,EpsonV370-2,300,2480,3508,0.7069555302166477,25495.0732421875,0.9688159823417664,0.10348669439554214,-4.319169521331787,17.793869018554688,-1273.3863041600478,0.01470452330157796
s7_31.tif,EpsonV370-2,300,2480,3508,0.7069555302166477,25495.0732421875,0.9489989876747131,0.14495150744915009,-3.483944892883301,11.29175853729248,-1156.3129047439638,0.0413577720969581
s7_32.tif,EpsonV370-2,300,2480,3508,0.7069555302166477,25495.0732421875,0.9778310656547546,0.08707525581121445,-6.1460795402526855,39.511497497558594,-1309.1789209148237,0.02005669069775996
s7_33.tif,EpsonV370-2,300,2480,3508,0.7069555302166477,25495.0732421875,0.9511581659317017,0.14534015953540802,-3.670797348022461,12.61270523071289,-1185.525882371571,0.03611468716666054
s7_34.tif,EpsonV370-2,300,2480,3508,0.7069555302166477,25495.0732421875,0.9784488081932068,0.0844552218914032,-6.419947147369385,43.238895416259766,-1301.0027076691977,0.016264666936403428
s7_35.tif,EpsonV370-2,300,2480,3508,0.7069555302166477,25495.0732421875,0.9636387228965759,0.1318669319152832,-4.691508769989014,21.159767150878906,-1245.3379492199401,0.016465820061058595
s7_36.tif,EpsonV370-2,300,2480,3508,0.7069555302166477,25495.0732421875,0.976483941078186,0.09744331240653992,-6.224254608154297,39.26728057861328,-1332.2308923639569,0.01218436201125538
s7_37.tif,EpsonV370-2,300,2480,3508,0.7069555302166477,25495.0732421875,0.9745417237281799,0.10378991812467575,-5.790998458862305,33.66303634643555,-1324.257933261638,0.014833031412071946
s7_38.tif,EpsonV370-2,300,2480,3508,0.7069555302166477,25495.0732421875,0.9778716564178467,0.08756575733423233,-6.443434715270996,42.77458572387695,-1284.4834416658434,0.012748625262073786
s7_39.tif,EpsonV370-2,300,2480,3508,0.7069555302166477,25495.0732421875,0.980186402797699,0.08428238332271576,-6.465658664703369,44.19227981567383,-1395.3978744604053,0.01677260731231839
s7_4.tif,EpsonV370-2,300,2480,3508,0.7069555302166477,25495.0732421875,0.9598114490509033,0.12906678020954132,-4.150010585784912,16.673974990844727,-1215.652291010321,0.033618089528083275
s7_40.tif,EpsonV370-2,300,2480,3508,0.7069555302166477,25495.0732421875,0.9735550284385681,0.08812106400728226,-5.983994483947754,39.72135925292969,-1209.7989535643908,0.02399618843564939
s7_41.tif,EpsonV370-2,300,2480,3508,0.7069555302166477,25495.0732421875,0.9522746205329895,0.15730798244476318,-3.9207088947296143,14.383508682250977,-1242.363805297738,0.027838557950491043
s7_42.tif,EpsonV370-2,300,2480,3508,0.7069555302166477,25495.0732421875,0.9605833292007446,0.13646720349788666,-4.218498706817627,16.57568359375,-1245.645395759346,0.013617836649869423
s7_43.tif,EpsonV370-2,300,2480,3508,0.7069555302166477,25495.0732421875,0.9790454506874084,0.08677647262811661,-6.288336753845215,40.920997619628906,-1365.5124654519764,0.016771917644462425
s7_44.tif,EpsonV370-2,300,2480,3508,0.7069555302166477,25495.0732421875,0.9667755961418152,0.11671649664640427,-4.906681537628174,23.796117782592773,-1219.4236418942912,0.02193281715525803
s7_45.tif,EpsonV370-2,300,2480,3508,0.7069555302166477,25495.0732421875,0.9753738045692444,0.09707513451576233,-5.79689359664917,34.200836181640625,-1307.3332494653423,0.017954812962077463
s7_46.tif,EpsonV370-2,300,2480,3508,0.7069555302166477,25495.0732421875,0.969514012336731,0.10816069692373276,-5.111546993255615,26.350482940673828,-1251.4341760963414,0.023053412476551294
s7_47.tif,EpsonV370-2,300,2480,3508,0.7069555302166477,25495.0732421875,0.9698129892349243,0.0887506753206253,-5.091872692108154,28.906217575073242,-1142.0064486016788,0.03342716647662486
s7_48.tif,EpsonV370-2,300,2480,3508,0.7069555302166477,25495.0732421875,0.9763097763061523,0.07227995991706848,-6.190603256225586,45.080047607421875,-1189.5064177917457,0.021965231544488175
s7_49.tif,EpsonV370-2,300,2480,3508,0.7069555302166477,25495.0732421875,0.9823395609855652,0.08143889158964157,-7.392423152923584,56.90976333618164,-1403.14065417106,0.009949148490087174
s7_5.tif,EpsonV370-2,300,2480,3508,0.7069555302166477,25495.0732421875,0.9803177714347839,0.08078818768262863,-6.945127487182617,50.6270751953125,-1324.3518499702536,0.01243976900724611
s7_50.tif,EpsonV370-2,300,2480,3508,0.7069555302166477,25495.0732421875,0.9736838936805725,0.1033087745308876,-5.774417877197266,34.19375228881836,-1305.6343261383681,0.012033209806157354
s7_51.tif,EpsonV370-2,300,2480,3508,0.7069555302166477,25495.0732421875,0.9747375845909119,0.09873016923666,-5.394700050354004,29.780109405517578,-1382.5821599527155,0.01942529977562806
s7_52.tif,EpsonV370-2,300,2480,3508,0.7069555302166477,25495.0732421875,0.9135721921920776,0.1647321730852127,-1.6916229724884033,1.2357988357543945,-1058.5734587270529,0.007562552874535624
s7_53.tif,EpsonV370-2,300,2480,3508,0.7069555302166477,25495.0732421875,0.9710721373558044,0.10727334767580032,-5.068085193634033,25.871002197265625,-1296.3735327751172,0.012918743333210726
s7_54.tif,EpsonV370-2,300,2480,3508,0.7069555302166477,25495.0732421875,0.9791365265846252,0.08401673287153244,-6.565877437591553,45.365516662597656,-1340.0146502060416,0.00856406554603303
s7_55.tif,EpsonV370-2,300,2480,3508,0.7069555302166477,25495.0732421875,0.9565736055374146,0.10774149000644684,-3.576874017715454,14.37285041809082,-1087.4967952473494,0.01798676757273697
s7_56.tif,EpsonV370-2,300,2480,3508,0.7069555302166477,25495.0732421875,0.9464789032936096,0.1325875222682953,-3.680405616760254,14.243070602416992,-1024.2474078261139,0.024945401294736456
s7_57.tif,EpsonV370-2,300,2480,3508,0.7069555302166477,25495.0732421875,0.9732983708381653,0.10333116352558136,-5.449769973754883,29.768096923828125,-1318.4619589974022,0.016175240004413876
s7_58.tif,EpsonV370-2,300,2480,3508,0.7069555302166477,25495.0732421875,0.9779099225997925,0.08433827757835388,-6.1889872550964355,39.953163146972656,-1297.1337849408671,0.016672145694633465
s7_59.tif,EpsonV370-2,300,2480,3508,0.7069555302166477,25495.0732421875,0.9570237994194031,0.1357061266899109,-3.983137607574463,15.03525161743164,-1183.905437808177,0.021918334130282855
s7_6.tif,EpsonV370-2,300,2480,3508,0.7069555302166477,25495.0732421875,0.9850865006446838,0.064666248857975,-8.593992233276367,79.6268081665039,-1377.6668170630662,0.008327164637510575
s7_60.tif,EpsonV370-2,300,2480,3508,0.7069555302166477,25495.0732421875,0.9780471920967102,0.09183603525161743,-6.411356449127197,41.891258239746094,-1342.886630554201,0.011614121639018649
s7_61.tif,EpsonV370-2,300,2480,3508,0.7069555302166477,25495.0732421875,0.9809080362319946,0.0818733274936676,-6.621993064880371,45.76799392700195,-1385.3452151005056,0.014466013168058263
s7_62.tif,EpsonV370-2,300,2480,3508,0.7069555302166477,25495.0732421875,0.9681402444839478,0.11619236320257187,-4.940979480743408,23.967626571655273,-1273.8087160121875,0.016202251995438996
s7_63.tif,EpsonV370-2,300,2480,3508,0.7069555302166477,25495.0732421875,0.9567371606826782,0.12092843651771545,-4.470803737640381,19.742076873779297,-1013.692067370705,0.018139529002832236
s7_64.tif,EpsonV370-2,300,2480,3508,0.7069555302166477,25495.0732421875,0.9538742899894714,0.14105463027954102,-4.008315563201904,14.955163955688477,-1120.5369910285365,0.015672012358847978
s7_65.tif,EpsonV370-2,300,2480,3508,0.7069555302166477,25495.0732421875,0.9599791765213013,0.13875751197338104,-4.052489757537842,15.20785140991211,-1338.904104755645,0.021238206679663075
s7_66.tif,EpsonV370-2,300,2480,3508,0.7069555302166477,25495.0732421875,0.9550856947898865,0.14970916509628296,-3.873197317123413,13.570648193359375,-1244.739929922794,0.013267485379041453
s7_67.tif,EpsonV370-2,300,2480,3508,0.7069555302166477,25495.0732421875,0.8747822642326355,0.16456566751003265,-1.1418136358261108,0.73911452293396,-773.1229644048748,0.011093537352411078
s7_68.tif,EpsonV370-2,300,2480,3508,0.7069555302166477,25495.0732421875,0.9699138402938843,0.11959811300039291,-5.447696208953857,29.434734344482422,-1299.707197808542,0.013406223562732187
s7_69.tif,EpsonV370-2,300,2480,3508,0.7069555302166477,25495.0732421875,0.9775907397270203,0.08917626738548279,-6.436983585357666,42.88652420043945,-1288.6328843700903,0.01449750800014713
s7_7.tif,EpsonV370-2,300,2480,3508,0.7069555302166477,25495.0732421875,0.9778395891189575,0.08607354760169983,-6.490073204040527,43.75661849975586,-1277.897722823676,0.013673239967631588
s7_70.tif,EpsonV370-2,300,2480,3508,0.7069555302166477,25495.0732421875,0.9426109194755554,0.15582381188869476,-3.2986345291137695,9.846527099609375,-1078.7393805532804,0.04834077408320153
s7_71.tif,EpsonV370-2,300,2480,3508,0.7069555302166477,25495.0732421875,0.9813691973686218,0.07904550433158875,-6.576840877532959,45.149837493896484,-1399.4105265553223,0.015410858130724243
s7_72.tif,EpsonV370-2,300,2480,3508,0.7069555302166477,25495.0732421875,0.9679898619651794,0.11917203664779663,-4.950982093811035,24.127851486206055,-1285.120995671982,0.0207141740537757
s7_73.tif,EpsonV370-2,300,2480,3508,0.7069555302166477,25495.0732421875,0.958848237991333,0.13396655023097992,-4.223599433898926,17.185346603393555,-1202.8639452315253,0.0243230909993747
s7_74.tif,EpsonV370-2,300,2480,3508,0.7069555302166477,25495.0732421875,0.9791000485420227,0.08011709898710251,-6.424138069152832,44.26602554321289,-1315.7740653456465,0.014746133262220915
s7_75.tif,EpsonV370-2,300,2480,3508,0.7069555302166477,25495.0732421875,0.9795465469360352,0.0780235081911087,-6.581546783447266,46.035823822021484,-1287.557207552665,0.01212505057564277
s7_76.tif,EpsonV370-2,300,2480,3508,0.7069555302166477,25495.0732421875,0.9789060354232788,0.08204170316457748,-7.289416790008545,56.777347564697266,-1265.2720215754073,0.007561173538823703
s7_77.tif,EpsonV370-2,300,2480,3508,0.7069555302166477,25495.0732421875,0.9613168835639954,0.12704095244407654,-4.000899314880371,15.426858901977539,-1308.6150798226981,0.027268777356824953
s7_78.tif,EpsonV370-2,300,2480,3508,0.7069555302166477,25495.0732421875,0.9619757533073425,0.11048737913370132,-4.552594184875488,22.026010513305664,-1170.9180309718586,0.019008625445985215
s7_79.tif,EpsonV370-2,300,2480,3508,0.7069555302166477,25495.0732421875,0.9742873311042786,0.09820523113012314,-5.6795759201049805,33.41603469848633,-1309.3913823995094,0.0175134255342627
s7_8.tif,EpsonV370-2,300,2480,3508,0.7069555302166477,25495.0732421875,0.9758321046829224,0.094809390604496,-6.134052276611328,38.502498626708984,-1278.7961772832637,0.014368310221797182
s7_80.tif,EpsonV370-2,300,2480,3508,0.7069555302166477,25495.0732421875,0.9712240695953369,0.10101152211427689,-5.532419681549072,31.465282440185547,-1226.023994589346,0.018746091882149558
s7_81.tif,EpsonV370-2,300,2480,3508,0.7069555302166477,25495.0732421875,0.9657545685768127,0.11816530674695969,-4.535790920257568,20.303569793701172,-1267.4780839470536,0.028603629492036636
s7_82.tif,EpsonV370-2,300,2480,3508,0.7069555302166477,25495.0732421875,0.9770223498344421,0.09627243131399155,-6.593939304351807,44.32537841796875,-1301.1349352285713,0.009259365689483944
s7_83.tif,EpsonV370-2,300,2480,3508,0.7069555302166477,25495.0732421875,0.9713709950447083,0.1120205745100975,-5.074816703796387,25.518909454345703,-1375.6900546437507,0.02169465185566631
s7_84.tif,EpsonV370-2,300,2480,3508,0.7069555302166477,25495.0732421875,0.9785868525505066,0.07623229920864105,-7.094931602478027,56.14210510253906,-1249.394643086403,0.013098056975760474
s7_85.tif,EpsonV370-2,300,2480,3508,0.7069555302166477,25495.0732421875,0.9725022315979004,0.11197587102651596,-5.532439708709717,30.954010009765625,-1341.7403769818889,0.01185768933681539
s7_86.tif,EpsonV370-2,300,2480,3508,0.7069555302166477,25495.0732421875,0.9720098376274109,0.1097835823893547,-5.260096073150635,27.159944534301758,-1327.8329789969673,0.013136793320336926
s7_87.tif,EpsonV370-2,300,2480,3508,0.7069555302166477,25495.0732421875,0.9724738597869873,0.1034797877073288,-5.600333213806152,31.56298828125,-1249.0111285351543,0.016320989811306873
s7_88.tif,EpsonV370-2,300,2480,3508,0.7069555302166477,25495.0732421875,0.9699124097824097,0.10430341213941574,-4.98671817779541,25.235458374023438,-1226.0772271582123,0.015509020855555965
s7_89.tif,EpsonV370-2,300,2480,3508,0.7069555302166477,25495.0732421875,0.9649701714515686,0.12150762230157852,-4.402910232543945,19.008705139160156,-1320.693381520926,0.02861029628131092
s7_9.tif,EpsonV370-2,300,2480,3508,0.7069555302166477,25495.0732421875,0.9677171111106873,0.11923204362392426,-4.751154899597168,22.19820785522461,-1337.2661500941356,0.023088815426490602
s7_90.tif,EpsonV370-2,300,2480,3508,0.7069555302166477,25495.0732421875,0.9711660146713257,0.10139523446559906,-5.324192523956299,29.30743408203125,-1231.0742132881053,0.02620105657115533
s7_91.tif,EpsonV370-2,300,2480,3508,0.7069555302166477,25495.0732421875,0.9715860486030579,0.11329980194568634,-5.385089874267578,28.71327781677246,-1322.8273519811264,0.014446587523448707
s7_92.tif,EpsonV370-2,300,2480,3508,0.7069555302166477,25495.0732421875,0.9750921726226807,0.10209175199270248,-5.871114253997803,34.80046463012695,-1337.1076994287603,0.013449097914444404
s7_93.tif,EpsonV370-2,300,2480,3508,0.7069555302166477,25495.0732421875,0.9718610644340515,0.10531427711248398,-5.594515323638916,31.56151580810547,-1240.380479673005,0.016004892043991612
s7_94.tif,EpsonV370-2,300,2480,3508,0.7069555302166477,25495.0732421875,0.9745294451713562,0.10238716751337051,-6.055251121520996,37.03415298461914,-1277.149525602378,0.012099647809614889
s7_95.tif,EpsonV370-2,300,2480,3508,0.7069555302166477,25495.0732421875,0.9786732792854309,0.09012296795845032,-6.456387996673584,42.76320266723633,-1353.4235595940484,0.012953341670651415
s7_96.tif,EpsonV370-2,300,2480,3508,0.7069555302166477,25495.0732421875,0.9737462997436523,0.10902558267116547,-5.649557590484619,31.951160430908203,-1353.43243917864,0.00885372604553647
s7_97.tif,EpsonV370-2,300,2480,3508,0.7069555302166477,25495.0732421875,0.9732139706611633,0.10356888920068741,-5.476826190948486,30.768444061279297,-1326.7655060781142,0.014627280501710376
s7_98.tif,EpsonV370-2,300,2480,3508,0.7069555302166477,25495.0732421875,0.95182865858078,0.13968819379806519,-3.65122389793396,12.58288860321045,-1141.3780514969733,0.04521761319748409
s7_99.tif,EpsonV370-2,300,2480,3508,0.7069555302166477,25495.0732421875,0.9731615781784058,0.10317093878984451,-6.031688213348389,37.33918762207031,-1249.070686185843,0.012380802405561482
s8_1.tif,EpsonV39-1,150,1240,1754,0.7069555302166477,6374.0810546875,0.9714323282241821,0.1253662109375,-4.799258232116699,22.18596839904785,-1679.4343938297357,0.03029297090521205
s8_10.tif,EpsonV39-1,150,1240,1754,0.7069555302166477,6374.0810546875,0.9689977169036865,0.12584161758422852,-4.1880388259887695,16.286922454833984,-1720.6889867742486,0.02703497995365432
s8_100.tif,EpsonV39-1,150,1240,1754,0.7069555302166477,6374.0810546875,0.9847033023834229,0.09198043495416641,-6.8300395011901855,47.677757263183594,-1823.857962736478,0.0189709236031927
s8_11.tif,EpsonV39-1,150,1240,1754,0.7069555302166477,6374.0810546875,0.9739067554473877,0.1141863539814949,-4.950645923614502,24.565771102905273,-1746.6825958438708,0.04928688343693677
s8_12.tif,EpsonV39-1,150,1240,1754,0.7069555302166477,6374.0810546875,0.9869657158851624,0.07709657400846481,-7.912910461425781,65.40617370605469,-1720.3484506489226,0.01656904035016736
s8_13.tif,EpsonV39-1,150,1240,1754,0.7069555302166477,6374.0810546875,0.9797301888465881,0.10134657472372055,-5.786660671234131,33.966461181640625,-1722.7813628432898,0.03540340971787987
s8_14.tif,EpsonV39-1,150,1240,1754,0.7069555302166477,6374.0810546875,0.9788654446601868,0.10520520806312561,-5.64038610458374,31.960224151611328,-1753.1726041886814,0.033314175892889986
s8_15.tif,EpsonV39-1,150,1240,1754,0.7069555302166477,6374.0810546875,0.9777594804763794,0.10734007507562637,-5.592269420623779,31.525676727294922,-1736.789641805788,0.03852070842682164
s8_16.tif,EpsonV39-1,150,1240,1754,0.7069555302166477,6374.0810546875,0.975947380065918,0.10152631253004074,-5.001446723937988,25.73052406311035,-1677.5294832188777,0.04470564975907603
s8_17.tif,EpsonV39-1,150,1240,1754,0.7069555302166477,6374.0810546875,0.982131838798523,0.0905204638838768,-6.022756576538086,37.69248580932617,-1746.31076045778,0.0363363004377092
s8_18.tif,EpsonV39-1,150,1240,1754,0.7069555302166477,6374.0810546875,0.9927694201469421,0.06167187541723251,-10.02647876739502,104.4727783203125,-1894.7440094156793,0.010826406002869018
s8_19.tif,EpsonV39-1,150,1240,1754,0.7069555302166477,6374.0810546875,0.9822850823402405,0.09697235375642776,-6.300769329071045,40.08729934692383,-1742.5286236741958,0.02488827380733439
s8_2.tif,EpsonV39-1,150,1240,1754,0.7069555302166477,6374.0810546875,0.9574010372161865,0.1344274878501892,-3.698209524154663,13.397127151489258,-1476.024087821145,0.08134264538198403
s8_20.tif,EpsonV39-1,150,1240,1754,0.7069555302166477,6374.0810546875,0.9691820740699768,0.12108135968446732,-4.651252746582031,21.449729919433594,-1506.6081079693813,0.04451024386655387
s8_21.tif,EpsonV39-1,150,1240,1754,0.7069555302166477,6374.0810546875,0.9918279051780701,0.06386005133390427,-9.315625190734863,91.13627624511719,-1877.39853243718,0.013948762276087837
s8_22.tif,EpsonV39-1,150,1240,1754,0.7069555302166477,6374.0810546875,0.9933298826217651,0.05831502005457878,-10.529397010803223,116.3175277709961,-1881.4258345733156,0.010602034060396512
s8_23.tif,EpsonV39-1,150,1240,1754,0.7069555302166477,6374.0810546875,0.9856154918670654,0.07928826659917831,-6.97062349319458,51.13216781616211,-1767.0948671470692,0.022627082796925
s8_24.tif,EpsonV39-1,150,1240,1754,0.7069555302166477,6374.0810546875,0.988466203212738,0.07297047972679138,-7.505709648132324,58.9015007019043,-1830.8972338560802,0.023988946923161805
s8_25.tif,EpsonV39-1,150,1240,1754,0.7069555302166477,6374.0810546875,0.9767158031463623,0.11605662107467651,-5.4718403816223145,29.403472900390625,-1749.6595256724918,0.025611505498951706
s8_26.tif,EpsonV39-1,150,1240,1754,0.7069555302166477,6374.0810546875,0.9843407273292542,0.09203562885522842,-6.660473823547363,44.909481048583984,-1801.1003193830659,0.02120820612792879
s8_27.tif,EpsonV39-1,150,1240,1754,0.7069555302166477,6374.0810546875,0.9618340134620667,0.14001302421092987,-4.0434441566467285,15.44802474975586,-1579.052236185466,0.04261273770552102
s8_28.tif,EpsonV39-1,150,1240,1754,0.7069555302166477,6374.0810546875,0.9892768263816833,0.07776937633752823,-8.248699188232422,69.5487289428711,-1872.4696230313937,0.013715194762202523
s8_29.tif,EpsonV39-1,150,1240,1754,0.7069555302166477,6374.0810546875,0.9918321371078491,0.0566757470369339,-9.16226577758789,91.7445297241211,-1818.7499001325684,0.01086502740280281
s8_3.tif,EpsonV39-1,150,1240,1754,0.7069555302166477,6374.0810546875,0.9783755540847778,0.10561936348676682,-5.548823356628418,31.042953491210938,-1751.604055434672,0.034536727112222755
s8_30.tif,EpsonV39-1,150,1240,1754,0.7069555302166477,6374.0810546875,0.977850615978241,0.09307371079921722,-4.541862964630127,19.841583251953125,-1701.6870232548174,0.023102034060396515
s8_31.tif,EpsonV39-1,150,1240,1754,0.7069555302166477,6374.0810546875,0.9572376608848572,0.1370912492275238,-3.615248203277588,12.403600692749023,-1493.8472425699085,0.06638650825762313
s8_32.tif,EpsonV39-1,150,1240,1754,0.7069555302166477,6374.0810546875,0.9846936464309692,0.0824115201830864,-6.6177659034729,46.39963150024414,-1734.2377319370567,0.037443907014381876
s8_33.tif,EpsonV39-1,150,1240,1754,0.7069555302166477,6374.0810546875,0.9594693779945374,0.13897354900836945,-3.867898941040039,14.294197082519531,-1532.4959371859327,0.06043743333210726
s8_34.tif,EpsonV39-1,150,1240,1754,0.7069555302166477,6374.0810546875,0.9865607619285583,0.07924239337444305,-7.014781951904297,51.59741973876953,-1808.9106123675613,0.027258432338985544
s8_35.tif,EpsonV39-1,150,1240,1754,0.7069555302166477,6374.0810546875,0.9719984531402588,0.12760543823242188,-4.938938617706299,23.532672882080078,-1712.567783848369,0.028954555486077903
s8_36.tif,EpsonV39-1,150,1240,1754,0.7069555302166477,6374.0810546875,0.9846211075782776,0.09312334656715393,-6.7453131675720215,45.9204216003418,-1851.3448408701568,0.02068957590024644
s8_37.tif,EpsonV39-1,150,1240,1754,0.7069555302166477,6374.0810546875,0.9817456603050232,0.1001858338713646,-6.200378894805908,38.67082214355469,-1787.195121668862,0.02495264280722404
s8_38.tif,EpsonV39-1,150,1240,1754,0.7069555302166477,6374.0810546875,0.9861430525779724,0.08266040682792664,-7.045163154602051,51.197601318359375,-1767.8900753394948,0.021028892485379043
s8_39.tif,EpsonV39-1,150,1240,1754,0.7069555302166477,6374.0810546875,0.986444354057312,0.07892127335071564,-7.100161552429199,53.96942901611328,-1810.9554998425995,0.02990491779159157
s8_4.tif,EpsonV39-1,150,1240,1754,0.7069555302166477,6374.0810546875,0.9682430028915405,0.12458327412605286,-4.428066253662109,19.329849243164062,-1661.0650573547048,0.055628609261779524
s8_40.tif,EpsonV39-1,150,1240,1754,0.7069555302166477,6374.0810546875,0.9827290177345276,0.08248472958803177,-6.7575178146362305,50.514923095703125,-1670.2935565119512,0.04319481737595174
s8_41.tif,EpsonV39-1,150,1240,1754,0.7069555302166477,6374.0810546875,0.9601644277572632,0.15141580998897552,-4.071016311645508,15.654886245727539,-1691.8276719680957,0.05033517857799684
s8_42.tif,EpsonV39-1,150,1240,1754,0.7069555302166477,6374.0810546875,0.9683099985122681,0.13283783197402954,-4.368334770202637,17.84906578063965,-1689.7775257659946,0.02342433883841542
s8_43.tif,EpsonV39-1,150,1240,1754,0.7069555302166477,6374.0810546875,0.9858430624008179,0.08211518824100494,-6.850311756134033,48.83195114135742,-1800.3234867907313,0.02590760289844411
s8_44.tif,EpsonV39-1,150,1240,1754,0.7069555302166477,6374.0810546875,0.9756781458854675,0.11302810162305832,-5.201570987701416,26.929410934448242,-1745.5747875737313,0.03873726413359326
s8_45.tif,EpsonV39-1,150,1240,1754,0.7069555302166477,6374.0810546875,0.9827076196670532,0.09253353625535965,-6.185006618499756,39.1867561340332,-1776.1003565007286,0.03053389487622761
s8_46.tif,EpsonV39-1,150,1240,1754,0.7069555302166477,6374.0810546875,0.97829270362854,0.10394237190485,-5.512391090393066,30.84466552734375,-1743.0721995783756,0.036536763894508405
s8_47.tif,EpsonV39-1,150,1240,1754,0.7069555302166477,6374.0810546875,0.9800580143928528,0.08143707364797592,-5.738570213317871,37.34925079345703,-1621.2478241187996,0.06028202817523081
s8_48.tif,EpsonV39-1,150,1240,1754,0.7069555302166477,6374.0810546875,0.985360324382782,0.06569067388772964,-7.098405361175537,59.40851593017578,-1634.6507499350575,0.03963061389634752
s8_49.tif,EpsonV39-1,150,1240,1754,0.7069555302166477,6374.0810546875,0.9887509346008301,0.07769080251455307,-8.122213363647461,68.11122131347656,-1835.6740492213191,0.015216831573914003
s8_5.tif,EpsonV39-1,150,1240,1754,0.7069555302166477,6374.0810546875,0.9882409572601318,0.07673674076795578,-7.754972457885742,62.58299255371094,-1811.3047180977612,0.019328631331150918
s8_50.tif,EpsonV39-1,150,1240,1754,0.7069555302166477,6374.0810546875,0.9822338223457336,0.09757325798273087,-6.34938383102417,41.34683609008789,-1794.121954832193,0.019891860080185383
s8_51.tif,EpsonV39-1,150,1240,1754,0.7069555302166477,6374.0810546875,0.981234610080719,0.09341145306825638,-5.794968128204346,34.63328552246094,-1758.8693603967395,0.03206173906646559
s8_52.tif,EpsonV39-1,150,1240,1754,0.7069555302166477,6374.0810546875,0.9319222569465637,0.14270980656147003,-1.8232594728469849,2.0718040466308594,-1518.0881610035542,0.01128894324493324
s8_53.tif,EpsonV39-1,150,1240,1754,0.7069555302166477,6374.0810546875,0.9793263077735901,0.10134478658437729,-5.523938179016113,31.227642059326172,-1762.5012710445799,0.022374664361643433
s8_54.tif,EpsonV39-1,150,1240,1754,0.7069555302166477,6374.0810546875,0.9875658750534058,0.0771573856472969,-7.459054470062256,58.38214111328125,-1834.8919070369418,0.01310552837753338
s8_55.tif,EpsonV39-1,150,1240,1754,0.7069555302166477,6374.0810546875,0.966399610042572,0.10239852964878082,-3.8113503456115723,16.727819442749023,-1545.0871221750924,0.03176977967410895
s8_56.tif,EpsonV39-1,150,1240,1754,0.7069555302166477,6374.0810546875,0.9565460681915283,0.1271580010652542,-3.9127955436706543,16.394676208496094,-1471.505042402261,0.04420587045278994
s8_57.tif,EpsonV39-1,150,1240,1754,0.7069555302166477,6374.0810546875,0.9810382723808289,0.09759256988763809,-5.85842752456665,34.51451110839844,-1762.0652048374805,0.02780740795233016
s8_58.tif,EpsonV39-1,150,1240,1754,0.7069555302166477,6374.0810546875,0.9862399697303772,0.078810915350914,-6.864055633544922,49.13417434692383,-1777.773347459625,0.025548515834773973
s8_59.tif,EpsonV39-1,150,1240,1754,0.7069555302166477,6374.0810546875,0.9665824770927429,0.13065575063228607,-4.276244163513184,17.736764907836914,-1664.2125132708852,0.03664527163717953
s8_6.tif,EpsonV39-1,150,1240,1754,0.7069555302166477,6374.0810546875,0.9928866624832153,0.059454191476106644,-10.015406608581543,105.7103271484375,-1896.1664111980917,0.01222091440762129
s8_60.tif,EpsonV39-1,150,1240,1754,0.7069555302166477,6374.0810546875,0.9856634140014648,0.08831463009119034,-6.957963943481445,49.07513427734375,-1834.5209827622161,0.01944035752381653
s8_61.tif,EpsonV39-1,150,1240,1754,0.7069555302166477,6374.0810546875,0.9878105521202087,0.07600241154432297,-7.401492118835449,57.28328323364258,-1821.260660350003,0.022254202376135655
s8_62.tif,EpsonV39-1,150,1240,1754,0.7069555302166477,6374.0810546875,0.9770593643188477,0.11151061952114105,-5.343985080718994,28.25625991821289,-1764.603336104804,0.027576599109868687
s8_63.tif,EpsonV39-1,150,1240,1754,0.7069555302166477,6374.0810546875,0.9679824113845825,0.11576831340789795,-4.811481475830078,22.878400802612305,-1318.005906614682,0.03159322470298304
s8_64.tif,EpsonV39-1,150,1240,1754,0.7069555302166477,6374.0810546875,0.9649466872215271,0.13336065411567688,-4.233603477478027,16.79203987121582,-1532.554672496761,0.027334755581711848
s8_65.tif,EpsonV39-1,150,1240,1754,0.7069555302166477,6374.0810546875,0.9668378829956055,0.1323115974664688,-4.223021507263184,16.70433235168457,-1679.868472404999,0.03617997572369147
s8_66.tif,EpsonV39-1,150,1240,1754,0.7069555302166477,6374.0810546875,0.9631789922714233,0.14609408378601074,-4.007180213928223,14.589603424072266,-1731.4949110833634,0.022352135211682053
s8_67.tif,EpsonV39-1,150,1240,1754,0.7069555302166477,6374.0810546875,0.8980253338813782,0.145085409283638,-1.4147651195526123,2.3379158973693848,-1110.1048111977502,0.017481241034317873
s8_68.tif,EpsonV39-1,150,1240,1754,0.7069555302166477,6374.0810546875,0.9778928160667419,0.11651381850242615,-5.776702404022217,32.99583053588867,-1795.866910258192,0.020721300621620628
s8_69.tif,EpsonV39-1,150,1240,1754,0.7069555302166477,6374.0810546875,0.9859100580215454,0.08479773998260498,-7.080777168273926,51.852561950683594,-1795.063650708299,0.022704325596792585
s8_7.tif,EpsonV39-1,150,1240,1754,0.7069555302166477,6374.0810546875,0.9869077801704407,0.08090978860855103,-7.237706184387207,54.002967834472656,-1805.5614992154074,0.021952127855224924
s8_70.tif,EpsonV39-1,150,1240,1754,0.7069555302166477,6374.0810546875,0.9511465430259705,0.15230262279510498,-3.48684024810791,11.33197021484375,-1429.7265551756816,0.08163690366719388
s8_71.tif,EpsonV39-1,150,1240,1754,0.7069555302166477,6374.0810546875,0.9883447289466858,0.07238571345806122,-7.302139759063721,55.717247009277344,-1843.321708291642,0.023465718909773052
s8_72.tif,EpsonV39-1,150,1240,1754,0.7069555302166477,6374.0810546875,0.9753855466842651,0.11614961177110672,-5.257401943206787,27.41310691833496,-1756.6353871388674,0.03567008128885129
s8_73.tif,EpsonV39-1,150,1240,1754,0.7069555302166477,6374.0810546875,0.9679679274559021,0.12879137694835663,-4.517421722412109,19.8303279876709,-1638.0599459246566,0.040060506859896275
s8_74.tif,EpsonV39-1,150,1240,1754,0.7069555302166477,6374.0810546875,0.9872069954872131,0.07449021190404892,-7.178577899932861,55.394630432128906,-1821.2144203937023,0.022602714532681062
s8_75.tif,EpsonV39-1,150,1240,1754,0.7069555302166477,6374.0810546875,0.9879570007324219,0.07115820050239563,-7.405933856964111,59.224609375,-1748.8623670477202,0.020874406885643872
s8_76.tif,EpsonV39-1,150,1240,1754,0.7069555302166477,6374.0810546875,0.9874157309532166,0.07823187112808228,-8.066941261291504,68.53717041015625,-1760.4824318404292,0.012137234707764741
s8_77.tif,EpsonV39-1,150,1240,1754,0.7069555302166477,6374.0810546875,0.968400776386261,0.11926611512899399,-4.296111583709717,18.515426635742188,-1621.463913306609,0.04821054180306764
s8_78.tif,EpsonV39-1,150,1240,1754,0.7069555302166477,6374.0810546875,0.9722736477851868,0.10313046723604202,-5.169486999511719,28.479034423828125,-1579.7963415624,0.03304704454334793
s8_79.tif,EpsonV39-1,150,1240,1754,0.7069555302166477,6374.0810546875,0.9821909666061401,0.09204179793596268,-6.293615341186523,41.41941452026367,-1761.251635310756,0.028731562879317323
s8_8.tif,EpsonV39-1,150,1240,1754,0.7069555302166477,6374.0810546875,0.9840583205223083,0.09093614667654037,-6.6852312088012695,45.60255813598633,-1743.579116460313,0.023736528487880236
s8_80.tif,EpsonV39-1,150,1240,1754,0.7069555302166477,6374.0810546875,0.9812458753585815,0.09530103951692581,-6.131557464599609,38.70787048339844,-1723.2905711912572,0.03348107551403244
s8_81.tif,EpsonV39-1,150,1240,1754,0.7069555302166477,6374.0810546875,0.9732863903045654,0.11292798817157745,-4.765908718109131,22.79875946044922,-1698.0392190742464,0.037797016956633685
s8_82.tif,EpsonV39-1,150,1240,1754,0.7069555302166477,6374.0810546875,0.9855324029922485,0.09211941808462143,-7.2847676277160645,53.58529281616211,-1780.0140300559522,0.015045334167065142
s8_83.tif,EpsonV39-1,150,1240,1754,0.7069555302166477,6374.0810546875,0.9776625633239746,0.10776334255933762,-5.4613261222839355,29.940685272216797,-1747.8651151972792,0.03698826645087726
s8_84.tif,EpsonV39-1,150,1240,1754,0.7069555302166477,6374.0810546875,0.9880363345146179,0.07067584991455078,-8.313733100891113,75.20594787597656,-1755.4530199838287,0.020138761172619268
s8_85.tif,EpsonV39-1,150,1240,1754,0.7069555302166477,6374.0810546875,0.9796137809753418,0.10788653790950775,-5.996606826782227,36.46477508544922,-1793.1687628436202,0.01964587854489278
s8_86.tif,EpsonV39-1,150,1240,1754,0.7069555302166477,6374.0810546875,0.9796057343482971,0.10565241426229477,-5.6073174476623535,30.863445281982422,-1799.8312665916562,0.022840420053702137
s8_87.tif,EpsonV39-1,150,1240,1754,0.7069555302166477,6374.0810546875,0.9812551736831665,0.09957747161388397,-6.054357051849365,36.92292404174805,-1754.2180950338511,0.027538437488505537
s8_88.tif,EpsonV39-1,150,1240,1754,0.7069555302166477,6374.0810546875,0.979375958442688,0.09714721143245697,-5.5248894691467285,31.817340850830078,-1686.403338789154,0.025098392614117043
s8_89.tif,EpsonV39-1,150,1240,1754,0.7069555302166477,6374.0810546875,0.97187739610672,0.1162770465016365,-4.7309041023254395,22.378398895263672,-1672.5484183765911,0.04694707029094788
s8_9.tif,EpsonV39-1,150,1240,1754,0.7069555302166477,6374.0810546875,0.9746034145355225,0.11499392241239548,-5.061634063720703,25.455751419067383,-1737.1854959036395,0.0386636995622908
s8_90.tif,EpsonV39-1,150,1240,1754,0.7069555302166477,6374.0810546875,0.9803439974784851,0.09554511308670044,-5.8613362312316895,35.960121154785156,-1745.5741692928957,0.04385781807481517
s8_91.tif,EpsonV39-1,150,1240,1754,0.7069555302166477,6374.0810546875,0.9791520237922668,0.10966010391712189,-5.8144025802612305,33.60965347290039,-1780.723159744043,0.024739305550446906
s8_92.tif,EpsonV39-1,150,1240,1754,0.7069555302166477,6374.0810546875,0.9831018447875977,0.09716209769248962,-6.4829254150390625,42.48921585083008,-1814.2166062190843,0.02248087321146136
s8_93.tif,EpsonV39-1,150,1240,1754,0.7069555302166477,6374.0810546875,0.9812448024749756,0.10091723501682281,-6.140151023864746,38.06520080566406,-1758.5847784839866,0.026595891418692758
s8_94.tif,EpsonV39-1,150,1240,1754,0.7069555302166477,6374.0810546875,0.9827259182929993,0.09908217936754227,-6.59217643737793,43.737335205078125,-1738.1366104841027,0.01984220399455622
s8_95.tif,EpsonV39-1,150,1240,1754,0.7069555302166477,6374.0810546875,0.9865028262138367,0.08447559177875519,-7.230329990386963,53.628639221191406,-1823.429651114201,0.021114871078088793
s8_96.tif,EpsonV39-1,150,1240,1754,0.7069555302166477,6374.0810546875,0.9807170033454895,0.10576451569795609,-6.084104061126709,37.15287780761719,-1807.8884046625292,0.015089932688417258
s8_97.tif,EpsonV39-1,150,1240,1754,0.7069555302166477,6374.0810546875,0.9806152582168579,0.09849685430526733,-6.03164005279541,37.63665008544922,-1768.168157811776,0.024919078971567293
s8_98.tif,EpsonV39-1,150,1240,1754,0.7069555302166477,6374.0810546875,0.960447371006012,0.13542017340660095,-3.8705620765686035,14.543441772460938,-1575.3594384837522,0.07387032405193658
s8_99.tif,EpsonV39-1,150,1240,1754,0.7069555302166477,6374.0810546875,0.9814854264259338,0.0991041362285614,-6.52417516708374,43.59138488769531,-1702.3457715177442,0.021164986942288595
s8_1.tif,EpsonV39-1,300,2480,3508,0.7069555302166477,25495.0732421875,0.9700349569320679,0.13087959587574005,-4.758045196533203,21.492517471313477,-1626.4341016696874,0.015605459410747783
s8_10.tif,EpsonV39-1,300,2480,3508,0.7069555302166477,25495.0732421875,0.9673433303833008,0.13245707750320435,-4.224468231201172,16.571653366088867,-1654.190622421524,0.0149213088976349
s8_100.tif,EpsonV39-1,300,2480,3508,0.7069555302166477,25495.0732421875,0.9830602407455444,0.09801176935434341,-6.6959733963012695,44.95252227783203,-1709.9002263539912,0.010800198624342517
s8_11.tif,EpsonV39-1,300,2480,3508,0.7069555302166477,25495.0732421875,0.9714065790176392,0.1257481426000595,-4.849255561828613,22.74524688720703,-1668.0798112470377,0.026862907823592158
s8_12.tif,EpsonV39-1,300,2480,3508,0.7069555302166477,25495.0732421875,0.9851114749908447,0.08362064510583878,-7.704406261444092,60.8349609375,-1622.236928270174,0.009264768087688969
s8_13.tif,EpsonV39-1,300,2480,3508,0.7069555302166477,25495.0732421875,0.9778639674186707,0.11049369722604752,-5.69449520111084,31.966922760009766,-1658.3544711850166,0.018900002758671423
s8_14.tif,EpsonV39-1,300,2480,3508,0.7069555302166477,25495.0732421875,0.976661205291748,0.11457338184118271,-5.5455427169799805,30.120376586914062,-1656.257216684175,0.0189936826424394
s8_15.tif,EpsonV39-1,300,2480,3508,0.7069555302166477,25495.0732421875,0.9754563570022583,0.1156880259513855,-5.476579189300537,29.537452697753906,-1619.4837432726938,0.02216569500128738
s8_16.tif,EpsonV39-1,300,2480,3508,0.7069555302166477,25495.0732421875,0.9743601083755493,0.10886378586292267,-5.013051986694336,25.32537841796875,-1610.071488001763,0.025257361054915953
s8_17.tif,EpsonV39-1,300,2480,3508,0.7069555302166477,25495.0732421875,0.9798450469970703,0.10061866790056229,-5.9239702224731445,35.25690841674805,-1640.802080788072,0.02159499485048001
s8_18.tif,EpsonV39-1,300,2480,3508,0.7069555302166477,25495.0732421875,0.9914582371711731,0.06675021350383759,-9.816924095153809,98.45306396484375,-1774.9219362217943,0.00626252896604995
s8_19.tif,EpsonV39-1,300,2480,3508,0.7069555302166477,25495.0732421875,0.9807489514350891,0.10398495197296143,-6.212034702301025,38.12611389160156,-1673.8407981164935,0.014017269283113252
s8_2.tif,EpsonV39-1,300,2480,3508,0.7069555302166477,25495.0732421875,0.9541735649108887,0.14955615997314453,-3.6758456230163574,12.585707664489746,-1434.3285762445319,0.050179313642549746
s8_20.tif,EpsonV39-1,300,2480,3508,0.7069555302166477,25495.0732421875,0.9670830965042114,0.12868449091911316,-4.603015899658203,20.512203216552734,-1451.3534759826584,0.0247306847022474
s8_21.tif,EpsonV39-1,300,2480,3508,0.7069555302166477,25495.0732421875,0.9908958077430725,0.06993632018566132,-9.118539810180664,85.05870819091797,-1823.5990768893505,0.00857429561922978
s8_22.tif,EpsonV39-1,300,2480,3508,0.7069555302166477,25495.0732421875,0.9925261735916138,0.06314191222190857,-10.34405517578125,109.78608703613281,-1822.6840239260407,0.006008271416485821
s8_23.tif,EpsonV39-1,300,2480,3508,0.7069555302166477,25495.0732421875,0.9839339852333069,0.08689497411251068,-6.886294841766357,48.78617858886719,-1669.8433668557661,0.012862420458307279
s8_24.tif,EpsonV39-1,300,2480,3508,0.7069555302166477,25495.0732421875,0.987117350101471,0.08152466267347336,-7.476662635803223,56.837745666503906,-1767.1554394315895,0.013354268584249825
s8_25.tif,EpsonV39-1,300,2480,3508,0.7069555302166477,25495.0732421875,0.9752610325813293,0.12196063250303268,-5.365701198577881,27.746295928955078,-1688.0350236484107,0.014600728289255894
s8_26.tif,EpsonV39-1,300,2480,3508,0.7069555302166477,25495.0732421875,0.9825730323791504,0.09823255240917206,-6.534360408782959,42.40807342529297,-1683.946730225819,0.01183447051899805
s8_27.tif,EpsonV39-1,300,2480,3508,0.7069555302166477,25495.0732421875,0.9600171446800232,0.1468280702829361,-4.013176441192627,14.926887512207031,-1524.8961707225783,0.02492861937690808
s8_28.tif,EpsonV39-1,300,2480,3508,0.7069555302166477,25495.0732421875,0.9879241585731506,0.08267311751842499,-8.05107307434082,65.2070541381836,-1757.420696011712,0.007706348622503402
s8_29.tif,EpsonV39-1,300,2480,3508,0.7069555302166477,25495.0732421875,0.990703284740448,0.06042169779539108,-9.106996536254883,89.53844451904297,-1725.376776281281,0.006283563835656748
s8_3.tif,EpsonV39-1,300,2480,3508,0.7069555302166477,25495.0732421875,0.9762409329414368,0.1142372190952301,-5.435091495513916,28.95758628845215,-1648.7250356716725,0.01905322396733733
s8_30.tif,EpsonV39-1,300,2480,3508,0.7069555302166477,25495.0732421875,0.9764112830162048,0.09716950356960297,-4.6085662841796875,20.707258224487305,-1614.4220986726884,0.014271411888034722
s8_31.tif,EpsonV39-1,300,2480,3508,0.7069555302166477,25495.0732421875,0.9539149403572083,0.1487956941127777,-3.6218197345733643,12.070878982543945,-1406.6865897949963,0.04044384724316769
s8_32.tif,EpsonV39-1,300,2480,3508,0.7069555302166477,25495.0732421875,0.9823839068412781,0.09207413345575333,-6.447324752807617,42.25864028930664,-1620.088058025003,0.01932001048295141
s8_33.tif,EpsonV39-1,300,2480,3508,0.7069555302166477,25495.0732421875,0.9560311436653137,0.1497834175825119,-3.8493430614471436,13.78936767578125,-1420.401767412059,0.03531973001802332
s8_34.tif,EpsonV39-1,300,2480,3508,0.7069555302166477,25495.0732421875,0.9851294755935669,0.08723315596580505,-6.887344837188721,48.0316047668457,-1736.6212759263262,0.015366259609372126
s8_35.tif,EpsonV39-1,300,2480,3508,0.7069555302166477,25495.0732421875,0.9705799221992493,0.13340511918067932,-4.860718727111816,22.397327423095703,-1665.31789835006,0.01590557987273329
s8_36.tif,EpsonV39-1,300,2480,3508,0.7069555302166477,25495.0732421875,0.983189582824707,0.099512480199337,-6.626306056976318,43.500732421875,-1762.435247920253,0.01157929341229264
s8_37.tif,EpsonV39-1,300,2480,3508,0.7069555302166477,25495.0732421875,0.9797773361206055,0.10727792233228683,-6.061046123504639,36.19276428222656,-1670.7149641065498,0.014267043991613639
s8_38.tif,EpsonV39-1,300,2480,3508,0.7069555302166477,25495.0732421875,0.9844198226928711,0.08991144597530365,-6.988193988800049,49.382530212402344,-1669.514758154609,0.012133441534556958
s8_39.tif,EpsonV39-1,300,2480,3508,0.7069555302166477,25495.0732421875,0.984745442867279,0.08670224249362946,-6.91376256942749,49.41749954223633,-1708.1208092265126,0.016294437598852393
s8_4.tif,EpsonV39-1,300,2480,3508,0.7069555302166477,25495.0732421875,0.9657653570175171,0.13629673421382904,-4.355010986328125,18.0093994140625,-1607.3995666868652,0.0325537021370508
s8_40.tif,EpsonV39-1,300,2480,3508,0.7069555302166477,25495.0732421875,0.9806257486343384,0.09020610898733139,-6.4487996101379395,44.4677619934082,-1577.6112715899392,0.02391963530363777
s8_41.tif,EpsonV39-1,300,2480,3508,0.7069555302166477,25495.0732421875,0.9575467705726624,0.1604531705379486,-3.9446756839752197,14.211626052856445,-1610.9556484544178,0.027087624599992643
s8_42.tif,EpsonV39-1,300,2480,3508,0.7069555302166477,25495.0732421875,0.9662284851074219,0.13862010836601257,-4.359032154083252,17.659835815429688,-1576.5300524183444,0.013080010666862839
s8_43.tif,EpsonV39-1,300,2480,3508,0.7069555302166477,25495.0732421875,0.9838621020317078,0.09142710268497467,-6.767858505249023,46.28403854370117,-1690.828743898352,0.015996730974362747
s8_44.tif,EpsonV39-1,300,2480,3508,0.7069555302166477,25495.0732421875,0.9735046625137329,0.12266341596841812,-5.115537643432617,25.344167709350586,-1661.5195642395524,0.02124452863500938
s8_45.tif,EpsonV39-1,300,2480,3508,0.7069555302166477,25495.0732421875,0.9807411432266235,0.10182956606149673,-6.105830669403076,37.136817932128906,-1684.4677448067805,0.017379744914849008
s8_46.tif,EpsonV39-1,300,2480,3508,0.7069555302166477,25495.0732421875,0.9764731526374817,0.11350265145301819,-5.431784152984619,29.023212432861328,-1686.5593979254709,0.022055922867546988
s8_47.tif,EpsonV39-1,300,2480,3508,0.7069555302166477,25495.0732421875,0.9776173830032349,0.09270480275154114,-5.640085220336914,34.26596450805664,-1533.9807596215203,0.033337969433920624
s8_48.tif,EpsonV39-1,300,2480,3508,0.7069555302166477,25495.0732421875,0.983333170413971,0.0744016245007515,-6.9569244384765625,54.34822082519531,-1538.0208405578521,0.021806148159046603
s8_49.tif,EpsonV39-1,300,2480,3508,0.7069555302166477,25495.0732421875,0.9877077341079712,0.083119697868824,-7.958332538604736,64.05590057373047,-1774.6247867744846,0.009121891896862471
s8_5.tif,EpsonV39-1,300,2480,3508,0.7069555302166477,25495.0732421875,0.986947238445282,0.08373630046844482,-7.622866630554199,58.870689392089844,-1744.8384866573638,0.011604811122963181
s8_50.tif,EpsonV39-1,300,2480,3508,0.7069555302166477,25495.0732421875,0.9808923006057739,0.10127057135105133,-6.246771812438965,39.627281188964844,-1694.3984222932427,0.011386761135836981
s8_51.tif,EpsonV39-1,300,2480,3508,0.7069555302166477,25495.0732421875,0.9792463779449463,0.1021980494260788,-5.7539448738098145,33.26042556762695,-1659.1028314369846,0.01870022896972818
s8_52.tif,EpsonV39-1,300,2480,3508,0.7069555302166477,25495.0732421875,0.9313904643058777,0.14429433643817902,-1.8913160562515259,2.4635372161865234,-1430.4982346941085,0.006895873947107074
s8_53.tif,EpsonV39-1,300,2480,3508,0.7069555302166477,25495.0732421875,0.9776297211647034,0.10694212466478348,-5.493135452270508,30.389896392822266,-1654.8405409231214,0.012073555375731048
s8_54.tif,EpsonV39-1,300,2480,3508,0.7069555302166477,25495.0732421875,0.9863201975822449,0.08140891045331955,-7.407374382019043,56.77460479736328,-1724.304460425488,0.007590139588774046
s8_55.tif,EpsonV39-1,300,2480,3508,0.7069555302166477,25495.0732421875,0.964191198348999,0.11042787879705429,-3.9641170501708984,17.39362335205078,-1428.4558913754172,0.017358250266671572
s8_56.tif,EpsonV39-1,300,2480,3508,0.7069555302166477,25495.0732421875,0.9538112282752991,0.1364254206418991,-3.8801698684692383,15.468412399291992,-1360.747863204276,0.02437010335822268
s8_57.tif,EpsonV39-1,300,2480,3508,0.7069555302166477,25495.0732421875,0.9791884422302246,0.10432486236095428,-5.784830093383789,33.040184020996094,-1650.4968673774795,0.015348098355831832
s8_58.tif,EpsonV39-1,300,2480,3508,0.7069555302166477,25495.0732421875,0.9848461747169495,0.08650629967451096,-6.816029071807861,47.04338455200195,-1709.431241809847,0.015632816235700887
s8_59.tif,EpsonV39-1,300,2480,3508,0.7069555302166477,25495.0732421875,0.9643625617027283,0.13831555843353271,-4.231770038604736,17.002275466918945,-1574.1432465704534,0.021298207783131642
s8_6.tif,EpsonV39-1,300,2480,3508,0.7069555302166477,25495.0732421875,0.9916231632232666,0.06534585356712341,-9.808236122131348,99.06291961669922,-1787.2586360284863,0.007487264133593262
s8_60.tif,EpsonV39-1,300,2480,3508,0.7069555302166477,25495.0732421875,0.9839939475059509,0.09423647075891495,-6.835940361022949,46.529964447021484,-1713.7749929290135,0.010848360429617097
s8_61.tif,EpsonV39-1,300,2480,3508,0.7069555302166477,25495.0732421875,0.9861927628517151,0.08383581042289734,-7.2982330322265625,54.16325378417969,-1723.8934013722119,0.013523696987530805
s8_62.tif,EpsonV39-1,300,2480,3508,0.7069555302166477,25495.0732421875,0.9755431413650513,0.1180880218744278,-5.290471076965332,27.197460174560547,-1696.8755591023382,0.015399363666458233
s8_63.tif,EpsonV39-1,300,2480,3508,0.7069555302166477,25495.0732421875,0.9648453593254089,0.12148450314998627,-4.760256290435791,22.13397979736328,-1225.9354208709235,0.01732238753816162
s8_64.tif,EpsonV39-1,300,2480,3508,0.7069555302166477,25495.0732421875,0.9625388979911804,0.13816428184509277,-4.186737537384033,16.30229377746582,-1433.1973902957027,0.014878204656637363
s8_65.tif,EpsonV39-1,300,2480,3508,0.7069555302166477,25495.0732421875,0.9644476175308228,0.14020033180713654,-4.197906017303467,16.294822692871094,-1574.3430267698302,0.02050704380770221
s8_66.tif,EpsonV39-1,300,2480,3508,0.7069555302166477,25495.0732421875,0.9613106846809387,0.1516743153333664,-4.001789093017578,14.495718002319336,-1629.508642149014,0.012472068451833598
s8_67.tif,EpsonV39-1,300,2480,3508,0.7069555302166477,25495.0732421875,0.8976469039916992,0.14825429022312164,-1.514135479927063,2.661283493041992,-1050.0817718541443,0.010195244970022437
s8_68.tif,EpsonV39-1,300,2480,3508,0.7069555302166477,25495.0732421875,0.9761512875556946,0.12205854803323746,-5.642379283905029,30.924556732177734,-1687.828878985495,0.012604714569463346
s8_69.tif,EpsonV39-1,300,2480,3508,0.7069555302166477,25495.0732421875,0.9839906096458435,0.09289678931236267,-6.93527364730835,48.416786193847656,-1683.600426282744,0.013630250671276713
s8_7.tif,EpsonV39-1,300,2480,3508,0.7069555302166477,25495.0732421875,0.9850177764892578,0.08900970965623856,-7.158539295196533,51.67198944091797,-1689.350811248129,0.012845293706550924
s8_70.tif,EpsonV39-1,300,2480,3508,0.7069555302166477,25495.0732421875,0.9475713968276978,0.16732899844646454,-3.451477289199829,10.628243446350098,-1399.8227696669082,0.047251903483282454
s8_71.tif,EpsonV39-1,300,2480,3508,0.7069555302166477,25495.0732421875,0.9866335391998291,0.08191557973623276,-7.33308219909668,54.77131271362305,-1742.6293287929025,0.01448647331445176
s8_72.tif,EpsonV39-1,300,2480,3508,0.7069555302166477,25495.0732421875,0.9730080962181091,0.1254463642835617,-5.154336452484131,25.673349380493164,-1648.1085509502943,0.019967493655055724
s8_73.tif,EpsonV39-1,300,2480,3508,0.7069555302166477,25495.0732421875,0.965774655342102,0.13596604764461517,-4.4712324142456055,19.058616638183594,-1545.971985998146,0.023301118181483796
s8_74.tif,EpsonV39-1,300,2480,3508,0.7069555302166477,25495.0732421875,0.9854128360748291,0.08332131803035736,-7.1898322105407715,53.79069137573242,-1706.6862530739509,0.013827725567366757
s8_75.tif,EpsonV39-1,300,2480,3508,0.7069555302166477,25495.0732421875,0.9865095019340515,0.07794028520584106,-7.429348945617676,57.976558685302734,-1668.0563906834411,0.011231470923603193
s8_76.tif,EpsonV39-1,300,2480,3508,0.7069555302166477,25495.0732421875,0.9856054782867432,0.08248060196638107,-7.94798469543457,65.50634002685547,-1613.0320616584113,0.006751503475925994
s8_77.tif,EpsonV39-1,300,2480,3508,0.7069555302166477,25495.0732421875,0.9662045240402222,0.12976813316345215,-4.321972846984863,18.245624542236328,-1575.3128006031334,0.02632944973700666
s8_78.tif,EpsonV39-1,300,2480,3508,0.7069555302166477,25495.0732421875,0.9706333875656128,0.11220405250787735,-5.2018723487854,27.882272720336914,-1511.4264478225164,0.018068952992238936
s8_79.tif,EpsonV39-1,300,2480,3508,0.7069555302166477,25495.0732421875,0.9801474213600159,0.10106859356164932,-6.182213306427002,38.663578033447266,-1654.6835787466916,0.016565132232316915
s8_8.tif,EpsonV39-1,300,2480,3508,0.7069555302166477,25495.0732421875,0.9825210571289062,0.09811782836914062,-6.5543646812438965,42.83122253417969,-1679.272045208273,0.013668987015853165
s8_80.tif,EpsonV39-1,300,2480,3508,0.7069555302166477,25495.0732421875,0.97951340675354,0.10484117269515991,-6.033849239349365,36.32478332519531,-1676.0948187553963,0.017725958178541213
s8_81.tif,EpsonV39-1,300,2480,3508,0.7069555302166477,25495.0732421875,0.9703264832496643,0.12586435675621033,-4.784862995147705,22.229352951049805,-1589.8457067776221,0.027866489498657446
s8_82.tif,EpsonV39-1,300,2480,3508,0.7069555302166477,25495.0732421875,0.9835864901542664,0.09694382548332214,-7.130758762359619,50.66605758666992,-1637.0500112824648,0.008404177548092839
s8_83.tif,EpsonV39-1,300,2480,3508,0.7069555302166477,25495.0732421875,0.975266695022583,0.11816638708114624,-5.3763427734375,28.22801971435547,-1649.3534999452668,0.020912338617721706
s8_84.tif,EpsonV39-1,300,2480,3508,0.7069555302166477,25495.0732421875,0.9870898723602295,0.07631448656320572,-8.15365982055664,70.3508071899414,-1702.509522461958,0.01231666329495715
s8_85.tif,EpsonV39-1,300,2480,3508,0.7069555302166477,25495.0732421875,0.9781064987182617,0.11296062171459198,-5.895732402801514,34.68846130371094,-1694.7223691251386,0.0111421589362563
s8_86.tif,EpsonV39-1,300,2480,3508,0.7069555302166477,25495.0732421875,0.9781545400619507,0.11047011613845825,-5.536090850830078,29.69729232788086,-1703.1968392950112,0.012289191525361386
s8_87.tif,EpsonV39-1,300,2480,3508,0.7069555302166477,25495.0732421875,0.9791526198387146,0.10742282122373581,-5.954958438873291,34.95863723754883,-1642.4486038888513,0.015473158127046015
s8_88.tif,EpsonV39-1,300,2480,3508,0.7069555302166477,25495.0732421875,0.9777823686599731,0.10382456332445145,-5.556396007537842,31.583904266357422,-1614.3124856016316,0.014553026262551954
s8_89.tif,EpsonV39-1,300,2480,3508,0.7069555302166477,25495.0732421875,0.9696834683418274,0.12790417671203613,-4.725465297698975,21.69257926940918,-1630.5155302620335,0.027649359068672528
s8_9.tif,EpsonV39-1,300,2480,3508,0.7069555302166477,25495.0732421875,0.9723137617111206,0.12418365478515625,-4.9554524421691895,23.749086380004883,-1645.4957883723357,0.022317996652812006
s8_90.tif,EpsonV39-1,300,2480,3508,0.7069555302166477,25495.0732421875,0.9779748916625977,0.10639052093029022,-5.709682941436768,32.76346206665039,-1641.272000748198,0.024206077353146723
s8_91.tif,EpsonV39-1,300,2480,3508,0.7069555302166477,25495.0732421875,0.9772986769676208,0.11644869297742844,-5.708973407745361,31.787174224853516,-1678.5831699364173,0.013581744032074154
s8_92.tif,EpsonV39-1,300,2480,3508,0.7069555302166477,25495.0732421875,0.9817270040512085,0.10377553105354309,-6.373384952545166,40.23690414428711,-1746.6258889099024,0.012496206826792217
s8_93.tif,EpsonV39-1,300,2480,3508,0.7069555302166477,25495.0732421875,0.979106605052948,0.10902097821235657,-6.037867546081543,35.9954833984375,-1645.0385575453868,0.015069587486666421
s8_94.tif,EpsonV39-1,300,2480,3508,0.7069555302166477,25495.0732421875,0.9811797738075256,0.10500361025333405,-6.469902038574219,41.35535430908203,-1660.2952250494006,0.011219631625409203
s8_95.tif,EpsonV39-1,300,2480,3508,0.7069555302166477,25495.0732421875,0.984913170337677,0.0919346958398819,-7.114340782165527,50.805240631103516,-1727.007517894928,0.012132636922058336
s8_96.tif,EpsonV39-1,300,2480,3508,0.7069555302166477,25495.0732421875,0.9793113470077515,0.10978210717439651,-6.014102458953857,35.89131164550781,-1696.9771235013322,0.008047044543347924
s8_97.tif,EpsonV39-1,300,2480,3508,0.7069555302166477,25495.0732421875,0.9786944389343262,0.10614483803510666,-5.953921794891357,35.77848815917969,-1661.405395616073,0.013841748813771287
s8_98.tif,EpsonV39-1,300,2480,3508,0.7069555302166477,25495.0732421875,0.9572048187255859,0.1507449448108673,-3.8322410583496094,13.619064331054688,-1537.8155490114495,0.043990809026372896
s8_99.tif,EpsonV39-1,300,2480,3508,0.7069555302166477,25495.0732421875,0.9800170063972473,0.10514921694993973,-6.400008678436279,41.003631591796875,-1632.0591474170533,0.011511820907051164
s9_1.tif,EpsonV39-2,150,1240,1754,0.7069555302166477,6374.0810546875,0.9707412123680115,0.12453750520944595,-4.7819504737854,22.031694412231445,-1590.0380437824124,0.03036745503365579
s9_10.tif,EpsonV39-2,150,1240,1754,0.7069555302166477,6374.0810546875,0.9686170220375061,0.12573154270648956,-4.182247161865234,16.256351470947266,-1675.0588486123638,0.027069463346452348
s9_100.tif,EpsonV39-2,150,1240,1754,0.7069555302166477,6374.0810546875,0.9846770763397217,0.09157940745353699,-6.825651168823242,47.6386833190918,-1814.4957623847804,0.018965866038915657
s9_11.tif,EpsonV39-2,150,1240,1754,0.7069555302166477,6374.0810546875,0.9735307693481445,0.11436150223016739,-4.926178455352783,24.316267013549805,-1712.4361020078727,0.04930297568690918
s9_12.tif,EpsonV39-2,150,1240,1754,0.7069555302166477,6374.0810546875,0.9868873357772827,0.07661173492670059,-7.906696319580078,65.34186553955078,-1707.7884353276436,0.01653363740022805
s9_13.tif,EpsonV39-2,150,1240,1754,0.7069555302166477,6374.0810546875,0.9798445701599121,0.10047833621501923,-5.7801833152771,33.92729187011719,-1720.3816883161292,0.035361110089380955
s9_14.tif,EpsonV39-2,150,1240,1754,0.7069555302166477,6374.0810546875,0.9785083532333374,0.10514423251152039,-5.620640754699707,31.728076934814453,-1710.463977523404,0.0332562437929893
s9_15.tif,EpsonV39-2,150,1240,1754,0.7069555302166477,6374.0810546875,0.9773666858673096,0.1071857437491417,-5.569669723510742,31.295326232910156,-1693.818836955362,0.038613583698091
s9_16.tif,EpsonV39-2,150,1240,1754,0.7069555302166477,6374.0810546875,0.9757879376411438,0.10086745768785477,-4.995657920837402,25.690757751464844,-1640.7070259408802,0.04478657078750874
s9_17.tif,EpsonV39-2,150,1240,1754,0.7069555302166477,6374.0810546875,0.9818041324615479,0.0900549590587616,-5.995355606079102,37.48479080200195,-1701.914565832485,0.03662596093721264
s9_18.tif,EpsonV39-2,150,1240,1754,0.7069555302166477,6374.0810546875,0.9927365183830261,0.06147335097193718,-10.030560493469238,104.6735610961914,-1888.2400646361723,0.010846636259977196
s9_19.tif,EpsonV39-2,150,1240,1754,0.7069555302166477,6374.0810546875,0.9823523163795471,0.09659673273563385,-6.299354076385498,40.05271911621094,-1746.7433330439524,0.024773329164674292
s9_2.tif,EpsonV39-2,150,1240,1754,0.7069555302166477,6374.0810546875,0.9569518566131592,0.13409769535064697,-3.6871724128723145,13.309864044189453,-1423.5532613539835,0.08122310295361754
s9_20.tif,EpsonV39-2,150,1240,1754,0.7069555302166477,6374.0810546875,0.9684860706329346,0.12047811597585678,-4.631025314331055,21.262210845947266,-1446.878098419512,0.044475300695185196
s9_21.tif,EpsonV39-2,150,1240,1754,0.7069555302166477,6374.0810546875,0.9917276501655579,0.06376052647829056,-9.299399375915527,90.74230194091797,-1856.8987216046294,0.014018648618825173
s9_22.tif,EpsonV39-2,150,1240,1754,0.7069555302166477,6374.0810546875,0.9931721687316895,0.05779678001999855,-10.51474380493164,116.29576110839844,-1851.8853047386485,0.010650770588884393
s9_23.tif,EpsonV39-2,150,1240,1754,0.7069555302166477,6374.0810546875,0.9853141903877258,0.07907306402921677,-6.943978309631348,50.8040771484375,-1723.4703461702352,0.02266524441828815
s9_24.tif,EpsonV39-2,150,1240,1754,0.7069555302166477,6374.0810546875,0.9883763194084167,0.0727837085723877,-7.499569892883301,58.75199890136719,-1813.3109971286626,0.023939750616103286
s9_25.tif,EpsonV39-2,150,1240,1754,0.7069555302166477,6374.0810546875,0.9765205979347229,0.11559857428073883,-5.470376968383789,29.380783081054688,-1708.9730898891087,0.02552322801338875
s9_26.tif,EpsonV39-2,150,1240,1754,0.7069555302166477,6374.0810546875,0.9838030338287354,0.0917387306690216,-6.633963108062744,44.584232330322266,-1725.5745865916572,0.02116406738514731
s9_27.tif,EpsonV39-2,150,1240,1754,0.7069555302166477,6374.0810546875,0.9615381360054016,0.13921497762203217,-4.033108711242676,15.381780624389648,-1554.1816464705898,0.042545150255636884
s9_28.tif,EpsonV39-2,150,1240,1754,0.7069555302166477,6374.0810546875,0.988904595375061,0.07750409096479416,-8.212457656860352,69.00836181640625,-1808.963967870191,0.013740022805017104
s9_29.tif,EpsonV39-2,150,1240,1754,0.7069555302166477,6374.0810546875,0.9915291666984558,0.056276362389326096,-9.158612251281738,91.82527923583984,-1767.4272295946234,0.010918821495567735
s9_3.tif,EpsonV39-2,150,1240,1754,0.7069555302166477,6374.0810546875,0.9782483577728271,0.10532057285308838,-5.539575099945068,30.9356689453125,-1725.9670755576522,0.034528910876521865
s9_30.tif,EpsonV39-2,150,1240,1754,0.7069555302166477,6374.0810546875,0.9780905246734619,0.09245556592941284,-4.533807754516602,19.759462356567383,-1718.3697410401116,0.02268869312539081
s9_31.tif,EpsonV39-2,150,1240,1754,0.7069555302166477,6374.0810546875,0.9569901823997498,0.136447012424469,-3.6055455207824707,12.336923599243164,-1464.8063592223573,0.06643478500754037
s9_32.tif,EpsonV39-2,150,1240,1754,0.7069555302166477,6374.0810546875,0.9841958284378052,0.08240460604429245,-6.568406105041504,45.6616096496582,-1676.707873583588,0.03728298451465774
s9_33.tif,EpsonV39-2,150,1240,1754,0.7069555302166477,6374.0810546875,0.9590197205543518,0.13850350677967072,-3.856619119644165,14.215507507324219,-1490.1058836893335,0.06035191451796815
s9_34.tif,EpsonV39-2,150,1240,1754,0.7069555302166477,6374.0810546875,0.9863643646240234,0.07878207415342331,-6.982255458831787,51.12858581542969,-1772.2395120833532,0.027331537131717366
s9_35.tif,EpsonV39-2,150,1240,1754,0.7069555302166477,6374.0810546875,0.971409797668457,0.12756864726543427,-4.919729709625244,23.352548599243164,-1658.9692168805698,0.028930647000404604
s9_36.tif,EpsonV39-2,150,1240,1754,0.7069555302166477,6374.0810546875,0.9844054579734802,0.0931469053030014,-6.729348659515381,45.70571517944336,-1819.513999280341,0.02072451907161511
s9_37.tif,EpsonV39-2,150,1240,1754,0.7069555302166477,6374.0810546875,0.9816136956214905,0.09993621706962585,-6.178574562072754,38.40729522705078,-1771.2251549986984,0.024947585242946997
s9_38.tif,EpsonV39-2,150,1240,1754,0.7069555302166477,6374.0810546875,0.9859877824783325,0.08243834227323532,-7.030791282653809,50.99726486206055,-1749.4964787919357,0.021011420899694707
s9_39.tif,EpsonV39-2,150,1240,1754,0.7069555302166477,6374.0810546875,0.9865080118179321,0.07856303453445435,-7.116546154022217,54.15274429321289,-1809.9177022902734,0.0298938831058962
s9_4.tif,EpsonV39-2,150,1240,1754,0.7069555302166477,6374.0810546875,0.9679428339004517,0.12437380105257034,-4.41122579574585,19.18259048461914,-1622.536314467336,0.05560699966895943
s9_40.tif,EpsonV39-2,150,1240,1754,0.7069555302166477,6374.0810546875,0.9821516275405884,0.08242270350456238,-6.693277835845947,49.70771789550781,-1631.6947376017083,0.04311757457608416
s9_41.tif,EpsonV39-2,150,1240,1754,0.7069555302166477,6374.0810546875,0.9599381685256958,0.15110760927200317,-4.064388751983643,15.60322380065918,-1653.9306749945893,0.05046897414205319
s9_42.tif,EpsonV39-2,150,1240,1754,0.7069555302166477,6374.0810546875,0.9677221775054932,0.1325468122959137,-4.354498863220215,17.728601455688477,-1622.9970683179674,0.02338755655276419
s9_43.tif,EpsonV39-2,150,1240,1754,0.7069555302166477,6374.0810546875,0.9857385754585266,0.08192996680736542,-6.842391490936279,48.73906707763672,-1786.5452626529207,0.02588599330562401
s9_44.tif,EpsonV39-2,150,1240,1754,0.7069555302166477,6374.0810546875,0.975300133228302,0.1127706915140152,-5.190768718719482,26.816617965698242,-1694.5165853205683,0.03879749512634715
s9_45.tif,EpsonV39-2,150,1240,1754,0.7069555302166477,6374.0810546875,0.9823684096336365,0.0925406664609909,-6.17191219329834,39.081695556640625,-1741.896295933099,0.030626770147496967
s9_46.tif,EpsonV39-2,150,1240,1754,0.7069555302166477,6374.0810546875,0.9780119061470032,0.10381678491830826,-5.498842239379883,30.71038055419922,-1712.542406991411,0.03650274028028102
s9_47.tif,EpsonV39-2,150,1240,1754,0.7069555302166477,6374.0810546875,0.9793591499328613,0.08189159631729126,-5.6862287521362305,36.74458694458008,-1575.100530937037,0.06089169455989995
s9_48.tif,EpsonV39-2,150,1240,1754,0.7069555302166477,6374.0810546875,0.9843857884407043,0.06603619456291199,-7.013594627380371,58.369388580322266,-1553.8047337910023,0.039581417589289
s9_49.tif,EpsonV39-2,150,1240,1754,0.7069555302166477,6374.0810546875,0.9888060092926025,0.07737556099891663,-8.122718811035156,68.17980194091797,-1846.4569623530338,0.015181888402545335
s9_5.tif,EpsonV39-2,150,1240,1754,0.7069555302166477,6374.0810546875,0.9882988929748535,0.07623139768838882,-7.773115634918213,62.837066650390625,-1809.67027416381,0.019243572295582448
s9_50.tif,EpsonV39-2,150,1240,1754,0.7069555302166477,6374.0810546875,0.9816033244132996,0.09720862656831741,-6.312772274017334,40.9285888671875,-1708.6762413112722,0.020068415051311288
s9_51.tif,EpsonV39-2,150,1240,1754,0.7069555302166477,6374.0810546875,0.9810733199119568,0.09307479113340378,-5.798877716064453,34.6716423034668,-1724.845103051384,0.03206311840217751
s9_52.tif,EpsonV39-2,150,1240,1754,0.7069555302166477,6374.0810546875,0.9317238330841064,0.14179527759552002,-1.8197180032730103,2.0675363540649414,-1451.6458118687476,0.01121491889506014
s9_53.tif,EpsonV39-2,150,1240,1754,0.7069555302166477,6374.0810546875,0.978987991809845,0.10071399062871933,-5.522091865539551,31.276592254638672,-1706.5597996293425,0.022376503475925996
s9_54.tif,EpsonV39-2,150,1240,1754,0.7069555302166477,6374.0810546875,0.9871871471405029,0.07687974721193314,-7.442363262176514,58.250736236572266,-1777.9616651085773,0.013160242027439584
s9_55.tif,EpsonV39-2,150,1240,1754,0.7069555302166477,6374.0810546875,0.9658308625221252,0.10253062844276428,-3.7802157402038574,16.37830352783203,-1494.227461589063,0.031856218045389344
s9_56.tif,EpsonV39-2,150,1240,1754,0.7069555302166477,6374.0810546875,0.9555684328079224,0.12702986598014832,-3.8545780181884766,15.955106735229492,-1409.2814430467613,0.04424403207415309
s9_57.tif,EpsonV39-2,150,1240,1754,0.7069555302166477,6374.0810546875,0.981116771697998,0.09676001965999603,-5.828569412231445,34.139339447021484,-1760.203462521806,0.02767407216684445
s9_58.tif,EpsonV39-2,150,1240,1754,0.7069555302166477,6374.0810546875,0.985680103302002,0.07891739159822464,-6.808681488037109,48.42277908325195,-1726.6928294660681,0.025643230220325892
s9_59.tif,EpsonV39-2,150,1240,1754,0.7069555302166477,6374.0810546875,0.9661518931388855,0.13063237071037292,-4.260283470153809,17.58753776550293,-1620.0367143061565,0.03692987457240593
s9_6.tif,EpsonV39-2,150,1240,1754,0.7069555302166477,6374.0810546875,0.9927934408187866,0.059340883046388626,-10.002100944519043,105.4715347290039,-1880.03346561076,0.01224574245043587
s9_60.tif,EpsonV39-2,150,1240,1754,0.7069555302166477,6374.0810546875,0.9854097366333008,0.08814658224582672,-6.930649757385254,48.66744613647461,-1803.19023135313,0.019409552359583623
s9_61.tif,EpsonV39-2,150,1240,1754,0.7069555302166477,6374.0810546875,0.9875256419181824,0.07624932378530502,-7.374634265899658,56.9262580871582,-1793.633414268518,0.022320410490307866
s9_62.tif,EpsonV39-2,150,1240,1754,0.7069555302166477,6374.0810546875,0.9768031239509583,0.11127305030822754,-5.3277692794799805,28.090068817138672,-1735.2855266169531,0.02760372604553647
s9_63.tif,EpsonV39-2,150,1240,1754,0.7069555302166477,6374.0810546875,0.9672508835792542,0.11520059406757355,-4.787067413330078,22.670495986938477,-1286.5607510136913,0.0315950638172656
s9_64.tif,EpsonV39-2,150,1240,1754,0.7069555302166477,6374.0810546875,0.9647659063339233,0.13234367966651917,-4.224155426025391,16.730485916137695,-1507.1113150006295,0.027332456688858645
s9_65.tif,EpsonV39-2,150,1240,1754,0.7069555302166477,6374.0810546875,0.9666138887405396,0.13176663219928741,-4.2135820388793945,16.6337947845459,-1643.0978123070163,0.036279287894949795
s9_66.tif,EpsonV39-2,150,1240,1754,0.7069555302166477,6374.0810546875,0.9630095362663269,0.1459590196609497,-4.000650405883789,14.532201766967773,-1706.2275233376336,0.02239259572589841
s9_67.tif,EpsonV39-2,150,1240,1754,0.7069555302166477,6374.0810546875,0.8987289071083069,0.14432571828365326,-1.4342676401138306,2.4344472885131836,-1098.4227084463944,0.017545610034207525
s9_68.tif,EpsonV39-2,150,1240,1754,0.7069555302166477,6374.0810546875,0.9775963425636292,0.11642280966043472,-5.764787673950195,32.865203857421875,-1760.8560531786636,0.02077233604296171
s9_69.tif,EpsonV39-2,150,1240,1754,0.7069555302166477,6374.0810546875,0.9855372905731201,0.08465288579463959,-7.061281204223633,51.591796875,-1742.112655547119,0.022690072461102734
s9_7.tif,EpsonV39-2,150,1240,1754,0.7069555302166477,6374.0810546875,0.9864866733551025,0.0808553397655487,-7.2204790115356445,53.7584114074707,-1744.6823510729105,0.021965921212344135
s9_70.tif,EpsonV39-2,150,1240,1754,0.7069555302166477,6374.0810546875,0.9514100551605225,0.15158148109912872,-3.4865739345550537,11.323240280151367,-1441.0644748165735,0.08161621363151506
s9_71.tif,EpsonV39-2,150,1240,1754,0.7069555302166477,6374.0810546875,0.9882706999778748,0.07227002084255219,-7.294665336608887,55.633583068847656,-1831.4234701183934,0.023426637731268622
s9_72.tif,EpsonV39-2,150,1240,1754,0.7069555302166477,6374.0810546875,0.9751138091087341,0.11617876589298248,-5.23768949508667,27.218582153320312,-1730.2130838671073,0.03569031154595947
s9_73.tif,EpsonV39-2,150,1240,1754,0.7069555302166477,6374.0810546875,0.9673614501953125,0.12825900316238403,-4.499135494232178,19.697444915771484,-1581.4549985716867,0.040136370324051936
s9_74.tif,EpsonV39-2,150,1240,1754,0.7069555302166477,6374.0810546875,0.9871184825897217,0.07422635704278946,-7.198495864868164,55.72208023071289,-1797.17135670006,0.022663865082576232
s9_75.tif,EpsonV39-2,150,1240,1754,0.7069555302166477,6374.0810546875,0.9880757331848145,0.07050605863332748,-7.430744647979736,59.67477035522461,-1749.1132702362513,0.020827969250009196
s9_76.tif,EpsonV39-2,150,1240,1754,0.7069555302166477,6374.0810546875,0.987413227558136,0.07787493616342545,-8.078582763671875,68.8484115600586,-1756.319606969969,0.012022290065104645
s9_77.tif,EpsonV39-2,150,1240,1754,0.7069555302166477,6374.0810546875,0.9689329862594604,0.11788657307624817,-4.308730125427246,18.67632484436035,-1641.109953586488,0.048180196417405376
s9_78.tif,EpsonV39-2,150,1240,1754,0.7069555302166477,6374.0810546875,0.9719598293304443,0.10310950130224228,-5.175812244415283,28.543046951293945,-1539.9909719918242,0.033057619450472656
s9_79.tif,EpsonV39-2,150,1240,1754,0.7069555302166477,6374.0810546875,0.9818209409713745,0.09230437874794006,-6.28076696395874,41.16455078125,-1716.989570882417,0.028677768786552395
s9_8.tif,EpsonV39-2,150,1240,1754,0.7069555302166477,6374.0810546875,0.9835955500602722,0.09069963544607162,-6.652249336242676,45.167633056640625,-1688.4645601839743,0.023914922573288703
s9_80.tif,EpsonV39-2,150,1240,1754,0.7069555302166477,6374.0810546875,0.981055736541748,0.09493163228034973,-6.1206464767456055,38.615638732910156,-1705.12945348308,0.0335477434067753
s9_81.tif,EpsonV39-2,150,1240,1754,0.7069555302166477,6374.0810546875,0.9733825922012329,0.1123005673289299,-4.782602310180664,22.944889068603516,-1683.4936507616794,0.03785586861367565
s9_82.tif,EpsonV39-2,150,1240,1754,0.7069555302166477,6374.0810546875,0.9853516817092896,0.09188085794448853,-7.276731967926025,53.47770309448242,-1754.5772303315764,0.015025563688527605
s9_83.tif,EpsonV39-2,150,1240,1754,0.7069555302166477,6374.0810546875,0.9770103693008423,0.10792745649814606,-5.423183917999268,29.529571533203125,-1681.0552337400668,0.037056313679332036
s9_84.tif,EpsonV39-2,150,1240,1754,0.7069555302166477,6374.0810546875,0.9879205822944641,0.07042888551950455,-8.297684669494629,74.94667053222656,-1731.9968770876642,0.019944734615809027
s9_85.tif,EpsonV39-2,150,1240,1754,0.7069555302166477,6374.0810546875,0.9793177843093872,0.10778319835662842,-5.986298561096191,36.375213623046875,-1755.5274783355944,0.01966840769485416
s9_86.tif,EpsonV39-2,150,1240,1754,0.7069555302166477,6374.0810546875,0.9794855117797852,0.10510600358247757,-5.599497318267822,30.795642852783203,-1776.2172835618292,0.02284547761797918
s9_87.tif,EpsonV39-2,150,1240,1754,0.7069555302166477,6374.0810546875,0.9811487197875977,0.09926111251115799,-6.0463972091674805,36.808685302734375,-1734.3226032172747,0.027490620517158938
s9_88.tif,EpsonV39-2,150,1240,1754,0.7069555302166477,6374.0810546875,0.9796768426895142,0.09602538496255875,-5.551231861114502,32.21366882324219,-1698.7131002020658,0.025007816235700888
s9_89.tif,EpsonV39-2,150,1240,1754,0.7069555302166477,6374.0810546875,0.9722267389297485,0.11545391380786896,-4.737846374511719,22.44927215576172,-1689.858886429511,0.04663947842718946
s9_9.tif,EpsonV39-2,150,1240,1754,0.7069555302166477,6374.0810546875,0.9745243787765503,0.11428766697645187,-5.059391021728516,25.470111846923828,-1706.4025815529308,0.0386443888623239
s9_90.tif,EpsonV39-2,150,1240,1754,0.7069555302166477,6374.0810546875,0.9803095459938049,0.09500764310359955,-5.855050563812256,35.924964904785156,-1728.0618292993581,0.043936899988965314
s9_91.tif,EpsonV39-2,150,1240,1754,0.7069555302166477,6374.0810546875,0.9788540005683899,0.10958737879991531,-5.799814701080322,33.43952941894531,-1746.1801838601261,0.024819766800308972
s9_92.tif,EpsonV39-2,150,1240,1754,0.7069555302166477,6374.0810546875,0.9831019639968872,0.0968940481543541,-6.468629837036133,42.2950553894043,-1812.1386299917865,0.02249098834001545
s9_93.tif,EpsonV39-2,150,1240,1754,0.7069555302166477,6374.0810546875,0.9806812405586243,0.10098589211702347,-6.102822780609131,37.6248893737793,-1700.306293420432,0.02669612314709236
s9_94.tif,EpsonV39-2,150,1240,1754,0.7069555302166477,6374.0810546875,0.9827499389648438,0.09876570105552673,-6.5822577476501465,43.6032600402832,-1741.4717932627475,0.019849560451686468
s9_95.tif,EpsonV39-2,150,1240,1754,0.7069555302166477,6374.0810546875,0.9867379069328308,0.0839310958981514,-7.248297691345215,53.86655807495117,-1843.0486122517325,0.021081307242432044
s9_96.tif,EpsonV39-2,150,1240,1754,0.7069555302166477,6374.0810546875,0.9805331826210022,0.10544788092374802,-6.076427459716797,37.07316589355469,-1774.8541241743944,0.015124875859785928
s9_97.tif,EpsonV39-2,150,1240,1754,0.7069555302166477,6374.0810546875,0.9803652763366699,0.09825731068849564,-6.025978088378906,37.53065872192383,-1729.253305405109,0.024943447235811232
s9_98.tif,EpsonV39-2,150,1240,1754,0.7069555302166477,6374.0810546875,0.9600769281387329,0.1353004276752472,-3.860018014907837,14.463241577148438,-1542.2890672075557,0.07404549968735057
s9_99.tif,EpsonV39-2,150,1240,1754,0.7069555302166477,6374.0810546875,0.9816126227378845,0.09860018640756607,-6.542044162750244,43.83347702026367,-1708.6707316730735,0.021225677713613125
s9_1.tif,EpsonV39-2,300,2480,3508,0.7069555302166477,25495.0732421875,0.969156801700592,0.1303499937057495,-4.739528179168701,21.341533660888672,-1539.8814661369179,0.015631207010703644
s9_10.tif,EpsonV39-2,300,2480,3508,0.7069555302166477,25495.0732421875,0.9669967293739319,0.132653146982193,-4.22092866897583,16.542604446411133,-1622.8214023272185,0.014936136756538052
s9_100.tif,EpsonV39-2,300,2480,3508,0.7069555302166477,25495.0732421875,0.9829543828964233,0.09781220555305481,-6.691400051116943,44.912818908691406,-1699.4579615850407,0.01080433663147828
s9_11.tif,EpsonV39-2,300,2480,3508,0.7069555302166477,25495.0732421875,0.9711171984672546,0.12566019594669342,-4.838498592376709,22.645845413208008,-1638.1641277714853,0.026883712803913634
s9_12.tif,EpsonV39-2,300,2480,3508,0.7069555302166477,25495.0732421875,0.984720766544342,0.08333663642406464,-7.691813945770264,60.697383880615234,-1582.6523788509332,0.00926511292161695
s9_13.tif,EpsonV39-2,300,2480,3508,0.7069555302166477,25495.0732421875,0.9771418571472168,0.11012135446071625,-5.667343616485596,31.709705352783203,-1584.8417992964694,0.018929198697907088
s9_14.tif,EpsonV39-2,300,2480,3508,0.7069555302166477,25495.0732421875,0.9767168164253235,0.11410636454820633,-5.545569896697998,30.13045883178711,-1658.101124237786,0.019012533563835657
s9_15.tif,EpsonV39-2,300,2480,3508,0.7069555302166477,25495.0732421875,0.9756265878677368,0.11544399708509445,-5.477816581726074,29.55636215209961,-1638.378206240008,0.022172706624489644
s9_16.tif,EpsonV39-2,300,2480,3508,0.7069555302166477,25495.0732421875,0.9740232229232788,0.10840098559856415,-4.9986042976379395,25.199583053588867,-1573.6568766795604,0.02528069481737595
s9_17.tif,EpsonV39-2,300,2480,3508,0.7069555302166477,25495.0732421875,0.9799073338508606,0.10028456151485443,-5.925917148590088,35.29612731933594,-1646.0865667363648,0.02163028285577666
s9_18.tif,EpsonV39-2,300,2480,3508,0.7069555302166477,25495.0732421875,0.9911538362503052,0.06662857532501221,-9.789666175842285,98.0891342163086,-1741.3250311708498,0.006266552028543054
s9_19.tif,EpsonV39-2,300,2480,3508,0.7069555302166477,25495.0732421875,0.9802042245864868,0.10390112549066544,-6.19500207901001,37.95487976074219,-1621.8162971813197,0.014042901938426455
s9_2.tif,EpsonV39-2,300,2480,3508,0.7069555302166477,25495.0732421875,0.9533531665802002,0.14944235980510712,-3.6620631217956543,12.494539260864258,-1376.1471558584062,0.0501468992533196
s9_20.tif,EpsonV39-2,300,2480,3508,0.7069555302166477,25495.0732421875,0.9661505222320557,0.1283782422542572,-4.581579685211182,20.345199584960938,-1393.137298094324,0.024761949645050945
s9_21.tif,EpsonV39-2,300,2480,3508,0.7069555302166477,25495.0732421875,0.9905601739883423,0.06981109827756882,-9.091025352478027,84.67744445800781,-1779.3852452945987,0.008580617574576083
s9_22.tif,EpsonV39-2,300,2480,3508,0.7069555302166477,25495.0732421875,0.9919597506523132,0.06301094591617584,-10.278899192810059,108.67723083496094,-1762.466777851143,0.006038616802148085
s9_23.tif,EpsonV39-2,300,2480,3508,0.7069555302166477,25495.0732421875,0.9833713173866272,0.08666655421257019,-6.856139183044434,48.44870376586914,-1612.6634699716342,0.012894719902894767
s9_24.tif,EpsonV39-2,300,2480,3508,0.7069555302166477,25495.0732421875,0.9868913888931274,0.08138071745634079,-7.467336654663086,56.7188606262207,-1737.9094369771633,0.013345647736050318
s9_25.tif,EpsonV39-2,300,2480,3508,0.7069555302166477,25495.0732421875,0.974678635597229,0.12176677584648132,-5.3537774085998535,27.633642196655273,-1625.6582805923545,0.01459682017140545
s9_26.tif,EpsonV39-2,300,2480,3508,0.7069555302166477,25495.0732421875,0.9824360013008118,0.09791100025177002,-6.534895420074463,42.43721008300781,-1667.073492264877,0.011844125868981498
s9_27.tif,EpsonV39-2,300,2480,3508,0.7069555302166477,25495.0732421875,0.9599701166152954,0.14639590680599213,-4.008098602294922,14.894327163696289,-1522.7967143708247,0.024935056276897048
s9_28.tif,EpsonV39-2,300,2480,3508,0.7069555302166477,25495.0732421875,0.9873541593551636,0.08262660354375839,-8.017468452453613,64.75466918945312,-1706.853791195021,0.007740717070658771
s9_29.tif,EpsonV39-2,300,2480,3508,0.7069555302166477,25495.0732421875,0.9905899167060852,0.059977833181619644,-9.123624801635742,89.91744232177734,-1707.2653490531638,0.006278391326737043
s9_3.tif,EpsonV39-2,300,2480,3508,0.7069555302166477,25495.0732421875,0.9763460159301758,0.11396066099405289,-5.439720630645752,29.008888244628906,-1657.8619108618107,0.01905012046198551
s9_30.tif,EpsonV39-2,300,2480,3508,0.7069555302166477,25495.0732421875,0.9766458868980408,0.09641817957162857,-4.6032185554504395,20.653352737426758,-1623.9952007067943,0.014202215213153345
s9_31.tif,EpsonV39-2,300,2480,3508,0.7069555302166477,25495.0732421875,0.9531538486480713,0.14864055812358856,-3.60664701461792,11.966981887817383,-1361.6346361920334,0.04050419318056424
s9_32.tif,EpsonV39-2,300,2480,3508,0.7069555302166477,25495.0732421875,0.982297956943512,0.09179379791021347,-6.444783687591553,42.23032760620117,-1611.6055866249737,0.019354149041821457
s9_33.tif,EpsonV39-2,300,2480,3508,0.7069555302166477,25495.0732421875,0.9565877914428711,0.14950254559516907,-3.855046510696411,13.822526931762695,-1457.37664622948,0.03533674182513701
s9_34.tif,EpsonV39-2,300,2480,3508,0.7069555302166477,25495.0732421875,0.9847581386566162,0.08690798282623291,-6.867023944854736,47.826480865478516,-1695.2188473784522,0.015374650568286314
s9_35.tif,EpsonV39-2,300,2480,3508,0.7069555302166477,25495.0732421875,0.9698631167411804,0.13371391594409943,-4.844200611114502,22.249755859375,-1610.523583785928,0.015954661235149152
s9_36.tif,EpsonV39-2,300,2480,3508,0.7069555302166477,25495.0732421875,0.9825977087020874,0.09968509525060654,-6.599978923797607,43.19300842285156,-1700.8755458192359,0.011590557987273329
s9_37.tif,EpsonV39-2,300,2480,3508,0.7069555302166477,25495.0732421875,0.9794248938560486,0.10738539695739746,-6.043039321899414,35.98970413208008,-1644.698235126124,0.014295895096921323
s9_38.tif,EpsonV39-2,300,2480,3508,0.7069555302166477,25495.0732421875,0.9844647645950317,0.08943171799182892,-6.993687629699707,49.479000091552734,-1669.782428461649,0.012109877882811638
s9_39.tif,EpsonV39-2,300,2480,3508,0.7069555302166477,25495.0732421875,0.9852198362350464,0.08617391437292099,-6.939694404602051,49.74711990356445,-1757.5072122523968,0.01629236859528451
s9_4.tif,EpsonV39-2,300,2480,3508,0.7069555302166477,25495.0732421875,0.9652320146560669,0.13632482290267944,-4.342416286468506,17.9078369140625,-1561.937753969111,0.03259358792805385
s9_40.tif,EpsonV39-2,300,2480,3508,0.7069555302166477,25495.0732421875,0.980654239654541,0.08990563452243805,-6.447433948516846,44.47001647949219,-1580.7129837774814,0.02399630338029205
s9_41.tif,EpsonV39-2,300,2480,3508,0.7069555302166477,25495.0732421875,0.9570695161819458,0.1604067087173462,-3.940798759460449,14.193338394165039,-1564.7836575988765,0.02709532589105087
s9_42.tif,EpsonV39-2,300,2480,3508,0.7069555302166477,25495.0732421875,0.9660449028015137,0.138467475771904,-4.35192346572876,17.586008071899414,-1561.7580047944678,0.013065987420458306
s9_43.tif,EpsonV39-2,300,2480,3508,0.7069555302166477,25495.0732421875,0.983816921710968,0.09123985469341278,-6.760199069976807,46.19267654418945,-1689.517343316977,0.016045237613565307
s9_44.tif,EpsonV39-2,300,2480,3508,0.7069555302166477,25495.0732421875,0.9733265042304993,0.12213665246963501,-5.11205530166626,25.315187454223633,-1636.2640770742403,0.02126878195461066
s9_45.tif,EpsonV39-2,300,2480,3508,0.7069555302166477,25495.0732421875,0.9807192087173462,0.101670041680336,-6.102238178253174,37.10472869873047,-1686.258707564672,0.017360204325596793
s9_46.tif,EpsonV39-2,300,2480,3508,0.7069555302166477,25495.0732421875,0.9762546420097351,0.11327198147773743,-5.427945613861084,29.01584243774414,-1658.9451273045786,0.02207994629786295
s9_47.tif,EpsonV39-2,300,2480,3508,0.7069555302166477,25495.0732421875,0.9774685502052307,0.09268346428871155,-5.632362365722656,34.173038482666016,-1527.049915132556,0.03336210780887924
s9_48.tif,EpsonV39-2,300,2480,3508,0.7069555302166477,25495.0732421875,0.9831373691558838,0.0742122232913971,-6.965931415557861,54.50172424316406,-1513.4833035980007,0.021845689116121676
s9_49.tif,EpsonV39-2,300,2480,3508,0.7069555302166477,25495.0732421875,0.987737238407135,0.08294835686683655,-7.9528913497924805,63.979454040527344,-1780.8845568003583,0.009135110530768382
s9_5.tif,EpsonV39-2,300,2480,3508,0.7069555302166477,25495.0732421875,0.9869024157524109,0.08343638479709625,-7.610973834991455,58.66146469116211,-1737.6373261385882,0.011620558539007614
s9_50.tif,EpsonV39-2,300,2480,3508,0.7069555302166477,25495.0732421875,0.9800042510032654,0.1011153906583786,-6.214594841003418,39.295204162597656,-1617.3637443349219,0.01141078456615294
s9_51.tif,EpsonV39-2,300,2480,3508,0.7069555302166477,25495.0732421875,0.9795762896537781,0.1016663983464241,-5.766299724578857,33.36227798461914,-1683.919521844139,0.01867678026262552
s9_52.tif,EpsonV39-2,300,2480,3508,0.7069555302166477,25495.0732421875,0.9310917258262634,0.14372605085372925,-1.8879833221435547,2.4588704109191895,-1380.3369008406194,0.0069388632434619485
s9_53.tif,EpsonV39-2,300,2480,3508,0.7069555302166477,25495.0732421875,0.9773370623588562,0.10637363791465759,-5.498408317565918,30.499561309814453,-1615.0815741576653,0.012109073270313016
s9_54.tif,EpsonV39-2,300,2480,3508,0.7069555302166477,25495.0732421875,0.9861918091773987,0.08114537596702576,-7.411384582519531,56.83956527709961,-1704.7898862629702,0.007647037186890793
s9_55.tif,EpsonV39-2,300,2480,3508,0.7069555302166477,25495.0732421875,0.9640870690345764,0.11022329330444336,-3.952690362930298,17.254535675048828,-1417.1723561292047,0.017412734027292456
s9_56.tif,EpsonV39-2,300,2480,3508,0.7069555302166477,25495.0732421875,0.9534963369369507,0.13608355820178986,-3.8660058975219727,15.362203598022461,-1336.5984649843988,0.02440424191709273
s9_57.tif,EpsonV39-2,300,2480,3508,0.7069555302166477,25495.0732421875,0.9791883826255798,0.10404372960329056,-5.772671222686768,32.90003967285156,-1655.7757164113216,0.015365684886158826
s9_58.tif,EpsonV39-2,300,2480,3508,0.7069555302166477,25495.0732421875,0.9844245314598083,0.0866396352648735,-6.7861528396606445,46.706146240234375,-1682.9696387718095,0.01570661069628867
s9_59.tif,EpsonV39-2,300,2480,3508,0.7069555302166477,25495.0732421875,0.9641140699386597,0.1381044238805771,-4.225828647613525,16.964336395263672,-1555.3332297824386,0.02128039136351933
s9_6.tif,EpsonV39-2,300,2480,3508,0.7069555302166477,25495.0732421875,0.9912434220314026,0.06533805280923843,-9.770722389221191,98.41991424560547,-1744.8396320767513,0.007500252878213852
s9_60.tif,EpsonV39-2,300,2480,3508,0.7069555302166477,25495.0732421875,0.9841604232788086,0.09376298636198044,-6.839565277099609,46.57185745239258,-1724.9626114545292,0.010846521315334534
s9_61.tif,EpsonV39-2,300,2480,3508,0.7069555302166477,25495.0732421875,0.9862604141235352,0.08379340916872025,-7.291000843048096,54.03376770019531,-1734.984501182456,0.013495880384007062
s9_62.tif,EpsonV39-2,300,2480,3508,0.7069555302166477,25495.0732421875,0.9752852916717529,0.11802589148283005,-5.281529903411865,27.119909286499023,-1669.5856513388378,0.015434076948541582
s9_63.tif,EpsonV39-2,300,2480,3508,0.7069555302166477,25495.0732421875,0.9658432602882385,0.120731420814991,-4.783463478088379,22.307024002075195,-1245.9271078588367,0.017276869459668224
s9_64.tif,EpsonV39-2,300,2480,3508,0.7069555302166477,25495.0732421875,0.9630624651908875,0.13729426264762878,-4.192607879638672,16.35852813720703,-1455.517311178669,0.014859813513811748
s9_65.tif,EpsonV39-2,300,2480,3508,0.7069555302166477,25495.0732421875,0.9646039605140686,0.13945125043392181,-4.1983208656311035,16.315580368041992,-1581.1945624580335,0.02052830856659433
s9_66.tif,EpsonV39-2,300,2480,3508,0.7069555302166477,25495.0732421875,0.9609349966049194,0.1517060548067093,-3.9936106204986572,14.420135498046875,-1601.4874505022788,0.012454596866149262
s9_67.tif,EpsonV39-2,300,2480,3508,0.7069555302166477,25495.0732421875,0.8958501219749451,0.14940017461776733,-1.4808833599090576,2.4919652938842773,-1011.3924321717886,0.010176853827196823
s9_68.tif,EpsonV39-2,300,2480,3508,0.7069555302166477,25495.0732421875,0.9763747453689575,0.12168824672698975,-5.654761791229248,31.070831298828125,-1701.0419950142748,0.012594714385551918
s9_69.tif,EpsonV39-2,300,2480,3508,0.7069555302166477,25495.0732421875,0.9841082096099854,0.09230980277061462,-6.949117660522461,48.62468338012695,-1685.706091007844,0.013593583330268142
s9_7.tif,EpsonV39-2,300,2480,3508,0.7069555302166477,25495.0732421875,0.9848819971084595,0.08870092034339905,-7.156234264373779,51.622772216796875,-1669.7343451006118,0.012824603670872108
s9_70.tif,EpsonV39-2,300,2480,3508,0.7069555302166477,25495.0732421875,0.9469768404960632,0.1671273559331894,-3.4412450790405273,10.561721801757812,-1364.6684168874303,0.047247075808290726
s9_71.tif,EpsonV39-2,300,2480,3508,0.7069555302166477,25495.0732421875,0.9868394136428833,0.0814545676112175,-7.34273624420166,54.92607498168945,-1763.4762095248789,0.01446176021627984
s9_72.tif,EpsonV39-2,300,2480,3508,0.7069555302166477,25495.0732421875,0.9729982614517212,0.12525668740272522,-5.1523966789245605,25.685253143310547,-1656.191042875223,0.019971516717548828
s9_73.tif,EpsonV39-2,300,2480,3508,0.7069555302166477,25495.0732421875,0.9657513499259949,0.13546644151210785,-4.4688944816589355,19.046104431152344,-1540.8439597976064,0.02330445157612094
s9_74.tif,EpsonV39-2,300,2480,3508,0.7069555302166477,25495.0732421875,0.9857401847839355,0.08249608427286148,-7.2352824211120605,54.477176666259766,-1723.1346797759254,0.013797839960275131
s9_75.tif,EpsonV39-2,300,2480,3508,0.7069555302166477,25495.0732421875,0.9866595268249512,0.07753753662109375,-7.435174465179443,58.06776809692383,-1678.7976106500091,0.011226183470040828
s9_76.tif,EpsonV39-2,300,2480,3508,0.7069555302166477,25495.0732421875,0.9859106540679932,0.08224182575941086,-7.96850061416626,65.8690414428711,-1640.2387405315017,0.00673403189024166
s9_77.tif,EpsonV39-2,300,2480,3508,0.7069555302166477,25495.0732421875,0.9660286903381348,0.1293221116065979,-4.315934181213379,18.213354110717773,-1554.6232744028239,0.026339449920918086
s9_78.tif,EpsonV39-2,300,2480,3508,0.7069555302166477,25495.0732421875,0.970443606376648,0.11182782799005508,-5.202432632446289,27.90481948852539,-1485.7928988000526,0.018102516827895685
s9_79.tif,EpsonV39-2,300,2480,3508,0.7069555302166477,25495.0732421875,0.9802958369255066,0.10082867741584778,-6.202417373657227,38.88359832763672,-1663.3077504030834,0.016469498289623716
s9_8.tif,EpsonV39-2,300,2480,3508,0.7069555302166477,25495.0732421875,0.9818184971809387,0.0980154424905777,-6.528184413909912,42.51615905761719,-1610.4506861477446,0.013701401405083313
s9_80.tif,EpsonV39-2,300,2480,3508,0.7069555302166477,25495.0732421875,0.9790948033332825,0.10450754314661026,-6.018552303314209,36.212100982666016,-1632.286724635286,0.017776648765954316
s9_81.tif,EpsonV39-2,300,2480,3508,0.7069555302166477,25495.0732421875,0.9703380465507507,0.12504933774471283,-4.787209510803223,22.264299392700195,-1573.2799890910653,0.027783614411299517
s9_82.tif,EpsonV39-2,300,2480,3508,0.7069555302166477,25495.0732421875,0.9837735891342163,0.0965709239244461,-7.139965534210205,50.7988395690918,-1651.7181183262624,0.008391648582042888
s9_83.tif,EpsonV39-2,300,2480,3508,0.7069555302166477,25495.0732421875,0.9751502275466919,0.11800036579370499,-5.367928981781006,28.131338119506836,-1641.0011075097034,0.02090728105344466
s9_84.tif,EpsonV39-2,300,2480,3508,0.7069555302166477,25495.0732421875,0.9867221713066101,0.07611648738384247,-8.126577377319336,70.02999114990234,-1666.687007065134,0.012311720675322765
s9_85.tif,EpsonV39-2,300,2480,3508,0.7069555302166477,25495.0732421875,0.9780893921852112,0.1127663254737854,-5.898820877075195,34.744319915771484,-1693.5128837452105,0.011102043255967926
s9_86.tif,EpsonV39-2,300,2480,3508,0.7069555302166477,25495.0732421875,0.9781031608581543,0.1099928766489029,-5.537585258483887,29.729015350341797,-1689.2315786193426,0.012279191341449957
s9_87.tif,EpsonV39-2,300,2480,3508,0.7069555302166477,25495.0732421875,0.9793639779090881,0.10684694349765778,-5.964914321899414,35.09324645996094,-1652.7689987492058,0.015459249825284143
s9_88.tif,EpsonV39-2,300,2480,3508,0.7069555302166477,25495.0732421875,0.9773520231246948,0.10315658897161484,-5.556097507476807,31.645904541015625,-1562.5003718186033,0.014563486225034023
s9_89.tif,EpsonV39-2,300,2480,3508,0.7069555302166477,25495.0732421875,0.969375729560852,0.12758809328079224,-4.718699932098389,21.656593322753906,-1596.9182091352968,0.027648784345459226
s9_9.tif,EpsonV39-2,300,2480,3508,0.7069555302166477,25495.0732421875,0.9725591540336609,0.12359219044446945,-4.961911201477051,23.80849266052246,-1659.007602943251,0.022328111781366095
s9_90.tif,EpsonV39-2,300,2480,3508,0.7069555302166477,25495.0732421875,0.9777513146400452,0.10585188865661621,-5.703263282775879,32.770301818847656,-1623.5971005342565,0.02423837679773421
s9_91.tif,EpsonV39-2,300,2480,3508,0.7069555302166477,25495.0732421875,0.9772891402244568,0.11628147959709167,-5.700552940368652,31.687999725341797,-1681.5973887731684,0.013608756023099276
s9_92.tif,EpsonV39-2,300,2480,3508,0.7069555302166477,25495.0732421875,0.981521487236023,0.10358044505119324,-6.372427940368652,40.29423904418945,-1718.3010454072864,0.012505172508919703
s9_93.tif,EpsonV39-2,300,2480,3508,0.7069555302166477,25495.0732421875,0.9789769649505615,0.10879078507423401,-6.0261688232421875,35.85221481323242,-1632.5282259822284,0.015121542465148784
s9_94.tif,EpsonV39-2,300,2480,3508,0.7069555302166477,25495.0732421875,0.9806010127067566,0.1049758791923523,-6.450018882751465,41.138057708740234,-1607.703113793507,0.011245839003935705
s9_95.tif,EpsonV39-2,300,2480,3508,0.7069555302166477,25495.0732421875,0.9853812456130981,0.09151060879230499,-7.132909297943115,51.02802276611328,-1779.712380697672,0.012127234523853312
s9_96.tif,EpsonV39-2,300,2480,3508,0.7069555302166477,25495.0732421875,0.9793974161148071,0.10945621877908707,-6.020809650421143,35.980445861816406,-1703.10800415035,0.008056699893331371
s9_97.tif,EpsonV39-2,300,2480,3508,0.7069555302166477,25495.0732421875,0.9788669943809509,0.10552190989255905,-5.975959300994873,36.03657531738281,-1664.9152655375856,0.013806920587045279
s9_98.tif,EpsonV39-2,300,2480,3508,0.7069555302166477,25495.0732421875,0.9567520618438721,0.15052233636379242,-3.821852684020996,13.552600860595703,-1501.9537443755476,0.044063568985176736
s9_99.tif,EpsonV39-2,300,2480,3508,0.7069555302166477,25495.0732421875,0.980108916759491,0.10465226322412491,-6.4096245765686035,41.1680908203125,-1634.5797874919936,0.01150814267848604
s10_1.tif,EpsonV550,150,1239,1754,0.7063854047890535,6368.9423828125,0.9701963663101196,0.12144112586975098,-4.79574728012085,22.230045318603516,-1457.2234236050888,0.030952887117005935
s10_10.tif,EpsonV550,150,1239,1754,0.7063854047890535,6368.9423828125,0.9696605205535889,0.11735985428094864,-4.205742835998535,16.55291748046875,-1523.7122587685585,0.027139626892250437
s10_100.tif,EpsonV550,150,1239,1754,0.7063854047890535,6368.9423828125,0.9830548763275146,0.08919810503721237,-6.743287086486816,46.348411560058594,-1558.689405309525,0.018995898225939004
s10_11.tif,EpsonV550,150,1239,1754,0.7063854047890535,6368.9423828125,0.9734984636306763,0.10849042236804962,-4.965217590332031,24.832918167114258,-1512.2388881780703,0.049686500037272124
s10_12.tif,EpsonV550,150,1239,1754,0.7063854047890535,6368.9423828125,0.9852578639984131,0.07329782843589783,-7.86003303527832,65.17737579345703,-1483.8598969325242,0.01719349201134177
s10_13.tif,EpsonV550,150,1239,1754,0.7063854047890535,6368.9423828125,0.9787009358406067,0.09494800120592117,-5.800036907196045,34.441993713378906,-1481.8668414520687,0.03639829818250088
s10_14.tif,EpsonV550,150,1239,1754,0.7063854047890535,6368.9423828125,0.9791101217269897,0.09936794638633728,-5.65639066696167,32.22868728637695,-1611.5070401485182,0.033473126799760354
s10_15.tif,EpsonV550,150,1239,1754,0.7063854047890535,6368.9423828125,0.9766265749931335,0.10172595828771591,-5.5732808113098145,31.530494689941406,-1480.884171157877,0.038763007280487906
s10_16.tif,EpsonV550,150,1239,1754,0.7063854047890535,6368.9423828125,0.9736074209213257,0.10119061172008514,-4.855582237243652,24.117799758911133,-1440.5294058781137,0.04523041073878868
s10_17.tif,EpsonV550,150,1239,1754,0.7063854047890535,6368.9423828125,0.9813728928565979,0.08520958572626114,-6.047979831695557,38.372039794921875,-1526.2783618367923,0.037337463636673195
s10_18.tif,EpsonV550,150,1239,1754,0.7063854047890535,6368.9423828125,0.9910352230072021,0.05930667743086815,-9.886977195739746,102.77888488769531,-1623.9519860341425,0.011773849326755034
s10_19.tif,EpsonV550,150,1239,1754,0.7063854047890535,6368.9423828125,0.981467604637146,0.0919317901134491,-6.306053638458252,40.3508415222168,-1536.6454338629283,0.025166965303795405
s10_2.tif,EpsonV550,150,1239,1754,0.7063854047890535,6368.9423828125,0.9576631784439087,0.12716084718704224,-3.700762987136841,13.519678115844727,-1291.4495779245478,0.08125552754777964
s10_20.tif,EpsonV550,150,1239,1754,0.7063854047890535,6368.9423828125,0.9663257598876953,0.11799246072769165,-4.5916900634765625,20.944652557373047,-1262.1806449034214,0.045097427487315975
s10_21.tif,EpsonV550,150,1239,1754,0.7063854047890535,6368.9423828125,0.9913918375968933,0.0608164481818676,-9.323809623718262,91.7070541381836,-1732.862722587451,0.014396242233824129
s10_22.tif,EpsonV550,150,1239,1754,0.7063854047890535,6368.9423828125,0.9916984438896179,0.05540474131703377,-10.484294891357422,116.75093841552734,-1626.973462522754,0.011042671518484672
s10_23.tif,EpsonV550,150,1239,1754,0.7063854047890535,6368.9423828125,0.9837172627449036,0.07864575833082199,-6.855640888214111,49.35911178588867,-1524.1101281836782,0.023263326164201646
s10_24.tif,EpsonV550,150,1239,1754,0.7063854047890535,6368.9423828125,0.9872874617576599,0.06908059865236282,-7.493469715118408,59.15532684326172,-1588.2060892470358,0.024642854842108847
s10_25.tif,EpsonV550,150,1239,1754,0.7063854047890535,6368.9423828125,0.9760041236877441,0.11034967005252838,-5.4899001121521,29.683731079101562,-1520.3893832366152,0.02548584901753446
s10_26.tif,EpsonV550,150,1239,1754,0.7063854047890535,6368.9423828125,0.9829451441764832,0.08751991391181946,-6.651823997497559,44.98427963256836,-1542.066634278617,0.021650041459484282
s10_27.tif,EpsonV550,150,1239,1754,0.7063854047890535,6368.9423828125,0.962247371673584,0.1377398520708084,-4.065608501434326,15.634366989135742,-1511.5132739309324,0.042621822321491844
s10_28.tif,EpsonV550,150,1239,1754,0.7063854047890535,6368.9423828125,0.9874477982521057,0.07429014891386032,-8.205765724182129,69.41259002685547,-1583.6799471489808,0.014197457581103677
s10_29.tif,EpsonV550,150,1239,1754,0.7063854047890535,6368.9423828125,0.9835834503173828,0.05764096602797508,-8.474210739135742,80.13227844238281,-1269.8512183166984,0.010965826525419128
s10_3.tif,EpsonV550,150,1239,1754,0.7063854047890535,6368.9423828125,0.9788987040519714,0.09935948252677917,-5.600862979888916,31.816539764404297,-1628.4176820557,0.035441186891624635
s10_30.tif,EpsonV550,150,1239,1754,0.7063854047890535,6368.9423828125,0.9754023551940918,0.09608186781406403,-4.507907390594482,19.341686248779297,-1486.8020997819922,0.023873024462476175
s10_31.tif,EpsonV550,150,1239,1754,0.7063854047890535,6368.9423828125,0.9567771553993225,0.13318808376789093,-3.618964433670044,12.492324829101562,-1319.3911840380833,0.06724305012962416
s10_32.tif,EpsonV550,150,1239,1754,0.7063854047890535,6368.9423828125,0.9832871556282043,0.07682596892118454,-6.707162380218506,48.4880256652832,-1491.3056640781924,0.03733378243940059
s10_33.tif,EpsonV550,150,1239,1754,0.7063854047890535,6368.9423828125,0.9602146744728088,0.13418494164943695,-3.875006914138794,14.396598815917969,-1440.8638023390922,0.06060723189610189
s10_34.tif,EpsonV550,150,1239,1754,0.7063854047890535,6368.9423828125,0.9851912260055542,0.0758909210562706,-7.0456719398498535,52.48863220214844,-1556.8415072031546,0.027760828932001845
s10_35.tif,EpsonV550,150,1239,1754,0.7063854047890535,6368.9423828125,0.9719355702400208,0.12193294614553452,-4.961609840393066,23.826068878173828,-1529.805021849018,0.02901841795025414
s10_36.tif,EpsonV550,150,1239,1754,0.7063854047890535,6368.9423828125,0.9830914735794067,0.0894910991191864,-6.705455780029297,45.64960479736328,-1571.2799058415467,0.021317813405632047
s10_37.tif,EpsonV550,150,1239,1754,0.7063854047890535,6368.9423828125,0.980809211730957,0.09500482678413391,-6.205781936645508,38.921409606933594,-1545.3692057966553,0.025248871943110776
s10_38.tif,EpsonV550,150,1239,1754,0.7063854047890535,6368.9423828125,0.9845173358917236,0.07894134521484375,-6.9580254554748535,49.92086410522461,-1531.5043675612703,0.021533623595738276
s10_39.tif,EpsonV550,150,1239,1754,0.7063854047890535,6368.9423828125,0.9865368008613586,0.07458184659481049,-7.15340518951416,55.029109954833984,-1688.7637574084877,0.03028613026100609
s10_4.tif,EpsonV550,150,1239,1754,0.7063854047890535,6368.9423828125,0.9678571820259094,0.11792295426130295,-4.44005823135376,19.58555030822754,-1423.9144766745685,0.055819834843084365
s10_40.tif,EpsonV550,150,1239,1754,0.7063854047890535,6368.9423828125,0.9812494516372681,0.07850393652915955,-6.750155448913574,50.90019607543945,-1433.6330009689273,0.043599180197367395
s10_41.tif,EpsonV550,150,1239,1754,0.7063854047890535,6368.9423828125,0.9607185125350952,0.14443734288215637,-4.107520580291748,16.030555725097656,-1489.7114214949563,0.05064913312405727
s10_42.tif,EpsonV550,150,1239,1754,0.7063854047890535,6368.9423828125,0.9676936864852905,0.1252279430627823,-4.380126953125,18.04851531982422,-1444.3990411598056,0.02422687955030494
s10_43.tif,EpsonV550,150,1239,1754,0.7063854047890535,6368.9423828125,0.9858219623565674,0.07756300270557404,-6.885339260101318,49.63452911376953,-1669.575928131302,0.02629387181887037
s10_44.tif,EpsonV550,150,1239,1754,0.7063854047890535,6368.9423828125,0.9745787978172302,0.10728767514228821,-5.197180271148682,27.019792556762695,-1477.5784661342118,0.03915597508933805
s10_45.tif,EpsonV550,150,1239,1754,0.7063854047890535,6368.9423828125,0.981845498085022,0.0875217616558075,-6.212360858917236,39.88467788696289,-1549.1404437049114,0.031169157456771242
s10_46.tif,EpsonV550,150,1239,1754,0.7063854047890535,6368.9423828125,0.9773892760276794,0.09875007718801498,-5.536252975463867,31.36310577392578,-1495.9908111344225,0.03700017393657113
s10_47.tif,EpsonV550,150,1239,1754,0.7063854047890535,6368.9423828125,0.9785721898078918,0.07715535163879395,-5.704937934875488,37.33863830566406,-1382.9520390536209,0.060800954902572514
s10_48.tif,EpsonV550,150,1239,1754,0.7063854047890535,6368.9423828125,0.9833292365074158,0.06250176578760147,-7.049132347106934,59.5699462890625,-1393.7295584662963,0.040073973659192914
s10_49.tif,EpsonV550,150,1239,1754,0.7063854047890535,6368.9423828125,0.9884881973266602,0.07393207401037216,-8.155106544494629,69.07917785644531,-1704.6465971157843,0.015618399728327641
s10_5.tif,EpsonV550,150,1239,1754,0.7063854047890535,6368.9423828125,0.9872127771377563,0.07217175513505936,-7.792853832244873,63.62274932861328,-1592.5686381069404,0.020066206332947728
s10_50.tif,EpsonV550,150,1239,1754,0.7063854047890535,6368.9423828125,0.9789685010910034,0.10175725817680359,-6.179879188537598,38.48832702636719,-1510.6331333827577,0.019741340673640695
s10_51.tif,EpsonV550,150,1239,1754,0.7063854047890535,6368.9423828125,0.9812047481536865,0.088262639939785,-5.82382345199585,35.291568756103516,-1611.7368025059484,0.032728604651376815
s10_52.tif,EpsonV550,150,1239,1754,0.7063854047890535,6368.9423828125,0.9238436818122864,0.15423187613487244,-1.7294138669967651,1.3830680847167969,-1283.9142077637919,0.011538712850967648
s10_53.tif,EpsonV550,150,1239,1754,0.7063854047890535,6368.9423828125,0.9714776277542114,0.10274282842874527,-5.243003845214844,27.66983413696289,-1244.9502423494316,0.022387201213322622
s10_54.tif,EpsonV550,150,1239,1754,0.7063854047890535,6368.9423828125,0.9857413172721863,0.07632184028625488,-7.224177360534668,54.70988464355469,-1589.9955180900672,0.013870291173501269
s10_55.tif,EpsonV550,150,1239,1754,0.7063854047890535,6368.9423828125,0.9660658240318298,0.09507956355810165,-3.829578161239624,17.239364624023438,-1313.8683246239611,0.03298168696386813
s10_56.tif,EpsonV550,150,1239,1754,0.7063854047890535,6368.9423828125,0.9574671387672424,0.11963507533073425,-4.001537322998047,17.21670150756836,-1271.51940185462,0.04475047464437334
s10_57.tif,EpsonV550,150,1239,1754,0.7063854047890535,6368.9423828125,0.9806948900222778,0.09422743320465088,-5.8311967849731445,34.2501106262207,-1618.7044510957178,0.02829552283584713
s10_58.tif,EpsonV550,150,1239,1754,0.7063854047890535,6368.9423828125,0.9811525940895081,0.0756809264421463,-6.729777812957764,47.85791778564453,-1337.0370552112377,0.025522200840601396
s10_59.tif,EpsonV550,150,1239,1754,0.7063854047890535,6368.9423828125,0.9657918810844421,0.12627257406711578,-4.184518337249756,16.745553970336914,-1460.9355108134816,0.037486091976554455
s10_6.tif,EpsonV550,150,1239,1754,0.7063854047890535,6368.9423828125,0.9906653761863708,0.05698021501302719,-9.696717262268066,101.40966796875,-1608.7217323278032,0.012777895882856941
s10_60.tif,EpsonV550,150,1239,1754,0.7063854047890535,6368.9423828125,0.9844748973846436,0.08397224545478821,-6.91190242767334,48.68854522705078,-1589.3429893050395,0.020282016523053958
s10_61.tif,EpsonV550,150,1239,1754,0.7063854047890535,6368.9423828125,0.9868484735488892,0.07238341122865677,-7.355828285217285,56.964927673339844,-1613.8364557578059,0.022790752464331498
s10_62.tif,EpsonV550,150,1239,1754,0.7063854047890535,6368.9423828125,0.9762726426124573,0.1072513684630394,-5.308719635009766,27.856603622436523,-1546.5616710248705,0.028328193461641463
s10_63.tif,EpsonV550,150,1239,1754,0.7063854047890535,6368.9423828125,0.9643076658248901,0.11379361897706985,-4.78079891204834,22.628877639770508,-1135.3510238551332,0.03247276144093105
s10_64.tif,EpsonV550,150,1239,1754,0.7063854047890535,6368.9423828125,0.9624630808830261,0.13304659724235535,-4.23884916305542,16.8056583404541,-1319.0858745155506,0.028032317230856165
s10_65.tif,EpsonV550,150,1239,1754,0.7063854047890535,6368.9423828125,0.9667581915855408,0.12992550432682037,-4.242685317993164,16.870929718017578,-1566.6721217376937,0.03681565392328201
s10_66.tif,EpsonV550,150,1239,1754,0.7063854047890535,6368.9423828125,0.9629091024398804,0.13815636932849884,-4.006284236907959,14.656606674194336,-1468.0027207075298,0.023100433184889052
s10_67.tif,EpsonV550,150,1239,1754,0.7063854047890535,6368.9423828125,0.8893908858299255,0.152796670794487,-1.2228307723999023,1.1509332656860352,-970.2972949214401,0.01808894324790195
s10_68.tif,EpsonV550,150,1239,1754,0.7063854047890535,6368.9423828125,0.977057158946991,0.11192933470010757,-5.797320365905762,33.40264129638672,-1557.1601373667963,0.021615990384712725
s10_69.tif,EpsonV550,150,1239,1754,0.7063854047890535,6368.9423828125,0.9841330051422119,0.08047539740800858,-7.088089942932129,52.42021942138672,-1519.149385496682,0.023251362273065693
s10_7.tif,EpsonV550,150,1239,1754,0.7063854047890535,6368.9423828125,0.9847735166549683,0.07692290842533112,-7.1299896240234375,53.03248977661133,-1526.0321083918343,0.02256251823343024
s10_70.tif,EpsonV550,150,1239,1754,0.7063854047890535,6368.9423828125,0.9531482458114624,0.14215275645256042,-3.517947196960449,11.61731243133545,-1296.7251287412132,0.08225129141001819
s10_71.tif,EpsonV550,150,1239,1754,0.7063854047890535,6368.9423828125,0.9880056381225586,0.06834869086742401,-7.280713081359863,55.75003433227539,-1684.4050163441357,0.02453517982188527
s10_72.tif,EpsonV550,150,1239,1754,0.7063854047890535,6368.9423828125,0.9749141335487366,0.11007290333509445,-5.2760772705078125,27.757007598876953,-1522.8003088654827,0.036406120726705155
s10_73.tif,EpsonV550,150,1239,1754,0.7063854047890535,6368.9423828125,0.9668682813644409,0.12558294832706451,-4.499382495880127,19.717802047729492,-1432.6719736788893,0.04106881722211332
s10_74.tif,EpsonV550,150,1239,1754,0.7063854047890535,6368.9423828125,0.9856396317481995,0.0713801458477974,-7.020814418792725,53.48283386230469,-1560.2650305746615,0.023694026245095954
s10_75.tif,EpsonV550,150,1239,1754,0.7063854047890535,6368.9423828125,0.9857653975486755,0.07089725881814957,-7.172928810119629,54.42013168334961,-1515.6955932874935,0.021737469894708556
s10_76.tif,EpsonV550,150,1239,1754,0.7063854047890535,6368.9423828125,0.9847560524940491,0.07576073706150055,-7.793980598449707,64.90443420410156,-1500.2032542023187,0.013061348072847213
s10_77.tif,EpsonV550,150,1239,1754,0.7063854047890535,6368.9423828125,0.9685231447219849,0.11584892123937607,-4.2169365882873535,17.534189224243164,-1517.4195802928984,0.04868107303219299
s10_78.tif,EpsonV550,150,1239,1754,0.7063854047890535,6368.9423828125,0.9698898792266846,0.09931638836860657,-4.9226250648498535,26.238550186157227,-1362.620662768877,0.033870696105201256
s10_79.tif,EpsonV550,150,1239,1754,0.7063854047890535,6368.9423828125,0.980739951133728,0.08858969062566757,-6.198855876922607,40.5230827331543,-1527.6754649830536,0.029520441228305095
s10_8.tif,EpsonV550,150,1239,1754,0.7063854047890535,6368.9423828125,0.9820168018341064,0.08602331578731537,-6.65000581741333,45.48292922973633,-1476.9206163710762,0.024666782624380754
s10_80.tif,EpsonV550,150,1239,1754,0.7063854047890535,6368.9423828125,0.9802776575088501,0.0899117961525917,-6.138499736785889,39.2088508605957,-1489.2266213070743,0.0339420193023579
s10_81.tif,EpsonV550,150,1239,1754,0.7063854047890535,6368.9423828125,0.9733513593673706,0.10409329831600189,-4.812469482421875,23.55814552307129,-1457.9829608449181,0.03897283552502616
s10_82.tif,EpsonV550,150,1239,1754,0.7063854047890535,6368.9423828125,0.9832882881164551,0.08830399066209793,-7.2450127601623535,53.2250862121582,-1507.6559243003196,0.015683280830257232
s10_83.tif,EpsonV550,150,1239,1754,0.7063854047890535,6368.9423828125,0.9778662323951721,0.10180631279945374,-5.474074840545654,30.242938995361328,-1596.7906945913264,0.03728132537826603
s10_84.tif,EpsonV550,150,1239,1754,0.7063854047890535,6368.9423828125,0.986117959022522,0.06754196435213089,-8.138978958129883,73.31684875488281,-1512.8860595603426,0.019768029353867053
s10_85.tif,EpsonV550,150,1239,1754,0.7063854047890535,6368.9423828125,0.9782508015632629,0.10416433960199356,-5.904894828796387,35.46126937866211,-1545.854400270182,0.020138449829422523
s10_86.tif,EpsonV550,150,1239,1754,0.7063854047890535,6368.9423828125,0.9785763621330261,0.10083211213350296,-5.596639633178711,30.88650131225586,-1542.913132226846,0.023857379374067622
s10_87.tif,EpsonV550,150,1239,1754,0.7063854047890535,6368.9423828125,0.9800741672515869,0.09423080086708069,-6.092824459075928,37.595977783203125,-1504.1625830576104,0.028113303570853385
s10_88.tif,EpsonV550,150,1239,1754,0.7063854047890535,6368.9423828125,0.9768810272216797,0.09639282524585724,-5.349206447601318,29.249168395996094,-1452.268513468431,0.025430170908786374
s10_89.tif,EpsonV550,150,1239,1754,0.7063854047890535,6368.9423828125,0.972463846206665,0.11012369394302368,-4.700471878051758,22.099365234375,-1549.2857945526414,0.04737792919769226
s10_9.tif,EpsonV550,150,1239,1754,0.7063854047890535,6368.9423828125,0.975091278553009,0.10910305380821228,-5.104158878326416,26.06097412109375,-1600.4185354349413,0.038674658545945484
s10_90.tif,EpsonV550,150,1239,1754,0.7063854047890535,6368.9423828125,0.9790430665016174,0.09136302769184113,-5.85930061340332,36.12766647338867,-1492.2065618638642,0.04448082694415532
s10_91.tif,EpsonV550,150,1239,1754,0.7063854047890535,6368.9423828125,0.9785647392272949,0.10418516397476196,-5.822579860687256,33.79629898071289,-1563.5281363799816,0.02532111543958557
s10_92.tif,EpsonV550,150,1239,1754,0.7063854047890535,6368.9423828125,0.9820815324783325,0.09318457543849945,-6.451364517211914,42.18814468383789,-1579.4349064552534,0.023255043470338292
s10_93.tif,EpsonV550,150,1239,1754,0.7063854047890535,6368.9423828125,0.9796928763389587,0.09571673721075058,-6.131233215332031,38.13840866088867,-1491.5466121831073,0.027639349422006014
s10_94.tif,EpsonV550,150,1239,1754,0.7063854047890535,6368.9423828125,0.9811407923698425,0.09381534159183502,-6.588975429534912,43.945068359375,-1496.2903797771437,0.020865946440420283
s10_95.tif,EpsonV550,150,1239,1754,0.7063854047890535,6368.9423828125,0.986335039138794,0.07984038442373276,-7.227241039276123,53.87333297729492,-1676.0800945459328,0.021837322370727854
s10_96.tif,EpsonV550,150,1239,1754,0.7063854047890535,6368.9423828125,0.979251503944397,0.1024056002497673,-5.975548267364502,35.8270378112793,-1557.7326969832145,0.015449064653787998
s10_97.tif,EpsonV550,150,1239,1754,0.7063854047890535,6368.9423828125,0.9793617129325867,0.09463698416948318,-5.8778910636901855,35.96333312988281,-1546.3529356940508,0.02587651607808924
s10_98.tif,EpsonV550,150,1239,1754,0.7063854047890535,6368.9423828125,0.9613088369369507,0.12723581492900848,-3.906919002532959,14.967018127441406,-1384.836071405828,0.07449132755937542
s10_99.tif,EpsonV550,150,1239,1754,0.7063854047890535,6368.9423828125,0.9795997142791748,0.09452550858259201,-6.497433662414551,43.74711990356445,-1460.5496740155404,0.021771981119139187
s10_1.tif,EpsonV550,300,2478,3508,0.7063854047890535,25474.5185546875,0.9683621525764465,0.12651243805885315,-4.757930755615234,21.584714889526367,-1385.8738827287432,0.01611352076149247
s10_10.tif,EpsonV550,300,2478,3508,0.7063854047890535,25474.5185546875,0.9678424596786499,0.12358997762203217,-4.257142066955566,16.966218948364258,-1454.0427406280126,0.017918687874044156
s10_100.tif,EpsonV550,300,2478,3508,0.7063854047890535,25474.5185546875,0.9815903306007385,0.09446824342012405,-6.627577304840088,44.01063919067383,-1498.8198675860838,0.011289196698334166
s10_11.tif,EpsonV550,300,2478,3508,0.7063854047890535,25474.5185546875,0.971049427986145,0.11852306872606277,-4.879531383514404,23.213848114013672,-1450.8534271886936,0.027383046061901173
s10_12.tif,EpsonV550,300,2478,3508,0.7063854047890535,25474.5185546875,0.9838327765464783,0.07852479815483093,-7.721293926239014,61.539398193359375,-1426.3329925213077,0.009737226935688563
s10_13.tif,EpsonV550,300,2478,3508,0.7063854047890535,25474.5185546875,0.976460337638855,0.10334132611751556,-5.709994792938232,32.498905181884766,-1415.4190404519575,0.01937241568447722
s10_14.tif,EpsonV550,300,2478,3508,0.7063854047890535,25474.5185546875,0.9772597551345825,0.10725157707929611,-5.595590591430664,30.845165252685547,-1545.777549355965,0.01940439608578294
s10_15.tif,EpsonV550,300,2478,3508,0.7063854047890535,25474.5185546875,0.9744858741760254,0.10933268815279007,-5.4947404861450195,29.957496643066406,-1412.2869146431724,0.022543076910334317
s10_16.tif,EpsonV550,300,2478,3508,0.7063854047890535,25474.5185546875,0.9715350270271301,0.1083497628569603,-4.856586456298828,23.64349937438965,-1373.825285073882,0.025871109319595104
s10_17.tif,EpsonV550,300,2478,3508,0.7063854047890535,25474.5185546875,0.979428768157959,0.09406525641679764,-5.9620184898376465,36.05851364135742,-1471.7724973565118,0.022015515326204695
s10_18.tif,EpsonV550,300,2478,3508,0.7063854047890535,25474.5185546875,0.9896050095558167,0.0635954812169075,-9.722733497619629,97.82664489746094,-1541.6008700203865,0.006786517246869372
s10_19.tif,EpsonV550,300,2478,3508,0.7063854047890535,25474.5185546875,0.9795170426368713,0.09863245487213135,-6.2174458503723145,38.4482536315918,-1460.2817174838488,0.014523588651973167
s10_2.tif,EpsonV550,300,2478,3508,0.7063854047890535,25474.5185546875,0.9544277787208557,0.14048153162002563,-3.6856634616851807,12.765799522399902,-1246.7295336268717,0.0504364289441498
s10_20.tif,EpsonV550,300,2478,3508,0.7063854047890535,25474.5185546875,0.963532567024231,0.12581343948841095,-4.522676467895508,19.835973739624023,-1211.744129307898,0.025181229943226736
s10_21.tif,EpsonV550,300,2478,3508,0.7063854047890535,25474.5185546875,0.9902077913284302,0.06601523607969284,-9.155817985534668,86.4959487915039,-1656.376202379208,0.008964865732930979
s10_22.tif,EpsonV550,300,2478,3508,0.7063854047890535,25474.5185546875,0.990269124507904,0.060047946870326996,-10.252647399902344,109.4531021118164,-1542.4549752631128,0.00659820099889288
s10_23.tif,EpsonV550,300,2478,3508,0.7063854047890535,25474.5185546875,0.9821615219116211,0.08550558984279633,-6.798582077026367,47.3648681640625,-1465.185398118311,0.01345661662999274
s10_24.tif,EpsonV550,300,2478,3508,0.7063854047890535,25474.5185546875,0.9852596521377563,0.07698430866003036,-7.440444469451904,56.91633605957031,-1498.9457135596524,0.013855681421825635
s10_25.tif,EpsonV550,300,2478,3508,0.7063854047890535,25474.5185546875,0.9743679165840149,0.11558105051517487,-5.3830976486206055,28.067781448364258,-1459.8577287879343,0.01497016389610557
s10_26.tif,EpsonV550,300,2478,3508,0.7063854047890535,25474.5185546875,0.9810659885406494,0.09310264140367508,-6.557988166809082,43.00505447387695,-1453.9287389075262,0.012249644074238706
s10_27.tif,EpsonV550,300,2478,3508,0.7063854047890535,25474.5185546875,0.9601811170578003,0.14458127319812775,-4.021023750305176,14.989084243774414,-1447.5635117501527,0.025353440953135596
s10_28.tif,EpsonV550,300,2478,3508,0.7063854047890535,25474.5185546875,0.9859721064567566,0.07900265604257584,-8.00413990020752,64.99396514892578,-1511.4100864276493,0.0082164323124453
s10_29.tif,EpsonV550,300,2478,3508,0.7063854047890535,25474.5185546875,0.9885830879211426,0.059852927923202515,-8.765266418457031,82.92051696777344,-1509.8410819426615,0.0068226389951067685
s10_3.tif,EpsonV550,300,2478,3508,0.7063854047890535,25474.5185546875,0.9771904945373535,0.10666278004646301,-5.507800579071045,29.96767807006836,-1559.0879426363529,0.019560386820209406
s10_30.tif,EpsonV550,300,2478,3508,0.7063854047890535,25474.5185546875,0.9738341569900513,0.09972600638866425,-4.548198223114014,19.84403419494629,-1418.695114866886,0.014798643110685319
s10_31.tif,EpsonV550,300,2478,3508,0.7063854047890535,25474.5185546875,0.9538134932518005,0.14373837411403656,-3.6292779445648193,12.176716804504395,-1261.2331709464343,0.04077018009337357
s10_32.tif,EpsonV550,300,2478,3508,0.7063854047890535,25474.5185546875,0.9811263680458069,0.08532916754484177,-6.542649269104004,44.08573913574219,-1406.1721694204298,0.019721324163470926
s10_33.tif,EpsonV550,300,2478,3508,0.7063854047890535,25474.5185546875,0.957570493221283,0.14450199902057648,-3.8603508472442627,13.885076522827148,-1392.1809689164854,0.03576156609175568
s10_34.tif,EpsonV550,300,2478,3508,0.7063854047890535,25474.5185546875,0.9833998680114746,0.08270558714866638,-6.93176794052124,49.2617301940918,-1480.3429036379416,0.015908294013544964
s10_35.tif,EpsonV550,300,2478,3508,0.7063854047890535,25474.5185546875,0.9699912071228027,0.12774674594402313,-4.87716007232666,22.641551971435547,-1460.7323555186906,0.01644873978812869
s10_36.tif,EpsonV550,300,2478,3508,0.7063854047890535,25474.5185546875,0.9813705086708069,0.09511862695217133,-6.614835739135742,43.667205810546875,-1493.723206436674,0.012091927778590708
s10_37.tif,EpsonV550,300,2478,3508,0.7063854047890535,25474.5185546875,0.9791399240493774,0.10125113278627396,-6.0984721183776855,36.85206985473633,-1482.0630677950103,0.014661518512280935
s10_38.tif,EpsonV550,300,2478,3508,0.7063854047890535,25474.5185546875,0.9826518893241882,0.08552141487598419,-6.930596351623535,48.70758819580078,-1446.029253960426,0.012595216468204119
s10_39.tif,EpsonV550,300,2478,3508,0.7063854047890535,25474.5185546875,0.9849218130111694,0.08123453706502914,-6.996975898742676,51.01421356201172,-1599.7492740203425,0.016870697025500574
s10_4.tif,EpsonV550,300,2478,3508,0.7063854047890535,25474.5185546875,0.9654138684272766,0.12811172008514404,-4.392680644989014,18.509469985961914,-1376.5685238362782,0.033092007844631385
s10_40.tif,EpsonV550,300,2478,3508,0.7063854047890535,25474.5185546875,0.979587197303772,0.08508657664060593,-6.5043625831604,45.73069381713867,-1388.253659271265,0.02447938667572241
s10_41.tif,EpsonV550,300,2478,3508,0.7063854047890535,25474.5185546875,0.9583076238632202,0.15187250077724457,-4.005457401275635,14.801010131835938,-1416.4322690809142,0.027385691922440853
s10_42.tif,EpsonV550,300,2478,3508,0.7063854047890535,25474.5185546875,0.9660413265228271,0.1304323971271515,-4.39171838760376,18.065462112426758,-1382.58492713229,0.016057037390840998
s10_43.tif,EpsonV550,300,2478,3508,0.7063854047890535,25474.5185546875,0.9841234683990479,0.08565878123044968,-6.841305255889893,47.63617706298828,-1591.5458435283992,0.016463579614633864
s10_44.tif,EpsonV550,300,2478,3508,0.7063854047890535,25474.5185546875,0.9725625514984131,0.11559388041496277,-5.143065452575684,25.81263542175293,-1423.6813130288833,0.021775547278997023
s10_45.tif,EpsonV550,300,2478,3508,0.7063854047890535,25474.5185546875,0.9800199270248413,0.09581129997968674,-6.156521320343018,38.05343246459961,-1484.7245367507965,0.0178249323810076
s10_46.tif,EpsonV550,300,2478,3508,0.7063854047890535,25474.5185546875,0.9753566980361938,0.10750113427639008,-5.470134258270264,29.699718475341797,-1441.2030716022116,0.022551704716441974
s10_47.tif,EpsonV550,300,2478,3508,0.7063854047890535,25474.5185546875,0.9768540263175964,0.08661280572414398,-5.698301315307617,35.450260162353516,-1347.714166825681,0.033859077326309606
s10_48.tif,EpsonV550,300,2478,3508,0.7063854047890535,25474.5185546875,0.9817920923233032,0.06975232809782028,-6.998550891876221,55.913639068603516,-1340.105282603241,0.022420331988776028
s10_49.tif,EpsonV550,300,2478,3508,0.7063854047890535,25474.5185546875,0.9871651530265808,0.07898169755935669,-7.985540390014648,64.931640625,-1624.8119291367484,0.009593660242057126
s10_5.tif,EpsonV550,300,2478,3508,0.7063854047890535,25474.5185546875,0.985657811164856,0.07855579257011414,-7.606246471405029,59.126033782958984,-1526.4342622532636,0.012079963887454756
s10_50.tif,EpsonV550,300,2478,3508,0.7063854047890535,25474.5185546875,0.9776104688644409,0.10465796291828156,-6.075016021728516,36.873939514160156,-1444.5666385839259,0.011648918694316139
s10_51.tif,EpsonV550,300,2478,3508,0.7063854047890535,25474.5185546875,0.9795196652412415,0.096075639128685,-5.815130710601807,34.210479736328125,-1544.5467685636415,0.019259679018003815
s10_52.tif,EpsonV550,300,2478,3508,0.7063854047890535,25474.5185546875,0.9222012758255005,0.15694491565227509,-1.7806613445281982,1.6465797424316406,-1187.1504980124012,0.00766977451746406
s10_53.tif,EpsonV550,300,2478,3508,0.7063854047890535,25474.5185546875,0.9756311774253845,0.10700596868991852,-5.299849033355713,27.734392166137695,-1469.0597142832257,0.01265250510075897
s10_54.tif,EpsonV550,300,2478,3508,0.7063854047890535,25474.5185546875,0.9841641783714294,0.08018650114536285,-7.158969402313232,53.08686065673828,-1499.0042354236195,0.00821447667639423
s10_55.tif,EpsonV550,300,2478,3508,0.7063854047890535,25474.5185546875,0.9639508128166199,0.10223936289548874,-3.9911892414093018,18.038841247558594,-1233.9227039200996,0.020077595037009836
s10_56.tif,EpsonV550,300,2478,3508,0.7063854047890535,25474.5185546875,0.9553595185279846,0.12783174216747284,-3.985743761062622,16.401704788208008,-1204.94058817573,0.025504715153556543
s10_57.tif,EpsonV550,300,2478,3508,0.7063854047890535,25474.5185546875,0.9791802763938904,0.10079517215490341,-5.803224086761475,33.32115173339844,-1558.7514866920424,0.015766797993379367
s10_58.tif,EpsonV550,300,2478,3508,0.7063854047890535,25474.5185546875,0.9833437204360962,0.08171071112155914,-6.8236565589904785,47.65778350830078,-1480.2435181990493,0.016116511734276456
s10_59.tif,EpsonV550,300,2478,3508,0.7063854047890535,25474.5185546875,0.9637689590454102,0.1327812820672989,-4.16274881362915,16.293033599853516,-1396.3323537693047,0.02173597440831656
s10_6.tif,EpsonV550,300,2478,3508,0.7063854047890535,25474.5185546875,0.9891905188560486,0.06223567575216293,-9.547966003417969,95.95897674560547,-1527.5853991075383,0.007944483863931906
s10_60.tif,EpsonV550,300,2478,3508,0.7063854047890535,25474.5185546875,0.98296719789505,0.08889087289571762,-6.834278583526611,46.8514289855957,-1514.9070657063319,0.01137179356213815
s10_61.tif,EpsonV550,300,2478,3508,0.7063854047890535,25474.5185546875,0.9852693676948547,0.07908480614423752,-7.293036460876465,54.514591217041016,-1537.3575007382822,0.013926659506737972
s10_62.tif,EpsonV550,300,2478,3508,0.7063854047890535,25474.5185546875,0.9742909669876099,0.11338609457015991,-5.257882595062256,26.869901657104492,-1464.1342188136891,0.015861243710904534
s10_63.tif,EpsonV550,300,2478,3508,0.7063854047890535,25474.5185546875,0.962486207485199,0.11903460323810577,-4.739231586456299,21.965124130249023,-1101.0152535923764,0.017814694051093177
s10_64.tif,EpsonV550,300,2478,3508,0.7063854047890535,25474.5185546875,0.9609028697013855,0.1374678760766983,-4.188159465789795,16.247800827026367,-1285.611062786996,0.01542720754498193
s10_65.tif,EpsonV550,300,2478,3508,0.7063854047890535,25474.5185546875,0.9648016691207886,0.1366901844739914,-4.207155227661133,16.338977813720703,-1501.2613022775242,0.02103125520544302
s10_66.tif,EpsonV550,300,2478,3508,0.7063854047890535,25474.5185546875,0.9611896872520447,0.14261433482170105,-4.020277500152588,14.7401123046875,-1396.263991922881,0.014579381798136025
s10_67.tif,EpsonV550,300,2478,3508,0.7063854047890535,25474.5185546875,0.8875900506973267,0.15695728361606598,-1.2953952550888062,1.3127074241638184,-896.3207327378288,0.011485450527929705
s10_68.tif,EpsonV550,300,2478,3508,0.7063854047890535,25474.5185546875,0.9752071499824524,0.11659836024045944,-5.678495407104492,31.54163360595703,-1472.3970133439313,0.013089762314295102
s10_69.tif,EpsonV550,300,2478,3508,0.7063854047890535,25474.5185546875,0.9824417233467102,0.08727380633354187,-6.974380970001221,49.439422607421875,-1451.1157180323016,0.014093233683323164
s10_7.tif,EpsonV550,300,2478,3508,0.7063854047890535,25474.5185546875,0.9830523133277893,0.08396261185407639,-7.104943752288818,51.539676666259766,-1455.7805581854136,0.013318341657440665
s10_70.tif,EpsonV550,300,2478,3508,0.7063854047890535,25474.5185546875,0.9493715763092041,0.1559654027223587,-3.489663600921631,10.979039192199707,-1251.8619554902243,0.04751436357160803
s10_71.tif,EpsonV550,300,2478,3508,0.7063854047890535,25474.5185546875,0.9865413308143616,0.07619199901819229,-7.376229286193848,55.88926315307617,-1612.3210211164162,0.01488066478741546
s10_72.tif,EpsonV550,300,2478,3508,0.7063854047890535,25474.5185546875,0.9728133082389832,0.11829385906457901,-5.1864094734191895,26.164813995361328,-1462.4166876497661,0.020458598954724034
s10_73.tif,EpsonV550,300,2478,3508,0.7063854047890535,25474.5185546875,0.9648264050483704,0.13226318359375,-4.457809925079346,18.98370933532715,-1373.9006131129995,0.02387831618355554
s10_74.tif,EpsonV550,300,2478,3508,0.7063854047890535,25474.5185546875,0.983686089515686,0.0788789615035057,-7.075530052185059,52.76004409790039,-1472.146356473385,0.014296044645560523
s10_75.tif,EpsonV550,300,2478,3508,0.7063854047890535,25474.5185546875,0.9844149351119995,0.07632804661989212,-7.187633037567139,53.605342864990234,-1456.7796121524925,0.011866339408229133
s10_76.tif,EpsonV550,300,2478,3508,0.7063854047890535,25474.5185546875,0.983246386051178,0.07961983978748322,-7.722041130065918,62.757911682128906,-1414.3612345138058,0.007370332126820927
s10_77.tif,EpsonV550,300,2478,3508,0.7063854047890535,25474.5185546875,0.9664760231971741,0.12442920356988907,-4.2444071769714355,17.42481231689453,-1462.9269862862209,0.026812000334988952
s10_78.tif,EpsonV550,300,2478,3508,0.7063854047890535,25474.5185546875,0.9679890275001526,0.10766573250293732,-4.985540866851807,26.03704833984375,-1295.9949659773695,0.01862582286262784
s10_79.tif,EpsonV550,300,2478,3508,0.7063854047890535,25474.5185546875,0.9792197346687317,0.09574940800666809,-6.161591053009033,38.82637023925781,-1468.4647106372588,0.017171059715461855
s10_8.tif,EpsonV550,300,2478,3508,0.7063854047890535,25474.5185546875,0.9801997542381287,0.09287330508232117,-6.5369791984558105,42.98841857910156,-1410.4537940576658,0.0141332667036627
s10_80.tif,EpsonV550,300,2478,3508,0.7063854047890535,25474.5185546875,0.9781237840652466,0.09810735285282135,-6.060731887817383,37.08976745605469,-1418.800859272749,0.018250455778237314
s10_81.tif,EpsonV550,300,2478,3508,0.7063854047890535,25474.5185546875,0.9707212448120117,0.11575738340616226,-4.858181953430176,23.20022964477539,-1395.7757255589943,0.027988027826170183
s10_82.tif,EpsonV550,300,2478,3508,0.7063854047890535,25474.5185546875,0.9817277789115906,0.09245475381612778,-7.112290382385254,50.68394470214844,-1429.289447459962,0.008870650090235348
s10_83.tif,EpsonV550,300,2478,3508,0.7063854047890535,25474.5185546875,0.9759353399276733,0.11112140119075775,-5.421025276184082,28.861671447753906,-1544.647651694766,0.02139753433406681
s10_84.tif,EpsonV550,300,2478,3508,0.7063854047890535,25474.5185546875,0.9844499230384827,0.07294301688671112,-7.9351887702941895,68.06231689453125,-1437.8608684883964,0.012750171865897664
s10_85.tif,EpsonV550,300,2478,3508,0.7063854047890535,25474.5185546875,0.9770097732543945,0.10864293575286865,-5.8194193840026855,33.88228225708008,-1497.596261395624,0.011669050241900675
s10_86.tif,EpsonV550,300,2478,3508,0.7063854047890535,25474.5185546875,0.9769031405448914,0.10511530190706253,-5.537918567657471,29.87822723388672,-1464.4905853787282,0.012824946185497371
s10_87.tif,EpsonV550,300,2478,3508,0.7063854047890535,25474.5185546875,0.9782965779304504,0.10106927156448364,-5.997025966644287,35.713199615478516,-1443.5793739427702,0.01597685631274716
s10_88.tif,EpsonV550,300,2478,3508,0.7063854047890535,25474.5185546875,0.9753228425979614,0.10186567157506943,-5.373193264007568,29.156322479248047,-1385.9517381745302,0.015102456923089666
s10_89.tif,EpsonV550,300,2478,3508,0.7063854047890535,25474.5185546875,0.9701108932495117,0.12078918516635895,-4.718924045562744,21.703765869140625,-1488.014634523368,0.028275161213433056
s10_9.tif,EpsonV550,300,2478,3508,0.7063854047890535,25474.5185546875,0.9728516340255737,0.11791709810495377,-4.99308967590332,24.223970413208008,-1533.5380088397405,0.022806052440495748
s10_90.tif,EpsonV550,300,2478,3508,0.7063854047890535,25474.5185546875,0.9770182967185974,0.10027294605970383,-5.741824626922607,33.40791702270508,-1430.2958046651665,0.024871204110424875
s10_91.tif,EpsonV550,300,2478,3508,0.7063854047890535,25474.5185546875,0.9768442511558533,0.1101473942399025,-5.730356693267822,32.16838836669922,-1494.907844500607,0.01412095770028244
s10_92.tif,EpsonV550,300,2478,3508,0.7063854047890535,25474.5185546875,0.9801375269889832,0.09911411255598068,-6.357410430908203,40.27295684814453,-1488.9495208992616,0.013040411263359294
s10_93.tif,EpsonV550,300,2478,3508,0.7063854047890535,25474.5185546875,0.9775874018669128,0.10297395288944244,-6.049597263336182,36.37252426147461,-1413.2128299638175,0.015601834340600937
s10_94.tif,EpsonV550,300,2478,3508,0.7063854047890535,25474.5185546875,0.9792079329490662,0.09935509413480759,-6.48202657699585,41.79233169555664,-1411.3979178538195,0.01172886969758044
s10_95.tif,EpsonV550,300,2478,3508,0.7063854047890535,25474.5185546875,0.9846447110176086,0.08691111207008362,-7.146331787109375,51.53739929199219,-1591.7911699679346,0.012557714270989496
s10_96.tif,EpsonV550,300,2478,3508,0.7063854047890535,25474.5185546875,0.9777367115020752,0.10619118064641953,-5.901956081390381,34.57553482055664,-1482.9407500195555,0.008678652644986256
s10_97.tif,EpsonV550,300,2478,3508,0.7063854047890535,25474.5185546875,0.9774407148361206,0.10130582749843597,-5.856668472290039,34.855037689208984,-1457.3226842078502,0.01432721978496286
s10_98.tif,EpsonV550,300,2478,3508,0.7063854047890535,25474.5185546875,0.9579726457595825,0.14081034064292908,-3.869152307510376,14.041772842407227,-1337.7371248745244,0.044366249679045615
s10_99.tif,EpsonV550,300,2478,3508,0.7063854047890535,25474.5185546875,0.9779055714607239,0.09980277717113495,-6.383179664611816,41.37144470214844,-1388.0406084259548,0.012017498571235309
s11_1.tif,HP,150,1240,1743,0.7114170969592656,6334.1005859375,0.9327592849731445,0.11961869150400162,-4.494053840637207,19.46278953552246,-958.2818096703917,0.031088408935280292
s11_10.tif,HP,150,1240,1727,0.7180081065431384,6275.9599609375,0.9326348900794983,0.12207671999931335,-4.003228187561035,14.856527328491211,-963.5887818766423,0.027897995778620392
s11_100.tif,HP,150,1240,1743,0.7114170969592656,6334.1005859375,0.9400325417518616,0.08831626921892166,-6.387569904327393,41.97782516479492,-1004.8120231137008,0.019245646179186792
s11_11.tif,HP,150,1240,1727,0.7180081065431384,6275.9599609375,0.9362308979034424,0.11049533635377884,-4.6519012451171875,21.422739028930664,-961.3894198330468,0.04990660664587108
s11_12.tif,HP,150,1240,1727,0.7180081065431384,6275.9599609375,0.9478439092636108,0.07610772550106049,-6.9218292236328125,51.113590240478516,-989.0725954356361,0.01728757681603377
s11_13.tif,HP,150,1240,1727,0.7180081065431384,6275.9599609375,0.9395345449447632,0.09792902320623398,-5.336509704589844,28.718172073364258,-1000.8130413859302,0.03647757625567365
s11_14.tif,HP,150,1240,1743,0.7114170969592656,6334.1005859375,0.9380126595497131,0.10017160326242447,-5.199429988861084,27.247920989990234,-975.2621909805783,0.033745118723742897
s11_15.tif,HP,150,1240,1743,0.7114170969592656,6334.1005859375,0.9380923509597778,0.10344712436199188,-5.285961627960205,28.214691162109375,-962.144225040921,0.03902337460440842
s11_16.tif,HP,150,1240,1743,0.7114170969592656,6334.1005859375,0.9394643306732178,0.09705804288387299,-4.88787317276001,24.603485107421875,-954.5135926262259,0.044559806044454316
s11_17.tif,HP,150,1240,1727,0.7180081065431384,6275.9599609375,0.9477479457855225,0.08922386914491653,-5.789914131164551,34.60017013549805,-1001.6526874203319,0.03911360367596242
s11_18.tif,HP,150,1240,1727,0.7180081065431384,6275.9599609375,0.9499579071998596,0.060404181480407715,-9.143893241882324,89.69815826416016,-1056.66093159536,0.01135102826082896
s11_19.tif,HP,150,1240,1743,0.7114170969592656,6334.1005859375,0.9432283043861389,0.09292633831501007,-6.00663948059082,36.52517318725586,-1008.1088684515187,0.025160550034238335
s11_2.tif,HP,150,1240,1743,0.7114170969592656,6334.1005859375,0.9216642379760742,0.13190728425979614,-3.504732131958008,11.68847370147705,-841.1385703359359,0.08032868802398534
s11_20.tif,HP,150,1240,1743,0.7114170969592656,6334.1005859375,0.9282098412513733,0.11325262486934662,-4.447170734405518,19.564895629882812,-887.4127653025972,0.0453519145707253
s11_21.tif,HP,150,1240,1727,0.7180081065431384,6275.9599609375,0.9485717415809631,0.06277944147586823,-8.515213012695312,77.59332275390625,-1054.0296830401883,0.014438612548331061
s11_22.tif,HP,150,1240,1743,0.7114170969592656,6334.1005859375,0.9510011076927185,0.05702219530940056,-9.606517791748047,99.94483184814453,-1054.24024892325,0.01092202913034627
s11_23.tif,HP,150,1240,1727,0.7180081065431384,6275.9599609375,0.9429295659065247,0.07762810587882996,-6.5294671058654785,45.282535552978516,-982.7884868417169,0.022537217251620376
s11_24.tif,HP,150,1240,1743,0.7114170969592656,6334.1005859375,0.9482717514038086,0.07344608753919601,-7.063086032867432,52.56089782714844,-1028.8309658771834,0.024478559398885866
s11_25.tif,HP,150,1240,1743,0.7114170969592656,6334.1005859375,0.9390926361083984,0.10999155789613724,-5.221508502960205,26.659820556640625,-1005.1227511491625,0.025987822256769013
s11_26.tif,HP,150,1240,1727,0.7180081065431384,6275.9599609375,0.9405397772789001,0.088257797062397,-6.2082014083862305,39.4256706237793,-998.3991920074111,0.02190027457646114
s11_27.tif,HP,150,1240,1727,0.7180081065431384,6275.9599609375,0.9213542342185974,0.13266444206237793,-3.8828189373016357,14.14898681640625,-875.4096186815262,0.04269150307264135
s11_28.tif,HP,150,1240,1727,0.7180081065431384,6275.9599609375,0.946082353591919,0.07466766238212585,-7.647832870483398,60.75429153442383,-1041.7447340113304,0.0142882492481835
s11_29.tif,HP,150,1240,1727,0.7180081065431384,6275.9599609375,0.9508291482925415,0.054543666541576385,-8.47307300567627,80.99913787841797,-1040.93710883482,0.01097045034275361
s11_3.tif,HP,150,1240,1743,0.7114170969592656,6334.1005859375,0.936387836933136,0.10369701683521271,-5.110953330993652,26.2161808013916,-975.4607425267562,0.03516230821905132
s11_30.tif,HP,150,1240,1743,0.7114170969592656,6334.1005859375,0.9393523335456848,0.08936509490013123,-4.338167190551758,18.462949752807617,-950.9089066618104,0.023281143005200525
s11_31.tif,HP,150,1240,1743,0.7114170969592656,6334.1005859375,0.9155930280685425,0.13149188458919525,-3.526277780532837,11.627970695495605,-836.9632545181718,0.06605500342383358
s11_32.tif,HP,150,1240,1743,0.7114170969592656,6334.1005859375,0.9407018423080444,0.08226969093084335,-6.170236587524414,39.8685188293457,-993.5376465440346,0.03656099050580201
s11_33.tif,HP,150,1240,1727,0.7180081065431384,6275.9599609375,0.918639600276947,0.13311006128787994,-3.7058420181274414,12.936062812805176,-853.0963951739001,0.06128518594616807
s11_34.tif,HP,150,1240,1727,0.7180081065431384,6275.9599609375,0.9422174692153931,0.07841566205024719,-6.423537254333496,43.46309280395508,-1002.8428312922293,0.027608009414050096
s11_35.tif,HP,150,1240,1743,0.7114170969592656,6334.1005859375,0.930636465549469,0.11932238191366196,-4.730144500732422,21.590681076049805,-963.9567711763776,0.029403790276312625
s11_36.tif,HP,150,1240,1743,0.7114170969592656,6334.1005859375,0.9401662349700928,0.09048763662576675,-6.105826377868652,38.12051010131836,-1004.7025482057414,0.021636314844631983
s11_37.tif,HP,150,1240,1743,0.7114170969592656,6334.1005859375,0.9439375996589661,0.09575891494750977,-5.783927917480469,33.75788116455078,-1015.9644921477778,0.0255445746118113
s11_38.tif,HP,150,1240,1743,0.7114170969592656,6334.1005859375,0.9400058388710022,0.08031672984361649,-6.438236236572266,43.40365982055664,-1004.4727271286162,0.02150491366387208
s11_39.tif,HP,150,1240,1743,0.7114170969592656,6334.1005859375,0.9488232135772705,0.0786796435713768,-6.372191905975342,43.118011474609375,-1021.2403748234663,0.030397164695648956
s11_4.tif,HP,150,1240,1743,0.7114170969592656,6334.1005859375,0.9293240308761597,0.12157434970140457,-4.122454643249512,16.494722366333008,-916.2380804884654,0.05684165232358004
s11_40.tif,HP,150,1240,1743,0.7114170969592656,6334.1005859375,0.9411977529525757,0.08050873130559921,-6.00273323059082,40.13470458984375,-927.566513234114,0.04204791516295597
s11_41.tif,HP,150,1240,1743,0.7114170969592656,6334.1005859375,0.9279996752738953,0.14330759644508362,-3.8741493225097656,13.850807189941406,-955.4370176859057,0.05091286806211019
s11_42.tif,HP,150,1240,1743,0.7114170969592656,6334.1005859375,0.9320727586746216,0.12581263482570648,-4.16606330871582,16.205032348632812,-971.88119918329,0.02407602761275517
s11_43.tif,HP,150,1240,1743,0.7114170969592656,6334.1005859375,0.9463746547698975,0.08085542172193527,-6.257453441619873,41.037620544433594,-999.382353429927,0.026971943071826477
s11_44.tif,HP,150,1240,1743,0.7114170969592656,6334.1005859375,0.9408643245697021,0.10824019461870193,-4.947787761688232,24.194398880004883,-980.6858832800671,0.03914043269853608
s11_45.tif,HP,150,1240,1727,0.7180081065431384,6275.9599609375,0.9496074318885803,0.09011540561914444,-5.861684322357178,35.032711029052734,-1022.1829219884626,0.03096970319592058
s11_46.tif,HP,150,1240,1727,0.7180081065431384,6275.9599609375,0.9423515796661377,0.10043399035930634,-5.166415214538574,26.89493751525879,-972.4917384112065,0.03761230550834003
s11_47.tif,HP,150,1240,1727,0.7180081065431384,6275.9599609375,0.9417747855186462,0.08280704915523529,-5.128803730010986,29.21136474609375,-924.7882915946791,0.05912639856547808
s11_48.tif,HP,150,1240,1727,0.7180081065431384,6275.9599609375,0.9446789622306824,0.06790388375520706,-6.120096683502197,43.86357116699219,-939.177009109671,0.039318135121504755
s11_49.tif,HP,150,1240,1727,0.7180081065431384,6275.9599609375,0.9518243670463562,0.07350244373083115,-7.482710361480713,58.7656364440918,-1049.890621480263,0.016057586342155893
s11_5.tif,HP,150,1240,1743,0.7114170969592656,6334.1005859375,0.9449845552444458,0.07666625827550888,-6.7225260734558105,47.805362701416016,-1032.3340002240914,0.020190439176059075
s11_50.tif,HP,150,1240,1743,0.7114170969592656,6334.1005859375,0.9460808634757996,0.09204656630754471,-5.795866966247559,34.84457015991211,-1001.1747791464251,0.02062720929802158
s11_51.tif,HP,150,1240,1743,0.7114170969592656,6334.1005859375,0.9471815824508667,0.092323899269104,-5.612363338470459,32.36766052246094,-1007.915759081784,0.03241815187015343
s11_52.tif,HP,150,1240,1727,0.7180081065431384,6275.9599609375,0.9031317234039307,0.13257403671741486,-1.8165724277496338,2.1803526878356934,-829.1090274771883,0.012101910828025478
s11_53.tif,HP,150,1240,1743,0.7114170969592656,6334.1005859375,0.9398233294487,0.09793470054864883,-5.253061771392822,28.277563095092773,-986.2495511753373,0.022893416985916015
s11_54.tif,HP,150,1240,1743,0.7114170969592656,6334.1005859375,0.9439122080802917,0.07529377192258835,-6.8438615798950195,50.13203048706055,-1003.8554726772284,0.014079821590509503
s11_55.tif,HP,150,1240,1743,0.7114170969592656,6334.1005859375,0.9257988929748535,0.09982249140739441,-3.799285411834717,16.361618041992188,-852.3111114092451,0.03237928673218218
s11_56.tif,HP,150,1240,1743,0.7114170969592656,6334.1005859375,0.9245548844337463,0.1226566880941391,-3.8239994049072266,15.250600814819336,-836.9755350516065,0.04494290526159939
s11_57.tif,HP,150,1240,1727,0.7180081065431384,6275.9599609375,0.9448933005332947,0.09578385949134827,-5.566015243530273,31.042194366455078,-1008.0757832914992,0.027938154920895828
s11_58.tif,HP,150,1240,1727,0.7180081065431384,6275.9599609375,0.9441867470741272,0.07814310491085052,-6.393925189971924,42.905845642089844,-1004.0318025970996,0.02596708818200497
s11_59.tif,HP,150,1240,1743,0.7114170969592656,6334.1005859375,0.9306220412254333,0.12343834340572357,-4.1626739501953125,16.70500946044922,-932.6658744621068,0.036507782281198525
s11_6.tif,HP,150,1240,1743,0.7114170969592656,6334.1005859375,0.9530371427536011,0.06109298765659332,-8.286422729492188,75.11244201660156,-1055.0855116900523,0.012969389077045508
s11_60.tif,HP,150,1240,1727,0.7180081065431384,6275.9599609375,0.9448469877243042,0.08600036799907684,-6.411422252655029,42.18708038330078,-1018.0897755873036,0.020235071072342493
s11_61.tif,HP,150,1240,1727,0.7180081065431384,6275.9599609375,0.9471198320388794,0.07436686754226685,-7.011630535125732,51.761775970458984,-1029.5877039378809,0.022165978668957916
s11_62.tif,HP,150,1240,1727,0.7180081065431384,6275.9599609375,0.9391247630119324,0.10619718581438065,-5.071453094482422,25.5051212310791,-985.0242186173244,0.02820806171432841
s11_63.tif,HP,150,1240,1727,0.7180081065431384,6275.9599609375,0.9319988489151001,0.10824471712112427,-4.6605706214904785,21.535079956054688,-871.4938111454346,0.032312232661523804
s11_64.tif,HP,150,1240,1727,0.7180081065431384,6275.9599609375,0.9226647615432739,0.1264517456293106,-3.991658926010132,14.876914978027344,-881.7820347444361,0.027929749519024227
s11_65.tif,HP,150,1240,1727,0.7180081065431384,6275.9599609375,0.9293673634529114,0.1255725473165512,-4.0608344078063965,15.39889144897461,-943.5613134455295,0.03713319760165867
s11_66.tif,HP,150,1240,1743,0.7114170969592656,6334.1005859375,0.9305812120437622,0.13733969628810883,-3.897207260131836,13.819009780883789,-958.8369293772218,0.02289573038698573
s11_67.tif,HP,150,1240,1727,0.7180081065431384,6275.9599609375,0.8711712956428528,0.13503168523311615,-1.4349833726882935,2.3098926544189453,-590.7198741873033,0.017765283822403197
s11_68.tif,HP,150,1240,1743,0.7114170969592656,6334.1005859375,0.9364306926727295,0.1085076704621315,-5.481766223907471,29.828899383544922,-969.5041921765467,0.021461421723761406
s11_69.tif,HP,150,1240,1743,0.7114170969592656,6334.1005859375,0.9460941553115845,0.0814586877822876,-6.626005172729492,45.681114196777344,-1019.0904018173421,0.023489811781688966
s11_7.tif,HP,150,1240,1743,0.7114170969592656,6334.1005859375,0.9481052756309509,0.0804690569639206,-6.444272041320801,43.58419418334961,-1023.7471460776159,0.0225195713730498
s11_70.tif,HP,150,1240,1743,0.7114170969592656,6334.1005859375,0.9176756143569946,0.14415620267391205,-3.3994157314300537,10.523780822753906,-854.1998438561404,0.08116567653100883
s11_71.tif,HP,150,1240,1727,0.7180081065431384,6275.9599609375,0.9481024146080017,0.0718727558851242,-6.965744972229004,51.23062515258789,-1030.9009074363596,0.023377290472010013
s11_72.tif,HP,150,1240,1743,0.7114170969592656,6334.1005859375,0.9320629239082336,0.11008284986019135,-4.997681140899658,24.658777236938477,-957.0718020542777,0.03622277126940943
s11_73.tif,HP,150,1240,1743,0.7114170969592656,6334.1005859375,0.9295889735221863,0.11923655867576599,-4.39682674407959,18.750377655029297,-910.9056337706094,0.03991495937667722
s11_74.tif,HP,150,1240,1743,0.7114170969592656,6334.1005859375,0.9445529580116272,0.07410679757595062,-6.70511531829834,48.68971252441406,-1001.0737012055841,0.023343604834082876
s11_75.tif,HP,150,1240,1743,0.7114170969592656,6334.1005859375,0.9511200189590454,0.07046651840209961,-7.005236625671387,52.91105270385742,-1037.6727748338424,0.020795624895896953
s11_76.tif,HP,150,1240,1743,0.7114170969592656,6334.1005859375,0.9524263143539429,0.07490333169698715,-7.443173885345459,59.533199310302734,-1032.7007411387824,0.01297494123961283
s11_77.tif,HP,150,1240,1743,0.7114170969592656,6334.1005859375,0.9276795983314514,0.11620897054672241,-4.186112880706787,17.33739471435547,-913.9099668887417,0.04843799159772731
s11_78.tif,HP,150,1240,1743,0.7114170969592656,6334.1005859375,0.932350218296051,0.09956566244363785,-4.999156475067139,26.45669174194336,-868.2143975637925,0.033484629763292806
s11_79.tif,HP,150,1240,1727,0.7180081065431384,6275.9599609375,0.9405423998832703,0.08990737795829773,-5.97916316986084,37.014400482177734,-977.3121855169838,0.028869286661561164
s11_8.tif,HP,150,1240,1743,0.7114170969592656,6334.1005859375,0.9467921853065491,0.08837457746267319,-6.076567649841309,37.88343811035156,-1025.3926418551562,0.024504006810652748
s11_80.tif,HP,150,1240,1727,0.7180081065431384,6275.9599609375,0.9401499032974243,0.09256263822317123,-5.834391117095947,34.87189483642578,-965.2224732751404,0.033557166072062314
s11_81.tif,HP,150,1240,1743,0.7114170969592656,6334.1005859375,0.9399113655090332,0.11155201494693756,-4.709034442901611,21.851604461669922,-970.2858621065028,0.03954203912423889
s11_82.tif,HP,150,1240,1743,0.7114170969592656,6334.1005859375,0.9493958950042725,0.08593272417783737,-6.929515838623047,48.900272369384766,-1041.548121458385,0.015323043325375233
s11_83.tif,HP,150,1240,1743,0.7114170969592656,6334.1005859375,0.9444769620895386,0.10306572169065475,-5.262143135070801,27.65359878540039,-988.6533501737864,0.03665306386837673
s11_84.tif,HP,150,1240,1743,0.7114170969592656,6334.1005859375,0.9491128325462341,0.06793229281902313,-7.624829292297363,64.44903564453125,-993.66143198754,0.02014787259637629
s11_85.tif,HP,150,1240,1743,0.7114170969592656,6334.1005859375,0.94019615650177,0.10231927782297134,-5.728549957275391,33.290863037109375,-999.5356320109664,0.01967038661558677
s11_86.tif,HP,150,1240,1727,0.7180081065431384,6275.9599609375,0.9348700046539307,0.10207612812519073,-5.356584072113037,28.345853805541992,-972.1846298469683,0.023593029120047817
s11_87.tif,HP,150,1240,1743,0.7114170969592656,6334.1005859375,0.9472031593322754,0.09637031704187393,-5.7904953956604,33.816707611083984,-1015.7986191518321,0.028230895933966278
s11_88.tif,HP,150,1240,1743,0.7114170969592656,6334.1005859375,0.9400765299797058,0.09280911087989807,-5.312978744506836,29.432350158691406,-983.4680271962609,0.025556141617159883
s11_89.tif,HP,150,1240,1727,0.7180081065431384,6275.9599609375,0.939686119556427,0.11291473358869553,-4.6296162605285645,21.272199630737305,-956.7371974155734,0.046474867848403906
s11_9.tif,HP,150,1240,1727,0.7180081065431384,6275.9599609375,0.9395262598991394,0.11192423105239868,-4.652541637420654,21.30329704284668,-975.827788309099,0.04012925640211443
s11_90.tif,HP,150,1240,1743,0.7114170969592656,6334.1005859375,0.9429187774658203,0.09327308088541031,-5.569491386413574,32.127410888671875,-979.1106272042746,0.04299826032239557
s11_91.tif,HP,150,1240,1743,0.7114170969592656,6334.1005859375,0.9353386759757996,0.10414043068885803,-5.563131332397461,30.71678924560547,-998.9551372228538,0.024861195935817
s11_92.tif,HP,150,1240,1743,0.7114170969592656,6334.1005859375,0.943345844745636,0.09375526756048203,-6.132454872131348,38.13526916503906,-1001.2692274297328,0.022638017507819297
s11_93.tif,HP,150,1240,1743,0.7114170969592656,6334.1005859375,0.9441729784011841,0.09661363065242767,-5.911409854888916,35.2650032043457,-1012.9275994449943,0.02668461865896767
s11_94.tif,HP,150,1240,1743,0.7114170969592656,6334.1005859375,0.9460105299949646,0.09360364079475403,-6.312015056610107,40.265987396240234,-1025.290322930812,0.020147409916162345
s11_95.tif,HP,150,1240,1727,0.7180081065431384,6275.9599609375,0.9504587650299072,0.0812673568725586,-6.942072868347168,49.72559356689453,-1042.0571557098986,0.020840260007097895
s11_96.tif,HP,150,1240,1727,0.7180081065431384,6275.9599609375,0.9396268129348755,0.09863921254873276,-5.874316692352295,34.88634490966797,-1009.3644484568126,0.015051739918187422
s11_97.tif,HP,150,1240,1727,0.7180081065431384,6275.9599609375,0.9420824646949768,0.09490904211997986,-5.783595561981201,34.465816497802734,-989.511927337924,0.025271307693744513
s11_98.tif,HP,150,1240,1727,0.7180081065431384,6275.9599609375,0.9169138669967651,0.13137882947921753,-3.7354085445404053,13.237594604492188,-859.6196839486549,0.07449194015353867
s11_99.tif,HP,150,1240,1727,0.7180081065431384,6275.9599609375,0.9475989937782288,0.09549373388290405,-6.146080493927002,38.58115768432617,-1012.4956032750081,0.022058576311709658
s11_1.tif,HP,300,2481,3487,0.7114998566102667,25352.6689453125,0.911872923374176,0.11894921958446503,-4.52802848815918,19.77118682861328,-850.430883193652,0.016087622975046255
s11_10.tif,HP,300,2481,3471,0.7147796024200519,25236.3408203125,0.9194125533103943,0.12290653586387634,-4.079228401184082,15.59457015991211,-869.8469848960556,0.015179147171049675
s11_100.tif,HP,300,2481,3487,0.7114998566102667,25352.6689453125,0.9375409483909607,0.0851455107331276,-6.166684627532959,39.17848587036133,-932.2256087938775,0.011251788326006644
s11_11.tif,HP,300,2481,3471,0.7147796024200519,25236.3408203125,0.9244412183761597,0.11485084891319275,-4.610439777374268,20.727426528930664,-874.4447205470849,0.027406096764682693
s11_12.tif,HP,300,2481,3471,0.7147796024200519,25236.3408203125,0.9376561641693115,0.07740109413862228,-6.860471248626709,50.460968017578125,-900.0399568683856,0.009667596464330293
s11_13.tif,HP,300,2481,3471,0.7147796024200519,25236.3408203125,0.9224275946617126,0.10020418465137482,-5.307219505310059,28.27184295654297,-891.8403028661729,0.019410672943816973
s11_14.tif,HP,300,2481,3471,0.7147796024200519,25236.3408203125,0.9224209189414978,0.10217762738466263,-5.249689102172852,27.517885208129883,-885.6697600198187,0.019072986968317322
s11_15.tif,HP,300,2481,3487,0.7114998566102667,25352.6689453125,0.9258628487586975,0.10383064299821854,-5.16579008102417,26.821138381958008,-873.0771581569996,0.022782842750877417
s11_16.tif,HP,300,2481,3487,0.7114998566102667,25352.6689453125,0.9241978526115417,0.09991531074047089,-4.643739223480225,22.067581176757812,-851.5508367622019,0.02586667563647183
s11_17.tif,HP,300,2481,3471,0.7147796024200519,25236.3408203125,0.9308984875679016,0.09245975315570831,-5.536243915557861,31.510833740234375,-891.3421501887196,0.022039583810163813
s11_18.tif,HP,300,2481,3487,0.7114998566102667,25352.6689453125,0.9375289082527161,0.06292429566383362,-8.428566932678223,77.98612976074219,-946.0126401101513,0.006787691993998091
s11_19.tif,HP,300,2481,3487,0.7114998566102667,25352.6689453125,0.9271625280380249,0.09430216252803802,-5.718181610107422,33.21816635131836,-898.6788384446479,0.014544839605203735
s11_2.tif,HP,300,2481,3487,0.7114998566102667,25352.6689453125,0.898607611656189,0.13716207444667816,-3.490140914916992,11.344111442565918,-751.0771263809943,0.050601028961489596
s11_20.tif,HP,300,2481,3487,0.7114998566102667,25352.6689453125,0.9035886526107788,0.11328276246786118,-4.286527156829834,18.1704158782959,-787.3452812896313,0.02532108954928694
s11_21.tif,HP,300,2481,3471,0.7147796024200519,25236.3408203125,0.9323027729988098,0.06466405838727951,-7.926706790924072,68.57975769042969,-938.4548687671379,0.008958200444960495
s11_22.tif,HP,300,2481,3487,0.7114998566102667,25352.6689453125,0.9395866394042969,0.058858368545770645,-8.931982040405273,88.3123550415039,-956.3161941665874,0.0064879664168645285
s11_23.tif,HP,300,2481,3471,0.7147796024200519,25236.3408203125,0.9357632398605347,0.07865763455629349,-6.2895612716674805,42.14125442504883,-905.8969681558519,0.01298012402179352
s11_24.tif,HP,300,2481,3487,0.7114998566102667,25352.6689453125,0.9313827157020569,0.07481905072927475,-6.748403072357178,48.35158157348633,-919.9640451712494,0.013805293040413712
s11_25.tif,HP,300,2481,3487,0.7114998566102667,25352.6689453125,0.9211042523384094,0.10811299085617065,-5.076842784881592,25.27812385559082,-889.9555765588034,0.01497749399595226
s11_26.tif,HP,300,2481,3487,0.7114998566102667,25352.6689453125,0.9252845048904419,0.08834516257047653,-6.0378875732421875,37.383602142333984,-901.717092003148,0.012228988491485678
s11_27.tif,HP,300,2481,3487,0.7114998566102667,25352.6689453125,0.9144970774650574,0.13155069947242737,-3.8444530963897705,13.835556030273438,-809.1357944004477,0.025195327332579915
s11_28.tif,HP,300,2481,3487,0.7114998566102667,25352.6689453125,0.9346873164176941,0.07545234262943268,-7.218008041381836,54.885189056396484,-936.603012821658,0.008134896622417554
s11_29.tif,HP,300,2481,3471,0.7147796024200519,25236.3408203125,0.9478486776351929,0.056222639977931976,-8.013364791870117,73.35546875,-960.9308311276233,0.006352630321762014
s11_3.tif,HP,300,2481,3487,0.7114998566102667,25352.6689453125,0.9209036231040955,0.104702889919281,-5.148747444152832,26.423603057861328,-877.9091573304511,0.019267511377261567
s11_30.tif,HP,300,2481,3487,0.7114998566102667,25352.6689453125,0.9261052012443542,0.09040223807096481,-4.277281284332275,18.258132934570312,-855.1465674121524,0.014810928412979077
s11_31.tif,HP,300,2481,3487,0.7114998566102667,25352.6689453125,0.9069775938987732,0.13247638940811157,-3.4721968173980713,11.16214656829834,-767.2551424264785,0.040895607303779447
s11_32.tif,HP,300,2481,3487,0.7114998566102667,25352.6689453125,0.9346894025802612,0.08398367464542389,-5.944945335388184,36.852874755859375,-911.135990823923,0.019764549549908816
s11_33.tif,HP,300,2481,3487,0.7114998566102667,25352.6689453125,0.909083366394043,0.13177205622196198,-3.6763834953308105,12.656842231750488,-784.5974560876338,0.03567000225516622
s11_34.tif,HP,300,2481,3471,0.7147796024200519,25236.3408203125,0.9324612021446228,0.07885894924402237,-6.3209228515625,42.02464294433594,-911.8114308489602,0.015627266214878133
s11_35.tif,HP,300,2481,3487,0.7114998566102667,25352.6689453125,0.9218425154685974,0.11805671453475952,-4.647160053253174,20.764509201049805,-881.1941521081078,0.016106579779770477
s11_36.tif,HP,300,2481,3487,0.7114998566102667,25352.6689453125,0.9280907511711121,0.08977942913770676,-6.086740970611572,37.853919982910156,-913.2946772528863,0.012075600199601282
s11_37.tif,HP,300,2481,3487,0.7114998566102667,25352.6689453125,0.9334939122200012,0.09487364441156387,-5.691455364227295,32.63812255859375,-917.3699552593598,0.014638698906643169
s11_38.tif,HP,300,2481,3487,0.7114998566102667,25352.6689453125,0.9374902248382568,0.08046972006559372,-6.370667934417725,42.44344711303711,-930.7402415888234,0.012614019689878233
s11_39.tif,HP,300,2481,3487,0.7114998566102667,25352.6689453125,0.9368939399719238,0.07913164794445038,-6.2825517654418945,41.89260482788086,-919.134542106076,0.01661633288241568
s11_4.tif,HP,300,2481,3487,0.7114998566102667,25352.6689453125,0.9191380143165588,0.12506084144115448,-4.163734436035156,16.564489364624023,-841.5096382066322,0.03319833545383689
s11_40.tif,HP,300,2481,3487,0.7114998566102667,25352.6689453125,0.925338625907898,0.08234632015228271,-5.712432384490967,36.04845428466797,-840.272136644664,0.024467686565878884
s11_41.tif,HP,300,2481,3487,0.7114998566102667,25352.6689453125,0.9112681150436401,0.14067505300045013,-3.787398099899292,13.109121322631836,-844.5230894580744,0.027503549488299202
s11_42.tif,HP,300,2481,3487,0.7114998566102667,25352.6689453125,0.9224017858505249,0.12478417903184891,-4.15523099899292,16.13410186767578,-881.6569774545912,0.01348476121419259
s11_43.tif,HP,300,2481,3487,0.7114998566102667,25352.6689453125,0.93808513879776,0.08184178173542023,-6.227144718170166,40.47064208984375,-920.5839794069745,0.016417055252265944
s11_44.tif,HP,300,2481,3487,0.7114998566102667,25352.6689453125,0.9209706783294678,0.10838300734758377,-4.812090873718262,22.79969596862793,-867.4423760312214,0.021668899292784035
s11_45.tif,HP,300,2481,3487,0.7114998566102667,25352.6689453125,0.9347363710403442,0.0906137153506279,-5.747913360595703,33.68970489501953,-914.7304926710473,0.01752383211345139
s11_46.tif,HP,300,2481,3471,0.7147796024200519,25236.3408203125,0.9247186779975891,0.10161224007606506,-5.02903938293457,25.38058853149414,-872.767624430371,0.022682092923795028
s11_47.tif,HP,300,2481,3487,0.7114998566102667,25352.6689453125,0.9286086559295654,0.08625463396310806,-4.989861488342285,27.186037063598633,-836.9795328764048,0.03401567427215984
s11_48.tif,HP,300,2481,3471,0.7147796024200519,25236.3408203125,0.9377180933952332,0.07022149860858917,-6.053983688354492,42.451927185058594,-868.1562538480101,0.022603245338731665
s11_49.tif,HP,300,2481,3471,0.7147796024200519,25236.3408203125,0.9411482214927673,0.0745682641863823,-7.132214069366455,53.6940803527832,-949.2288038733528,0.009581665370152252
s11_5.tif,HP,300,2481,3487,0.7114998566102667,25352.6689453125,0.9385936260223389,0.07672800123691559,-7.032511234283447,51.8729248046875,-950.4613997584107,0.011889846631358463
s11_50.tif,HP,300,2481,3487,0.7114998566102667,25352.6689453125,0.9281607270240784,0.09031292796134949,-5.6604838371276855,33.49453353881836,-890.0049112103135,0.011973187217981407
s11_51.tif,HP,300,2481,3471,0.7147796024200519,25236.3408203125,0.926676332950592,0.09383194148540497,-5.325993537902832,29.028533935546875,-887.4651846596454,0.01933925723716901
s11_52.tif,HP,300,2481,3487,0.7114998566102667,25352.6689453125,0.8841881155967712,0.13223199546337128,-1.807879090309143,2.0594944953918457,-708.1960574676798,0.007333509261728396
s11_53.tif,HP,300,2481,3471,0.7147796024200519,25236.3408203125,0.9286990165710449,0.09576471149921417,-5.152431011199951,27.33632469177246,-889.7860298742895,0.01253769500987685
s11_54.tif,HP,300,2481,3487,0.7114998566102667,25352.6689453125,0.9308127164840698,0.07426461577415466,-6.561776638031006,46.71323013305664,-904.0899002703529,0.008170498426411823
s11_55.tif,HP,300,2481,3487,0.7114998566102667,25352.6689453125,0.9133109450340271,0.10231085121631622,-3.655050277709961,14.460432052612305,-766.8330920269799,0.018019714383371552
s11_56.tif,HP,300,2481,3487,0.7114998566102667,25352.6689453125,0.9146754741668701,0.12194036692380905,-3.638836145401001,13.560873031616211,-747.4898898329084,0.024998130327338938
s11_57.tif,HP,300,2481,3471,0.7147796024200519,25236.3408203125,0.9305698871612549,0.09328707307577133,-5.414957523345947,29.689170837402344,-897.1157947034785,0.015881343558204555
s11_58.tif,HP,300,2481,3487,0.7114998566102667,25352.6689453125,0.9289869666099548,0.07882940024137497,-6.150667190551758,39.97499465942383,-897.8753788504567,0.016350706435731173
s11_59.tif,HP,300,2481,3487,0.7114998566102667,25352.6689453125,0.9071044921875,0.12055393308401108,-4.006719589233398,15.38998031616211,-818.6991361952055,0.021452514302273417
s11_6.tif,HP,300,2481,3487,0.7114998566102667,25352.6689453125,0.9335801601409912,0.06193201243877411,-8.354436874389648,77.2080078125,-941.0133942574341,0.007921401388724655
s11_60.tif,HP,300,2481,3471,0.7147796024200519,25236.3408203125,0.9343299865722656,0.08382061868906021,-6.305724143981934,40.96442413330078,-923.6849249363664,0.011338027261291258
s11_61.tif,HP,300,2481,3487,0.7114998566102667,25352.6689453125,0.937017560005188,0.07589251548051834,-6.627727031707764,46.44634246826172,-932.7531544660599,0.013898227619671476
s11_62.tif,HP,300,2481,3471,0.7147796024200519,25236.3408203125,0.926566481590271,0.10399376600980759,-4.9783616065979,24.50751495361328,-888.2875919047771,0.01570890075434727
s11_63.tif,HP,300,2481,3487,0.7114998566102667,25352.6689453125,0.9070121645927429,0.10602786391973495,-4.447424411773682,19.738252639770508,-778.2437055893872,0.017739639152598463
s11_64.tif,HP,300,2481,3471,0.7147796024200519,25236.3408203125,0.9019302725791931,0.1202993094921112,-3.9370601177215576,14.621984481811523,-789.5499137799288,0.0153085083047177
s11_65.tif,HP,300,2481,3471,0.7147796024200519,25236.3408203125,0.9188101887702942,0.12220772355794907,-4.02532958984375,15.132940292358398,-855.3882706305654,0.020950116883706547
s11_66.tif,HP,300,2481,3487,0.7114998566102667,25352.6689453125,0.9138356447219849,0.13477130234241486,-3.851240873336792,13.48968505859375,-859.0485793218324,0.012847627631022441
s11_67.tif,HP,300,2481,3471,0.7147796024200519,25236.3408203125,0.8385655879974365,0.1411033421754837,-1.3321369886398315,1.5832462310791016,-487.47264348363603,0.010708175565586269
s11_68.tif,HP,300,2481,3487,0.7114998566102667,25352.6689453125,0.925767719745636,0.11093530803918839,-5.31199836730957,27.876380920410156,-893.6524199761631,0.013173707790333578
s11_69.tif,HP,300,2481,3487,0.7114998566102667,25352.6689453125,0.9290554523468018,0.08567889034748077,-6.3667311668396,42.121036529541016,-913.8910136978736,0.014195641391350865
s11_7.tif,HP,300,2481,3487,0.7114998566102667,25352.6689453125,0.9384772181510925,0.08221554756164551,-6.554203033447266,44.77162170410156,-933.1228809641324,0.013236126537596257
s11_70.tif,HP,300,2481,3487,0.7114998566102667,25352.6689453125,0.8909816145896912,0.15012983977794647,-3.3065569400787354,9.753683090209961,-755.2770067969335,0.047755080857129616
s11_71.tif,HP,300,2481,3471,0.7147796024200519,25236.3408203125,0.927696704864502,0.07706672698259354,-6.591861248016357,46.34087371826172,-904.3264321865151,0.014878504464526774
s11_72.tif,HP,300,2481,3487,0.7114998566102667,25352.6689453125,0.92069011926651,0.11357139050960541,-4.874129295349121,23.329008102416992,-871.4315936954272,0.0204074626467144
s11_73.tif,HP,300,2481,3487,0.7114998566102667,25352.6689453125,0.917831301689148,0.12323672324419022,-4.2639360427856445,17.5336971282959,-827.6287307950188,0.023598100944291614
s11_74.tif,HP,300,2481,3487,0.7114998566102667,25352.6689453125,0.9333250522613525,0.07756440341472626,-6.58505916595459,46.751346588134766,-909.0302948632876,0.014278750797428394
s11_75.tif,HP,300,2481,3487,0.7114998566102667,25352.6689453125,0.9354550242424011,0.07283268868923187,-6.718544006347656,49.140804290771484,-927.2942889091127,0.011669878342393877
s11_76.tif,HP,300,2481,3487,0.7114998566102667,25352.6689453125,0.9342793822288513,0.07612495869398117,-7.112512111663818,54.95906066894531,-915.3415251509612,0.007244504751742726
s11_77.tif,HP,300,2481,3487,0.7114998566102667,25352.6689453125,0.9188992977142334,0.11888804286718369,-4.127283096313477,16.715293884277344,-833.1241669180818,0.026444280229197016
s11_78.tif,HP,300,2481,3487,0.7114998566102667,25352.6689453125,0.9264311790466309,0.10260073095560074,-4.881410598754883,25.07874870300293,-802.1205509670508,0.018453987037937998
s11_79.tif,HP,300,2481,3471,0.7147796024200519,25236.3408203125,0.9323824644088745,0.09263960272073746,-5.812282085418701,34.860774993896484,-894.6946083792039,0.016612454597319345
s11_8.tif,HP,300,2481,3487,0.7114998566102667,25352.6689453125,0.9366079568862915,0.09021568298339844,-6.063148498535156,37.55360412597656,-926.8471715947508,0.0141640852469014
s11_80.tif,HP,300,2481,3487,0.7114998566102667,25352.6689453125,0.93157958984375,0.09582311660051346,-5.655672550201416,32.66399002075195,-885.4376961736368,0.018056356499820198
s11_81.tif,HP,300,2481,3487,0.7114998566102667,25352.6689453125,0.9235311150550842,0.11459691822528839,-4.585625171661377,20.59585189819336,-866.8949088007641,0.028396253164428203
s11_82.tif,HP,300,2481,3487,0.7114998566102667,25352.6689453125,0.9328833222389221,0.0868707150220871,-6.647246837615967,45.3565673828125,-932.1223159681755,0.008827282355942444
s11_83.tif,HP,300,2481,3487,0.7114998566102667,25352.6689453125,0.9280865788459778,0.10621701180934906,-5.12253475189209,26.033559799194336,-892.0187353087445,0.020922879672722324
s11_84.tif,HP,300,2481,3487,0.7114998566102667,25352.6689453125,0.9369837641716003,0.07078497856855392,-7.203108310699463,57.815147399902344,-900.8538544731681,0.012757467218309684
s11_85.tif,HP,300,2481,3471,0.7147796024200519,25236.3408203125,0.9245629906654358,0.09638482332229614,-5.479066848754883,30.58521270751953,-901.2995178667542,0.011401082104721901
s11_86.tif,HP,300,2481,3471,0.7147796024200519,25236.3408203125,0.933048665523529,0.0980037972331047,-5.205956935882568,26.797006607055664,-914.1310411830632,0.012777605334973921
s11_87.tif,HP,300,2481,3487,0.7114998566102667,25352.6689453125,0.9285585284233093,0.0928080603480339,-5.549566268920898,31.142833709716797,-905.8382277522867,0.015886264719987764
s11_88.tif,HP,300,2481,3487,0.7114998566102667,25352.6689453125,0.9299865961074829,0.09020613878965378,-5.128007411956787,27.424928665161133,-890.9256061770634,0.015043264861123489
s11_89.tif,HP,300,2481,3471,0.7147796024200519,25236.3408203125,0.9174436330795288,0.11051467061042786,-4.4483418464660645,19.45758056640625,-848.7931911674702,0.028008659531831143
s11_9.tif,HP,300,2481,3487,0.7114998566102667,25352.6689453125,0.9200741648674011,0.11207663267850876,-4.722380638122559,21.82134437561035,-872.4319641250632,0.022472714049200076
s11_90.tif,HP,300,2481,3487,0.7114998566102667,25352.6689453125,0.9338011145591736,0.09343449026346207,-5.3074822425842285,28.846126556396484,-895.1811993566071,0.024225640534826946
s11_91.tif,HP,300,2481,3471,0.7147796024200519,25236.3408203125,0.9331492185592651,0.0993284285068512,-5.4140944480896,29.085914611816406,-926.664968464685,0.013808313972709445
s11_92.tif,HP,300,2481,3487,0.7114998566102667,25352.6689453125,0.9341673254966736,0.09051396697759628,-5.906277656555176,35.50973129272461,-921.2139503430191,0.01293328002309956
s11_93.tif,HP,300,2481,3487,0.7114998566102667,25352.6689453125,0.9263246059417725,0.0927591398358345,-5.622604846954346,31.999637603759766,-904.8423236226744,0.015475572481053888
s11_94.tif,HP,300,2481,3487,0.7114998566102667,25352.6689453125,0.9361124634742737,0.0892290323972702,-6.01339054107666,36.73169708251953,-932.3228094193186,0.011611620844948711
s11_95.tif,HP,300,2481,3487,0.7114998566102667,25352.6689453125,0.9300457835197449,0.07927528768777847,-6.563263893127441,44.82838439941406,-924.821141636406,0.012165182660950496
s11_96.tif,HP,300,2481,3471,0.7147796024200519,25236.3408203125,0.9314302206039429,0.09429360926151276,-5.590171813964844,31.734325408935547,-914.787524311178,0.00843251117017132
s11_97.tif,HP,300,2481,3471,0.7147796024200519,25236.3408203125,0.9300093054771423,0.09076837450265884,-5.58444881439209,32.2292594909668,-894.8626950963812,0.013922811349546673
s11_98.tif,HP,300,2481,3471,0.7147796024200519,25236.3408203125,0.9119169116020203,0.12963636219501495,-3.652693510055542,12.400819778442383,-806.1626323153115,0.044846509066717485
s11_99.tif,HP,300,2481,3471,0.7147796024200519,25236.3408203125,0.9359091520309448,0.09073863178491592,-5.902548313140869,35.81455612182617,-909.6789798204334,0.011919803993496642
150.tif,Canon120-1,150,1240,1752,0.7077625570776256,6366.8017578125,0.9999976754188538,0.0004597170336637646,-484.99053955078125,358854.25,-2047.5423130760187,3.6824274561791133e-06
300.tif,Canon120-1,300,2480,3508,0.7069555302166477,25495.0673828125,0.9999967813491821,0.000639729667454958,-395.4146728515625,278991.9375,-2047.4075899599272,3.563283922462942e-06
150.tif,Canon120-2,150,2480,3508,0.7069555302166477,25495.0673828125,0.9987203478813171,0.03126172721385956,-25.891761779785156,684.62939453125,-2037.935871854888,0.0005256418508846139
300.tif,Canon120-2,300,2480,3508,0.7069555302166477,25495.0673828125,0.9987150430679321,0.031335800886154175,-25.87537956237793,683.8265991210938,-2037.89366134646,0.0005256418508846139
150.tif,Canon220,150,1240,1752,0.7077625570776256,6366.8017578125,0.9984590411186218,0.03576274588704109,-23.834060668945312,573.5350952148438,-2039.475364781026,0.0005896486964206805
300.tif,Canon220,300,2480,3508,0.7069555302166477,25495.0673828125,0.9986016750335693,0.03411255031824112,-25.062517166137695,633.2509765625,-2039.6115252572818,0.00030092507448412846
150.tif,Canon9000-1,150,1240,1754,0.7069555302166477,6374.0791015625,0.9969097375869751,0.04957491531968117,-16.396387100219727,269.12847900390625,-2032.059748308393,0.0008174862985985949
300.tif,Canon9000-1,300,2480,3508,0.7069555302166477,25495.0712890625,0.9971659183502197,0.04768539220094681,-17.064523696899414,291.1680603027344,-2033.3540449152686,0.00041322599036304117
150.tif,Canon9000-2,150,1240,1754,0.7069555302166477,6374.0791015625,0.9999935626983643,0.0019871657714247704,-380.2073974609375,151578.421875,-2047.728172768244,7.816235700886452e-06
300.tif,Canon9000-2,300,2480,3508,0.7069555302166477,25495.0712890625,0.9999948143959045,0.0017529643373563886,-421.48486328125,188418.734375,-2047.6561026167708,5.517342847684555e-06
150.tif,EpsonV370-1,150,1236,1754,0.7046750285062714,6353.5263671875,0.9989446401596069,0.014239836484193802,-28.630287170410156,959.4893798828125,-1956.2997984303247,0.000908233792016768
300.tif,EpsonV370-1,300,2480,3508,0.7069555302166477,25495.0732421875,0.9989799857139587,0.013143119402229786,-30.7748966217041,1128.9989013671875,-1952.7490578439374,0.0004856411152389009
150.tif,EpsonV370-2,150,1236,1754,0.7046750285062714,6353.5263671875,0.9989665150642395,0.013800679706037045,-27.37009048461914,903.5159301757812,-1973.874272403018,0.0008842479326034252
300.tif,EpsonV370-2,300,2480,3508,0.7069555302166477,25495.0732421875,0.9991012215614319,0.011097105219960213,-30.809253692626953,1222.505126953125,-1974.173472513447,0.000353684665465112
150.tif,EpsonV39-1,150,1240,1754,0.7069555302166477,6374.0810546875,0.9999943971633911,0.0005089048063382506,-164.56346130371094,38034.640625,-2045.3740651135902,3.6782285651230366e-06
300.tif,EpsonV39-1,300,2480,3508,0.7069555302166477,25495.0732421875,0.9999908208847046,0.0007358393631875515,-126.41064453125,21812.2109375,-2040.7614184809547,4.827674991723986e-06
150.tif,EpsonV39-2,150,1240,1754,0.7069555302166477,6374.0810546875,0.9997850656509399,0.0017641911981627345,-58.47580337524414,9286.7021484375,-1979.6054345086025,1.6092249972413287e-05
300.tif,EpsonV39-2,300,2480,3508,0.7069555302166477,25495.0732421875,0.9996432065963745,0.002203182317316532,-59.42578887939453,10327.2353515625,-1942.086102284419,2.8621216022363628e-05
150.tif,EpsonV550,150,1239,1754,0.7063854047890535,6368.9423828125,0.9995439648628235,0.004819613881409168,-13.352174758911133,276.2784729003906,-2007.5128578581284,1.6565387726704233e-05
300.tif,EpsonV550,300,2478,3508,0.7063854047890535,25474.5185546875,0.9995351433753967,0.004912183620035648,-14.329349517822266,384.87115478515625,-2006.24373145516,1.9671397925461277e-05
150.tif,HP,150,1240,1743,0.7114170969592656,6334.1005859375,0.9952145218849182,0.002184131182730198,-1.3318476676940918,22.815114974975586,-1752.037880581296,0.0
300.tif,HP,300,2480,3503,0.7079646017699115,25458.7333984375,0.989982545375824,0.002992803929373622,-0.9681005477905273,27.352310180664062,-1638.0512542385081,0.0
s1_1.tif,Canon120-1,150,1240,1752,0.7077625570776256,6366.8017578125,0.9627370238304138,0.13205072283744812,-3.9036121368408203,14.797052383422852,-1657.7299977326663,0.06595273604359994
s1_10.tif,Canon120-1,150,1240,1752,0.7077625570776256,6366.8017578125,0.9571939706802368,0.1364104300737381,-3.7206497192382812,13.542388916015625,-1542.7214292881324,0.0619057482692591
s1_100.tif,Canon120-1,150,1240,1752,0.7077625570776256,6366.8017578125,0.9548656344413757,0.13931025564670563,-3.5487449169158936,12.0176420211792,-1500.5470034897055,0.06612074679628811
s1_101.tif,Canon120-1,150,1240,1752,0.7077625570776256,6366.8017578125,0.9566712975502014,0.129947230219841,-3.263270616531372,9.98409366607666,-1555.521247022707,0.10563779643541023
s1_102.tif,Canon120-1,150,1240,1752,0.7077625570776256,6366.8017578125,0.9209825396537781,0.1902158260345459,-2.455615758895874,4.8617730140686035,-1420.3115173489564,0.07580276918544705
s1_103.tif,Canon120-1,150,1240,1752,0.7077625570776256,6366.8017578125,0.9716648459434509,0.11492086946964264,-4.699490547180176,22.216991424560547,-1706.8525113982062,0.041901881720430106
s1_104.tif,Canon120-1,150,1240,1752,0.7077625570776256,6366.8017578125,0.9781364798545837,0.11039381474256516,-5.446142673492432,29.248249053955078,-1818.1927564994755,0.031661971571660036
s1_105.tif,Canon120-1,150,1240,1752,0.7077625570776256,6366.8017578125,0.953702986240387,0.14283882081508636,-3.312736749649048,10.328632354736328,-1568.1870595737535,0.03770529533068199
s1_106.tif,Canon120-1,150,1240,1752,0.7077625570776256,6366.8017578125,0.9868997931480408,0.08038543164730072,-7.030441761016846,51.30366897583008,-1874.7475373451816,0.02698620930917661
s1_107.tif,Canon120-1,150,1240,1752,0.7077625570776256,6366.8017578125,0.9784144163131714,0.10114580392837524,-5.368555068969727,29.438472747802734,-1761.5954729864256,0.04207909854175873
s1_108.tif,Canon120-1,150,1240,1752,0.7077625570776256,6366.8017578125,0.9692518711090088,0.1259462833404541,-4.433582782745361,19.113025665283203,-1748.0952031974186,0.053594509500662836
s1_11.tif,Canon120-1,150,1240,1752,0.7077625570776256,6366.8017578125,0.9260766506195068,0.19931013882160187,-2.6410059928894043,5.526590347290039,-1545.9306186480958,0.060134500662836946
s1_12.tif,Canon120-1,150,1240,1752,0.7077625570776256,6366.8017578125,0.9713492393493652,0.12183118611574173,-4.599859714508057,20.64225959777832,-1770.9855444858958,0.04928698998379732
s1_13.tif,Canon120-1,150,1240,1752,0.7077625570776256,6366.8017578125,0.9729490280151367,0.11994627118110657,-4.788296222686768,22.431276321411133,-1785.381804754163,0.04442894756223303
s1_14.tif,Canon120-1,150,1240,1752,0.7077625570776256,6366.8017578125,0.9759771227836609,0.11235807090997696,-5.094439506530762,25.70232582092285,-1810.381897710445,0.04074283767859773
s1_15.tif,Canon120-1,150,1240,1752,0.7077625570776256,6366.8017578125,0.9442394971847534,0.15766623616218567,-3.0014560222625732,8.129217147827148,-1532.3379506635476,0.06756886139343055
s1_16.tif,Canon120-1,150,1240,1752,0.7077625570776256,6366.8017578125,0.9633569717407227,0.12722505629062653,-3.9717118740081787,15.540061950683594,-1573.3738811546132,0.05832136544410075
s1_17.tif,Canon120-1,150,1240,1752,0.7077625570776256,6366.8017578125,0.931755006313324,0.19842824339866638,-2.811852216720581,6.2898712158203125,-1613.1087109281855,0.046720338046840476
s1_18.tif,Canon120-1,150,1240,1752,0.7077625570776256,6366.8017578125,0.9099400639533997,0.19788001477718353,-2.1820924282073975,3.513540744781494,-1340.2280151089592,0.06486503903373103
s1_19.tif,Canon120-1,150,1240,1752,0.7077625570776256,6366.8017578125,0.9343273639678955,0.19469085335731506,-3.0039217472076416,7.662755966186523,-1577.0208296881808,0.04810078803947562
s1_2.tif,Canon120-1,150,1240,1752,0.7077625570776256,6366.8017578125,0.9688805937767029,0.12752048671245575,-4.419209003448486,18.936264038085938,-1752.2339750577528,0.05139794152305199
s1_20.tif,Canon120-1,150,1240,1752,0.7077625570776256,6366.8017578125,0.9414212107658386,0.16710598766803741,-2.962090015411377,7.69758415222168,-1557.619481255097,0.07053551701281485
s1_21.tif,Canon120-1,150,1240,1752,0.7077625570776256,6366.8017578125,0.9257314801216125,0.20386934280395508,-2.7195804119110107,5.980273246765137,-1522.476063537974,0.06710027249963176
s1_22.tif,Canon120-1,150,1240,1752,0.7077625570776256,6366.8017578125,0.9714878797531128,0.12127111107110977,-4.656984806060791,21.315141677856445,-1759.0466581875983,0.04498729562527618
s1_23.tif,Canon120-1,150,1240,1752,0.7077625570776256,6366.8017578125,0.9768211841583252,0.10142859071493149,-4.9965105056762695,25.38308334350586,-1743.8620817538756,0.05134776844896156
s1_24.tif,Canon120-1,150,1240,1752,0.7077625570776256,6366.8017578125,0.9667878150939941,0.11769373714923859,-3.97363018989563,15.516714096069336,-1636.6714163557656,0.08104608557961408
s1_25.tif,Canon120-1,150,1240,1752,0.7077625570776256,6366.8017578125,0.9701211452484131,0.11124962568283081,-4.245555877685547,18.09604835510254,-1677.9159445494442,0.07531254603034321
s1_26.tif,Canon120-1,150,1240,1752,0.7077625570776256,6366.8017578125,0.969917356967926,0.12063490599393845,-4.2588043212890625,17.466535568237305,-1752.9386124326625,0.03403069303284725
s1_27.tif,Canon120-1,150,1240,1752,0.7077625570776256,6366.8017578125,0.9761883616447449,0.10138602554798126,-4.793779373168945,23.317276000976562,-1754.8564730104285,0.054224664899101487
s1_28.tif,Canon120-1,150,1240,1752,0.7077625570776256,6366.8017578125,0.9735162258148193,0.10464993864297867,-4.411827564239502,19.370271682739258,-1716.936571909819,0.04709732655766682
s1_29.tif,Canon120-1,150,1240,1752,0.7077625570776256,6366.8017578125,0.9606554508209229,0.1254403293132782,-3.4723658561706543,11.3939208984375,-1595.4435858406578,0.09665819708351746
s1_3.tif,Canon120-1,150,1240,1752,0.7077625570776256,6366.8017578125,0.9666131734848022,0.1294163018465042,-4.228002071380615,17.315038681030273,-1713.6533709211772,0.05942471277065842
s1_30.tif,Canon120-1,150,1240,1752,0.7077625570776256,6366.8017578125,0.9741511940956116,0.10211788862943649,-4.43265438079834,19.669178009033203,-1705.988689948734,0.05876049491825011
s1_31.tif,Canon120-1,150,1240,1752,0.7077625570776256,6366.8017578125,0.9615646004676819,0.12290577590465546,-3.520080089569092,11.844866752624512,-1595.343806187067,0.09070693401089999
s1_32.tif,Canon120-1,150,1240,1752,0.7077625570776256,6366.8017578125,0.9661731123924255,0.12097212672233582,-4.153649806976318,17.335079193115234,-1643.8149689365846,0.06447470172337605
s1_33.tif,Canon120-1,150,1240,1752,0.7077625570776256,6366.8017578125,0.9681917428970337,0.11618401855230331,-4.069513320922852,16.43042755126953,-1681.8195874000294,0.07161032552658712
s1_34.tif,Canon120-1,150,1240,1752,0.7077625570776256,6366.8017578125,0.9727470278739929,0.10643831640481949,-4.351952075958252,18.87211799621582,-1724.0116139378736,0.0660424952128443
s1_35.tif,Canon120-1,150,1240,1752,0.7077625570776256,6366.8017578125,0.9536097049713135,0.13438287377357483,-3.145564317703247,9.220552444458008,-1536.6764485950162,0.11120516644572102
s1_36.tif,Canon120-1,150,1240,1752,0.7077625570776256,6366.8017578125,0.994830310344696,0.052088890224695206,-11.55382251739502,140.18338012695312,-1954.1357793816112,0.008352205774046252
s1_37.tif,Canon120-1,150,1240,1752,0.7077625570776256,6366.8017578125,0.9508472084999084,0.15326198935508728,-3.2464733123779297,9.54114055633545,-1616.1915274364483,0.0568401089998527
s1_38.tif,Canon120-1,150,1240,1752,0.7077625570776256,6366.8017578125,0.9556365013122559,0.14123307168483734,-3.4926021099090576,11.614184379577637,-1587.935110759824,0.06641534099278244
s1_39.tif,Canon120-1,150,1240,1752,0.7077625570776256,6366.8017578125,0.9625512957572937,0.13783693313598633,-3.9220144748687744,14.504261016845703,-1697.6450638968565,0.06464731551038444
s1_4.tif,Canon120-1,150,1240,1752,0.7077625570776256,6366.8017578125,0.9467940330505371,0.15149624645709991,-2.8507931232452393,7.024806022644043,-1603.4568023438287,0.0604070002945942
s1_40.tif,Canon120-1,150,1240,1752,0.7077625570776256,6366.8017578125,0.9801750779151917,0.09797152876853943,-5.568559646606445,31.48801040649414,-1794.489789149561,0.03736697230814553
s1_41.tif,Canon120-1,150,1240,1752,0.7077625570776256,6366.8017578125,0.9751549959182739,0.10668781399726868,-4.774827003479004,22.83687973022461,-1767.0252807710208,0.052790359404919725
s1_42.tif,Canon120-1,150,1240,1752,0.7077625570776256,6366.8017578125,0.8846420645713806,0.24621111154556274,-1.868726134300232,1.773238182067871,-1382.5365475799058,0.061820592134334953
s1_43.tif,Canon120-1,150,1240,1752,0.7077625570776256,6366.8017578125,0.972774088382721,0.1197575181722641,-4.765539169311523,22.27143096923828,-1782.192820192387,0.04485426793342171
s1_44.tif,Canon120-1,150,1240,1752,0.7077625570776256,6366.8017578125,0.9309809803962708,0.19698376953601837,-2.7789392471313477,6.152297019958496,-1573.2696880259132,0.05752504050670202
s1_45.tif,Canon120-1,150,1240,1752,0.7077625570776256,6366.8017578125,0.9756453633308411,0.1136043444275856,-5.071900844573975,25.37757682800293,-1800.6473206181272,0.0403824200913242
s1_46.tif,Canon120-1,150,1240,1752,0.7077625570776256,6366.8017578125,0.9257841110229492,0.19203440845012665,-2.548515558242798,5.0779829025268555,-1513.7907620734247,0.06887704374723817
s1_47.tif,Canon120-1,150,1240,1752,0.7077625570776256,6366.8017578125,0.9646714925765991,0.1298653483390808,-4.238964557647705,17.985618591308594,-1675.752317927812,0.05016478862866402
s1_48.tif,Canon120-1,150,1240,1752,0.7077625570776256,6366.8017578125,0.9300036430358887,0.18308298289775848,-2.8308842182159424,6.999172210693359,-1396.7285791546833,0.045182924583885696
s1_49.tif,Canon120-1,150,1240,1752,0.7077625570776256,6366.8017578125,0.9664969444274902,0.11892480403184891,-3.9003329277038574,14.903923034667969,-1673.4495607893446,0.06888532920901458
s1_5.tif,Canon120-1,150,1240,1752,0.7077625570776256,6366.8017578125,0.9304558634757996,0.1744687557220459,-2.6388022899627686,5.972010612487793,-1449.1508087757034,0.07944146781558403
s1_50.tif,Canon120-1,150,1240,1752,0.7077625570776256,6366.8017578125,0.9228895306587219,0.21830306947231293,-2.760615110397339,6.027117729187012,-1596.3792358741014,0.04193502356753572
s1_51.tif,Canon120-1,150,1240,1752,0.7077625570776256,6366.8017578125,0.9636730551719666,0.1297941952943802,-3.7177937030792236,13.140121459960938,-1720.422872335673,0.03610896302842834
s1_52.tif,Canon120-1,150,1240,1752,0.7077625570776256,6366.8017578125,0.9524375200271606,0.1651260256767273,-3.550255060195923,11.411886215209961,-1683.369465517271,0.03609699513919576
s1_53.tif,Canon120-1,150,1240,1752,0.7077625570776256,6366.8017578125,0.9533440470695496,0.1634930521249771,-3.506844997406006,10.901971817016602,-1719.313627335338,0.03416280011783768
s1_54.tif,Canon120-1,150,1240,1752,0.7077625570776256,6366.8017578125,0.9331682324409485,0.18558229506015778,-2.7796263694763184,6.41603946685791,-1568.0696948596205,0.051000699661216675
s1_55.tif,Canon120-1,150,1240,1752,0.7077625570776256,6366.8017578125,0.975261926651001,0.10238537937402725,-5.190038681030273,28.09810447692871,-1599.6376489786198,0.03229534909412284
s1_56.tif,Canon120-1,150,1240,1752,0.7077625570776256,6366.8017578125,0.9720302224159241,0.11584693938493729,-4.588228225708008,20.9741268157959,-1749.4107378173605,0.0429398659596406
s1_57.tif,Canon120-1,150,1240,1752,0.7077625570776256,6366.8017578125,0.9587060213088989,0.1350281983613968,-3.679828643798828,13.018487930297852,-1532.0830613550743,0.053165967005449996
s1_58.tif,Canon120-1,150,1240,1752,0.7077625570776256,6366.8017578125,0.9604768753051758,0.13817793130874634,-3.7818310260772705,13.54758071899414,-1658.3410521507985,0.07555052290469878
s1_59.tif,Canon120-1,150,1240,1752,0.7077625570776256,6366.8017578125,0.9602484107017517,0.13413795828819275,-3.7325470447540283,13.380006790161133,-1601.540978165287,0.06679647223449699
s1_6.tif,Canon120-1,150,1240,1752,0.7077625570776256,6366.8017578125,0.933626115322113,0.17127814888954163,-2.7413501739501953,6.512679100036621,-1398.3134951994182,0.05705000736485491
s1_60.tif,Canon120-1,150,1240,1752,0.7077625570776256,6366.8017578125,0.9364123344421387,0.1825965791940689,-2.8590962886810303,6.825261116027832,-1574.2382300319791,0.05666703490941229
s1_61.tif,Canon120-1,150,1240,1752,0.7077625570776256,6366.8017578125,0.981984555721283,0.09466949850320816,-5.806509017944336,34.298057556152344,-1816.4326721957564,0.018280030195905142
s1_62.tif,Canon120-1,150,1240,1752,0.7077625570776256,6366.8017578125,0.9829812049865723,0.09536992013454437,-6.244266033172607,39.551170349121094,-1857.4532983518372,0.026376307261746945
s1_63.tif,Canon120-1,150,1240,1752,0.7077625570776256,6366.8017578125,0.9653958678245544,0.13034175336360931,-4.018861770629883,15.491233825683594,-1730.3899435823118,0.04490213949035204
s1_64.tif,Canon120-1,150,1240,1752,0.7077625570776256,6366.8017578125,0.9694883227348328,0.11254916340112686,-4.283232688903809,18.753263473510742,-1664.5192315038548,0.04020612387685962
s1_65.tif,Canon120-1,150,1240,1752,0.7077625570776256,6366.8017578125,0.9721599221229553,0.10742265731096268,-4.458105087280273,20.46494483947754,-1702.325084692437,0.033511470761526
s1_66.tif,Canon120-1,150,1240,1752,0.7077625570776256,6366.8017578125,0.9539852142333984,0.14316868782043457,-3.1726434230804443,9.015647888183594,-1648.8219456320126,0.031460818971866256
s1_67.tif,Canon120-1,150,1240,1752,0.7077625570776256,6366.8017578125,0.9424381852149963,0.1757517158985138,-2.9787912368774414,7.40196418762207,-1652.8771495795177,0.030365296803652967
s1_68.tif,Canon120-1,150,1240,1752,0.7077625570776256,6366.8017578125,0.9837169051170349,0.09519492834806442,-6.486047267913818,42.30081558227539,-1838.8309042711494,0.019309728973339227
s1_69.tif,Canon120-1,150,1240,1752,0.7077625570776256,6366.8017578125,0.9654049873352051,0.1354658007621765,-4.163029670715332,16.46390151977539,-1734.0762593846832,0.05450821181322728
s1_7.tif,Canon120-1,150,1240,1752,0.7077625570776256,6366.8017578125,0.9499331116676331,0.15493659675121307,-3.237518310546875,9.466911315917969,-1624.01100729579,0.05920422742671969
s1_70.tif,Canon120-1,150,1240,1752,0.7077625570776256,6366.8017578125,0.9422082304954529,0.17937910556793213,-3.1094071865081787,8.211746215820312,-1597.4280241901756,0.052237534983060836
s1_71.tif,Canon120-1,150,1240,1752,0.7077625570776256,6366.8017578125,0.9622772932052612,0.13629338145256042,-3.951284646987915,14.853776931762695,-1669.3444530425572,0.046781098099867434
s1_72.tif,Canon120-1,150,1240,1752,0.7077625570776256,6366.8017578125,0.9638407826423645,0.1576797515153885,-4.348050117492676,17.320383071899414,-1824.949060379418,0.01688162836942112
s1_73.tif,Canon120-1,150,1240,1752,0.7077625570776256,6366.8017578125,0.9740501642227173,0.11715701222419739,-4.87917947769165,23.324642181396484,-1791.6787269139777,0.042213507143909264
s1_74.tif,Canon120-1,150,1240,1752,0.7077625570776256,6366.8017578125,0.9689744114875793,0.12842757999897003,-4.420106410980225,18.777727127075195,-1757.5158777518666,0.04825821181322728
s1_75.tif,Canon120-1,150,1240,1752,0.7077625570776256,6366.8017578125,0.9718561172485352,0.12023439258337021,-4.642376899719238,21.064189910888672,-1752.5340010248772,0.04858272573280306
s1_76.tif,Canon120-1,150,1240,1752,0.7077625570776256,6366.8017578125,0.9768319129943848,0.1093444973230362,-5.185288429260254,26.824329376220703,-1781.1437389839527,0.03347464648696421
s1_77.tif,Canon120-1,150,1240,1752,0.7077625570776256,6366.8017578125,0.9666709303855896,0.12735764682292938,-4.247608184814453,17.661136627197266,-1691.1601767955085,0.053186680659891
s1_78.tif,Canon120-1,150,1240,1752,0.7077625570776256,6366.8017578125,0.9756108522415161,0.10638841986656189,-5.154861927032471,27.207338333129883,-1738.293957487333,0.035983300191486225
s1_79.tif,Canon120-1,150,1240,1752,0.7077625570776256,6366.8017578125,0.9754712581634521,0.10772737860679626,-4.883856773376465,23.949073791503906,-1781.9397538888843,0.047553487258801
s1_8.tif,Canon120-1,150,1240,1752,0.7077625570776256,6366.8017578125,0.9525380730628967,0.1422831416130066,-3.570308208465576,12.241912841796875,-1463.491007597756,0.054854359994108114
s1_80.tif,Canon120-1,150,1240,1752,0.7077625570776256,6366.8017578125,0.961588978767395,0.13215629756450653,-3.9232873916625977,14.974786758422852,-1608.6456439398387,0.061239228899690676
s1_81.tif,Canon120-1,150,1240,1752,0.7077625570776256,6366.8017578125,0.9700161814689636,0.1067487969994545,-4.463260173797607,21.63321304321289,-1642.8911540184636,0.03240582191780822
s1_82.tif,Canon120-1,150,1240,1752,0.7077625570776256,6366.8017578125,0.9757404923439026,0.11542074382305145,-5.11822509765625,25.674579620361328,-1800.5411587967149,0.036030711444984535
s1_83.tif,Canon120-1,150,1240,1752,0.7077625570776256,6366.8017578125,0.9791467785835266,0.10736346989870071,-5.569571495056152,30.772918701171875,-1840.366622139967,0.03214621078214759
s1_84.tif,Canon120-1,150,1240,1752,0.7077625570776256,6366.8017578125,0.9751611351966858,0.11296115815639496,-4.984833240509033,24.574724197387695,-1785.2464471314236,0.04394424804831345
s1_85.tif,Canon120-1,150,1240,1752,0.7077625570776256,6366.8017578125,0.9580743908882141,0.14087046682834625,-3.594139575958252,12.277338981628418,-1655.761893744325,0.042310631168065986
s1_86.tif,Canon120-1,150,1240,1752,0.7077625570776256,6366.8017578125,0.9541425704956055,0.15500764548778534,-3.4182612895965576,10.401124000549316,-1704.6581784422,0.03394185447046693
s1_87.tif,Canon120-1,150,1240,1752,0.7077625570776256,6366.8017578125,0.9246973395347595,0.17570094764232635,-2.436922073364258,5.014980316162109,-1419.2005036778112,0.06927060318161732
s1_88.tif,Canon120-1,150,1240,1752,0.7077625570776256,6366.8017578125,0.9643852114677429,0.12655287981033325,-3.9945948123931885,15.921985626220703,-1674.455682275217,0.04129566210045662
s1_89.tif,Canon120-1,150,1240,1752,0.7077625570776256,6366.8017578125,0.9734028577804565,0.11830312013626099,-4.842038631439209,23.12394142150879,-1778.282205244223,0.03987516570923553
s1_9.tif,Canon120-1,150,1240,1752,0.7077625570776256,6366.8017578125,0.9623237252235413,0.12703442573547363,-3.7746424674987793,14.14848518371582,-1595.2998872985663,0.04253617984975696
s1_90.tif,Canon120-1,150,1240,1752,0.7077625570776256,6366.8017578125,0.9514963626861572,0.14790834486484528,-3.334799289703369,10.479479789733887,-1566.9485920342886,0.06216443879805568
s1_91.tif,Canon120-1,150,1240,1752,0.7077625570776256,6366.8017578125,0.987229585647583,0.08143451064825058,-7.123269557952881,52.01789855957031,-1883.3177313738372,0.02264784946236559
s1_92.tif,Canon120-1,150,1240,1752,0.7077625570776256,6366.8017578125,0.9675206542015076,0.12667427957057953,-4.220996856689453,17.250843048095703,-1734.5153159360132,0.059981219619973485
s1_93.tif,Canon120-1,150,1240,1752,0.7077625570776256,6366.8017578125,0.9393469095230103,0.1700466126203537,-2.8720662593841553,7.055269241333008,-1547.0276646768596,0.059788812785388126
s1_94.tif,Canon120-1,150,1240,1752,0.7077625570776256,6366.8017578125,0.9755986332893372,0.11082038283348083,-4.998963356018066,24.984233856201172,-1782.7831501113483,0.03577386212991604
s1_95.tif,Canon120-1,150,1240,1752,0.7077625570776256,6366.8017578125,0.9652018547058105,0.14149785041809082,-4.186590194702148,16.35398292541504,-1777.7142360172352,0.029815694505818235
s1_96.tif,Canon120-1,150,1240,1752,0.7077625570776256,6366.8017578125,0.9608327150344849,0.1371254026889801,-3.7876944541931152,13.727413177490234,-1681.8309105665185,0.0568318235380763
s1_97.tif,Canon120-1,150,1240,1752,0.7077625570776256,6366.8017578125,0.9738056063652039,0.11484327912330627,-4.794576644897461,22.67360496520996,-1767.9054323630726,0.04779238474002062
s1_98.tif,Canon120-1,150,1240,1752,0.7077625570776256,6366.8017578125,0.9638279676437378,0.13859772682189941,-4.069389343261719,15.775779724121094,-1721.3440367688768,0.039166298423921046
s1_99.tif,Canon120-1,150,1240,1752,0.7077625570776256,6366.8017578125,0.9496200680732727,0.16497012972831726,-3.3630306720733643,10.142939567565918,-1654.6019894504127,0.050777912800117835
s1_1.tif,Canon120-1,300,2480,3508,0.7069555302166477,25495.0673828125,0.9613192677497864,0.140962615609169,-4.016214370727539,15.306442260742188,-1546.6328170103945,0.03899600452422113
s1_10.tif,Canon120-1,300,2480,3508,0.7069555302166477,25495.0673828125,0.9564300179481506,0.14303027093410492,-3.8240811824798584,14.020814895629883,-1466.1453292114434,0.037580346305219406
s1_100.tif,Canon120-1,300,2480,3508,0.7069555302166477,25495.0673828125,0.9538097381591797,0.1466660052537918,-3.6473095417022705,12.507061004638672,-1427.2786543167026,0.04075879556405635
s1_101.tif,Canon120-1,300,2480,3508,0.7069555302166477,25495.0673828125,0.955003559589386,0.1435423493385315,-3.4987220764160156,11.356894493103027,-1471.707245921231,0.06606661731710009
s1_102.tif,Canon120-1,300,2480,3508,0.7069555302166477,25495.0673828125,0.9200732707977295,0.19586730003356934,-2.4980320930480957,4.997064113616943,-1355.2554516342761,0.05268809541324898
s1_103.tif,Canon120-1,300,2480,3508,0.7069555302166477,25495.0673828125,0.9708301424980164,0.1210533007979393,-4.796030044555664,22.781888961791992,-1638.1275873287614,0.024808502225328283
s1_104.tif,Canon120-1,300,2480,3508,0.7069555302166477,25495.0673828125,0.9770275950431824,0.11580641567707062,-5.505237579345703,29.414207458496094,-1688.2715927582226,0.017956307242432044
s1_105.tif,Canon120-1,300,2480,3508,0.7069555302166477,25495.0673828125,0.9525824785232544,0.1474287509918213,-3.39813232421875,10.847800254821777,-1462.7439630992667,0.022705245153933865
s1_106.tif,Canon120-1,300,2480,3508,0.7069555302166477,25495.0673828125,0.986270546913147,0.0859738439321518,-7.157747268676758,52.085472106933594,-1806.880362406861,0.015816037996101078
s1_107.tif,Canon120-1,300,2480,3508,0.7069555302166477,25495.0673828125,0.9774051308631897,0.10833001881837845,-5.517711639404297,30.347946166992188,-1655.2154610781256,0.024494933240151544
s1_108.tif,Canon120-1,300,2480,3508,0.7069555302166477,25495.0673828125,0.9686135649681091,0.13352207839488983,-4.539982795715332,19.593820571899414,-1691.7127068719792,0.03135402490160739
s1_11.tif,Canon120-1,300,2480,3508,0.7069555302166477,25495.0673828125,0.9254674911499023,0.20423251390457153,-2.669179677963257,5.597339630126953,-1489.5503610244116,0.038060125243682644
s1_12.tif,Canon120-1,300,2480,3508,0.7069555302166477,25495.0673828125,0.9704381823539734,0.1292249709367752,-4.689906597137451,21.01395606994629,-1690.0616125886415,0.028519260124324125
s1_13.tif,Canon120-1,300,2480,3508,0.7069555302166477,25495.0673828125,0.972011923789978,0.1270313709974289,-4.867830276489258,22.7071590423584,-1699.9985529595872,0.02561736767572737
s1_14.tif,Canon120-1,300,2480,3508,0.7069555302166477,25495.0673828125,0.9751428961753845,0.11897413432598114,-5.178721904754639,26.00905418395996,-1727.2208448544218,0.023637676095192555
s1_15.tif,Canon120-1,300,2480,3508,0.7069555302166477,25495.0673828125,0.9432644844055176,0.1640114039182663,-3.093294143676758,8.588234901428223,-1443.4682902268285,0.044496795343362636
s1_16.tif,Canon120-1,300,2480,3508,0.7069555302166477,25495.0673828125,0.962775707244873,0.13339631259441376,-4.113429069519043,16.41948127746582,-1504.8086383751822,0.037219535071909365
s1_17.tif,Canon120-1,300,2480,3508,0.7069555302166477,25495.0673828125,0.9312706589698792,0.20243291556835175,-2.8352041244506836,6.363855361938477,-1551.729115893473,0.027331881965645344
s1_18.tif,Canon120-1,300,2480,3508,0.7069555302166477,25495.0673828125,0.909152626991272,0.20289629697799683,-2.2328038215637207,3.70701265335083,-1276.0972684308788,0.04473507558759701
s1_19.tif,Canon120-1,300,2480,3508,0.7069555302166477,25495.0673828125,0.9339066743850708,0.19775813817977905,-3.0095577239990234,7.584242820739746,-1505.9231372163033,0.029668476661639753
s1_2.tif,Canon120-1,300,2480,3508,0.7069555302166477,25495.0673828125,0.9681785106658936,0.13497944176197052,-4.495339393615723,19.149219512939453,-1703.1613492330553,0.030141243976900725
s1_20.tif,Canon120-1,300,2480,3508,0.7069555302166477,25495.0673828125,0.9406712055206299,0.17458656430244446,-3.037142276763916,7.993196487426758,-1510.3424333594944,0.04253400062529886
s1_21.tif,Canon120-1,300,2480,3508,0.7069555302166477,25495.0673828125,0.9251039028167725,0.20875808596611023,-2.732001543045044,5.917448043823242,-1457.2497734067233,0.041609270975098395
s1_22.tif,Canon120-1,300,2480,3508,0.7069555302166477,25495.0673828125,0.970763623714447,0.12735457718372345,-4.726055145263672,21.514907836914062,-1685.670734191455,0.02611461819987494
s1_23.tif,Canon120-1,300,2480,3508,0.7069555302166477,25495.0673828125,0.9756250977516174,0.10998064279556274,-5.207833290100098,26.994426727294922,-1636.4210545121703,0.031452762349652406
s1_24.tif,Canon120-1,300,2480,3508,0.7069555302166477,25495.0673828125,0.9656731486320496,0.12920761108398438,-4.222146511077881,17.161136627197266,-1560.4645529513487,0.049245273476293816
s1_25.tif,Canon120-1,300,2480,3508,0.7069555302166477,25495.0673828125,0.9692257642745972,0.12137828022241592,-4.467229843139648,19.599950790405273,-1621.5762113222709,0.045525894729098466
s1_26.tif,Canon120-1,300,2480,3508,0.7069555302166477,25495.0673828125,0.9688888788223267,0.12568284571170807,-4.346490383148193,18.176923751831055,-1660.398822425512,0.021638673814690843
s1_27.tif,Canon120-1,300,2480,3508,0.7069555302166477,25495.0673828125,0.9751862287521362,0.11069770157337189,-5.035773277282715,25.1326961517334,-1670.3070462420928,0.03347096038547835
s1_28.tif,Canon120-1,300,2480,3508,0.7069555302166477,25495.0673828125,0.9726604223251343,0.11060001701116562,-4.618436813354492,21.276439666748047,-1636.7713043418266,0.030368719424725053
s1_29.tif,Canon120-1,300,2480,3508,0.7069555302166477,25495.0673828125,0.9593058824539185,0.13990402221679688,-3.7539589405059814,13.156906127929688,-1534.886783629211,0.06037720233935337
s1_3.tif,Canon120-1,300,2480,3508,0.7069555302166477,25495.0673828125,0.9657073020935059,0.13712215423583984,-4.300929546356201,17.4951229095459,-1645.7267420591536,0.03537846673042263
s1_30.tif,Canon120-1,300,2480,3508,0.7069555302166477,25495.0673828125,0.9725699424743652,0.11277197301387787,-4.742456436157227,22.25960922241211,-1578.4512090497872,0.03733769816456395
s1_31.tif,Canon120-1,300,2480,3508,0.7069555302166477,25495.0673828125,0.9604976177215576,0.1358698010444641,-3.795870065689087,13.60511589050293,-1546.3044455038532,0.056606788170816935
s1_32.tif,Canon120-1,300,2480,3508,0.7069555302166477,25495.0673828125,0.9653083086013794,0.12828965485095978,-4.241269588470459,17.697328567504883,-1579.4140445054343,0.039385207084268216
s1_33.tif,Canon120-1,300,2480,3508,0.7069555302166477,25495.0673828125,0.9668335318565369,0.1278742253780365,-4.281820774078369,17.704973220825195,-1601.0312364373167,0.04400494721742009
s1_34.tif,Canon120-1,300,2480,3508,0.7069555302166477,25495.0673828125,0.9715607166290283,0.11791827529668808,-4.627024173736572,20.888164520263672,-1647.3182993146168,0.041091445359914665
s1_35.tif,Canon120-1,300,2480,3508,0.7069555302166477,25495.0673828125,0.9521787762641907,0.1475425362586975,-3.36098051071167,10.384735107421875,-1467.4301879885145,0.07052497517195719
s1_36.tif,Canon120-1,300,2480,3508,0.7069555302166477,25495.0673828125,0.9943404793739319,0.055131588131189346,-11.696438789367676,141.03329467773438,-1868.7910422925725,0.005124691948357671
s1_37.tif,Canon120-1,300,2480,3508,0.7069555302166477,25495.0673828125,0.9493974447250366,0.16050618886947632,-3.310492515563965,9.821806907653809,-1528.2468885665166,0.03680757347261559
s1_38.tif,Canon120-1,300,2480,3508,0.7069555302166477,25495.0673828125,0.9545403122901917,0.1494755744934082,-3.6279196739196777,12.344079971313477,-1497.0735657962648,0.039806249310332144
s1_39.tif,Canon120-1,300,2480,3508,0.7069555302166477,25495.0673828125,0.9616617560386658,0.14651663601398468,-4.014273166656494,14.893960952758789,-1644.4214807174544,0.03734677879133409
s1_4.tif,Canon120-1,300,2480,3508,0.7069555302166477,25495.0673828125,0.945461630821228,0.15957322716712952,-2.978410482406616,7.765139579772949,-1515.8101720725913,0.03623974693787472
s1_40.tif,Canon120-1,300,2480,3508,0.7069555302166477,25495.0673828125,0.9794920086860657,0.10482262074947357,-5.737935543060303,32.64396286010742,-1718.7119588472397,0.02278340751094273
s1_41.tif,Canon120-1,300,2480,3508,0.7069555302166477,25495.0673828125,0.9743763208389282,0.1159510463476181,-4.97686767578125,24.216995239257812,-1711.6638580057866,0.03226898425718174
s1_42.tif,Canon120-1,300,2480,3508,0.7069555302166477,25495.0673828125,0.8838735818862915,0.24988265335559845,-1.8887827396392822,1.8322124481201172,-1300.648242927538,0.04048051458417626
s1_43.tif,Canon120-1,300,2480,3508,0.7069555302166477,25495.0673828125,0.9721881151199341,0.12644462287425995,-4.852890491485596,22.588150024414062,-1727.8391703825419,0.026050134255342628
s1_44.tif,Canon120-1,300,2480,3508,0.7069555302166477,25495.0673828125,0.92967289686203,0.20236098766326904,-2.7923548221588135,6.149487495422363,-1472.1101310588624,0.03547410067311583
s1_45.tif,Canon120-1,300,2480,3508,0.7069555302166477,25495.0673828125,0.9749429821968079,0.12024904042482376,-5.15380859375,25.666799545288086,-1736.7586364981123,0.023456753227645566
s1_46.tif,Canon120-1,300,2480,3508,0.7069555302166477,25495.0673828125,0.9252800345420837,0.19720153510570526,-2.582435131072998,5.170560836791992,-1463.696047901114,0.045226463934968916
s1_47.tif,Canon120-1,300,2480,3508,0.7069555302166477,25495.0673828125,0.9635071158409119,0.13639527559280396,-4.274459362030029,17.8516788482666,-1584.6843634873333,0.029210537205281936
s1_48.tif,Canon120-1,300,2480,3508,0.7069555302166477,25495.0673828125,0.9304162859916687,0.1857350915670395,-2.8819785118103027,7.205893516540527,-1353.1107162563428,0.028324773788943245
s1_49.tif,Canon120-1,300,2480,3508,0.7069555302166477,25495.0673828125,0.9650964736938477,0.13011793792247772,-4.110149383544922,16.22239112854004,-1587.5202157230306,0.045006344944274836
s1_5.tif,Canon120-1,300,2480,3508,0.7069555302166477,25495.0673828125,0.9300893545150757,0.18062807619571686,-2.706888198852539,6.223287582397461,-1409.1450591059775,0.05227693842645382
s1_50.tif,Canon120-1,300,2480,3508,0.7069555302166477,25495.0673828125,0.9224313497543335,0.22112806141376495,-2.7549328804016113,5.924761772155762,-1538.5211568822062,0.02616289494979218
s1_51.tif,Canon120-1,300,2480,3508,0.7069555302166477,25495.0673828125,0.9625388979911804,0.13521836698055267,-3.8256173133850098,13.9046630859375,-1603.4175997665639,0.022378917313421856
s1_52.tif,Canon120-1,300,2480,3508,0.7069555302166477,25495.0673828125,0.9516887068748474,0.16863363981246948,-3.5718700885772705,11.43754768371582,-1586.3973227341908,0.021455337109647993
s1_53.tif,Canon120-1,300,2480,3508,0.7069555302166477,25495.0673828125,0.9529628753662109,0.16684852540493011,-3.548393726348877,11.132478713989258,-1653.5895871944676,0.021580052046934195
s1_54.tif,Canon120-1,300,2480,3508,0.7069555302166477,25495.0673828125,0.9323087930679321,0.18961232900619507,-2.80877685546875,6.521973609924316,-1478.088315648871,0.03149460219958068
s1_55.tif,Canon120-1,300,2480,3508,0.7069555302166477,25495.0673828125,0.9750301241874695,0.1067885011434555,-5.385642051696777,29.768959045410156,-1558.5236521354066,0.01931863114723949
s1_56.tif,Canon120-1,300,2480,3508,0.7069555302166477,25495.0673828125,0.9713296890258789,0.12191782891750336,-4.713232040405273,21.782804489135742,-1679.6649495686413,0.025709208445212784
s1_57.tif,Canon120-1,300,2480,3508,0.7069555302166477,25495.0673828125,0.9581801891326904,0.14075395464897156,-3.795125722885132,13.679788589477539,-1470.1773802407772,0.031762997940192
s1_58.tif,Canon120-1,300,2480,3508,0.7069555302166477,25495.0673828125,0.9591221213340759,0.14841614663600922,-3.886643886566162,13.987970352172852,-1576.1172137755395,0.04438001158641998
s1_59.tif,Canon120-1,300,2480,3508,0.7069555302166477,25495.0673828125,0.9590948224067688,0.14319531619548798,-3.859173059463501,13.985506057739258,-1510.9315094289448,0.0438905772979733
s1_6.tif,Canon120-1,300,2480,3508,0.7069555302166477,25495.0673828125,0.9333334565162659,0.17527537047863007,-2.819347381591797,6.920551300048828,-1337.099918427503,0.0390007172545702
s1_60.tif,Canon120-1,300,2480,3508,0.7069555302166477,25495.0673828125,0.935133695602417,0.18798501789569855,-2.8847813606262207,6.886200904846191,-1467.0948400630125,0.03757218523559054
s1_61.tif,Canon120-1,300,2480,3508,0.7069555302166477,25495.0673828125,0.9811728596687317,0.09806615114212036,-5.918941974639893,35.454559326171875,-1709.4722870026696,0.011842861477912237
s1_62.tif,Canon120-1,300,2480,3508,0.7069555302166477,25495.0673828125,0.9823989868164062,0.10077743232250214,-6.3056159019470215,39.49750518798828,-1799.5608457748376,0.017071463383234634
s1_63.tif,Canon120-1,300,2480,3508,0.7069555302166477,25495.0673828125,0.9647714495658875,0.13533581793308258,-4.121039867401123,16.22582244873047,-1664.0696652180063,0.031048846875344833
s1_64.tif,Canon120-1,300,2480,3508,0.7069555302166477,25495.0673828125,0.9685057401657104,0.11748463660478592,-4.415680885314941,19.763376235961914,-1555.5480245556819,0.028167874351712214
s1_65.tif,Canon120-1,300,2480,3508,0.7069555302166477,25495.0673828125,0.9718531370162964,0.11141110956668854,-4.651947021484375,22.139087677001953,-1637.3479360653155,0.023976647846397175
s1_66.tif,Canon120-1,300,2480,3508,0.7069555302166477,25495.0673828125,0.9528098702430725,0.14725106954574585,-3.258366823196411,9.634928703308105,-1521.6023096052124,0.020245084967079854
s1_67.tif,Canon120-1,300,2480,3508,0.7069555302166477,25495.0673828125,0.9419072866439819,0.17872796952724457,-3.0264549255371094,7.7069807052612305,-1581.9341677300056,0.029056741273402728
s1_68.tif,Canon120-1,300,2480,3508,0.7069555302166477,25495.0673828125,0.9830138087272644,0.09860610961914062,-6.533633232116699,42.49658203125,-1744.57390304083,0.011732859454886526
s1_69.tif,Canon120-1,300,2480,3508,0.7069555302166477,25495.0673828125,0.9646959900856018,0.14241568744182587,-4.237857818603516,16.742021560668945,-1673.0080235676253,0.030979190421892816
s1_7.tif,Canon120-1,300,2480,3508,0.7069555302166477,25495.0673828125,0.949191153049469,0.16101519763469696,-3.320103645324707,9.916130065917969,-1562.465281590511,0.040120967741935486
s1_70.tif,Canon120-1,300,2480,3508,0.7069555302166477,25495.0673828125,0.9414777755737305,0.18319866061210632,-3.1395299434661865,8.321313858032227,-1502.8222446695263,0.032507379446058776
s1_71.tif,Canon120-1,300,2480,3508,0.7069555302166477,25495.0673828125,0.9617300033569336,0.1419953554868698,-4.027163505554199,15.245281219482422,-1616.9443877000208,0.02851305311362048
s1_72.tif,Canon120-1,300,2480,3508,0.7069555302166477,25495.0673828125,0.9634431600570679,0.1590924710035324,-4.338860988616943,17.171077728271484,-1750.11150404971,0.00961672858351418
s1_73.tif,Canon120-1,300,2480,3508,0.7069555302166477,25495.0673828125,0.9600775837898254,0.1403919905424118,-4.001119613647461,15.249895095825195,-1509.6652327405823,0.03629216169492772
s1_74.tif,Canon120-1,300,2480,3508,0.7069555302166477,25495.0673828125,0.9734331965446472,0.12324477732181549,-4.963868141174316,23.678171157836914,-1725.9664718791455,0.02424826203700298
s1_75.tif,Canon120-1,300,2480,3508,0.7069555302166477,25495.0673828125,0.9679820537567139,0.135477215051651,-4.493557929992676,19.035022735595703,-1663.7590155060761,0.027588668297347997
s1_76.tif,Canon120-1,300,2480,3508,0.7069555302166477,25495.0673828125,0.9705958962440491,0.12778809666633606,-4.737622261047363,21.50333595275879,-1631.893810225342,0.028428568801265312
s1_77.tif,Canon120-1,300,2480,3508,0.7069555302166477,25495.0673828125,0.9761022925376892,0.11424721032381058,-5.263056755065918,27.183042526245117,-1710.0949901201125,0.019930596424761835
s1_78.tif,Canon120-1,300,2480,3508,0.7069555302166477,25495.0673828125,0.9659239649772644,0.13447868824005127,-4.3543195724487305,18.19713592529297,-1630.105779705166,0.0308395326810608
s1_79.tif,Canon120-1,300,2480,3508,0.7069555302166477,25495.0673828125,0.9745576977729797,0.11251737177371979,-5.254031181335449,27.70530891418457,-1633.2957292179374,0.02112073325486446
s1_8.tif,Canon120-1,300,2480,3508,0.7069555302166477,25495.0673828125,0.9518872499465942,0.14805150032043457,-3.649994134902954,12.674667358398438,-1407.212817531843,0.034778340751094275
s1_80.tif,Canon120-1,300,2480,3508,0.7069555302166477,25495.0673828125,0.9746275544166565,0.11487266421318054,-5.019376277923584,24.82208251953125,-1709.592101552898,0.028371556258505903
s1_81.tif,Canon120-1,300,2480,3508,0.7069555302166477,25495.0673828125,0.969158411026001,0.11113268882036209,-4.594944000244141,22.560466766357422,-1532.2560572385307,0.021490395225659324
s1_82.tif,Canon120-1,300,2480,3508,0.7069555302166477,25495.0673828125,0.9748309254646301,0.1205967590212822,-5.1985344886779785,26.084867477416992,-1684.3588864451458,0.02062658623606871
s1_83.tif,Canon120-1,300,2480,3508,0.7069555302166477,25495.0673828125,0.978658139705658,0.11260626465082169,-5.658262252807617,31.23157501220703,-1784.6887513599138,0.018322635818589766
s1_84.tif,Canon120-1,300,2480,3508,0.7069555302166477,25495.0673828125,0.9740039110183716,0.12020005285739899,-5.060428619384766,24.829294204711914,-1696.437714561401,0.02595863831978519
s1_85.tif,Canon120-1,300,2480,3508,0.7069555302166477,25495.0673828125,0.9572698473930359,0.14524449408054352,-3.671154022216797,12.736873626708984,-1562.7659878693908,0.028799610107772097
s1_86.tif,Canon120-1,300,2480,3508,0.7069555302166477,25495.0673828125,0.953299880027771,0.15897180140018463,-3.4731407165527344,10.780172348022461,-1619.8253913574306,0.021288552433148197
s1_87.tif,Canon120-1,300,2480,3508,0.7069555302166477,25495.0673828125,0.923103392124176,0.1828172653913498,-2.4927241802215576,5.199565887451172,-1322.5496297206005,0.04300010115128554
s1_88.tif,Canon120-1,300,2480,3508,0.7069555302166477,25495.0673828125,0.9624584913253784,0.13318730890750885,-4.045776844024658,16.111114501953125,-1531.7761267673297,0.025514377275903926
s1_89.tif,Canon120-1,300,2480,3508,0.7069555302166477,25495.0673828125,0.9727268815040588,0.12452083826065063,-4.919272422790527,23.39487648010254,-1718.3239147205802,0.023298129620774634
s1_9.tif,Canon120-1,300,2480,3508,0.7069555302166477,25495.0673828125,0.9615501761436462,0.1320914626121521,-3.912727117538452,15.088516235351562,-1507.3202022909836,0.026341748813771288
s1_90.tif,Canon120-1,300,2480,3508,0.7069555302166477,25495.0673828125,0.9505687952041626,0.15515655279159546,-3.413567066192627,10.790201187133789,-1505.420216182748,0.04309079247434436
s1_91.tif,Canon120-1,300,2480,3508,0.7069555302166477,25495.0673828125,0.9862960577011108,0.08709696680307388,-7.259355545043945,53.04175567626953,-1765.7431100313433,0.0134217410894913
s1_92.tif,Canon120-1,300,2480,3508,0.7069555302166477,25495.0673828125,0.9664059281349182,0.13594576716423035,-4.325118064880371,17.674678802490234,-1662.1600360570533,0.03491179148122264
s1_93.tif,Canon120-1,300,2480,3508,0.7069555302166477,25495.0673828125,0.9385079145431519,0.1757688671350479,-2.9353599548339844,7.345510482788086,-1468.7229750107851,0.038301279103983524
s1_94.tif,Canon120-1,300,2480,3508,0.7069555302166477,25495.0673828125,0.9744731187820435,0.11652863770723343,-5.100854873657227,25.654300689697266,-1660.3395013775632,0.022804212491264207
s1_95.tif,Canon120-1,300,2480,3508,0.7069555302166477,25495.0673828125,0.9647487998008728,0.14509569108486176,-4.232012748718262,16.632102966308594,-1719.197960410785,0.018408039688086218
s1_96.tif,Canon120-1,300,2480,3508,0.7069555302166477,25495.0673828125,0.9596148729324341,0.14509305357933044,-3.869309186935425,14.071187973022461,-1602.0432349851098,0.03467856880126531
s1_97.tif,Canon120-1,300,2480,3508,0.7069555302166477,25495.0673828125,0.9729953408241272,0.12254177033901215,-4.926392078399658,23.446502685546875,-1692.1544151317232,0.02801764170375547
s1_98.tif,Canon120-1,300,2480,3508,0.7069555302166477,25495.0673828125,0.9629806876182556,0.14373311400413513,-4.130136013031006,16.077890396118164,-1633.4511352087275,0.02380135726634053
s1_99.tif,Canon120-1,300,2480,3508,0.7069555302166477,25495.0673828125,0.9490178823471069,0.17035457491874695,-3.4068844318389893,10.276448249816895,-1597.540810113467,0.030615160738588297
s2_1.tif,Canon120-2,150,1240,1752,0.7077625570776256,6366.8017578125,0.9636499285697937,0.1294846087694168,-3.9277896881103516,15.009775161743164,-1668.707637756344,0.06565676093680954
s2_10.tif,Canon120-2,150,1240,1752,0.7077625570776256,6366.8017578125,0.9581190347671509,0.13484151661396027,-3.7452287673950195,13.713523864746094,-1557.2715071099353,0.061774561791132714
s2_100.tif,Canon120-2,150,1240,1752,0.7077625570776256,6366.8017578125,0.9562764763832092,0.13611753284931183,-3.5717246532440186,12.209948539733887,-1521.632509930988,0.06597483060833702
s2_101.tif,Canon120-2,150,1240,1752,0.7077625570776256,6366.8017578125,0.9576812386512756,0.12677715718746185,-3.266179323196411,10.033353805541992,-1558.730189966663,0.1056373361319782
s2_102.tif,Canon120-2,150,1240,1752,0.7077625570776256,6366.8017578125,0.9228054285049438,0.18641024827957153,-2.470881462097168,4.956801891326904,-1434.3334310033752,0.0756867727205774
s2_103.tif,Canon120-2,150,1240,1752,0.7077625570776256,6366.8017578125,0.9721871018409729,0.11339928209781647,-4.735639572143555,22.61284065246582,-1716.7755882536853,0.04203260789512447
s2_104.tif,Canon120-2,150,1240,1752,0.7077625570776256,6366.8017578125,0.9784995913505554,0.10894191265106201,-5.4538493156433105,29.351276397705078,-1837.3584151053406,0.0317968404772426
s2_105.tif,Canon120-2,150,1240,1752,0.7077625570776256,6366.8017578125,0.954197883605957,0.14103908836841583,-3.3004841804504395,10.226166725158691,-1576.9513981935875,0.037650058918839296
s2_106.tif,Canon120-2,150,1240,1752,0.7077625570776256,6366.8017578125,0.9872225522994995,0.07853738963603973,-7.058592319488525,51.74919509887695,-1878.1974793844681,0.027037763293563118
s2_107.tif,Canon120-2,150,1240,1752,0.7077625570776256,6366.8017578125,0.9792302846908569,0.09825137257575989,-5.404449462890625,29.89342498779297,-1787.4609801516517,0.04190280232729415
s2_108.tif,Canon120-2,150,1240,1752,0.7077625570776256,6366.8017578125,0.9693025946617126,0.12380718439817429,-4.42940092086792,19.194217681884766,-1727.632446073848,0.05411741419944027
s2_11.tif,Canon120-2,150,1240,1752,0.7077625570776256,6366.8017578125,0.9268791675567627,0.1975865215063095,-2.6440107822418213,5.53849983215332,-1553.4877112547326,0.06018789586095154
s2_12.tif,Canon120-2,150,1240,1752,0.7077625570776256,6366.8017578125,0.9718808531761169,0.11980658024549484,-4.607771873474121,20.75084114074707,-1778.03687379475,0.04913278833406982
s2_13.tif,Canon120-2,150,1240,1752,0.7077625570776256,6366.8017578125,0.9730835556983948,0.11919975280761719,-4.7878804206848145,22.443958282470703,-1785.4335278141164,0.04438061570187067
s2_14.tif,Canon120-2,150,1240,1752,0.7077625570776256,6366.8017578125,0.9763744473457336,0.11069568991661072,-5.097894191741943,25.776134490966797,-1820.100513635295,0.040735933127117395
s2_15.tif,Canon120-2,150,1240,1752,0.7077625570776256,6366.8017578125,0.9448443651199341,0.15604257583618164,-3.015746593475342,8.248087882995605,-1533.4585471967391,0.06741005670938283
s2_16.tif,Canon120-2,150,1240,1752,0.7077625570776256,6366.8017578125,0.9642871618270874,0.1253395825624466,-4.002995014190674,15.800775527954102,-1603.7646726973226,0.05799178818677272
s2_17.tif,Canon120-2,150,1240,1752,0.7077625570776256,6366.8017578125,0.9328746795654297,0.19572041928768158,-2.8182783126831055,6.320815086364746,-1621.5472946998752,0.046832191780821916
s2_18.tif,Canon120-2,150,1240,1752,0.7077625570776256,6366.8017578125,0.911357581615448,0.19567373394966125,-2.193894863128662,3.5634350776672363,-1353.0483096855367,0.06505974738547651
s2_19.tif,Canon120-2,150,1240,1752,0.7077625570776256,6366.8017578125,0.9356948733329773,0.19193121790885925,-3.009915590286255,7.696460723876953,-1611.02642616451,0.048010568566799236
s2_2.tif,Canon120-2,150,1240,1752,0.7077625570776256,6366.8017578125,0.9690079092979431,0.12669844925403595,-4.413730621337891,18.89253807067871,-1749.0677186098299,0.05148493887170423
s2_20.tif,Canon120-2,150,1240,1752,0.7077625570776256,6366.8017578125,0.9423738718032837,0.16545075178146362,-2.9762754440307617,7.785933494567871,-1580.5829675100952,0.07041491751362498
s2_21.tif,Canon120-2,150,1240,1752,0.7077625570776256,6366.8017578125,0.9273545742034912,0.19973909854888916,-2.7417824268341064,6.133342742919922,-1531.1915099632,0.06699532331713065
s2_22.tif,Canon120-2,150,1240,1752,0.7077625570776256,6366.8017578125,0.9718790054321289,0.11990179866552353,-4.669022560119629,21.479246139526367,-1770.7190485001456,0.0448478236853734
s2_23.tif,Canon120-2,150,1240,1752,0.7077625570776256,6366.8017578125,0.9772262573242188,0.1006765067577362,-5.018733024597168,25.593048095703125,-1766.1277401789814,0.05148493887170423
s2_24.tif,Canon120-2,150,1240,1752,0.7077625570776256,6366.8017578125,0.9672702550888062,0.11642002314329147,-3.979961395263672,15.574686050415039,-1653.5849974344846,0.08089556635734275
s2_25.tif,Canon120-2,150,1240,1752,0.7077625570776256,6366.8017578125,0.9706870913505554,0.10973204672336578,-4.263644695281982,18.258756637573242,-1688.8211218453462,0.07514775740167919
s2_26.tif,Canon120-2,150,1240,1752,0.7077625570776256,6366.8017578125,0.9699275493621826,0.11901522427797318,-4.241612434387207,17.355257034301758,-1731.6712996299232,0.03401872514361467
s2_27.tif,Canon120-2,150,1240,1752,0.7077625570776256,6366.8017578125,0.9763075113296509,0.10067044198513031,-4.785424709320068,23.23566436767578,-1753.6891459843587,0.05422512520253351
s2_28.tif,Canon120-2,150,1240,1752,0.7077625570776256,6366.8017578125,0.9740087389945984,0.10361942648887634,-4.4314374923706055,19.551576614379883,-1736.5245606771155,0.04701907497422301
s2_29.tif,Canon120-2,150,1240,1752,0.7077625570776256,6366.8017578125,0.9612056016921997,0.12347830832004547,-3.4787893295288086,11.466401100158691,-1597.6866544065624,0.09683633451171011
s2_3.tif,Canon120-2,150,1240,1752,0.7077625570776256,6366.8017578125,0.9671382308006287,0.12813712656497955,-4.238687515258789,17.409326553344727,-1732.5292053056817,0.05888845927235233
s2_30.tif,Canon120-2,150,1240,1752,0.7077625570776256,6366.8017578125,0.9745982885360718,0.10077238082885742,-4.4452290534973145,19.816463470458984,-1721.499836822563,0.05885853954927088
s2_31.tif,Canon120-2,150,1240,1752,0.7077625570776256,6366.8017578125,0.9622353315353394,0.121365986764431,-3.534090518951416,11.945784568786621,-1608.3395097828297,0.09067793489468258
s2_32.tif,Canon120-2,150,1240,1752,0.7077625570776256,6366.8017578125,0.9667747020721436,0.11925460398197174,-4.159778118133545,17.38168716430664,-1658.6381228719124,0.06416261599646488
s2_33.tif,Canon120-2,150,1240,1752,0.7077625570776256,6366.8017578125,0.9683079719543457,0.11563486605882645,-4.074575901031494,16.4802188873291,-1678.1140127585163,0.07154542274267196
s2_34.tif,Canon120-2,150,1240,1752,0.7077625570776256,6366.8017578125,0.9731301069259644,0.10534299165010452,-4.364996910095215,18.992021560668945,-1730.871595246473,0.06603467005449992
s2_35.tif,Canon120-2,150,1240,1752,0.7077625570776256,6366.8017578125,0.9538629651069641,0.13324707746505737,-3.1448678970336914,9.231090545654297,-1531.989930508016,0.11132898806893504
s2_36.tif,Canon120-2,150,1240,1752,0.7077625570776256,6366.8017578125,0.9948924779891968,0.051758795976638794,-11.597061157226562,141.27236938476562,-1961.2239470978882,0.00839455368979231
s2_37.tif,Canon120-2,150,1240,1752,0.7077625570776256,6366.8017578125,0.9518475532531738,0.15066911280155182,-3.254960775375366,9.606632232666016,-1627.440827528405,0.056742524672263955
s2_38.tif,Canon120-2,150,1240,1752,0.7077625570776256,6366.8017578125,0.9565103054046631,0.13888326287269592,-3.509124994277954,11.758792877197266,-1603.4065310287078,0.06644295919870379
s2_39.tif,Canon120-2,150,1240,1752,0.7077625570776256,6366.8017578125,0.9630273580551147,0.13623453676700592,-3.926645040512085,14.566755294799805,-1706.922586080016,0.064699790101635
s2_4.tif,Canon120-2,150,1240,1752,0.7077625570776256,6366.8017578125,0.9475669860839844,0.14944002032279968,-2.859379291534424,7.10543155670166,-1610.4819400690249,0.0607278317867138
s2_40.tif,Canon120-2,150,1240,1752,0.7077625570776256,6366.8017578125,0.9806753396987915,0.09707505255937576,-5.615090847015381,31.969810485839844,-1819.0142654211402,0.0372841176903815
s2_41.tif,Canon120-2,150,1240,1752,0.7077625570776256,6366.8017578125,0.9755014777183533,0.10554780811071396,-4.791148662567139,23.010055541992188,-1774.3371239926707,0.05265871262336132
s2_42.tif,Canon120-2,150,1240,1752,0.7077625570776256,6366.8017578125,0.8864241242408752,0.24283373355865479,-1.874386191368103,1.796938419342041,-1393.5166960538152,0.06167835837384004
s2_43.tif,Canon120-2,150,1240,1752,0.7077625570776256,6366.8017578125,0.9731166958808899,0.11887664347887039,-4.781928062438965,22.384944915771484,-1789.2316363124185,0.044845061864781266
s2_44.tif,Canon120-2,150,1240,1752,0.7077625570776256,6366.8017578125,0.9321578145027161,0.19443288445472717,-2.778900146484375,6.146358489990234,-1599.8604865160842,0.057467042274267195
s2_45.tif,Canon120-2,150,1240,1752,0.7077625570776256,6366.8017578125,0.9760503172874451,0.11228615790605545,-5.089893817901611,25.54922866821289,-1808.2583306703177,0.03967999705405804
s2_46.tif,Canon120-2,150,1240,1752,0.7077625570776256,6366.8017578125,0.926551878452301,0.1897624433040619,-2.551107168197632,5.103537559509277,-1510.9811606507146,0.06896219988216232
s2_47.tif,Canon120-2,150,1240,1752,0.7077625570776256,6366.8017578125,0.9653316736221313,0.12773431837558746,-4.250438213348389,18.10468864440918,-1685.9225053569512,0.04998573059360731
s2_48.tif,Canon120-2,150,1240,1752,0.7077625570776256,6366.8017578125,0.9313927292823792,0.18068893253803253,-2.8516738414764404,7.1160383224487305,-1420.0438542957465,0.04524782736780086
s2_49.tif,Canon120-2,150,1240,1752,0.7077625570776256,6366.8017578125,0.9672479033470154,0.11665672063827515,-3.920316457748413,15.111526489257812,-1682.9429287015337,0.06865885992045957
s2_5.tif,Canon120-2,150,1240,1752,0.7077625570776256,6366.8017578125,0.9326421022415161,0.1695103794336319,-2.6592249870300293,6.112292289733887,-1454.045377079203,0.07910130357931949
s2_50.tif,Canon120-2,150,1240,1752,0.7077625570776256,6366.8017578125,0.9243002533912659,0.2147892862558365,-2.7639198303222656,6.043432235717773,-1604.504041040863,0.041681856679923406
s2_51.tif,Canon120-2,150,1240,1752,0.7077625570776256,6366.8017578125,0.9645174145698547,0.12721510231494904,-3.7342519760131836,13.301448822021484,-1733.4267398769805,0.03584751067903962
s2_52.tif,Canon120-2,150,1240,1752,0.7077625570776256,6366.8017578125,0.9536134004592896,0.16183489561080933,-3.5696349143981934,11.572897911071777,-1710.321956959957,0.03604221903078509
s2_53.tif,Canon120-2,150,1240,1752,0.7077625570776256,6366.8017578125,0.9543613195419312,0.1601749211549759,-3.5072174072265625,10.8983736038208,-1727.8420900201675,0.03413564221534836
s2_54.tif,Canon120-2,150,1240,1752,0.7077625570776256,6366.8017578125,0.9344772696495056,0.18239369988441467,-2.78825306892395,6.467451095581055,-1576.2841906526758,0.05042163794373251
s2_55.tif,Canon120-2,150,1240,1752,0.7077625570776256,6366.8017578125,0.9760351181030273,0.10038653016090393,-5.216820240020752,28.459177017211914,-1644.5312899526828,0.03219408233907792
s2_56.tif,Canon120-2,150,1240,1752,0.7077625570776256,6366.8017578125,0.9725515246391296,0.11444766074419022,-4.610617160797119,21.179153442382812,-1764.6213179877477,0.04280867948151421
s2_57.tif,Canon120-2,150,1240,1752,0.7077625570776256,6366.8017578125,0.9591493010520935,0.1334710419178009,-3.6732826232910156,12.963122367858887,-1539.4613162215285,0.05286953159522757
s2_58.tif,Canon120-2,150,1240,1752,0.7077625570776256,6366.8017578125,0.9607837200164795,0.13690631091594696,-3.7718019485473633,13.479532241821289,-1660.1248404666546,0.07545339888054205
s2_59.tif,Canon120-2,150,1240,1752,0.7077625570776256,6366.8017578125,0.9611864686012268,0.13175925612449646,-3.744521379470825,13.476320266723633,-1627.2697668996768,0.06623121961997348
s2_6.tif,Canon120-2,150,1240,1752,0.7077625570776256,6366.8017578125,0.9356524348258972,0.16795915365219116,-2.7662878036499023,6.654563903808594,-1439.2824350368462,0.05662376638680218
s2_60.tif,Canon120-2,150,1240,1752,0.7077625570776256,6366.8017578125,0.9371801614761353,0.1803118735551834,-2.859097480773926,6.82838249206543,-1577.9402180595373,0.056690510384445426
s2_61.tif,Canon120-2,150,1240,1752,0.7077625570776256,6366.8017578125,0.9823293089866638,0.09339246153831482,-5.824435710906982,34.597957611083984,-1839.778250968528,0.018142399469730446
s2_62.tif,Canon120-2,150,1240,1752,0.7077625570776256,6366.8017578125,0.9831005334854126,0.09475279599428177,-6.245296955108643,39.566959381103516,-1859.716992409518,0.026489541906024452
s2_63.tif,Canon120-2,150,1240,1752,0.7077625570776256,6366.8017578125,0.9659981727600098,0.12854191660881042,-4.033792495727539,15.634109497070312,-1743.486374840317,0.04472077993813522
s2_64.tif,Canon120-2,150,1240,1752,0.7077625570776256,6366.8017578125,0.9697033166885376,0.11158762872219086,-4.2642974853515625,18.55526351928711,-1672.6609049140231,0.03974075710708499
s2_65.tif,Canon120-2,150,1240,1752,0.7077625570776256,6366.8017578125,0.9729644060134888,0.1060086041688919,-4.496149063110352,20.8555850982666,-1741.8272785450827,0.0328104286345559
s2_66.tif,Canon120-2,150,1240,1752,0.7077625570776256,6366.8017578125,0.9547311067581177,0.1411147117614746,-3.1862406730651855,9.140724182128906,-1665.5453568618377,0.030244237001031078
s2_67.tif,Canon120-2,150,1240,1752,0.7077625570776256,6366.8017578125,0.9431973099708557,0.17373248934745789,-2.979646682739258,7.405369758605957,-1665.6910297705122,0.029933532184415967
s2_68.tif,Canon120-2,150,1240,1752,0.7077625570776256,6366.8017578125,0.984262228012085,0.09425820410251617,-6.518742084503174,42.62384796142578,-1877.5720229033848,0.019157368537339816
s2_69.tif,Canon120-2,150,1240,1752,0.7077625570776256,6366.8017578125,0.9658668041229248,0.13416004180908203,-4.1730499267578125,16.558307647705078,-1745.599002239386,0.0543194874060981
s2_7.tif,Canon120-2,150,1240,1752,0.7077625570776256,6366.8017578125,0.950668215751648,0.15321874618530273,-3.2511727809906006,9.56745433807373,-1631.056007566337,0.058885237148328176
s2_70.tif,Canon120-2,150,1240,1752,0.7077625570776256,6366.8017578125,0.9433164596557617,0.17715869843959808,-3.11635160446167,8.2559175491333,-1635.6781530904525,0.05233511931064958
s2_71.tif,Canon120-2,150,1240,1752,0.7077625570776256,6366.8017578125,0.9628888964653015,0.13425365090370178,-3.9566702842712402,14.890312194824219,-1671.2406841378677,0.04660894461629106
s2_72.tif,Canon120-2,150,1240,1752,0.7077625570776256,6366.8017578125,0.9643468260765076,0.15575748682022095,-4.351633548736572,17.369274139404297,-1837.7563612497731,0.01699670422742672
s2_73.tif,Canon120-2,150,1240,1752,0.7077625570776256,6366.8017578125,0.9627541303634644,0.1294105499982834,-3.9436182975769043,15.106950759887695,-1627.9435505305387,0.060488474002062156
s2_74.tif,Canon120-2,150,1240,1752,0.7077625570776256,6366.8017578125,0.9744348526000977,0.11591421812772751,-4.895895004272461,23.517112731933594,-1805.213184371813,0.04215965164236265
s2_75.tif,Canon120-2,150,1240,1752,0.7077625570776256,6366.8017578125,0.9691038727760315,0.12809880077838898,-4.425772190093994,18.809335708618164,-1760.357972052722,0.04840735012520253
s2_76.tif,Canon120-2,150,1240,1752,0.7077625570776256,6366.8017578125,0.9724625945091248,0.11805617064237595,-4.660626411437988,21.30026626586914,-1771.578632055456,0.04854267933421712
s2_77.tif,Canon120-2,150,1240,1752,0.7077625570776256,6366.8017578125,0.9770642518997192,0.10835234820842743,-5.194797039031982,26.86635398864746,-1780.6045234158096,0.03337107821475917
s2_78.tif,Canon120-2,150,1240,1752,0.7077625570776256,6366.8017578125,0.9673681855201721,0.1260044127702713,-4.270925521850586,17.868144989013672,-1718.3173510461963,0.05301222565915451
s2_79.tif,Canon120-2,150,1240,1752,0.7077625570776256,6366.8017578125,0.9761009216308594,0.1056690663099289,-5.174743175506592,27.375064849853516,-1767.487720248896,0.03600493445279128
s2_8.tif,Canon120-2,150,1240,1752,0.7077625570776256,6366.8017578125,0.9535161852836609,0.14042997360229492,-3.5953662395477295,12.432112693786621,-1480.9050096882106,0.054020750478715567
s2_80.tif,Canon120-2,150,1240,1752,0.7077625570776256,6366.8017578125,0.9755235910415649,0.1072765365242958,-4.881141662597656,23.959980010986328,-1781.8592809586,0.0475493445279128
s2_81.tif,Canon120-2,150,1240,1752,0.7077625570776256,6366.8017578125,0.9707058072090149,0.1049579530954361,-4.481703758239746,21.855979919433594,-1664.112295544284,0.0324486301369863
s2_82.tif,Canon120-2,150,1240,1752,0.7077625570776256,6366.8017578125,0.9760810136795044,0.11406884342432022,-5.128011226654053,25.81142234802246,-1816.2129837613875,0.03599849020474297
s2_83.tif,Canon120-2,150,1240,1752,0.7077625570776256,6366.8017578125,0.9795239567756653,0.10556118190288544,-5.588714599609375,31.050724029541016,-1848.2525874577154,0.03205783252319929
s2_84.tif,Canon120-2,150,1240,1752,0.7077625570776256,6366.8017578125,0.9754795432090759,0.11177635192871094,-4.988471508026123,24.645605087280273,-1796.9050470476138,0.043903741346295475
s2_85.tif,Canon120-2,150,1240,1752,0.7077625570776256,6366.8017578125,0.9594326615333557,0.13719181716442108,-3.617479085922241,12.467523574829102,-1683.3674795474235,0.04176931433200766
s2_86.tif,Canon120-2,150,1240,1752,0.7077625570776256,6366.8017578125,0.954937219619751,0.15212216973304749,-3.4222888946533203,10.457626342773438,-1704.4975115274083,0.03412367432611577
s2_87.tif,Canon120-2,150,1240,1752,0.7077625570776256,6366.8017578125,0.9264680743217468,0.17205671966075897,-2.449906826019287,5.098507881164551,-1430.8042640694705,0.068996722639564
s2_88.tif,Canon120-2,150,1240,1752,0.7077625570776256,6366.8017578125,0.9652027487754822,0.12427087128162384,-4.020100116729736,16.184099197387695,-1689.348893210011,0.041003369421122406
s2_89.tif,Canon120-2,150,1240,1752,0.7077625570776256,6366.8017578125,0.9738805294036865,0.11645413935184479,-4.852627754211426,23.259822845458984,-1788.574623413187,0.03978862866401532
s2_9.tif,Canon120-2,150,1240,1752,0.7077625570776256,6366.8017578125,0.9628775715827942,0.12545335292816162,-3.7881367206573486,14.29395866394043,-1608.5897326413303,0.042474959493297985
s2_90.tif,Canon120-2,150,1240,1752,0.7077625570776256,6366.8017578125,0.9527062177658081,0.14503604173660278,-3.3518848419189453,10.591727256774902,-1579.7365034062439,0.06220632641036972
s2_91.tif,Canon120-2,150,1240,1752,0.7077625570776256,6366.8017578125,0.9874995350837708,0.08032812923192978,-7.150199890136719,52.42912673950195,-1896.5548501863398,0.02270906981882457
s2_92.tif,Canon120-2,150,1240,1752,0.7077625570776256,6366.8017578125,0.967789351940155,0.12552674114704132,-4.218935489654541,17.224393844604492,-1732.560433881499,0.06010412063632346
s2_93.tif,Canon120-2,150,1240,1752,0.7077625570776256,6366.8017578125,0.9403111934661865,0.16792787611484528,-2.8842718601226807,7.137210845947266,-1569.7225483335974,0.05972391000147297
s2_94.tif,Canon120-2,150,1240,1752,0.7077625570776256,6366.8017578125,0.976132333278656,0.10902801901102066,-5.026777744293213,25.301082611083984,-1797.4898869599717,0.0358120673147739
s2_95.tif,Canon120-2,150,1240,1752,0.7077625570776256,6366.8017578125,0.9657398462295532,0.13949768245220184,-4.193443775177002,16.42583656311035,-1785.5175345969126,0.029765521431727796
s2_96.tif,Canon120-2,150,1240,1752,0.7077625570776256,6366.8017578125,0.9616389870643616,0.13497599959373474,-3.8042080402374268,13.849712371826172,-1691.5581148737156,0.056639416703490944
s2_97.tif,Canon120-2,150,1240,1752,0.7077625570776256,6366.8017578125,0.9741405248641968,0.11372491717338562,-4.80248498916626,22.766094207763672,-1779.747299172133,0.047771671085579615
s2_98.tif,Canon120-2,150,1240,1752,0.7077625570776256,6366.8017578125,0.9646578431129456,0.13626833260059357,-4.096773147583008,16.046051025390625,-1743.1568305462588,0.03919069450581823
s2_99.tif,Canon120-2,150,1240,1752,0.7077625570776256,6366.8017578125,0.9507819414138794,0.16156788170337677,-3.3801329135894775,10.283122062683105,-1662.8647775216339,0.05083222860509648
s2_1.tif,Canon120-2,300,2480,3508,0.7069555302166477,25495.0673828125,0.9619047045707703,0.13978879153728485,-4.0307817459106445,15.439128875732422,-1573.5730789647714,0.03886324346194873
s2_10.tif,Canon120-2,300,2480,3508,0.7069555302166477,25495.0673828125,0.9575565457344055,0.1418094038963318,-3.855855703353882,14.259992599487305,-1507.8437090310977,0.03719424725052415
s2_100.tif,Canon120-2,300,2480,3508,0.7069555302166477,25495.0673828125,0.9550498723983765,0.14487668871879578,-3.6739861965179443,12.709756851196289,-1470.8852649922194,0.04029131570235774
s2_101.tif,Canon120-2,300,2480,3508,0.7069555302166477,25495.0673828125,0.9561238884925842,0.14145642518997192,-3.5153355598449707,11.491623878479004,-1517.583206218472,0.06598167322617428
s2_102.tif,Canon120-2,300,2480,3508,0.7069555302166477,25495.0673828125,0.9218583703041077,0.192724347114563,-2.5100319385528564,5.062151908874512,-1395.803591007229,0.052499816088571745
s2_103.tif,Canon120-2,300,2480,3508,0.7069555302166477,25495.0673828125,0.9712731242179871,0.1200212612748146,-4.813460826873779,22.951519012451172,-1660.999550949056,0.024475507595541988
s2_104.tif,Canon120-2,300,2480,3508,0.7069555302166477,25495.0673828125,0.9775685667991638,0.11472044885158539,-5.504612922668457,29.407440185546875,-1742.416502725792,0.018031481038731745
s2_105.tif,Canon120-2,300,2480,3508,0.7069555302166477,25495.0673828125,0.9538908004760742,0.14510078728199005,-3.414492130279541,10.969117164611816,-1517.1179170201085,0.0226020248648251
s2_106.tif,Canon120-2,300,2480,3508,0.7069555302166477,25495.0673828125,0.986579418182373,0.08448376506567001,-7.1710991859436035,52.31394577026367,-1821.7647043874504,0.01575960017655497
s2_107.tif,Canon120-2,300,2480,3508,0.7069555302166477,25495.0673828125,0.978346049785614,0.1057395413517952,-5.545901298522949,30.72472381591797,-1713.34187444481,0.02447918582410711
s2_108.tif,Canon120-2,300,2480,3508,0.7069555302166477,25495.0673828125,0.9683366417884827,0.13275806605815887,-4.513173580169678,19.40924072265625,-1682.5133455639946,0.031530809762018615
s2_11.tif,Canon120-2,300,2480,3508,0.7069555302166477,25495.0673828125,0.9260872602462769,0.2031400501728058,-2.67000412940979,5.591657638549805,-1508.6413665549687,0.03817782855776658
s2_12.tif,Canon120-2,300,2480,3508,0.7069555302166477,25495.0673828125,0.971076488494873,0.12822988629341125,-4.706341743469238,21.158714294433594,-1741.0323360368484,0.02841569500128738
s2_13.tif,Canon120-2,300,2480,3508,0.7069555302166477,25495.0673828125,0.9724152684211731,0.12631414830684662,-4.880548000335693,22.838497161865234,-1734.4314909301038,0.02561644811858609
s2_14.tif,Canon120-2,300,2480,3508,0.7069555302166477,25495.0673828125,0.9754762053489685,0.11844243854284286,-5.186441898345947,26.09048843383789,-1762.0033065846956,0.02363480247912605
s2_15.tif,Canon120-2,300,2480,3508,0.7069555302166477,25495.0673828125,0.943681001663208,0.1630750447511673,-3.1045162677764893,8.67041015625,-1449.6237047175398,0.044373114907860375
s2_16.tif,Canon120-2,300,2480,3508,0.7069555302166477,25495.0673828125,0.9635598659515381,0.1322900801897049,-4.1355814933776855,16.61054229736328,-1547.9148677803921,0.03710137197925479
s2_17.tif,Canon120-2,300,2480,3508,0.7069555302166477,25495.0673828125,0.9321042895317078,0.20056335628032684,-2.8378169536590576,6.380117416381836,-1575.6315841235812,0.027332686578143965
s2_18.tif,Canon120-2,300,2480,3508,0.7069555302166477,25495.0673828125,0.910398542881012,0.2012479156255722,-2.243920087814331,3.7578091621398926,-1305.4424349645699,0.045001862103211096
s2_19.tif,Canon120-2,300,2480,3508,0.7069555302166477,25495.0673828125,0.9348428845405579,0.1967700719833374,-3.012615919113159,7.58756160736084,-1555.7701216883193,0.029559049361827343
s2_2.tif,Canon120-2,300,2480,3508,0.7069555302166477,25495.0673828125,0.968121349811554,0.13463978469371796,-4.490274429321289,19.111679077148438,-1690.6529251426696,0.030154922389377278
s2_20.tif,Canon120-2,300,2480,3508,0.7069555302166477,25495.0673828125,0.941440999507904,0.17392463982105255,-3.049065589904785,8.055551528930664,-1549.3119630521971,0.0424935401110825
s2_21.tif,Canon120-2,300,2480,3508,0.7069555302166477,25495.0673828125,0.9257062077522278,0.206624373793602,-2.7347424030303955,5.948328018188477,-1466.8688830962706,0.041528694780593664
s2_22.tif,Canon120-2,300,2480,3508,0.7069555302166477,25495.0673828125,0.9711688756942749,0.12654519081115723,-4.736717700958252,21.62325668334961,-1715.81442185737,0.026077146246367748
s2_23.tif,Canon120-2,300,2480,3508,0.7069555302166477,25495.0673828125,0.9759964346885681,0.11016052216291428,-5.216407299041748,27.029539108276367,-1680.3537134562218,0.03140345109795123
s2_24.tif,Canon120-2,300,2480,3508,0.7069555302166477,25495.0673828125,0.9660748839378357,0.1288701295852661,-4.22970724105835,17.215810775756836,-1595.6793427174905,0.04930240096369588
s2_25.tif,Canon120-2,300,2480,3508,0.7069555302166477,25495.0673828125,0.9695844054222107,0.12096881866455078,-4.477352619171143,19.6705265045166,-1648.5792368560205,0.04544750248280428
s2_26.tif,Canon120-2,300,2480,3508,0.7069555302166477,25495.0673828125,0.9690554141998291,0.1244758814573288,-4.339019775390625,18.131935119628906,-1673.3171929696214,0.021534304079155478
s2_27.tif,Canon120-2,300,2480,3508,0.7069555302166477,25495.0673828125,0.9754436612129211,0.11054734140634537,-5.044982433319092,25.208730697631836,-1700.053043875481,0.0333867059624085
s2_28.tif,Canon120-2,300,2480,3508,0.7069555302166477,25495.0673828125,0.9732334017753601,0.10983538627624512,-4.634316444396973,21.414535522460938,-1675.9553379870106,0.030337454481921506
s2_29.tif,Canon120-2,300,2480,3508,0.7069555302166477,25495.0673828125,0.9598069190979004,0.13856089115142822,-3.7587296962738037,13.201494216918945,-1556.7313841966045,0.060388351969691396
s2_3.tif,Canon120-2,300,2480,3508,0.7069555302166477,25495.0673828125,0.9661684632301331,0.13749942183494568,-4.3103461265563965,17.533279418945312,-1702.7995145176749,0.0352034060396513
s2_30.tif,Canon120-2,300,2480,3508,0.7069555302166477,25495.0673828125,0.9736019372940063,0.11153765767812729,-4.777642726898193,22.585268020629883,-1655.751142248743,0.037251144848640894
s2_31.tif,Canon120-2,300,2480,3508,0.7069555302166477,25495.0673828125,0.9609311819076538,0.13536836206912994,-3.80619740486145,13.675443649291992,-1573.5332225373338,0.05663150126898885
s2_32.tif,Canon120-2,300,2480,3508,0.7069555302166477,25495.0673828125,0.9657077789306641,0.12756867706775665,-4.2414469718933105,17.689237594604492,-1608.5524949684202,0.03938072424320447
s2_33.tif,Canon120-2,300,2480,3508,0.7069555302166477,25495.0673828125,0.9672788381576538,0.12721377611160278,-4.2941765785217285,17.8052978515625,-1631.0361758088352,0.043962762533563834
s2_34.tif,Canon120-2,300,2480,3508,0.7069555302166477,25495.0673828125,0.9721764922142029,0.11742808669805527,-4.650610446929932,21.074676513671875,-1698.887222118523,0.04095741990657299
s2_35.tif,Canon120-2,300,2480,3508,0.7069555302166477,25495.0673828125,0.9517524838447571,0.14862217009067535,-3.3364086151123047,10.189271926879883,-1484.9754498259542,0.07377101188067826
s2_36.tif,Canon120-2,300,2480,3508,0.7069555302166477,25495.0673828125,0.9944819808006287,0.05483248084783554,-11.72053337097168,141.550048828125,-1891.350706035406,0.005106530694817376
s2_37.tif,Canon120-2,300,2480,3508,0.7069555302166477,25495.0673828125,0.9505245685577393,0.15800903737545013,-3.321301221847534,9.898847579956055,-1560.6756566770248,0.03656791389266929
s2_38.tif,Canon120-2,300,2480,3508,0.7069555302166477,25495.0673828125,0.9553737640380859,0.14774763584136963,-3.6394362449645996,12.439929008483887,-1530.936947521217,0.039711419980137566
s2_39.tif,Canon120-2,300,2480,3508,0.7069555302166477,25495.0673828125,0.9621581435203552,0.14529988169670105,-4.020280361175537,14.94749641418457,-1670.1251350143298,0.03734516956633685
s2_4.tif,Canon120-2,300,2480,3508,0.7069555302166477,25495.0673828125,0.9461748600006104,0.15809157490730286,-2.992417573928833,7.880062103271484,-1536.3862463436544,0.036170665207636
s2_40.tif,Canon120-2,300,2480,3508,0.7069555302166477,25495.0673828125,0.9798972010612488,0.10461220890283585,-5.7549729347229,32.80406188964844,-1757.6653903661527,0.02273306175745761
s2_41.tif,Canon120-2,300,2480,3508,0.7069555302166477,25495.0673828125,0.9747251868247986,0.11510966718196869,-4.9880452156066895,24.33732795715332,-1736.4061837015718,0.03224312171258322
s2_42.tif,Canon120-2,300,2480,3508,0.7069555302166477,25495.0673828125,0.8855878710746765,0.24693085253238678,-1.893093228340149,1.8512544631958008,-1328.345841938988,0.0404331573914003
s2_43.tif,Canon120-2,300,2480,3508,0.7069555302166477,25495.0673828125,0.9721545577049255,0.12633772194385529,-4.851593494415283,22.581008911132812,-1723.6808252998012,0.026084272814212675
s2_44.tif,Canon120-2,300,2480,3508,0.7069555302166477,25495.0673828125,0.930759847164154,0.20062920451164246,-2.7922203540802,6.140973091125488,-1517.4509023838718,0.035298810093059185
s2_45.tif,Canon120-2,300,2480,3508,0.7069555302166477,25495.0673828125,0.9753028750419617,0.11933175474405289,-5.170328140258789,25.847606658935547,-1759.3304977730286,0.02346468440798911
s2_46.tif,Canon120-2,300,2480,3508,0.7069555302166477,25495.0673828125,0.925596296787262,0.19606585800647736,-2.581989288330078,5.168850898742676,-1457.3206683916542,0.045147152131533454
s2_47.tif,Canon120-2,300,2480,3508,0.7069555302166477,25495.0673828125,0.9640257358551025,0.13537448644638062,-4.283737659454346,17.924039840698242,-1613.8829336232654,0.02916409956964726
s2_48.tif,Canon120-2,300,2480,3508,0.7069555302166477,25495.0673828125,0.9307606816291809,0.1844368577003479,-2.8844871520996094,7.2204694747924805,-1337.5416349009706,0.02835661345496009
s2_49.tif,Canon120-2,300,2480,3508,0.7069555302166477,25495.0673828125,0.9657241702079773,0.1286686509847641,-4.11903715133667,16.30902671813965,-1619.13151580341,0.0449433552800971
s2_5.tif,Canon120-2,300,2480,3508,0.7069555302166477,25495.0673828125,0.9305418133735657,0.18022044003009796,-2.71077823638916,6.2289628982543945,-1426.6705593845375,0.05220141979622614
s2_50.tif,Canon120-2,300,2480,3508,0.7069555302166477,25495.0673828125,0.9236511588096619,0.2183208018541336,-2.7575831413269043,5.938129425048828,-1562.0164306423135,0.025918637584139478
s2_51.tif,Canon120-2,300,2480,3508,0.7069555302166477,25495.0673828125,0.9632458686828613,0.13368260860443115,-3.8356854915618896,13.998908996582031,-1640.8585157334112,0.022317996652812006
s2_52.tif,Canon120-2,300,2480,3508,0.7069555302166477,25495.0673828125,0.952589213848114,0.16642791032791138,-3.579542875289917,11.49570083618164,-1620.4682380650693,0.02130659874204583
s2_53.tif,Canon120-2,300,2480,3508,0.7069555302166477,25495.0673828125,0.9537121653556824,0.16462208330631256,-3.5495100021362305,11.13962173461914,-1674.2015417786274,0.021467521241769965
s2_54.tif,Canon120-2,300,2480,3508,0.7069555302166477,25495.0673828125,0.9337460994720459,0.1871231347322464,-2.823063373565674,6.608861923217773,-1532.9624141508382,0.03146873965498216
s2_55.tif,Canon120-2,300,2480,3508,0.7069555302166477,25495.0673828125,0.9752718210220337,0.10562752932310104,-5.395761013031006,29.912322998046875,-1558.7653158777293,0.019348861588259096
s2_56.tif,Canon120-2,300,2480,3508,0.7069555302166477,25495.0673828125,0.9715195894241333,0.12143147736787796,-4.714950084686279,21.79218292236328,-1691.6006995988869,0.025724381138043918
s2_57.tif,Canon120-2,300,2480,3508,0.7069555302166477,25495.0673828125,0.9584352374076843,0.13973678648471832,-3.7942981719970703,13.689386367797852,-1475.1464875538456,0.03165793853680068
s2_58.tif,Canon120-2,300,2480,3508,0.7069555302166477,25495.0673828125,0.9597751498222351,0.14718694984912872,-3.8972249031066895,14.079151153564453,-1613.9574424852367,0.04433391878471328
s2_59.tif,Canon120-2,300,2480,3508,0.7069555302166477,25495.0673828125,0.9600765109062195,0.14142531156539917,-3.8726966381073,14.090764999389648,-1559.409724514905,0.04379138007135763
s2_6.tif,Canon120-2,300,2480,3508,0.7069555302166477,25495.0673828125,0.9344090819358826,0.17352984845638275,-2.829012632369995,6.977217674255371,-1365.7790459567143,0.03886784124765513
s2_60.tif,Canon120-2,300,2480,3508,0.7069555302166477,25495.0673828125,0.9362738728523254,0.18580809235572815,-2.889878988265991,6.916342735290527,-1509.8329156650047,0.0375244832088866
s2_61.tif,Canon120-2,300,2480,3508,0.7069555302166477,25495.0673828125,0.9816575050354004,0.09710695594549179,-5.9292826652526855,35.588294982910156,-1756.7262423404875,0.011817803545812336
s2_62.tif,Canon120-2,300,2480,3508,0.7069555302166477,25495.0673828125,0.9825059771537781,0.10027924925088882,-6.3082170486450195,39.55442810058594,-1805.1668781638857,0.01704502611542281
s2_63.tif,Canon120-2,300,2480,3508,0.7069555302166477,25495.0673828125,0.9653574228286743,0.13409346342086792,-4.1355085372924805,16.350675582885742,-1698.5411757009479,0.03096033950049656
s2_64.tif,Canon120-2,300,2480,3508,0.7069555302166477,25495.0673828125,0.9692853093147278,0.11589092761278152,-4.426605701446533,19.88180923461914,-1605.9987923496758,0.02811488487144591
s2_65.tif,Canon120-2,300,2480,3508,0.7069555302166477,25495.0673828125,0.9726030826568604,0.11088480055332184,-4.68424129486084,22.398279190063477,-1688.312476627222,0.023636296759480636
s2_66.tif,Canon120-2,300,2480,3508,0.7069555302166477,25495.0673828125,0.9535242319107056,0.14615455269813538,-3.2638609409332275,9.670675277709961,-1569.485727073862,0.02026106227240961
s2_67.tif,Canon120-2,300,2480,3508,0.7069555302166477,25495.0673828125,0.942255973815918,0.177638441324234,-3.0240120887756348,7.690954208374023,-1591.6092630688395,0.02911973093758046
s2_68.tif,Canon120-2,300,2480,3508,0.7069555302166477,25495.0673828125,0.9837083220481873,0.097757987678051,-6.556432723999023,42.693668365478516,-1807.182848616467,0.011379059844778754
s2_69.tif,Canon120-2,300,2480,3508,0.7069555302166477,25495.0673828125,0.9651438593864441,0.1416255533695221,-4.246459484100342,16.812719345092773,-1705.7683632345122,0.030955052046934196
s2_7.tif,Canon120-2,300,2480,3508,0.7069555302166477,25495.0673828125,0.9499953985214233,0.15930317342281342,-3.3334457874298096,10.012396812438965,-1582.9288498593774,0.04003452937065509
s2_70.tif,Canon120-2,300,2480,3508,0.7069555302166477,25495.0673828125,0.9423850774765015,0.18227629363536835,-3.1433398723602295,8.334228515625,-1564.1489617975956,0.03237208960164785
s2_71.tif,Canon120-2,300,2480,3508,0.7069555302166477,25495.0673828125,0.9620001316070557,0.14106492698192596,-4.027308464050293,15.244443893432617,-1623.3481268082433,0.0285348925957259
s2_72.tif,Canon120-2,300,2480,3508,0.7069555302166477,25495.0673828125,0.9637247920036316,0.15802404284477234,-4.341895580291748,17.2070255279541,-1760.226801425831,0.009692247213741862
s2_73.tif,Canon120-2,300,2480,3508,0.7069555302166477,25495.0673828125,0.9611216187477112,0.13861145079135895,-4.024596691131592,15.442867279052734,-1557.162366489989,0.03612825063449443
s2_74.tif,Canon120-2,300,2480,3508,0.7069555302166477,25495.0673828125,0.9738340973854065,0.12253808230161667,-4.973077774047852,23.771522521972656,-1764.3412287286176,0.024193548387096774
s2_75.tif,Canon120-2,300,2480,3508,0.7069555302166477,25495.0673828125,0.9683474898338318,0.13529199361801147,-4.501700401306152,19.098262786865234,-1705.9405222067435,0.027576139331298048
s2_76.tif,Canon120-2,300,2480,3508,0.7069555302166477,25495.0673828125,0.971316933631897,0.12647396326065063,-4.748096942901611,21.59455108642578,-1687.2732622793687,0.028341555706771618
s2_77.tif,Canon120-2,300,2480,3508,0.7069555302166477,25495.0673828125,0.9762117266654968,0.11363136768341064,-5.2540483474731445,27.073823928833008,-1717.232601201029,0.019903354544451392
s2_78.tif,Canon120-2,300,2480,3508,0.7069555302166477,25495.0673828125,0.9666188359260559,0.13380825519561768,-4.374284744262695,18.35455894470215,-1680.1689348009716,0.030699759995586124
s2_79.tif,Canon120-2,300,2480,3508,0.7069555302166477,25495.0673828125,0.9754337072372437,0.11246166378259659,-5.293203830718994,28.028108596801758,-1717.7261425605773,0.02093095964983264
s2_8.tif,Canon120-2,300,2480,3508,0.7069555302166477,25495.0673828125,0.9522218108177185,0.14696559309959412,-3.660890579223633,12.765423774719238,-1400.3539984923952,0.034417414573141576
s2_80.tif,Canon120-2,300,2480,3508,0.7069555302166477,25495.0673828125,0.9748413562774658,0.11492471396923065,-5.030564308166504,24.92212677001953,-1739.198767143126,0.028359372126383932
s2_81.tif,Canon120-2,300,2480,3508,0.7069555302166477,25495.0673828125,0.9698168039321899,0.11014456301927567,-4.609492778778076,22.683984756469727,-1574.5228225275382,0.02152062566667893
s2_82.tif,Canon120-2,300,2480,3508,0.7069555302166477,25495.0673828125,0.9751369953155518,0.12041577696800232,-5.197958946228027,26.061317443847656,-1725.3924608788175,0.0206418738735425
s2_83.tif,Canon120-2,300,2480,3508,0.7069555302166477,25495.0673828125,0.9789652228355408,0.11165515333414078,-5.666487216949463,31.33895492553711,-1809.2203644683161,0.01831263563467834
s2_84.tif,Canon120-2,300,2480,3508,0.7069555302166477,25495.0673828125,0.9747722744941711,0.11909076571464539,-5.081249713897705,25.01310157775879,-1749.0816676785703,0.025649667120314856
s2_85.tif,Canon120-2,300,2480,3508,0.7069555302166477,25495.0673828125,0.9582718014717102,0.14296270906925201,-3.6860733032226562,12.864258766174316,-1600.996739627145,0.02890110622724096
s2_86.tif,Canon120-2,300,2480,3508,0.7069555302166477,25495.0673828125,0.9542903900146484,0.15627822279930115,-3.4773082733154297,10.817493438720703,-1651.308609467695,0.021139584176260714
s2_87.tif,Canon120-2,300,2480,3508,0.7069555302166477,25495.0673828125,0.9254536628723145,0.17920461297035217,-2.5155766010284424,5.325228691101074,-1383.8209402778082,0.04296124986206643
s2_88.tif,Canon120-2,300,2480,3508,0.7069555302166477,25495.0673828125,0.9639428853988647,0.13070203363895416,-4.086230278015137,16.47266960144043,-1611.1344009824904,0.025420582447493286
s2_89.tif,Canon120-2,300,2480,3508,0.7069555302166477,25495.0673828125,0.9732041954994202,0.12311483174562454,-4.928814888000488,23.494749069213867,-1744.5531097851701,0.023329739397506162
s2_9.tif,Canon120-2,300,2480,3508,0.7069555302166477,25495.0673828125,0.9628053307533264,0.13014104962348938,-3.947103977203369,15.39607048034668,-1577.2410212769128,0.026279333872806857
s2_90.tif,Canon120-2,300,2480,3508,0.7069555302166477,25495.0673828125,0.9517720341682434,0.15233881771564484,-3.421830415725708,10.845819473266602,-1536.726260366858,0.04309906848861588
s2_91.tif,Canon120-2,300,2480,3508,0.7069555302166477,25495.0673828125,0.9869434237480164,0.08589061349630356,-7.304046630859375,53.637969970703125,-1835.5123599549158,0.013296221539706478
s2_92.tif,Canon120-2,300,2480,3508,0.7069555302166477,25495.0673828125,0.9669346809387207,0.13467192649841309,-4.334257125854492,17.75989532470703,-1690.4641460459789,0.0349306424026189
s2_93.tif,Canon120-2,300,2480,3508,0.7069555302166477,25495.0673828125,0.9389117956161499,0.1748867779970169,-2.936742067337036,7.363836288452148,-1495.0704569903342,0.03819713925773348
s2_94.tif,Canon120-2,300,2480,3508,0.7069555302166477,25495.0673828125,0.975098729133606,0.11518777906894684,-5.119071006774902,25.856260299682617,-1704.8171922080026,0.022749154007430022
s2_95.tif,Canon120-2,300,2480,3508,0.7069555302166477,25495.0673828125,0.9651917815208435,0.14384180307388306,-4.236024856567383,16.663511276245117,-1740.8351870152378,0.018453557766579615
s2_96.tif,Canon120-2,300,2480,3508,0.7069555302166477,25495.0673828125,0.9604756236076355,0.14314953982830048,-3.8877663612365723,14.216096878051758,-1633.4230760550768,0.03470374167800787
s2_97.tif,Canon120-2,300,2480,3508,0.7069555302166477,25495.0673828125,0.973393976688385,0.1217438131570816,-4.92891263961792,23.45728874206543,-1726.3741180141028,0.02802683727516828
s2_98.tif,Canon120-2,300,2480,3508,0.7069555302166477,25495.0673828125,0.9636512398719788,0.1421840786933899,-4.141993522644043,16.17857551574707,-1667.1341265441247,0.02382250708058999
s2_99.tif,Canon120-2,300,2480,3508,0.7069555302166477,25495.0673828125,0.9499685168266296,0.16775810718536377,-3.4121718406677246,10.322790145874023,-1622.5387265026363,0.03054538934049362
s3_1.tif,Canon220,150,1240,1752,0.7077625570776256,6366.8017578125,0.9634180665016174,0.1298028826713562,-3.9774680137634277,15.295211791992188,-1584.3647819076755,0.06623029901310944
s3_10.tif,Canon220,150,1240,1752,0.7077625570776256,6366.8017578125,0.9579818248748779,0.13463251292705536,-3.7366034984588623,13.517772674560547,-1503.5287177088603,0.061944874060981
s3_100.tif,Canon220,150,1240,1752,0.7077625570776256,6366.8017578125,0.9556921124458313,0.13513703644275665,-3.5892112255096436,12.350545883178711,-1433.342094950694,0.06661925541316836
s3_101.tif,Canon220,150,1240,1752,0.7077625570776256,6366.8017578125,0.9590693712234497,0.12760505080223083,-3.4689137935638428,11.454648971557617,-1534.4607042425168,0.10520787302990131
s3_102.tif,Canon220,150,1240,1752,0.7077625570776256,6366.8017578125,0.9226365685462952,0.18523088097572327,-2.4169561862945557,4.59525728225708,-1378.837385425593,0.07640346516423627
s3_103.tif,Canon220,150,1240,1752,0.7077625570776256,6366.8017578125,0.9725057482719421,0.1125340685248375,-4.77476167678833,22.863178253173828,-1683.964087438711,0.04154836868463691
s3_104.tif,Canon220,150,1240,1752,0.7077625570776256,6366.8017578125,0.9787592887878418,0.1070166826248169,-5.525078773498535,29.902141571044922,-1735.5634854454618,0.03162146486964207
s3_105.tif,Canon220,150,1240,1752,0.7077625570776256,6366.8017578125,0.9542766213417053,0.13970759510993958,-3.286142587661743,10.024445533752441,-1502.4805812962998,0.03747928634555899
s3_106.tif,Canon220,150,1240,1752,0.7077625570776256,6366.8017578125,0.9875671863555908,0.07751496881246567,-7.2132649421691895,53.78829574584961,-1849.5662991628813,0.02647020916187951
s3_107.tif,Canon220,150,1240,1752,0.7077625570776256,6366.8017578125,0.9793643951416016,0.09814298152923584,-5.5491623878479,31.286670684814453,-1703.6320531065842,0.041548828988068935
s3_108.tif,Canon220,150,1240,1752,0.7077625570776256,6366.8017578125,0.9709026217460632,0.12210854142904282,-4.558084011077881,20.073802947998047,-1720.7164388919139,0.05389830976579761
s3_11.tif,Canon220,150,1240,1752,0.7077625570776256,6366.8017578125,0.929733157157898,0.19095362722873688,-2.6567564010620117,5.56706428527832,-1520.7969214680813,0.06027397260273973
s3_12.tif,Canon220,150,1240,1752,0.7077625570776256,6366.8017578125,0.9726365804672241,0.11855728924274445,-4.730208396911621,21.725828170776367,-1718.0483772079986,0.04936247974664899
s3_13.tif,Canon220,150,1240,1752,0.7077625570776256,6366.8017578125,0.9741396903991699,0.11618569493293762,-4.902648448944092,23.427173614501953,-1731.0934227364871,0.04433320444837237
s3_14.tif,Canon220,150,1240,1752,0.7077625570776256,6366.8017578125,0.9769710302352905,0.10954142361879349,-5.210562705993652,26.724571228027344,-1768.7480111397797,0.04073179039622919
s3_15.tif,Canon220,150,1240,1752,0.7077625570776256,6366.8017578125,0.9460734128952026,0.15306061506271362,-3.0212135314941406,8.196518898010254,-1490.2822417644456,0.06751224407129179
s3_16.tif,Canon220,150,1240,1752,0.7077625570776256,6366.8017578125,0.9643474817276001,0.12395364046096802,-4.039891242980957,16.02495574951172,-1511.401544115145,0.05868454485196642
s3_17.tif,Canon220,150,1240,1752,0.7077625570776256,6366.8017578125,0.9360461831092834,0.18843421339988708,-2.8470566272735596,6.466596603393555,-1610.2113927788748,0.046506296950950064
s3_18.tif,Canon220,150,1240,1752,0.7077625570776256,6366.8017578125,0.9116514325141907,0.19329166412353516,-2.147519826889038,3.301417827606201,-1315.1627029847323,0.0653331676240978
s3_19.tif,Canon220,150,1240,1752,0.7077625570776256,6366.8017578125,0.9375448226928711,0.1866358518600464,-2.9969491958618164,7.556388854980469,-1571.6253238860143,0.04819745176020032
s3_2.tif,Canon220,150,1240,1752,0.7077625570776256,6366.8017578125,0.9705692529678345,0.12360315024852753,-4.530027389526367,19.763370513916016,-1737.392078274745,0.05151946162910591
s3_20.tif,Canon220,150,1240,1752,0.7077625570776256,6366.8017578125,0.9436575770378113,0.16349536180496216,-2.990111827850342,7.781732559204102,-1554.4875550923264,0.0707753351008985
s3_21.tif,Canon220,150,1240,1752,0.7077625570776256,6366.8017578125,0.9291700720787048,0.1957031935453415,-2.7272138595581055,5.949466705322266,-1487.0367439693352,0.0671610325526587
s3_22.tif,Canon220,150,1240,1752,0.7077625570776256,6366.8017578125,0.9724894165992737,0.1180787980556488,-4.735870838165283,21.9028263092041,-1716.3867662237378,0.0447760163499779
s3_23.tif,Canon220,150,1240,1752,0.7077625570776256,6366.8017578125,0.977746844291687,0.09990587830543518,-5.195936679840088,27.36362075805664,-1702.507721223805,0.05153281042863456
s3_24.tif,Canon220,150,1240,1752,0.7077625570776256,6366.8017578125,0.9684712886810303,0.1158614233136177,-4.1905717849731445,17.330810546875,-1609.2107598013288,0.0812315878627191
s3_25.tif,Canon220,150,1240,1752,0.7077625570776256,6366.8017578125,0.9711624383926392,0.10859682410955429,-4.399813652038574,19.492393493652344,-1633.3573893865212,0.07513809102960671
s3_26.tif,Canon220,150,1240,1752,0.7077625570776256,6366.8017578125,0.9703949093818665,0.11870716512203217,-4.268383026123047,17.44023895263672,-1709.4316027243176,0.03410342097510679
s3_27.tif,Canon220,150,1240,1752,0.7077625570776256,6366.8017578125,0.9772818684577942,0.09955156594514847,-5.006567478179932,25.337738037109375,-1717.015319352508,0.05449762483429076
s3_28.tif,Canon220,150,1240,1752,0.7077625570776256,6366.8017578125,0.973513126373291,0.10498647391796112,-4.488286972045898,20.053869247436523,-1660.2190504039952,0.04707385108263367
s3_29.tif,Canon220,150,1240,1752,0.7077625570776256,6366.8017578125,0.9630022644996643,0.12323161959648132,-3.70742130279541,13.153488159179688,-1571.9255605500693,0.09735095374871115
s3_3.tif,Canon220,150,1240,1752,0.7077625570776256,6366.8017578125,0.9680591821670532,0.12677612900733948,-4.323130130767822,17.97151756286621,-1696.1097502057746,0.05982655766681396
s3_30.tif,Canon220,150,1240,1752,0.7077625570776256,6366.8017578125,0.9750174880027771,0.10061152279376984,-4.6693243980407715,21.96951675415039,-1633.724374943267,0.05909973854765061
s3_31.tif,Canon220,150,1240,1752,0.7077625570776256,6366.8017578125,0.9636563062667847,0.12086912989616394,-3.7320854663848877,13.427776336669922,-1573.8839544749083,0.09124134629547798
s3_32.tif,Canon220,150,1240,1752,0.7077625570776256,6366.8017578125,0.9672693014144897,0.11845126003026962,-4.187617778778076,17.488466262817383,-1617.9644697220942,0.06410323685373398
s3_33.tif,Canon220,150,1240,1752,0.7077625570776256,6366.8017578125,0.9695946574211121,0.1141555905342102,-4.248058795928955,17.85704803466797,-1634.2373280331672,0.07205866106937693
s3_34.tif,Canon220,150,1240,1752,0.7077625570776256,6366.8017578125,0.9737730622291565,0.10571189969778061,-4.57770299911499,20.8662052154541,-1676.3644356403374,0.06651430623066726
s3_35.tif,Canon220,150,1240,1752,0.7077625570776256,6366.8017578125,0.9556974768638611,0.1324716955423355,-3.318138599395752,10.372225761413574,-1496.1594821887006,0.11099941081160701
s3_36.tif,Canon220,150,1240,1752,0.7077625570776256,6366.8017578125,0.9942845106124878,0.05184819921851158,-11.526098251342773,139.629638671875,-1865.5572820808004,0.00849259832081308
s3_37.tif,Canon220,150,1240,1752,0.7077625570776256,6366.8017578125,0.9521322846412659,0.1482214629650116,-3.268137216567993,9.628893852233887,-1541.9136809515119,0.05659752909117691
s3_38.tif,Canon220,150,1240,1752,0.7077625570776256,6366.8017578125,0.9568576812744141,0.13900522887706757,-3.574127435684204,12.142908096313477,-1538.6650719495278,0.0666818566799234
s3_39.tif,Canon220,150,1240,1752,0.7077625570776256,6366.8017578125,0.9642848372459412,0.1343626230955124,-4.0254225730896,15.23453140258789,-1667.8529609327024,0.06472878921785241
s3_4.tif,Canon220,150,1240,1752,0.7077625570776256,6366.8017578125,0.9478303790092468,0.1507217288017273,-2.8982677459716797,7.207856178283691,-1567.468480009521,0.060898604359994106
s3_40.tif,Canon220,150,1240,1752,0.7077625570776256,6366.8017578125,0.9812669157981873,0.09550295770168304,-5.75620698928833,33.37598419189453,-1775.0068792201473,0.03733383046103992
s3_41.tif,Canon220,150,1240,1752,0.7077625570776256,6366.8017578125,0.9760530591011047,0.10529028624296188,-4.953720569610596,24.456117630004883,-1720.9650320925302,0.053543415819708354
s3_42.tif,Canon220,150,1240,1752,0.7077625570776256,6366.8017578125,0.8902563452720642,0.23467648029327393,-1.8766493797302246,1.7984914779663086,-1342.540792836095,0.06215293121225512
s3_43.tif,Canon220,150,1240,1752,0.7077625570776256,6366.8017578125,0.9738516807556152,0.11691642552614212,-4.866751670837402,23.0478515625,-1737.027591456621,0.04493896376491383
s3_44.tif,Canon220,150,1240,1752,0.7077625570776256,6366.8017578125,0.9344770908355713,0.1887502670288086,-2.7984020709991455,6.213863372802734,-1535.5555226749577,0.05727141331565768
s3_45.tif,Canon220,150,1240,1752,0.7077625570776256,6366.8017578125,0.9769278764724731,0.11033572256565094,-5.193288326263428,26.427221298217773,-1783.9068628691066,0.04011912652820739
s3_46.tif,Canon220,150,1240,1752,0.7077625570776256,6366.8017578125,0.9286594390869141,0.1851518601179123,-2.5489938259124756,5.033379554748535,-1468.8877251553076,0.06948372367064369
s3_47.tif,Canon220,150,1240,1752,0.7077625570776256,6366.8017578125,0.9653416872024536,0.12737368047237396,-4.23638916015625,17.779489517211914,-1628.6317529243622,0.05028953085874208
s3_48.tif,Canon220,150,1240,1752,0.7077625570776256,6366.8017578125,0.9326246976852417,0.17634828388690948,-2.8245344161987305,6.898896217346191,-1358.9814684702421,0.04509684784209751
s3_49.tif,Canon220,150,1240,1752,0.7077625570776256,6366.8017578125,0.9678940773010254,0.1171778067946434,-4.054352283477783,16.043476104736328,-1634.0319974763415,0.06918130431580498
s3_5.tif,Canon220,150,1240,1752,0.7077625570776256,6366.8017578125,0.931516706943512,0.17166776955127716,-2.6085050106048584,5.713482856750488,-1423.1635273553577,0.08065160553837089
s3_50.tif,Canon220,150,1240,1752,0.7077625570776256,6366.8017578125,0.9257484078407288,0.20897537469863892,-2.7426180839538574,5.906040191650391,-1541.916726448571,0.042304186920017674
s3_51.tif,Canon220,150,1240,1752,0.7077625570776256,6366.8017578125,0.9639925956726074,0.12920698523521423,-3.719756841659546,12.907885551452637,-1667.8467624646278,0.03615407276476654
s3_52.tif,Canon220,150,1240,1752,0.7077625570776256,6366.8017578125,0.9547454118728638,0.15794864296913147,-3.55777907371521,11.376384735107422,-1649.8207316932069,0.03599618868758286
s3_53.tif,Canon220,150,1240,1752,0.7077625570776256,6366.8017578125,0.9560192227363586,0.15542256832122803,-3.528071403503418,10.990494728088379,-1698.6952809970262,0.03409973854765061
s3_54.tif,Canon220,150,1240,1752,0.7077625570776256,6366.8017578125,0.9353007674217224,0.17954210937023163,-2.7662925720214844,6.284223556518555,-1523.6211629833492,0.05049712770658418
s3_55.tif,Canon220,150,1240,1752,0.7077625570776256,6366.8017578125,0.9760656952857971,0.09920784831047058,-5.2833404541015625,28.98810386657715,-1564.2825943746093,0.03211859257622625
s3_56.tif,Canon220,150,1240,1752,0.7077625570776256,6366.8017578125,0.9727286100387573,0.11395195871591568,-4.649342060089111,21.359729766845703,-1706.7679428170052,0.04287680438945353
s3_57.tif,Canon220,150,1240,1752,0.7077625570776256,6366.8017578125,0.9605827927589417,0.1296788603067398,-3.752614974975586,13.562305450439453,-1483.3302856686212,0.053671380173810575
s3_58.tif,Canon220,150,1240,1752,0.7077625570776256,6366.8017578125,0.9618196487426758,0.1354539543390274,-3.880856990814209,14.252456665039062,-1597.1094654831224,0.07537975033141847
s3_59.tif,Canon220,150,1240,1752,0.7077625570776256,6366.8017578125,0.9618182182312012,0.13040834665298462,-3.828256845474243,14.01449203491211,-1537.017566916418,0.06682869347473855
s3_6.tif,Canon220,150,1240,1752,0.7077625570776256,6366.8017578125,0.9351072311401367,0.16649499535560608,-2.7191314697265625,6.3409624099731445,-1364.261051601475,0.0576787818529975
s3_60.tif,Canon220,150,1240,1752,0.7077625570776256,6366.8017578125,0.9387162923812866,0.1769891232252121,-2.8639535903930664,6.779327392578125,-1536.1971988926668,0.05608106864044778
s3_61.tif,Canon220,150,1240,1752,0.7077625570776256,6366.8017578125,0.9822216033935547,0.09249184280633926,-5.824147701263428,34.29570770263672,-1757.3218274030105,0.019537118868758287
s3_62.tif,Canon220,150,1240,1752,0.7077625570776256,6366.8017578125,0.9837529063224792,0.09229223430156708,-6.356837272644043,40.720603942871094,-1829.9972436595044,0.02787643614670791
s3_63.tif,Canon220,150,1240,1752,0.7077625570776256,6366.8017578125,0.9662942886352539,0.12744250893592834,-4.0403923988342285,15.581478118896484,-1691.1391627652035,0.04489615554573575
s3_64.tif,Canon220,150,1240,1752,0.7077625570776256,6366.8017578125,0.9702101945877075,0.10998257249593735,-4.290675640106201,18.691389083862305,-1633.3540298265577,0.03986043599941081
s3_65.tif,Canon220,150,1240,1752,0.7077625570776256,6366.8017578125,0.9723142385482788,0.1073823869228363,-4.553430080413818,21.520692825317383,-1668.4818857231742,0.03367579908675799
s3_66.tif,Canon220,150,1240,1752,0.7077625570776256,6366.8017578125,0.9538089632987976,0.14143593609333038,-3.1410534381866455,8.76303482055664,-1579.3035630474028,0.03187233024009427
s3_67.tif,Canon220,150,1240,1752,0.7077625570776256,6366.8017578125,0.9441300630569458,0.17015081644058228,-2.960752010345459,7.237276077270508,-1614.9161256554933,0.03131122035645898
s3_68.tif,Canon220,150,1240,1752,0.7077625570776256,6366.8017578125,0.9845088124275208,0.09140007197856903,-6.564826965332031,43.1303596496582,-1804.2566207298119,0.018725603918102813
s3_69.tif,Canon220,150,1240,1752,0.7077625570776256,6366.8017578125,0.9667807221412659,0.13213035464286804,-4.243224620819092,17.004472732543945,-1689.929330822774,0.05434250257769922
s3_7.tif,Canon220,150,1240,1752,0.7077625570776256,6366.8017578125,0.9519770741462708,0.14995257556438446,-3.2539985179901123,9.516822814941406,-1614.0368252387573,0.059166022241861835
s3_70.tif,Canon220,150,1240,1752,0.7077625570776256,6366.8017578125,0.9455627799034119,0.1707078516483307,-3.136943817138672,8.351957321166992,-1583.0591263753784,0.05254133524819561
s3_71.tif,Canon220,150,1240,1752,0.7077625570776256,6366.8017578125,0.9636313319206238,0.13194099068641663,-3.9809253215789795,15.008964538574219,-1642.9110364436924,0.04657994550007365
s3_72.tif,Canon220,150,1240,1752,0.7077625570776256,6366.8017578125,0.9656460881233215,0.15010300278663635,-4.360728740692139,17.39476776123047,-1782.7338308975059,0.016991180586242452
s3_73.tif,Canon220,150,1240,1752,0.7077625570776256,6366.8017578125,0.9629396796226501,0.12876763939857483,-3.98960018157959,15.424789428710938,-1576.013444746162,0.06149423700103108
s3_74.tif,Canon220,150,1240,1752,0.7077625570776256,6366.8017578125,0.9752526879310608,0.11346551030874252,-4.985118389129639,24.210357666015625,-1749.3880779462665,0.04216931801443512
s3_75.tif,Canon220,150,1240,1752,0.7077625570776256,6366.8017578125,0.9699774980545044,0.12577329576015472,-4.520802021026611,19.53830909729004,-1690.58244651966,0.048215403594049196
s3_76.tif,Canon220,150,1240,1752,0.7077625570776256,6366.8017578125,0.9733025431632996,0.11609075218439102,-4.7664313316345215,22.108510971069336,-1706.7878431238403,0.048645326999558106
s3_77.tif,Canon220,150,1240,1752,0.7077625570776256,6366.8017578125,0.9776080846786499,0.10625866800546646,-5.242491722106934,27.1579532623291,-1747.4524627338967,0.033241732950360876
s3_78.tif,Canon220,150,1240,1752,0.7077625570776256,6366.8017578125,0.9681335091590881,0.12417822331190109,-4.35435152053833,18.51283836364746,-1663.3104800816748,0.05322948887906908
s3_79.tif,Canon220,150,1240,1752,0.7077625570776256,6366.8017578125,0.976559042930603,0.10417445003986359,-5.25332498550415,28.094017028808594,-1717.4515128969206,0.036102058476948
s3_8.tif,Canon220,150,1240,1752,0.7077625570776256,6366.8017578125,0.9537252187728882,0.1381377875804901,-3.5787320137023926,12.322967529296875,-1434.6389133338264,0.055087273530711446
s3_80.tif,Canon220,150,1240,1752,0.7077625570776256,6366.8017578125,0.9760684967041016,0.10611502826213837,-4.984947204589844,24.83798599243164,-1729.3248406520488,0.04772840256296951
s3_81.tif,Canon220,150,1240,1752,0.7077625570776256,6366.8017578125,0.9693448543548584,0.10643403977155685,-4.31010103225708,19.91327476501465,-1571.6108731575673,0.03335588820150243
s3_82.tif,Canon220,150,1240,1752,0.7077625570776256,6366.8017578125,0.9763677716255188,0.11168625205755234,-5.2198591232299805,26.64600372314453,-1707.0979364928698,0.03576143393725144
s3_83.tif,Canon220,150,1240,1752,0.7077625570776256,6366.8017578125,0.9796176552772522,0.1056525930762291,-5.652940273284912,31.617473602294922,-1808.8194653676467,0.03226266755044926
s3_84.tif,Canon220,150,1240,1752,0.7077625570776256,6366.8017578125,0.9761343002319336,0.11025439947843552,-5.089376449584961,25.453737258911133,-1741.9446547865014,0.04400684931506849
s3_85.tif,Canon220,150,1240,1752,0.7077625570776256,6366.8017578125,0.9589716196060181,0.13747133314609528,-3.5759999752044678,12.014015197753906,-1608.4816960570138,0.04214446162910591
s3_86.tif,Canon220,150,1240,1752,0.7077625570776256,6366.8017578125,0.9547768831253052,0.15025730431079865,-3.3904733657836914,10.198190689086914,-1632.7288943836595,0.03391423626454559
s3_87.tif,Canon220,150,1240,1752,0.7077625570776256,6366.8017578125,0.9246470332145691,0.17435960471630096,-2.3703863620758057,4.549644470214844,-1360.0147299360701,0.06885218736190897
s3_88.tif,Canon220,150,1240,1752,0.7077625570776256,6366.8017578125,0.9641587138175964,0.12551333010196686,-3.919790506362915,15.100675582885742,-1604.7832279021172,0.04148392620415378
s3_89.tif,Canon220,150,1240,1752,0.7077625570776256,6366.8017578125,0.9745182991027832,0.11522454768419266,-4.92070198059082,23.668514251708984,-1750.2745345511976,0.03988621299160407
s3_9.tif,Canon220,150,1240,1752,0.7077625570776256,6366.8017578125,0.9633063673973083,0.12376593798398972,-3.803677558898926,14.289453506469727,-1542.241959990539,0.04230925025776992
s3_90.tif,Canon220,150,1240,1752,0.7077625570776256,6366.8017578125,0.9530531764030457,0.1438882052898407,-3.342142343521118,10.38078784942627,-1525.507976701715,0.06275638901163647
s3_91.tif,Canon220,150,1240,1752,0.7077625570776256,6366.8017578125,0.987551212310791,0.07944311201572418,-7.28546142578125,54.088043212890625,-1819.0040095843267,0.02269802253645603
s3_92.tif,Canon220,150,1240,1752,0.7077625570776256,6366.8017578125,0.9682350158691406,0.12572349607944489,-4.333601951599121,18.122222900390625,-1678.1976702834559,0.06037477905435263
s3_93.tif,Canon220,150,1240,1752,0.7077625570776256,6366.8017578125,0.9409151673316956,0.16704189777374268,-2.8790955543518066,7.026902198791504,-1518.623805662717,0.058712623361319785
s3_94.tif,Canon220,150,1240,1752,0.7077625570776256,6366.8017578125,0.9761215448379517,0.10795701295137405,-5.046370506286621,25.31192970275879,-1709.0362547093896,0.03581390852850199
s3_95.tif,Canon220,150,1240,1752,0.7077625570776256,6366.8017578125,0.9665679335594177,0.13580939173698425,-4.215195655822754,16.585906982421875,-1749.4982345061474,0.029720871998821622
s3_96.tif,Canon220,150,1240,1752,0.7077625570776256,6366.8017578125,0.9611960649490356,0.13519299030303955,-3.8100502490997314,13.838495254516602,-1608.8912903652556,0.05745185226101046
s3_97.tif,Canon220,150,1240,1752,0.7077625570776256,6366.8017578125,0.9751420021057129,0.11153664439916611,-4.947813987731934,24.04671859741211,-1727.8626262176815,0.04780619384298129
s3_98.tif,Canon220,150,1240,1752,0.7077625570776256,6366.8017578125,0.9652177095413208,0.13369527459144592,-4.105008125305176,15.99384880065918,-1668.9464965075756,0.03933569008690529
s3_99.tif,Canon220,150,1240,1752,0.7077625570776256,6366.8017578125,0.9524009823799133,0.15798410773277283,-3.3929336071014404,10.24711799621582,-1645.6825360857,0.050765944910885256
s3_1.tif,Canon220,300,2480,3508,0.7069555302166477,25495.0673828125,0.9612897634506226,0.13810423016548157,-3.9401347637176514,14.662944793701172,-1515.9408654644772,0.03913163920256005
s3_10.tif,Canon220,300,2480,3508,0.7069555302166477,25495.0673828125,0.9564570188522339,0.14029522240161896,-3.724687099456787,13.217103958129883,-1456.4143963150966,0.03744045867510207
s3_100.tif,Canon220,300,2480,3508,0.7069555302166477,25495.0673828125,0.9529315233230591,0.14372317492961884,-3.5645201206207275,11.936559677124023,-1355.9099520103864,0.0411527108544525
s3_101.tif,Canon220,300,2480,3508,0.7069555302166477,25495.0673828125,0.9552453756332397,0.1409156769514084,-3.4383811950683594,10.882997512817383,-1466.7065620527937,0.06633236933093023
s3_102.tif,Canon220,300,2480,3508,0.7069555302166477,25495.0673828125,0.9198620319366455,0.19143909215927124,-2.401623487472534,4.457191467285156,-1310.8631339083865,0.05087288961636076
s3_103.tif,Canon220,300,2480,3508,0.7069555302166477,25495.0673828125,0.9708235859870911,0.11752648651599884,-4.670408248901367,21.576982498168945,-1612.8250085032478,0.02503563283922463
s3_104.tif,Canon220,300,2480,3508,0.7069555302166477,25495.0673828125,0.9771146178245544,0.1118655800819397,-5.444960594177246,28.75528335571289,-1635.5060173750096,0.017992169970941996
s3_105.tif,Canon220,300,2480,3508,0.7069555302166477,25495.0673828125,0.9529009461402893,0.14346900582313538,-3.295848846435547,10.038018226623535,-1450.1007534315975,0.02229937562070107
s3_106.tif,Canon220,300,2480,3508,0.7069555302166477,25495.0673828125,0.9863465428352356,0.08325094729661942,-7.061712741851807,50.743595123291016,-1780.988619916848,0.015824084121087285
s3_107.tif,Canon220,300,2480,3508,0.7069555302166477,25495.0673828125,0.9774044156074524,0.10430823266506195,-5.429627895355225,29.389236450195312,-1596.8839140337877,0.024619188398867106
s3_108.tif,Canon220,300,2480,3508,0.7069555302166477,25495.0673828125,0.9691691994667053,0.1301063597202301,-4.487804889678955,19.090457916259766,-1699.211504954701,0.03146322231213448
s3_11.tif,Canon220,300,2480,3508,0.7069555302166477,25495.0673828125,0.9270742535591125,0.19721125066280365,-2.6275808811187744,5.352588653564453,-1456.3428140885533,0.03718332750947144
s3_12.tif,Canon220,300,2480,3508,0.7069555302166477,25495.0673828125,0.9710814356803894,0.1252029836177826,-4.65731954574585,20.703758239746094,-1678.1451840327798,0.02853857082429102
s3_13.tif,Canon220,300,2480,3508,0.7069555302166477,25495.0673828125,0.9722414612770081,0.12337666749954224,-4.826206684112549,22.32280731201172,-1655.825837102555,0.025686104572038106
s3_14.tif,Canon220,300,2480,3508,0.7069555302166477,25495.0673828125,0.9752532243728638,0.11596055328845978,-5.128119468688965,25.48241424560547,-1684.7602340095038,0.0236438831058962
s3_15.tif,Canon220,300,2480,3508,0.7069555302166477,25495.0673828125,0.9431811571121216,0.1607707142829895,-3.0063695907592773,7.986577033996582,-1410.686697519048,0.04357045646816493
s3_16.tif,Canon220,300,2480,3508,0.7069555302166477,25495.0673828125,0.9625101089477539,0.13023565709590912,-4.025399208068848,15.665168762207031,-1453.631938597964,0.03702378434545923
s3_17.tif,Canon220,300,2480,3508,0.7069555302166477,25495.0673828125,0.9338197708129883,0.19420631229877472,-2.8175833225250244,6.256363868713379,-1560.7003158330192,0.027188775885533527
s3_18.tif,Canon220,300,2480,3508,0.7069555302166477,25495.0673828125,0.9088901281356812,0.1986161470413208,-2.138521432876587,3.2250428199768066,-1242.63247334091,0.04330171589362563
s3_19.tif,Canon220,300,2480,3508,0.7069555302166477,25495.0673828125,0.9354168772697449,0.19148048758506775,-2.958791732788086,7.256138801574707,-1497.81634429691,0.02900869441277081
s3_2.tif,Canon220,300,2480,3508,0.7069555302166477,25495.0673828125,0.9685931205749512,0.13133051991462708,-4.4418840408325195,18.64777183532715,-1686.8784228449574,0.03025618861956082
s3_20.tif,Canon220,300,2480,3508,0.7069555302166477,25495.0673828125,0.9409075975418091,0.171340674161911,-2.9617197513580322,7.484947204589844,-1489.5102544224899,0.04198617445838084
s3_21.tif,Canon220,300,2480,3508,0.7069555302166477,25495.0673828125,0.9261970520019531,0.20256894826889038,-2.688278913497925,5.656882286071777,-1414.6683945472605,0.04105121473498363
s3_22.tif,Canon220,300,2480,3508,0.7069555302166477,25495.0673828125,0.9706894755363464,0.12387756258249283,-4.655567169189453,20.84428596496582,-1632.067415706117,0.026145308419465184
s3_23.tif,Canon220,300,2480,3508,0.7069555302166477,25495.0673828125,0.975431501865387,0.10889317840337753,-5.116781711578369,25.94310188293457,-1612.199955283337,0.03149494703350866
s3_24.tif,Canon220,300,2480,3508,0.7069555302166477,25495.0673828125,0.9652607440948486,0.12780193984508514,-4.151239395141602,16.53157615661621,-1521.7678149599674,0.04948619744730937
s3_25.tif,Canon220,300,2480,3508,0.7069555302166477,25495.0673828125,0.9683138132095337,0.12031812965869904,-4.366662502288818,18.679988861083984,-1571.926662306688,0.045582562437929894
s3_26.tif,Canon220,300,2480,3508,0.7069555302166477,25495.0673828125,0.9688054323196411,0.12330545485019684,-4.252736568450928,17.2105655670166,-1622.0348535157643,0.021209815352926032
s3_27.tif,Canon220,300,2480,3508,0.7069555302166477,25495.0673828125,0.9750071167945862,0.10938435047864914,-4.962823867797852,24.328590393066406,-1641.502417907604,0.033519926803251554
s3_28.tif,Canon220,300,2480,3508,0.7069555302166477,25495.0673828125,0.9722310900688171,0.11012251675128937,-4.506266117095947,20.057058334350586,-1608.2016825139851,0.03034469599440909
s3_29.tif,Canon220,300,2480,3508,0.7069555302166477,25495.0673828125,0.9591343402862549,0.13806037604808807,-3.69802188873291,12.71095085144043,-1506.4710188759418,0.060626977047853754
s3_3.tif,Canon220,300,2480,3508,0.7069555302166477,25495.0673828125,0.965874195098877,0.13507187366485596,-4.243404388427734,16.939355850219727,-1635.258462180736,0.03537812189649465
s3_30.tif,Canon220,300,2480,3508,0.7069555302166477,25495.0673828125,0.9729812145233154,0.11044829338788986,-4.693901538848877,21.765947341918945,-1589.5946508449172,0.037359307757384046
s3_31.tif,Canon220,300,2480,3508,0.7069555302166477,25495.0673828125,0.9607555866241455,0.13433244824409485,-3.752149820327759,13.226472854614258,-1559.4403909269508,0.05672322709383161
s3_32.tif,Canon220,300,2480,3508,0.7069555302166477,25495.0673828125,0.9650837182998657,0.1255606859922409,-4.140507698059082,16.787015914916992,-1534.4781456842352,0.03917796189355206
s3_33.tif,Canon220,300,2480,3508,0.7069555302166477,25495.0673828125,0.9666659235954285,0.12566660344600677,-4.216302394866943,17.11399269104004,-1559.6966272236039,0.04418690458675102
s3_34.tif,Canon220,300,2480,3508,0.7069555302166477,25495.0673828125,0.9711688756942749,0.1164902001619339,-4.557947158813477,20.219789505004883,-1597.5595036630539,0.04130731139883032
s3_35.tif,Canon220,300,2480,3508,0.7069555302166477,25495.0673828125,0.9514307379722595,0.14719520509243011,-3.2877848148345947,9.802467346191406,-1434.899841486097,0.07063980486997462
s3_36.tif,Canon220,300,2480,3508,0.7069555302166477,25495.0673828125,0.993799090385437,0.054124318063259125,-11.336856842041016,133.4573211669922,-1817.296781493116,0.005190325339316585
s3_37.tif,Canon220,300,2480,3508,0.7069555302166477,25495.0673828125,0.9495742917060852,0.1552111953496933,-3.2447009086608887,9.355218887329102,-1463.970597439073,0.03586376301173355
s3_38.tif,Canon220,300,2480,3508,0.7069555302166477,25495.0673828125,0.954830527305603,0.14635738730430603,-3.5559473037719727,11.789039611816406,-1494.8543367114025,0.03989602107624968
s3_39.tif,Canon220,300,2480,3508,0.7069555302166477,25495.0673828125,0.9618459939956665,0.14331293106079102,-3.963416814804077,14.474658966064453,-1609.4691246458526,0.03754827674991724
s3_4.tif,Canon220,300,2480,3508,0.7069555302166477,25495.0673828125,0.9449650049209595,0.1591687947511673,-2.906022310256958,7.191338539123535,-1501.224446681456,0.036230206532533935
s3_40.tif,Canon220,300,2480,3508,0.7069555302166477,25495.0673828125,0.9795362949371338,0.10264105349779129,-5.664992809295654,31.75518798828125,-1691.5845215164147,0.02280547688233347
s3_41.tif,Canon220,300,2480,3508,0.7069555302166477,25495.0673828125,0.9737305641174316,0.11485300213098526,-4.889176845550537,23.306516647338867,-1638.9765815938665,0.03249795398536065
s3_42.tif,Canon220,300,2480,3508,0.7069555302166477,25495.0673828125,0.8872386813163757,0.24005074799060822,-1.8661022186279297,1.7445197105407715,-1267.224111503409,0.03922968698274911
s3_43.tif,Canon220,300,2480,3508,0.7069555302166477,25495.0673828125,0.972009003162384,0.1234554797410965,-4.788017749786377,21.954341888427734,-1653.3846282369686,0.026198412844374148
s3_44.tif,Canon220,300,2480,3508,0.7069555302166477,25495.0673828125,0.9319313764572144,0.19407455623149872,-2.7644097805023193,5.973110198974609,-1446.6083338920262,0.03471558097620186
s3_45.tif,Canon220,300,2480,3508,0.7069555302166477,25495.0673828125,0.9756571650505066,0.11645293235778809,-5.123391151428223,25.349763870239258,-1750.6641212096893,0.023556640122117188
s3_46.tif,Canon220,300,2480,3508,0.7069555302166477,25495.0673828125,0.9253989458084106,0.19198083877563477,-2.5248546600341797,4.85757303237915,-1381.7542699528844,0.04485139956596903
s3_47.tif,Canon220,300,2480,3508,0.7069555302166477,25495.0673828125,0.9632588624954224,0.13372400403022766,-4.164117813110352,16.859960556030273,-1547.0931050561107,0.02944594383344981
s3_48.tif,Canon220,300,2480,3508,0.7069555302166477,25495.0673828125,0.9308440685272217,0.18015742301940918,-2.8044488430023193,6.725996971130371,-1300.9351136455011,0.02818638043918049
s3_49.tif,Canon220,300,2480,3508,0.7069555302166477,25495.0673828125,0.9650558829307556,0.12787538766860962,-4.034994125366211,15.531538009643555,-1559.2675315353451,0.04500404605142164
s3_5.tif,Canon220,300,2480,3508,0.7069555302166477,25495.0673828125,0.9285951256752014,0.17910976707935333,-2.59311842918396,5.534658432006836,-1359.1854651857045,0.051944288630595505
s3_50.tif,Canon220,300,2480,3508,0.7069555302166477,25495.0673828125,0.923999011516571,0.21199531853199005,-2.7132809162139893,5.711788177490234,-1461.0324849154863,0.025864383712803914
s3_51.tif,Canon220,300,2480,3508,0.7069555302166477,25495.0673828125,0.9621283411979675,0.13440726697444916,-3.718548059463501,12.836857795715332,-1576.6312581870811,0.022107992790672014
s3_52.tif,Canon220,300,2480,3508,0.7069555302166477,25495.0673828125,0.9529855251312256,0.1619512140750885,-3.5261197090148926,11.07572078704834,-1558.5355589971812,0.020933718321256484
s3_53.tif,Canon220,300,2480,3508,0.7069555302166477,25495.0673828125,0.9546869993209839,0.1600489318370819,-3.5137224197387695,10.84792709350586,-1666.325524218818,0.020778428109022695
s3_54.tif,Canon220,300,2480,3508,0.7069555302166477,25495.0673828125,0.9330024719238281,0.18455815315246582,-2.7425966262817383,6.101445198059082,-1443.5508569863932,0.029713764850847833
s3_55.tif,Canon220,300,2480,3508,0.7069555302166477,25495.0673828125,0.9746467471122742,0.10411270707845688,-5.247586727142334,28.286584854125977,-1512.2811496011377,0.019340930407915548
s3_56.tif,Canon220,300,2480,3508,0.7069555302166477,25495.0673828125,0.9709884524345398,0.11986081302165985,-4.607057571411133,20.704742431640625,-1627.71453625014,0.025791853643285394
s3_57.tif,Canon220,300,2480,3508,0.7069555302166477,25495.0673828125,0.9587625861167908,0.1360062211751938,-3.7472167015075684,13.3519287109375,-1442.4968948013952,0.03175299775628058
s3_58.tif,Canon220,300,2480,3508,0.7069555302166477,25495.0673828125,0.9588240385055542,0.1453840285539627,-3.8228979110717773,13.486347198486328,-1510.4558580501719,0.044545416927207857
s3_59.tif,Canon220,300,2480,3508,0.7069555302166477,25495.0673828125,0.9595713019371033,0.1391322761774063,-3.800194025039673,13.501249313354492,-1493.7709504623012,0.04353942141464671
s3_6.tif,Canon220,300,2480,3508,0.7069555302166477,25495.0673828125,0.9322812557220459,0.17185023427009583,-2.7067463397979736,6.218934059143066,-1268.910344955746,0.03760471456946335
s3_60.tif,Canon220,300,2480,3508,0.7069555302166477,25495.0673828125,0.936299204826355,0.18253464996814728,-2.8363659381866455,6.556562423706055,-1452.8201370300746,0.03596376485084783
s3_61.tif,Canon220,300,2480,3508,0.7069555302166477,25495.0673828125,0.9808933138847351,0.09592391550540924,-5.790655612945557,33.71683120727539,-1655.1161359353362,0.011830907235075587
s3_62.tif,Canon220,300,2480,3508,0.7069555302166477,25495.0673828125,0.9824774861335754,0.09782806783914566,-6.2219109535217285,38.42795181274414,-1764.2498030703816,0.0172452596829367
s3_63.tif,Canon220,300,2480,3508,0.7069555302166477,25495.0673828125,0.9646844267845154,0.13239775598049164,-4.023712635040283,15.323202133178711,-1612.2644672191045,0.03064401184389598
s3_64.tif,Canon220,300,2480,3508,0.7069555302166477,25495.0673828125,0.9682811498641968,0.11543407291173935,-4.268510341644287,18.28068733215332,-1540.3239290884733,0.027880972523632617
s3_65.tif,Canon220,300,2480,3508,0.7069555302166477,25495.0673828125,0.9712197184562683,0.11144454777240753,-4.547366142272949,21.14483070373535,-1614.9390659897208,0.023732850259315114
s3_66.tif,Canon220,300,2480,3508,0.7069555302166477,25495.0673828125,0.9518598914146423,0.1462825983762741,-3.150064706802368,8.798194885253906,-1493.5899995087618,0.019640935925258396
s3_67.tif,Canon220,300,2480,3508,0.7069555302166477,25495.0673828125,0.9424886703491211,0.17386813461780548,-2.958397388458252,7.212064743041992,-1535.458475576656,0.023591698238128518
s3_68.tif,Canon220,300,2480,3508,0.7069555302166477,25495.0673828125,0.983158528804779,0.09586722403764725,-6.450100421905518,41.289405822753906,-1708.9553061734143,0.011354116857321513
s3_69.tif,Canon220,300,2480,3508,0.7069555302166477,25495.0673828125,0.9648117423057556,0.13816992938518524,-4.180902481079102,16.261430740356445,-1606.3194710501966,0.03103149023430316
s3_7.tif,Canon220,300,2480,3508,0.7069555302166477,25495.0673828125,0.9498616456985474,0.1566358208656311,-3.2424280643463135,9.343117713928223,-1562.1097526128483,0.03965992478022584
s3_70.tif,Canon220,300,2480,3508,0.7069555302166477,25495.0673828125,0.9424135684967041,0.1773253083229065,-3.098743200302124,8.050763130187988,-1453.0718030310811,0.03187345974178835
s3_71.tif,Canon220,300,2480,3508,0.7069555302166477,25495.0673828125,0.9617751240730286,0.1377987563610077,-3.9426918029785156,14.552791595458984,-1573.0569267757767,0.02800396329127892
s3_72.tif,Canon220,300,2480,3508,0.7069555302166477,25495.0673828125,0.9647824764251709,0.15148048102855682,-4.331395626068115,17.121131896972656,-1702.8641917821785,0.009562014933607975
s3_73.tif,Canon220,300,2480,3508,0.7069555302166477,25495.0673828125,0.9605200886726379,0.1353183537721634,-3.9339780807495117,14.767295837402344,-1484.8812243105992,0.036339403943061024
s3_74.tif,Canon220,300,2480,3508,0.7069555302166477,25495.0673828125,0.9734458327293396,0.12023966014385223,-4.909132480621338,23.131752014160156,-1673.692608672344,0.02432182660830544
s3_75.tif,Canon220,300,2480,3508,0.7069555302166477,25495.0673828125,0.9678431153297424,0.13199551403522491,-4.442696571350098,18.590394973754883,-1591.1177322165602,0.027704647441792032
s3_76.tif,Canon220,300,2480,3508,0.7069555302166477,25495.0673828125,0.9711423516273499,0.12390702217817307,-4.694611549377441,21.08479881286621,-1623.6383919678062,0.028541904218928164
s3_77.tif,Canon220,300,2480,3508,0.7069555302166477,25495.0673828125,0.97603440284729,0.11070045083761215,-5.161009788513184,26.057518005371094,-1664.3008647955328,0.01992232041049031
s3_78.tif,Canon220,300,2480,3508,0.7069555302166477,25495.0673828125,0.9659067392349243,0.13198009133338928,-4.288389682769775,17.59988021850586,-1586.10114605182,0.03078723286865046
s3_79.tif,Canon220,300,2480,3508,0.7069555302166477,25495.0673828125,0.974875271320343,0.11002013087272644,-5.174652099609375,26.85376739501953,-1634.2701215559725,0.021107859454886527
s3_8.tif,Canon220,300,2480,3508,0.7069555302166477,25495.0673828125,0.9519340395927429,0.1439441442489624,-3.554483652114868,11.982696533203125,-1388.71280515424,0.034209709603854783
s3_80.tif,Canon220,300,2480,3508,0.7069555302166477,25495.0673828125,0.9740976691246033,0.11382131278514862,-4.9223761558532715,23.785812377929688,-1651.912288354265,0.028545927281421267
s3_81.tif,Canon220,300,2480,3508,0.7069555302166477,25495.0673828125,0.9682019352912903,0.11034958064556122,-4.314458847045898,19.642183303833008,-1516.3261184886678,0.02157039669695075
s3_82.tif,Canon220,300,2480,3508,0.7069555302166477,25495.0673828125,0.9750571250915527,0.11722389608621597,-5.150508403778076,25.591459274291992,-1662.0524480450124,0.02066440302350388
s3_83.tif,Canon220,300,2480,3508,0.7069555302166477,25495.0673828125,0.9787613153457642,0.10976564139127731,-5.588992595672607,30.498462677001953,-1773.9507518293542,0.01848321348438592
s3_84.tif,Canon220,300,2480,3508,0.7069555302166477,25495.0673828125,0.9743101000785828,0.11733502149581909,-5.007134914398193,24.24772834777832,-1667.9160697081047,0.025721622466620075
s3_85.tif,Canon220,300,2480,3508,0.7069555302166477,25495.0673828125,0.9570344686508179,0.14220698177814484,-3.5640366077423096,11.83301830291748,-1507.3929649483607,0.02762947364549233
s3_86.tif,Canon220,300,2480,3508,0.7069555302166477,25495.0673828125,0.9530485272407532,0.15491405129432678,-3.385143756866455,10.127405166625977,-1559.4938278106677,0.020208302681428623
s3_87.tif,Canon220,300,2480,3508,0.7069555302166477,25495.0673828125,0.9227883219718933,0.1794174760580063,-2.377251625061035,4.52955436706543,-1313.7328502438452,0.04161973093758046
s3_88.tif,Canon220,300,2480,3508,0.7069555302166477,25495.0673828125,0.9621445536613464,0.13124701380729675,-3.899528741836548,14.764543533325195,-1522.7671988419004,0.025305637804833192
s3_89.tif,Canon220,300,2480,3508,0.7069555302166477,25495.0673828125,0.9732879996299744,0.12067097425460815,-4.865004062652588,22.822982788085938,-1715.9878488691797,0.023355831831390002
s3_9.tif,Canon220,300,2480,3508,0.7069555302166477,25495.0673828125,0.9616484045982361,0.1294860541820526,-3.813727855682373,14.192750930786133,-1492.56988382369,0.025964615441203518
s3_90.tif,Canon220,300,2480,3508,0.7069555302166477,25495.0673828125,0.9503322243690491,0.1516057699918747,-3.3067264556884766,9.964456558227539,-1452.8213849860078,0.04284055798727333
s3_91.tif,Canon220,300,2480,3508,0.7069555302166477,25495.0673828125,0.9865960478782654,0.08407550305128098,-7.201765537261963,52.181190490722656,-1760.4615153314435,0.013400706219884503
s3_92.tif,Canon220,300,2480,3508,0.7069555302166477,25495.0673828125,0.9655670523643494,0.13453716039657593,-4.2391533851623535,16.960689544677734,-1595.450963146661,0.0352915685805716
s3_93.tif,Canon220,300,2480,3508,0.7069555302166477,25495.0673828125,0.9385433197021484,0.1721823364496231,-2.85648250579834,6.830151557922363,-1424.82830215053,0.035811003420752566
s3_94.tif,Canon220,300,2480,3508,0.7069555302166477,25495.0673828125,0.9743840098381042,0.11348535120487213,-5.00424861907959,24.604976654052734,-1611.2336450218493,0.022704555486077905
s3_95.tif,Canon220,300,2480,3508,0.7069555302166477,25495.0673828125,0.9652869701385498,0.14007568359375,-4.176191806793213,16.156635284423828,-1699.3928824172476,0.017834350976569685
s3_96.tif,Canon220,300,2480,3508,0.7069555302166477,25495.0673828125,0.9587743282318115,0.1429121047258377,-3.7682387828826904,13.28396987915039,-1535.049233114265,0.034548106631846105
s3_97.tif,Canon220,300,2480,3508,0.7069555302166477,25495.0673828125,0.9731605648994446,0.11883312463760376,-4.8765339851379395,22.96505355834961,-1641.8837769956695,0.028119482657152316
s3_98.tif,Canon220,300,2480,3508,0.7069555302166477,25495.0673828125,0.9632490873336792,0.13948218524456024,-4.0597147941589355,15.452564239501953,-1584.1493394213799,0.023433879243756207
s3_99.tif,Canon220,300,2480,3508,0.7069555302166477,25495.0673828125,0.9502202272415161,0.16456599533557892,-3.3505098819732666,9.848222732543945,-1596.7202025325723,0.030322856512303674
s4_1.tif,Canon9000-1,150,1240,1754,0.7069555302166477,6374.0791015625,0.9652804136276245,0.12274283915758133,-3.981771469116211,15.68592643737793,-1663.2746135541129,0.0653432706808401
s4_10.tif,Canon9000-1,150,1240,1754,0.7069555302166477,6374.0791015625,0.9595621228218079,0.12842799723148346,-3.749192237854004,13.986993789672852,-1586.361224133455,0.0609946849597234
s4_100.tif,Canon9000-1,150,1240,1754,0.7069555302166477,6374.0791015625,0.9573726058006287,0.13025665283203125,-3.5904362201690674,12.513981819152832,-1533.247919952986,0.06557729797329606
s4_101.tif,Canon9000-1,150,1240,1754,0.7069555302166477,6374.0791015625,0.961637556552887,0.11401136964559555,-3.3152313232421875,10.553091049194336,-1560.8206340679626,0.10580516423290544
s4_102.tif,Canon9000-1,150,1240,1754,0.7069555302166477,6374.0791015625,0.9212284088134766,0.18819178640842438,-2.427819013595581,4.7132673263549805,-1434.553806667217,0.07372825247360872
s4_103.tif,Canon9000-1,150,1240,1754,0.7069555302166477,6374.0791015625,0.9721909761428833,0.10963646322488785,-4.70987606048584,22.919883728027344,-1695.730083030479,0.04259480634126605
s4_104.tif,Canon9000-1,150,1240,1754,0.7069555302166477,6374.0791015625,0.9803066253662109,0.09983843564987183,-5.623700141906738,31.656429290771484,-1820.44304461934,0.03190541435244786
s4_105.tif,Canon9000-1,150,1240,1754,0.7069555302166477,6374.0791015625,0.9534385800361633,0.14166444540023804,-3.2089040279388428,9.419593811035156,-1598.285586851607,0.037852650163681174
s4_106.tif,Canon9000-1,150,1240,1754,0.7069555302166477,6374.0791015625,0.9879273772239685,0.07332490384578705,-7.172553062438965,53.89710998535156,-1866.1303711411913,0.027001416117997574
s4_107.tif,Canon9000-1,150,1240,1754,0.7069555302166477,6374.0791015625,0.9808530807495117,0.08987580239772797,-5.480039119720459,31.18020248413086,-1788.5546266930726,0.04207111854930665
s4_108.tif,Canon9000-1,150,1240,1754,0.7069555302166477,6374.0791015625,0.9723200798034668,0.11404626071453094,-4.628687381744385,21.377735137939453,-1743.5833542883752,0.05281062640232464
s4_11.tif,Canon9000-1,150,1240,1754,0.7069555302166477,6374.0791015625,0.9278594851493835,0.19503003358840942,-2.6765971183776855,5.738330841064453,-1539.3576994027121,0.058971199470335085
s4_12.tif,Canon9000-1,150,1240,1754,0.7069555302166477,6374.0791015625,0.9739758372306824,0.11138008534908295,-4.793400764465332,22.94847297668457,-1768.0827784940298,0.0485516975024828
s4_13.tif,Canon9000-1,150,1240,1754,0.7069555302166477,6374.0791015625,0.9754700064659119,0.10949035733938217,-4.977144718170166,24.734010696411133,-1781.291398966343,0.04404310883878324
s4_14.tif,Canon9000-1,150,1240,1754,0.7069555302166477,6374.0791015625,0.9781312346458435,0.10273817926645279,-5.290712356567383,28.29443359375,-1806.5936830523126,0.040345109795122666
s4_15.tif,Canon9000-1,150,1240,1754,0.7069555302166477,6374.0791015625,0.945168673992157,0.1540534943342209,-2.99033260345459,8.096182823181152,-1543.787333134643,0.06663111045720381
s4_16.tif,Canon9000-1,150,1240,1754,0.7069555302166477,6374.0791015625,0.9655947685241699,0.11998098343610764,-4.032976150512695,16.25580596923828,-1623.4235798484094,0.058107735314672455
s4_17.tif,Canon9000-1,150,1240,1754,0.7069555302166477,6374.0791015625,0.933840811252594,0.1941690593957901,-2.88004469871521,6.712368011474609,-1613.4538423196962,0.046049582521057855
s4_18.tif,Canon9000-1,150,1240,1754,0.7069555302166477,6374.0791015625,0.9081637859344482,0.19922369718551636,-2.1273353099823,3.2311525344848633,-1348.5151637723848,0.06416531798285946
s4_19.tif,Canon9000-1,150,1240,1754,0.7069555302166477,6374.0791015625,0.9367033243179321,0.18892081081867218,-3.0362792015075684,7.901273727416992,-1607.112492017663,0.047534207525655646
s4_2.tif,Canon9000-1,150,1240,1754,0.7069555302166477,6374.0791015625,0.9712181091308594,0.11802118271589279,-4.586109161376953,20.866329193115234,-1736.7399189057444,0.05084921101997278
s4_20.tif,Canon9000-1,150,1240,1754,0.7069555302166477,6374.0791015625,0.9439216256141663,0.16083355247974396,-3.0135445594787598,8.115209579467773,-1573.8872089995136,0.06910425938867841
s4_21.tif,Canon9000-1,150,1240,1754,0.7069555302166477,6374.0791015625,0.9289321303367615,0.19665905833244324,-2.776909589767456,6.325213432312012,-1538.9743901964,0.06588580939419575
s4_22.tif,Canon9000-1,150,1240,1754,0.7069555302166477,6374.0791015625,0.973781943321228,0.11235947161912918,-4.818205833435059,23.27239418029785,-1768.358956733974,0.04455714128075919
s4_23.tif,Canon9000-1,150,1240,1754,0.7069555302166477,6374.0791015625,0.9791507720947266,0.09105632454156876,-5.127447128295898,27.37815284729004,-1756.8021719231672,0.0514289917975503
s4_24.tif,Canon9000-1,150,1240,1754,0.7069555302166477,6374.0791015625,0.9705163836479187,0.10404660552740097,-4.105415344238281,17.140226364135742,-1648.1259667595673,0.08058125206900357
s4_25.tif,Canon9000-1,150,1240,1754,0.7069555302166477,6374.0791015625,0.9725332856178284,0.10090737044811249,-4.3321990966796875,19.34355926513672,-1669.4188717864479,0.07536184573509398
s4_26.tif,Canon9000-1,150,1240,1754,0.7069555302166477,6374.0791015625,0.9696038365364075,0.12131033092737198,-4.278792858123779,17.626081466674805,-1746.7458017603121,0.03396476257034612
s4_27.tif,Canon9000-1,150,1240,1754,0.7069555302166477,6374.0791015625,0.9784220457077026,0.0914091169834137,-4.9518351554870605,25.552213668823242,-1750.2835795006797,0.054120995328649724
s4_28.tif,Canon9000-1,150,1240,1754,0.7069555302166477,6374.0791015625,0.9735768437385559,0.1032278835773468,-4.370657444000244,19.044797897338867,-1732.2477699927272,0.04725742082613014
s4_29.tif,Canon9000-1,150,1240,1754,0.7069555302166477,6374.0791015625,0.9641014337539673,0.11448556929826736,-3.7046706676483154,14.03835678100586,-1594.9292080021244,0.096845919005407
s4_3.tif,Canon9000-1,150,1240,1754,0.7069555302166477,6374.0791015625,0.9691051840782166,0.12016826868057251,-4.379745006561279,18.994651794433594,-1711.8263001785062,0.05890269246330967
s4_30.tif,Canon9000-1,150,1240,1754,0.7069555302166477,6374.0791015625,0.9769113063812256,0.09098003804683685,-4.55827522277832,21.364376068115234,-1719.3074174420856,0.058724758156471844
s4_31.tif,Canon9000-1,150,1240,1754,0.7069555302166477,6374.0791015625,0.9651241898536682,0.11022982746362686,-3.6130504608154297,12.901248931884766,-1584.0340470410106,0.09052672233052562
s4_32.tif,Canon9000-1,150,1240,1754,0.7069555302166477,6374.0791015625,0.967933177947998,0.11430808156728745,-4.240911483764648,18.444154739379883,-1652.5997837769007,0.06408853496156251
s4_33.tif,Canon9000-1,150,1240,1754,0.7069555302166477,6374.0791015625,0.9712600708007812,0.10423170775175095,-4.19414758682251,18.007810592651367,-1671.6230360377356,0.07125740243498731
s4_34.tif,Canon9000-1,150,1240,1754,0.7069555302166477,6374.0791015625,0.9755687713623047,0.09500127285718918,-4.509942054748535,20.903268814086914,-1718.5699056216442,0.06585040644425645
s4_35.tif,Canon9000-1,150,1240,1754,0.7069555302166477,6374.0791015625,0.9584341645240784,0.11881320178508759,-3.1917665004730225,9.745030403137207,-1526.6641950731134,0.11171239930849303
s4_36.tif,Canon9000-1,150,1240,1754,0.7069555302166477,6374.0791015625,0.9942819476127625,0.05454574152827263,-11.31943416595459,136.69984436035156,-1943.8953479792938,0.00878223047780189
s4_37.tif,Canon9000-1,150,1240,1754,0.7069555302166477,6374.0791015625,0.952720046043396,0.1483800709247589,-3.3142216205596924,10.041253089904785,-1620.499527722171,0.05583091183286129
s4_38.tif,Canon9000-1,150,1240,1754,0.7069555302166477,6374.0791015625,0.9587140083312988,0.13132208585739136,-3.5365469455718994,12.140162467956543,-1613.4756092793782,0.06554971125905763
s4_39.tif,Canon9000-1,150,1240,1754,0.7069555302166477,6374.0791015625,0.9659143090248108,0.12576156854629517,-4.071231365203857,16.0556583404541,-1689.2669788878052,0.06432210247544783
s4_4.tif,Canon9000-1,150,1240,1754,0.7069555302166477,6374.0791015625,0.9465637803077698,0.15154384076595306,-2.8184726238250732,6.612619400024414,-1584.2776572487587,0.06002960973994924
s4_40.tif,Canon9000-1,150,1240,1754,0.7069555302166477,6374.0791015625,0.9824753999710083,0.08808346837759018,-5.819860458374023,35.14341735839844,-1814.4177791263628,0.03710964799352632
s4_41.tif,Canon9000-1,150,1240,1754,0.7069555302166477,6374.0791015625,0.9775305986404419,0.09635347872972488,-4.965669631958008,25.382307052612305,-1761.4867583116372,0.05248326406002869
s4_42.tif,Canon9000-1,150,1240,1754,0.7069555302166477,6374.0791015625,0.885732114315033,0.24528749287128448,-1.8912935256958008,1.8529243469238281,-1402.3384653147468,0.06012202523264796
s4_43.tif,Canon9000-1,150,1240,1754,0.7069555302166477,6374.0791015625,0.9752529859542847,0.10958509147167206,-4.962368488311768,24.66558265686035,-1778.0777339567467,0.04424449185272373
s4_44.tif,Canon9000-1,150,1240,1754,0.7069555302166477,6374.0791015625,0.9336645603179932,0.1919027864933014,-2.860079288482666,6.657133102416992,-1585.3546869172515,0.056926104388126675
s4_45.tif,Canon9000-1,150,1240,1754,0.7069555302166477,6374.0791015625,0.9778119921684265,0.10410349816083908,-5.271820545196533,27.951261520385742,-1794.0143269534572,0.039190146025674034
s4_46.tif,Canon9000-1,150,1240,1754,0.7069555302166477,6374.0791015625,0.9273852109909058,0.18811869621276855,-2.5890300273895264,5.331380844116211,-1509.7818107780754,0.06828907198293302
s4_47.tif,Canon9000-1,150,1240,1754,0.7069555302166477,6374.0791015625,0.9659842252731323,0.12237831950187683,-4.216148376464844,18.084716796875,-1674.5431111208477,0.049848732850259314
s4_48.tif,Canon9000-1,150,1240,1754,0.7069555302166477,6374.0791015625,0.9321537613868713,0.17884483933448792,-2.839881658554077,7.07586669921875,-1492.057192510907,0.04494979218008607
s4_49.tif,Canon9000-1,150,1240,1754,0.7069555302166477,6374.0791015625,0.9690608382225037,0.10943976789712906,-4.0178542137146,16.269657135009766,-1667.4277618083265,0.06879528818920808
s4_5.tif,Canon9000-1,150,1240,1754,0.7069555302166477,6374.0791015625,0.9309950470924377,0.17130789160728455,-2.6149208545684814,5.861562728881836,-1452.8245166257616,0.07830075035862728
s4_50.tif,Canon9000-1,150,1240,1754,0.7069555302166477,6374.0791015625,0.9256030917167664,0.21075965464115143,-2.786694288253784,6.20411491394043,-1602.260642440336,0.040583275094714384
s4_51.tif,Canon9000-1,150,1240,1754,0.7069555302166477,6374.0791015625,0.9636805653572083,0.129503533244133,-3.6575050354003906,12.294059753417969,-1721.063702544964,0.035513296796262916
s4_52.tif,Canon9000-1,150,1240,1754,0.7069555302166477,6374.0791015625,0.9540206789970398,0.1604171246290207,-3.5843660831451416,11.673247337341309,-1698.4189443419732,0.0359275572884099
s4_53.tif,Canon9000-1,150,1240,1754,0.7069555302166477,6374.0791015625,0.9547102451324463,0.1598626673221588,-3.567517042160034,11.364269256591797,-1717.2183231746833,0.033664527163717956
s4_54.tif,Canon9000-1,150,1240,1754,0.7069555302166477,6374.0791015625,0.9332402348518372,0.18492817878723145,-2.773940086364746,6.373354911804199,-1569.1968676389179,0.049459760179497554
s4_55.tif,Canon9000-1,150,1240,1754,0.7069555302166477,6374.0791015625,0.9773910641670227,0.09503060579299927,-5.217685222625732,28.880355834960938,-1725.2630237678704,0.03178541214551072
s4_56.tif,Canon9000-1,150,1240,1754,0.7069555302166477,6374.0791015625,0.9732837677001953,0.11002922058105469,-4.633651256561279,21.63418197631836,-1752.8852305482715,0.042626990841210875
s4_57.tif,Canon9000-1,150,1240,1754,0.7069555302166477,6374.0791015625,0.9613447785377502,0.1279473751783371,-3.741180419921875,13.585346221923828,-1610.125228079177,0.051979346746606835
s4_58.tif,Canon9000-1,150,1240,1754,0.7069555302166477,6374.0791015625,0.9642685651779175,0.12487639486789703,-3.90694260597229,14.869218826293945,-1653.2866318511037,0.07553932026336116
s4_59.tif,Canon9000-1,150,1240,1754,0.7069555302166477,6374.0791015625,0.9640429615974426,0.12319296598434448,-3.9153950214385986,15.162357330322266,-1638.6108471120879,0.06578649722293743
s4_6.tif,Canon9000-1,150,1240,1754,0.7069555302166477,6374.0791015625,0.9334568381309509,0.16988012194633484,-2.6932742595672607,6.226000785827637,-1434.2068194605897,0.05669805421708905
s4_60.tif,Canon9000-1,150,1240,1754,0.7069555302166477,6374.0791015625,0.9376174211502075,0.18028785288333893,-2.9041481018066406,7.077266693115234,-1578.358194993463,0.055312741383749586
s4_61.tif,Canon9000-1,150,1240,1754,0.7069555302166477,6374.0791015625,0.9824533462524414,0.09227591007947922,-5.755014896392822,33.30928039550781,-1839.6815360320247,0.01819297826166918
s4_62.tif,Canon9000-1,150,1240,1754,0.7069555302166477,6374.0791015625,0.9842767119407654,0.08780592679977417,-6.415548324584961,42.36711502075195,-1847.0503920668993,0.02648876301173355
s4_63.tif,Canon9000-1,150,1240,1754,0.7069555302166477,6374.0791015625,0.9653534889221191,0.12955622375011444,-4.008005142211914,15.440778732299805,-1731.5007833820714,0.04523807334387759
s4_64.tif,Canon9000-1,150,1240,1754,0.7069555302166477,6374.0791015625,0.9698194265365601,0.10993616282939911,-4.155357360839844,17.42985725402832,-1702.741517229252,0.03920301982565197
s4_65.tif,Canon9000-1,150,1240,1754,0.7069555302166477,6374.0791015625,0.9733675718307495,0.10331849753856659,-4.38275146484375,19.641935348510742,-1755.5908437946048,0.03258864530841946
s4_66.tif,Canon9000-1,150,1240,1754,0.7069555302166477,6374.0791015625,0.9522756934165955,0.14693686366081238,-3.1006276607513428,8.39003849029541,-1652.8259367318176,0.030807463125758636
s4_67.tif,Canon9000-1,150,1240,1754,0.7069555302166477,6374.0791015625,0.9413740038871765,0.17879575490951538,-2.963644027709961,7.2437639236450195,-1660.2358082068758,0.028615238900945306
s4_68.tif,Canon9000-1,150,1240,1754,0.7069555302166477,6374.0791015625,0.9848899245262146,0.09082852303981781,-6.666451454162598,44.99362564086914,-1876.9218299902977,0.019325412881156436
s4_69.tif,Canon9000-1,150,1240,1754,0.7069555302166477,6374.0791015625,0.9683912396430969,0.12429453432559967,-4.3078932762146,18.0176944732666,-1730.3852273651605,0.05459134880641483
s4_7.tif,Canon9000-1,150,1240,1754,0.7069555302166477,6374.0791015625,0.9506503343582153,0.15158650279045105,-3.2353010177612305,9.47846794128418,-1616.5225877717771,0.058232795085886635
s4_70.tif,Canon9000-1,150,1240,1754,0.7069555302166477,6374.0791015625,0.9445164799690247,0.1743653565645218,-3.1777257919311523,8.693411827087402,-1633.5860747202928,0.05104047890535918
s4_71.tif,Canon9000-1,150,1240,1754,0.7069555302166477,6374.0791015625,0.9632759690284729,0.13043616712093353,-3.988909959793091,15.35690689086914,-1654.5278214070854,0.0460546400853349
s4_72.tif,Canon9000-1,150,1240,1754,0.7069555302166477,6374.0791015625,0.9651775360107422,0.15292516350746155,-4.421782970428467,18.053869247436523,-1832.0823916606132,0.016572718578732482
s4_73.tif,Canon9000-1,150,1240,1754,0.7069555302166477,6374.0791015625,0.9635738730430603,0.1225423738360405,-3.9475107192993164,15.493209838867188,-1606.6564727732973,0.06122963180932063
s4_74.tif,Canon9000-1,150,1240,1754,0.7069555302166477,6374.0791015625,0.976576566696167,0.1069498062133789,-5.087915420532227,25.902509689331055,-1800.18592476037,0.041672950307132084
s4_75.tif,Canon9000-1,150,1240,1754,0.7069555302166477,6374.0791015625,0.9717461466789246,0.11800496280193329,-4.583538055419922,20.563875198364258,-1757.5102198982052,0.048104792731820355
s4_76.tif,Canon9000-1,150,1240,1754,0.7069555302166477,6374.0791015625,0.9745532274246216,0.10924053937196732,-4.826421737670898,23.308855056762695,-1755.76586747254,0.048265255452973846
s4_77.tif,Canon9000-1,150,1240,1754,0.7069555302166477,6374.0791015625,0.9781026840209961,0.10272157192230225,-5.305633544921875,28.384851455688477,-1766.8900251944567,0.03340337293559422
s4_78.tif,Canon9000-1,150,1240,1754,0.7069555302166477,6374.0791015625,0.9691644906997681,0.11785275489091873,-4.33856725692749,18.806034088134766,-1706.5173682068494,0.05288373119505646
s4_79.tif,Canon9000-1,150,1240,1754,0.7069555302166477,6374.0791015625,0.9770379662513733,0.09863721579313278,-5.168275356292725,28.008989334106445,-1754.806627818862,0.035657667267444
s4_8.tif,Canon9000-1,150,1240,1754,0.7069555302166477,6374.0791015625,0.9538519382476807,0.1364244967699051,-3.5588998794555664,12.350118637084961,-1511.0542627512402,0.054328355464008535
s4_80.tif,Canon9000-1,150,1240,1754,0.7069555302166477,6374.0791015625,0.9768977165222168,0.10027968138456345,-4.973702907562256,25.34679412841797,-1772.616134883349,0.04716914334056718
s4_81.tif,Canon9000-1,150,1240,1754,0.7069555302166477,6374.0791015625,0.9691648483276367,0.10557545721530914,-4.111419677734375,18.154619216918945,-1669.0933805632449,0.03242956192297789
s4_82.tif,Canon9000-1,150,1240,1754,0.7069555302166477,6374.0791015625,0.9778605103492737,0.10602448880672455,-5.295902729034424,27.957637786865234,-1806.1812954749648,0.0359036488027366
s4_83.tif,Canon9000-1,150,1240,1754,0.7069555302166477,6374.0791015625,0.9808337688446045,0.09863221645355225,-5.751871109008789,33.392276763916016,-1828.2666261322042,0.031958748666642146
s4_84.tif,Canon9000-1,150,1240,1754,0.7069555302166477,6374.0791015625,0.9773380756378174,0.10361627489328384,-5.175635814666748,27.069881439208984,-1789.4091885481607,0.04317504689741421
s4_85.tif,Canon9000-1,150,1240,1754,0.7069555302166477,6374.0791015625,0.9584508538246155,0.1390664428472519,-3.5612740516662598,11.972835540771484,-1676.5590495785766,0.04119570015080737
s4_86.tif,Canon9000-1,150,1240,1754,0.7069555302166477,6374.0791015625,0.9542061686515808,0.154615581035614,-3.422090768814087,10.409259796142578,-1708.5697992053888,0.033428660756979436
s4_87.tif,Canon9000-1,150,1240,1754,0.7069555302166477,6374.0791015625,0.9232772588729858,0.17578183114528656,-2.3412935733795166,4.4519429206848145,-1420.8309905405583,0.06808309118328613
s4_88.tif,Canon9000-1,150,1240,1754,0.7069555302166477,6374.0791015625,0.9637673497200012,0.12540386617183685,-3.851392984390259,14.634513854980469,-1660.8630190894603,0.0412039761650789
s4_89.tif,Canon9000-1,150,1240,1754,0.7069555302166477,6374.0791015625,0.9752364158630371,0.11036362498998642,-4.966658592224121,24.64076805114746,-1774.597775044019,0.03952256593224703
s4_9.tif,Canon9000-1,150,1240,1754,0.7069555302166477,6374.0791015625,0.9634074568748474,0.12362261116504669,-3.712491512298584,13.565963745117188,-1654.704332399248,0.04198651929230882
s4_90.tif,Canon9000-1,150,1240,1754,0.7069555302166477,6374.0791015625,0.9526606202125549,0.14309313893318176,-3.354515790939331,10.708776473999023,-1569.6143176728933,0.062013094493691835
s4_91.tif,Canon9000-1,150,1240,1754,0.7069555302166477,6374.0791015625,0.9884801506996155,0.07392071187496185,-7.40603494644165,57.2728157043457,-1889.9763524738114,0.022352135211682053
s4_92.tif,Canon9000-1,150,1240,1754,0.7069555302166477,6374.0791015625,0.9703465700149536,0.11582756787538528,-4.377128601074219,18.98867416381836,-1722.4336378628032,0.05938500018391143
s4_93.tif,Canon9000-1,150,1240,1754,0.7069555302166477,6374.0791015625,0.9404231905937195,0.16764695942401886,-2.88132381439209,7.117511749267578,-1578.8712926168935,0.05633390958914187
s4_94.tif,Canon9000-1,150,1240,1754,0.7069555302166477,6374.0791015625,0.9768085479736328,0.10497097671031952,-5.039292812347412,25.543106079101562,-1788.8423137763336,0.03555053886048479
s4_95.tif,Canon9000-1,150,1240,1754,0.7069555302166477,6374.0791015625,0.9663248062133789,0.13768233358860016,-4.265787124633789,17.111835479736328,-1778.699429705785,0.028943980578953175
s4_96.tif,Canon9000-1,150,1240,1754,0.7069555302166477,6374.0791015625,0.9623730778694153,0.13077808916568756,-3.8289010524749756,14.249906539916992,-1670.7750186876185,0.0561293081252069
s4_97.tif,Canon9000-1,150,1240,1754,0.7069555302166477,6374.0791015625,0.9763492345809937,0.10422307997941971,-4.991024494171143,25.13921546936035,-1767.4358860245236,0.047098337440688566
s4_98.tif,Canon9000-1,150,1240,1754,0.7069555302166477,6374.0791015625,0.9654672741889954,0.13291296362876892,-4.139128684997559,16.49991798400879,-1735.523468937738,0.03866278000514952
s4_99.tif,Canon9000-1,150,1240,1754,0.7069555302166477,6374.0791015625,0.9517487287521362,0.1591072678565979,-3.439161777496338,10.7349214553833,-1655.8550528734604,0.0499498841358002
s4_1.tif,Canon9000-1,300,2480,3508,0.7069555302166477,25495.0712890625,0.96298748254776,0.1345437914133072,-3.9643239974975586,15.018390655517578,-1657.1934679069432,0.039083132563357485
s4_10.tif,Canon9000-1,300,2480,3508,0.7069555302166477,25495.0712890625,0.9576069712638855,0.13779817521572113,-3.737764596939087,13.478923797607422,-1575.0623947612946,0.037203787655864934
s4_100.tif,Canon9000-1,300,2480,3508,0.7069555302166477,25495.0712890625,0.9551038146018982,0.14107176661491394,-3.5814154148101807,12.075108528137207,-1532.4956433299462,0.04007774855629529
s4_101.tif,Canon9000-1,300,2480,3508,0.7069555302166477,25495.0712890625,0.9583250880241394,0.13135984539985657,-3.4470396041870117,11.130322456359863,-1564.3866516534079,0.06639650844153455
s4_102.tif,Canon9000-1,300,2480,3508,0.7069555302166477,25495.0712890625,0.9190785884857178,0.19511708617210388,-2.407822847366333,4.499468803405762,-1429.0397908197117,0.04878480523779748
s4_103.tif,Canon9000-1,300,2480,3508,0.7069555302166477,25495.0712890625,0.9707643985748291,0.11720140278339386,-4.6604719161987305,21.790515899658203,-1677.9305163951722,0.024895400375179313
s4_104.tif,Canon9000-1,300,2480,3508,0.7069555302166477,25495.0712890625,0.9791115522384644,0.10719838738441467,-5.538307189941406,30.015533447265625,-1803.9163302706456,0.01795078989958436
s4_105.tif,Canon9000-1,300,2480,3508,0.7069555302166477,25495.0712890625,0.9520523548126221,0.1474907100200653,-3.2226979732513428,9.408647537231445,-1582.4746141746566,0.021991094089086696
s4_106.tif,Canon9000-1,300,2480,3508,0.7069555302166477,25495.0712890625,0.9870110154151917,0.0804474875330925,-7.124598503112793,51.956459045410156,-1847.490823055309,0.015566378232243352
s4_107.tif,Canon9000-1,300,2480,3508,0.7069555302166477,25495.0712890625,0.9793766140937805,0.09973590075969696,-5.477870941162109,30.18533706665039,-1773.2395510023498,0.024537002979365136
s4_108.tif,Canon9000-1,300,2480,3508,0.7069555302166477,25495.0712890625,0.9703485369682312,0.1250574141740799,-4.5547990798950195,19.971921920776367,-1736.779807245695,0.03154230422628462
s4_11.tif,Canon9000-1,300,2480,3508,0.7069555302166477,25495.0712890625,0.925751805305481,0.20172476768493652,-2.63590407371521,5.406216621398926,-1529.1507868404046,0.03619353919152536
s4_12.tif,Canon9000-1,300,2480,3508,0.7069555302166477,25495.0712890625,0.972175121307373,0.12167391180992126,-4.7171149253845215,21.51530647277832,-1762.3682487085232,0.02865811325265752
s4_13.tif,Canon9000-1,300,2480,3508,0.7069555302166477,25495.0712890625,0.9738036394119263,0.11921897530555725,-4.900599479675293,23.28179359436035,-1774.0545390483373,0.025758979475484608
s4_14.tif,Canon9000-1,300,2480,3508,0.7069555302166477,25495.0712890625,0.976631760597229,0.11191989481449127,-5.2059454917907715,26.581605911254883,-1795.5787394102636,0.023762735866406738
s4_15.tif,Canon9000-1,300,2480,3508,0.7069555302166477,25495.0712890625,0.9431806802749634,0.16207367181777954,-2.99057936668396,7.912636756896973,-1530.5416136335073,0.04252710394673925
s4_16.tif,Canon9000-1,300,2480,3508,0.7069555302166477,25495.0712890625,0.9636306166648865,0.12911821901798248,-4.021054267883301,15.731239318847656,-1598.009894645168,0.036661363887151945
s4_17.tif,Canon9000-1,300,2480,3508,0.7069555302166477,25495.0712890625,0.9320105910301208,0.2000652402639389,-2.8341879844665527,6.356597900390625,-1606.8299246131494,0.027053371096479935
s4_18.tif,Canon9000-1,300,2480,3508,0.7069555302166477,25495.0712890625,0.9061801433563232,0.20525260269641876,-2.124439001083374,3.1542677879333496,-1339.4976414432108,0.04201468072976055
s4_19.tif,Canon9000-1,300,2480,3508,0.7069555302166477,25495.0712890625,0.9349972605705261,0.1944267898797989,-2.9840269088745117,7.455014228820801,-1592.838709202245,0.02841730422628462
s4_2.tif,Canon9000-1,300,2480,3508,0.7069555302166477,25495.0712890625,0.9693349599838257,0.12816661596298218,-4.5015082359313965,19.437362670898438,-1725.8020836054418,0.030301821642696878
s4_20.tif,Canon9000-1,300,2480,3508,0.7069555302166477,25495.0712890625,0.9414225816726685,0.1707610934972763,-2.9803552627563477,7.669726371765137,-1577.0836774040863,0.041722836282046566
s4_21.tif,Canon9000-1,300,2480,3508,0.7069555302166477,25495.0712890625,0.9266474843025208,0.2039756029844284,-2.715967893600464,5.839940071105957,-1538.9372525751332,0.04033683378085114
s4_22.tif,Canon9000-1,300,2480,3508,0.7069555302166477,25495.0712890625,0.9722545742988586,0.12089743465185165,-4.739543914794922,21.87741470336914,-1759.469925565882,0.026200826681870012
s4_23.tif,Canon9000-1,300,2480,3508,0.7069555302166477,25495.0712890625,0.9773815274238586,0.10265137255191803,-5.1613688468933105,26.765960693359375,-1741.0139802861852,0.031461613087137234
s4_24.tif,Canon9000-1,300,2480,3508,0.7069555302166477,25495.0712890625,0.9678796529769897,0.11946142464876175,-4.186028957366943,17.121355056762695,-1642.7963847875853,0.04935516055467687
s4_25.tif,Canon9000-1,300,2480,3508,0.7069555302166477,25495.0712890625,0.9702710509300232,0.11438092589378357,-4.392924785614014,19.16485023498535,-1662.4346451270212,0.045387846213263694
s4_26.tif,Canon9000-1,300,2480,3508,0.7069555302166477,25495.0712890625,0.9684978127479553,0.12673844397068024,-4.253140926361084,17.206764221191406,-1733.0786485892777,0.020882682899915402
s4_27.tif,Canon9000-1,300,2480,3508,0.7069555302166477,25495.0712890625,0.9766148328781128,0.10343073308467865,-4.997098445892334,25.048128128051758,-1742.1015162187718,0.0334310745944753
s4_28.tif,Canon9000-1,300,2480,3508,0.7069555302166477,25495.0712890625,0.9722713232040405,0.11077457666397095,-4.440573692321777,19.446250915527344,-1715.492587684532,0.030170554860779047
s4_29.tif,Canon9000-1,300,2480,3508,0.7069555302166477,25495.0712890625,0.9609852433204651,0.1313793808221817,-3.7296946048736572,13.320100784301758,-1596.6681888682351,0.060703300290580055
s4_3.tif,Canon9000-1,300,2480,3508,0.7069555302166477,25495.0712890625,0.9670460820198059,0.13131064176559448,-4.307818412780762,17.723316192626953,-1710.7844482800397,0.03533777632692096
s4_30.tif,Canon9000-1,300,2480,3508,0.7069555302166477,25495.0712890625,0.9749593138694763,0.1037774533033371,-4.7001118659973145,22.113773345947266,-1707.0167610038702,0.03717160315592011
s4_31.tif,Canon9000-1,300,2480,3508,0.7069555302166477,25495.0712890625,0.9621055126190186,0.12678122520446777,-3.73579478263855,13.346687316894531,-1577.3531279029346,0.05677759590980984
s4_32.tif,Canon9000-1,300,2480,3508,0.7069555302166477,25495.0712890625,0.9661555886268616,0.12347252666950226,-4.187983512878418,17.384248733520508,-1648.7203003777613,0.03861450325523228
s4_33.tif,Canon9000-1,300,2480,3508,0.7069555302166477,25495.0712890625,0.9688102602958679,0.11862862855195999,-4.24891471862793,17.692508697509766,-1665.6369578094286,0.044108742229742155
s4_34.tif,Canon9000-1,300,2480,3508,0.7069555302166477,25495.0712890625,0.9733423590660095,0.1094578355550766,-4.609673023223877,21.03257942199707,-1717.303473503694,0.041245701070364515
s4_35.tif,Canon9000-1,300,2480,3508,0.7069555302166477,25495.0712890625,0.9549645185470581,0.13639433681964874,-3.303520917892456,10.117341041564941,-1531.8648887540394,0.07080210670541068
s4_36.tif,Canon9000-1,300,2480,3508,0.7069555302166477,25495.0712890625,0.9939563274383545,0.057413775473833084,-11.103522300720215,128.42462158203125,-1914.923104332379,0.00531733916945599
s4_37.tif,Canon9000-1,300,2480,3508,0.7069555302166477,25495.0712890625,0.9508752822875977,0.1558694988489151,-3.273860216140747,9.544354438781738,-1616.9444977844826,0.035035242027439586
s4_38.tif,Canon9000-1,300,2480,3508,0.7069555302166477,25495.0712890625,0.9563925862312317,0.14237059652805328,-3.5507960319519043,11.87486457824707,-1605.40006377309,0.039555325155405156
s4_39.tif,Canon9000-1,300,2480,3508,0.7069555302166477,25495.0712890625,0.9636154770851135,0.13756676018238068,-4.022378444671631,15.143564224243164,-1686.8554698687244,0.03751873597675359
s4_4.tif,Canon9000-1,300,2480,3508,0.7069555302166477,25495.0712890625,0.9443290829658508,0.1605427861213684,-2.8506102561950684,6.753416061401367,-1564.9115562757474,0.03618526317725383
s4_40.tif,Canon9000-1,300,2480,3508,0.7069555302166477,25495.0712890625,0.9810730814933777,0.09773731976747513,-5.765755653381348,33.3525276184082,-1801.172127519933,0.022721337403906278
s4_41.tif,Canon9000-1,300,2480,3508,0.7069555302166477,25495.0712890625,0.9756620526313782,0.10846304148435593,-4.968425273895264,24.476449966430664,-1755.5217381148293,0.03253519604958252
s4_42.tif,Canon9000-1,300,1240,1754,0.7069555302166477,6374.0791015625,0.8856935501098633,0.24537259340286255,-1.8914786577224731,1.8537402153015137,-1401.8366911777625,0.06012892191120756
s4_43.tif,Canon9000-1,300,2480,3508,0.7069555302166477,25495.0712890625,0.9736389517784119,0.11908208578824997,-4.8771138191223145,23.089468002319336,-1772.4490540617155,0.026257839224629417
s4_44.tif,Canon9000-1,300,2480,3508,0.7069555302166477,25495.0712890625,0.931607723236084,0.19842882454395294,-2.803964376449585,6.22194766998291,-1574.6328704201437,0.03419131846102917
s4_45.tif,Canon9000-1,300,2480,3508,0.7069555302166477,25495.0712890625,0.9763213992118835,0.11302562057971954,-5.1860880851745605,26.2933292388916,-1781.3509544824503,0.023556640122117188
s4_46.tif,Canon9000-1,300,2480,3508,0.7069555302166477,25495.0712890625,0.9252309203147888,0.19518829882144928,-2.5488474369049072,4.996983528137207,-1505.139980332777,0.04374505738036562
s4_47.tif,Canon9000-1,300,2480,3508,0.7069555302166477,25495.0712890625,0.964307963848114,0.13089562952518463,-4.169995307922363,17.121919631958008,-1663.618038956513,0.029416632949571486
s4_48.tif,Canon9000-1,300,2480,3508,0.7069555302166477,25495.0712890625,0.9306772947311401,0.18383298814296722,-2.8099491596221924,6.7752180099487305,-1473.4205661877504,0.02767924467576415
s4_49.tif,Canon9000-1,300,2480,3508,0.7069555302166477,25495.0712890625,0.9668601751327515,0.12209509313106537,-4.054572105407715,15.932271957397461,-1663.8093127561403,0.04468220105197337
s4_5.tif,Canon9000-1,300,2480,3508,0.7069555302166477,25495.0712890625,0.9284690618515015,0.18046341836452484,-2.5992109775543213,5.598299980163574,-1452.162262715837,0.05064081638283003
s4_50.tif,Canon9000-1,300,2480,3508,0.7069555302166477,25495.0712890625,0.9245337247848511,0.21440544724464417,-2.7476603984832764,5.912659645080566,-1601.9546986460043,0.025349891492257328
s4_51.tif,Canon9000-1,300,2480,3508,0.7069555302166477,25495.0712890625,0.9623551368713379,0.1356949359178543,-3.6728622913360596,12.335192680358887,-1704.9635489016575,0.021916839849928274
s4_52.tif,Canon9000-1,300,2480,3508,0.7069555302166477,25495.0712890625,0.9526979923248291,0.16547729074954987,-3.5383219718933105,11.182887077331543,-1681.1246387303747,0.020720151175194025
s4_53.tif,Canon9000-1,300,2480,3508,0.7069555302166477,25495.0712890625,0.9533683061599731,0.16503383219242096,-3.526430130004883,10.946063041687012,-1702.5762586014177,0.02031623570088645
s4_54.tif,Canon9000-1,300,2480,3508,0.7069555302166477,25495.0712890625,0.9316298365592957,0.19021755456924438,-2.7491233348846436,6.141797065734863,-1556.8297336868764,0.028970992569978298
s4_55.tif,Canon9000-1,300,2480,3508,0.7069555302166477,25495.0712890625,0.9762393236160278,0.10223042964935303,-5.250886917114258,28.51712989807129,-1700.6486057424856,0.0192344916688123
s4_56.tif,Canon9000-1,300,2480,3508,0.7069555302166477,25495.0712890625,0.971847414970398,0.11810047179460526,-4.61971378326416,20.997575759887695,-1740.0926129795596,0.025791508809357412
s4_57.tif,Canon9000-1,300,2480,3508,0.7069555302166477,25495.0712890625,0.9589813947677612,0.13692733645439148,-3.710061550140381,13.033384323120117,-1569.2747100603754,0.031790124875859783
s4_58.tif,Canon9000-1,300,2480,3508,0.7069555302166477,25495.0712890625,0.9615217447280884,0.13883911073207855,-3.8820993900299072,14.125391006469727,-1652.9480322068753,0.04436828723286865
s4_59.tif,Canon9000-1,300,2480,3508,0.7069555302166477,25495.0712890625,0.9617977738380432,0.13457417488098145,-3.8629150390625,14.161567687988281,-1636.9350234492024,0.042827454298010076
s4_6.tif,Canon9000-1,300,2480,3508,0.7069555302166477,25495.0712890625,0.9316273927688599,0.17606841027736664,-2.6943094730377197,6.139068603515625,-1411.1425238638346,0.03627790855923787
s4_60.tif,Canon9000-1,300,2480,3508,0.7069555302166477,25495.0712890625,0.9358102083206177,0.18631276488304138,-2.8537850379943848,6.654613494873047,-1566.9324111320668,0.035033747747085
s4_61.tif,Canon9000-1,300,2480,3508,0.7069555302166477,25495.0712890625,0.9816817045211792,0.09678743779659271,-5.7360029220581055,32.73390579223633,-1818.5930662547455,0.011389749696546143
s4_62.tif,Canon9000-1,300,2480,3508,0.7069555302166477,25495.0712890625,0.9832121133804321,0.09495475888252258,-6.296767711639404,39.75205612182617,-1831.3551839371642,0.01709111891712951
s4_63.tif,Canon9000-1,300,2480,3508,0.7069555302166477,25495.0712890625,0.9641725420951843,0.13559739291667938,-4.003056526184082,15.172040939331055,-1720.6355508700842,0.030064575900246443
s4_64.tif,Canon9000-1,300,2480,3508,0.7069555302166477,25495.0712890625,0.9686980247497559,0.11594509333372116,-4.204322814941406,17.63421630859375,-1684.0583077931421,0.02737602070842682
s4_65.tif,Canon9000-1,300,2480,3508,0.7069555302166477,25495.0712890625,0.9722444415092468,0.10988065600395203,-4.457498073577881,20.0395450592041,-1739.7585303903916,0.023553076838194725
s4_66.tif,Canon9000-1,300,2480,3508,0.7069555302166477,25495.0712890625,0.9511981010437012,0.15135407447814941,-3.116877555847168,8.455857276916504,-1631.4862814902729,0.01925874498841358
s4_67.tif,Canon9000-1,300,2480,3508,0.7069555302166477,25495.0712890625,0.940236508846283,0.18263019621372223,-2.9541451930999756,7.153667449951172,-1645.6501037764851,0.02172764096810976
s4_68.tif,Canon9000-1,300,2480,3508,0.7069555302166477,25495.0712890625,0.9839767217636108,0.09572215378284454,-6.543276786804199,42.704566955566406,-1840.0493306445753,0.011161239746937874
s4_69.tif,Canon9000-1,300,2480,3508,0.7069555302166477,25495.0712890625,0.9664808511734009,0.13421103358268738,-4.2490363121032715,17.012704849243164,-1722.3037367675245,0.03116884908228197
s4_7.tif,Canon9000-1,300,2480,3508,0.7069555302166477,25495.0712890625,0.9488476514816284,0.15892091393470764,-3.2233901023864746,9.243302345275879,-1601.8956388328797,0.03856415750174716
s4_70.tif,Canon9000-1,300,2480,3508,0.7069555302166477,25495.0712890625,0.9427603483200073,0.18052400648593903,-3.128795862197876,8.251338005065918,-1618.9033516888367,0.030804934343620114
s4_71.tif,Canon9000-1,300,2480,3508,0.7069555302166477,25495.0712890625,0.9616733193397522,0.13815423846244812,-3.948209285736084,14.696651458740234,-1641.1733729811929,0.027546943392062383
s4_72.tif,Canon9000-1,300,2480,3508,0.7069555302166477,25495.0712890625,0.9644913077354431,0.15552257001399994,-4.369202613830566,17.493446350097656,-1812.4805628025338,0.009246836723433995
s4_73.tif,Canon9000-1,300,2480,3508,0.7069555302166477,25495.0712890625,0.9614747762680054,0.13308334350585938,-3.9333128929138184,14.889097213745117,-1594.6673022478676,0.03625101151285541
s4_74.tif,Canon9000-1,300,2480,3508,0.7069555302166477,25495.0712890625,0.9750722050666809,0.11579382419586182,-4.995702266693115,24.254533767700195,-1794.054077608918,0.024410678817081692
s4_75.tif,Canon9000-1,300,2480,3508,0.7069555302166477,25495.0712890625,0.9699272513389587,0.12792015075683594,-4.5171122550964355,19.41355323791504,-1751.0575324195945,0.02760522032589105
s4_76.tif,Canon9000-1,300,2480,3508,0.7069555302166477,25495.0712890625,0.9727908968925476,0.11933297663927078,-4.761584281921387,21.974348068237305,-1741.7198174823677,0.028637768050906683
s4_77.tif,Canon9000-1,300,2480,3508,0.7069555302166477,25495.0712890625,0.9769022464752197,0.10898612439632416,-5.220190525054932,26.89764976501465,-1752.5539798041543,0.019711167101923714
s4_78.tif,Canon9000-1,300,2480,3508,0.7069555302166477,25495.0712890625,0.9676642417907715,0.12752385437488556,-4.326004981994629,18.114675521850586,-1716.793952041863,0.030724473093758045
s4_79.tif,Canon9000-1,300,2480,3508,0.7069555302166477,25495.0712890625,0.9756650924682617,0.10728612542152405,-5.163471221923828,27.09995460510254,-1739.220035301564,0.021036823665722588
s4_8.tif,Canon9000-1,300,2480,3508,0.7069555302166477,25495.0712890625,0.9521085023880005,0.1442333459854126,-3.548922538757324,12.016820907592773,-1502.0146324210295,0.03360096277632692
s4_80.tif,Canon9000-1,300,2480,3508,0.7069555302166477,25495.0712890625,0.9756200313568115,0.10943223536014557,-4.966233253479004,24.50326919555664,-1778.48160926945,0.0284648913083459
s4_81.tif,Canon9000-1,300,2480,3508,0.7069555302166477,25495.0712890625,0.9681140184402466,0.11119984835386276,-4.1800336837768555,18.421321868896484,-1644.2736150380365,0.020946017398021113
s4_82.tif,Canon9000-1,300,2480,3508,0.7069555302166477,25495.0712890625,0.9764480590820312,0.114369697868824,-5.218418121337891,26.487943649291992,-1790.8594519472415,0.02065003494317137
s4_83.tif,Canon9000-1,300,2480,3508,0.7069555302166477,25495.0712890625,0.9797828197479248,0.10621501505374908,-5.676139831542969,31.711387634277344,-1828.4041947764047,0.01838711976312208
s4_84.tif,Canon9000-1,300,2480,3508,0.7069555302166477,25495.0712890625,0.975805401802063,0.11300276964902878,-5.093041896820068,25.41012954711914,-1782.0718349459517,0.02586001581638283
s4_85.tif,Canon9000-1,300,2480,3508,0.7069555302166477,25495.0712890625,0.9571549892425537,0.1448020339012146,-3.5570857524871826,11.77401065826416,-1661.8788991737551,0.026869229778938464
s4_86.tif,Canon9000-1,300,2480,3508,0.7069555302166477,25495.0712890625,0.9530297517776489,0.1591624766588211,-3.4024152755737305,10.19104290008545,-1695.1323681830297,0.020085656747710304
s4_87.tif,Canon9000-1,300,2480,3508,0.7069555302166477,25495.0712890625,0.9210233092308044,0.18350981175899506,-2.3474926948547363,4.365524768829346,-1408.1128749343645,0.041397083164747855
s4_88.tif,Canon9000-1,300,2480,3508,0.7069555302166477,25495.0712890625,0.9623253345489502,0.13182705640792847,-3.8560683727264404,14.425945281982422,-1633.2772748504474,0.02503436844815537
s4_89.tif,Canon9000-1,300,2480,3508,0.7069555302166477,25495.0712890625,0.9737676978111267,0.11862286180257797,-4.8953166007995605,23.328075408935547,-1764.3330544694288,0.023345486813550594
s4_9.tif,Canon9000-1,300,2480,3508,0.7069555302166477,25495.0712890625,0.9619628190994263,0.13051237165927887,-3.747838020324707,13.618896484375,-1630.1763052765507,0.02584725696104756
s4_90.tif,Canon9000-1,300,2480,3508,0.7069555302166477,25495.0712890625,0.9507017135620117,0.15155379474163055,-3.3177127838134766,10.130722999572754,-1561.980335735027,0.041685134439254055
s4_91.tif,Canon9000-1,300,2480,3508,0.7069555302166477,25495.0712890625,0.98758864402771,0.08109435439109802,-7.3043365478515625,54.20130920410156,-1874.1361211592694,0.013480132967962629
s4_92.tif,Canon9000-1,300,2480,3508,0.7069555302166477,25495.0712890625,0.9685452580451965,0.12697048485279083,-4.345787525177002,18.083099365234375,-1733.58393361678,0.03531271839482105
s4_93.tif,Canon9000-1,300,2480,3508,0.7069555302166477,25495.0712890625,0.9384865760803223,0.17481771111488342,-2.861628293991089,6.870508193969727,-1569.6987533678891,0.0347347767315261
s4_94.tif,Canon9000-1,300,2480,3508,0.7069555302166477,25495.0712890625,0.9755639433860779,0.11197851598262787,-5.015246391296387,24.814847946166992,-1766.666623760192,0.02245650494721742
s4_95.tif,Canon9000-1,300,2480,3508,0.7069555302166477,25495.0712890625,0.965182363986969,0.14285501837730408,-4.207205772399902,16.40282440185547,-1767.3255699152253,0.01719721282230478
s4_96.tif,Canon9000-1,300,2480,3508,0.7069555302166477,25495.0712890625,0.9605023264884949,0.139966681599617,-3.8002700805664062,13.626667022705078,-1664.587401737128,0.03414614521646375
s4_97.tif,Canon9000-1,300,2480,3508,0.7069555302166477,25495.0712890625,0.974603533744812,0.11474665254354477,-4.933724880218506,23.77912139892578,-1757.1513068656284,0.0282730486997462
s4_98.tif,Canon9000-1,300,2480,3508,0.7069555302166477,25495.0712890625,0.964042067527771,0.13951845467090607,-4.08424186706543,15.720369338989258,-1722.18382435596,0.023070884062235626
s4_99.tif,Canon9000-1,300,2480,3508,0.7069555302166477,25495.0712890625,0.9499531984329224,0.16605068743228912,-3.3774008750915527,10.0916748046875,-1647.0905469971674,0.030022621105675506
s5_1.tif,Canon9000-2,150,1240,1754,0.7069555302166477,6374.0791015625,0.9651303887367249,0.12316316366195679,-3.9820523262023926,15.679830551147461,-1649.6415990649093,0.06541177768786552
s5_10.tif,Canon9000-2,150,1240,1754,0.7069555302166477,6374.0791015625,0.9592556953430176,0.12926389276981354,-3.749469757080078,13.992059707641602,-1580.6950501628392,0.060929396402692466
s5_100.tif,Canon9000-2,150,1240,1754,0.7069555302166477,6374.0791015625,0.9573737382888794,0.1300651878118515,-3.590749740600586,12.532073020935059,-1529.2874065041358,0.06524717695957627
s5_101.tif,Canon9000-2,150,1240,1754,0.7069555302166477,6374.0791015625,0.9614661335945129,0.11429152637720108,-3.312704563140869,10.52969741821289,-1551.8036166668453,0.10571964541876633
s5_102.tif,Canon9000-2,150,1240,1754,0.7069555302166477,6374.0791015625,0.9212636947631836,0.18815875053405762,-2.426421880722046,4.702826499938965,-1434.0661190291933,0.07370572332364733
s5_103.tif,Canon9000-2,150,1240,1754,0.7069555302166477,6374.0791015625,0.9725216627120972,0.10917899012565613,-4.738280773162842,23.173484802246094,-1705.5948328204013,0.042354801927391765
s5_104.tif,Canon9000-2,150,1240,1754,0.7069555302166477,6374.0791015625,0.9803485870361328,0.0999331995844841,-5.626830577850342,31.674598693847656,-1819.4507015218867,0.031808860852613384
s5_105.tif,Canon9000-2,150,1240,1754,0.7069555302166477,6374.0791015625,0.9534949660301208,0.14110571146011353,-3.196585178375244,9.317543029785156,-1585.860931469402,0.03768391142825615
s5_106.tif,Canon9000-2,150,1240,1754,0.7069555302166477,6374.0791015625,0.9879400134086609,0.07321856170892715,-7.171267986297607,53.83829879760742,-1860.3146846942373,0.02674164122558576
s5_107.tif,Canon9000-2,150,1240,1754,0.7069555302166477,6374.0791015625,0.9807981252670288,0.09002330899238586,-5.479794979095459,31.146610260009766,-1776.9843061904473,0.041984680178026264
s5_108.tif,Canon9000-2,150,1240,1754,0.7069555302166477,6374.0791015625,0.9720684289932251,0.11480531841516495,-4.622288227081299,21.315204620361328,-1740.698315598252,0.05308833265899143
s5_11.tif,Canon9000-2,150,1240,1754,0.7069555302166477,6374.0791015625,0.9275519847869873,0.19571608304977417,-2.6765284538269043,5.741503715515137,-1530.6444980255155,0.05905028138448523
s5_12.tif,Canon9000-2,150,1240,1754,0.7069555302166477,6374.0791015625,0.973819375038147,0.11184895038604736,-4.792555809020996,22.944852828979492,-1760.7458834375457,0.048550777945341524
s5_13.tif,Canon9000-2,150,1240,1754,0.7069555302166477,6374.0791015625,0.9753153920173645,0.10996438562870026,-4.9794135093688965,24.767934799194336,-1772.5173335290642,0.04400678633170265
s5_14.tif,Canon9000-2,150,1240,1754,0.7069555302166477,6374.0791015625,0.9782529473304749,0.10267259180545807,-5.311277389526367,28.52202796936035,-1811.7065207860996,0.040089932688417255
s5_15.tif,Canon9000-2,150,1240,1754,0.7069555302166477,6374.0791015625,0.9449462294578552,0.15447144210338593,-2.9901108741760254,8.093984603881836,-1532.9387257048338,0.06665961672858352
s5_16.tif,Canon9000-2,150,1240,1754,0.7069555302166477,6374.0791015625,0.9652605056762695,0.12034821510314941,-4.018091678619385,16.13149070739746,-1603.411272950227,0.05839003935704565
s5_17.tif,Canon9000-2,150,1240,1754,0.7069555302166477,6374.0791015625,0.9337796568870544,0.19397981464862823,-2.879375457763672,6.71406364440918,-1600.706856833474,0.046097399492404455
s5_18.tif,Canon9000-2,150,1240,1754,0.7069555302166477,6374.0791015625,0.9082196354866028,0.199186310172081,-2.1283981800079346,3.2367711067199707,-1347.6716957706685,0.06390094530474123
s5_19.tif,Canon9000-2,150,1240,1754,0.7069555302166477,6374.0791015625,0.9366573095321655,0.18896716833114624,-3.0363924503326416,7.901897430419922,-1600.4017808263934,0.04729512266892265
s5_2.tif,Canon9000-2,150,1240,1754,0.7069555302166477,6374.0791015625,0.9708874821662903,0.11913639307022095,-4.579117774963379,20.795698165893555,-1731.7330379382709,0.050955879648361346
s5_20.tif,Canon9000-2,150,1240,1754,0.7069555302166477,6374.0791015625,0.9438016414642334,0.16100360453128815,-3.0104758739471436,8.099407196044922,-1570.8349680520923,0.06913046676720491
s5_21.tif,Canon9000-2,150,1240,1754,0.7069555302166477,6374.0791015625,0.9287478923797607,0.19650378823280334,-2.775569438934326,6.322090148925781,-1509.7131117671556,0.06574235848015596
s5_22.tif,Canon9000-2,150,1240,1754,0.7069555302166477,6374.0791015625,0.9737175703048706,0.11262951791286469,-4.823784351348877,23.337087631225586,-1763.583780131164,0.04459208445212785
s5_23.tif,Canon9000-2,150,1240,1754,0.7069555302166477,6374.0791015625,0.9790291786193848,0.09147683531045914,-5.129752159118652,27.423938751220703,-1748.7307722399562,0.051275885533527056
s5_24.tif,Canon9000-2,150,1240,1754,0.7069555302166477,6374.0791015625,0.9704278707504272,0.10449722409248352,-4.115967273712158,17.237886428833008,-1644.4644164859715,0.08065205796888218
s5_25.tif,Canon9000-2,150,1240,1754,0.7069555302166477,6374.0791015625,0.9723972082138062,0.1013692170381546,-4.33677864074707,19.389259338378906,-1662.326820985647,0.07532506344944274
s5_26.tif,Canon9000-2,150,1240,1754,0.7069555302166477,6374.0791015625,0.9695758819580078,0.121442049741745,-4.279586315155029,17.638275146484375,-1740.874496249306,0.033939934527531544
s5_27.tif,Canon9000-2,150,1240,1754,0.7069555302166477,6374.0791015625,0.9783341884613037,0.09165463596582413,-4.952192783355713,25.546403884887695,-1741.9842516449526,0.0541458233714643
s5_28.tif,Canon9000-2,150,1240,1754,0.7069555302166477,6374.0791015625,0.9734948873519897,0.1035887598991394,-4.374770164489746,19.080429077148438,-1727.6654966214294,0.04711764814065546
s5_29.tif,Canon9000-2,150,1240,1754,0.7069555302166477,6374.0791015625,0.9654162526130676,0.11008351296186447,-3.6223907470703125,12.939139366149902,-1594.805918727298,0.09629556405635047
s5_3.tif,Canon9000-2,150,1240,1754,0.7069555302166477,6374.0791015625,0.9694153070449829,0.11979594081640244,-4.41188907623291,19.298643112182617,-1720.0843547773657,0.05872981572074889
s5_30.tif,Canon9000-2,150,1240,1754,0.7069555302166477,6374.0791015625,0.976779580116272,0.0914982408285141,-4.567376613616943,21.480302810668945,-1713.9267910600774,0.0588893588847611
s5_31.tif,Canon9000-2,150,1240,1754,0.7069555302166477,6374.0791015625,0.9650217890739441,0.11051052808761597,-3.6124184131622314,12.903053283691406,-1579.9421193060798,0.09063706918747931
s5_32.tif,Canon9000-2,150,1240,1754,0.7069555302166477,6374.0791015625,0.9679040312767029,0.1144697293639183,-4.247737407684326,18.503870010375977,-1650.0551113913357,0.0645188877036819
s5_33.tif,Canon9000-2,150,1240,1754,0.7069555302166477,6374.0791015625,0.9711925983428955,0.10460256040096283,-4.201312065124512,18.0422306060791,-1666.9032506653805,0.07126843712068268
s5_34.tif,Canon9000-2,150,1240,1754,0.7069555302166477,6374.0791015625,0.9754750728607178,0.09521263092756271,-4.501813888549805,20.80936050415039,-1713.6353276281861,0.06589730385846176
s5_35.tif,Canon9000-2,150,1240,1754,0.7069555302166477,6374.0791015625,0.9583391547203064,0.119182288646698,-3.1989316940307617,9.801506996154785,-1522.3920136029853,0.11136618604480082
s5_36.tif,Canon9000-2,150,1240,1754,0.7069555302166477,6374.0791015625,0.9952249526977539,0.04752625152468681,-11.894538879394531,150.76956176757812,-1941.9265761368292,0.008329808364291758
s5_37.tif,Canon9000-2,150,1240,1754,0.7069555302166477,6374.0791015625,0.9527108669281006,0.14836587011814117,-3.315589427947998,10.057390213012695,-1618.5195744615603,0.0557899915400743
s5_38.tif,Canon9000-2,150,1240,1754,0.7069555302166477,6374.0791015625,0.9581285119056702,0.13229000568389893,-3.5196447372436523,12.01095962524414,-1589.3710841413401,0.06566373634457645
s5_39.tif,Canon9000-2,150,1240,1754,0.7069555302166477,6374.0791015625,0.9661760330200195,0.12550751864910126,-4.088545322418213,16.19793128967285,-1696.2289666429879,0.06415612241144665
s5_4.tif,Canon9000-2,150,1240,1754,0.7069555302166477,6374.0791015625,0.946415364742279,0.15229204297065735,-2.8286240100860596,6.683510780334473,-1583.269514968522,0.0600530584470519
s5_40.tif,Canon9000-2,150,1240,1754,0.7069555302166477,6374.0791015625,0.9824594259262085,0.08807972818613052,-5.819970607757568,35.163719177246094,-1811.5718414328073,0.037131717364917056
s5_41.tif,Canon9000-2,150,1240,1754,0.7069555302166477,6374.0791015625,0.977776050567627,0.09596004337072372,-4.981210231781006,25.51276969909668,-1768.204621273682,0.052444182881524255
s5_42.tif,Canon9000-2,150,1240,1754,0.7069555302166477,6374.0791015625,0.8859514594078064,0.24460682272911072,-1.8920543193817139,1.858506202697754,-1390.182080106598,0.060155129289734065
s5_43.tif,Canon9000-2,150,1240,1754,0.7069555302166477,6374.0791015625,0.975227952003479,0.10965556651353836,-4.965163230895996,24.69814682006836,-1773.7611558143237,0.04416127193143782
s5_44.tif,Canon9000-2,150,1240,1754,0.7069555302166477,6374.0791015625,0.9336517453193665,0.19183194637298584,-2.8594326972961426,6.651782989501953,-1578.3778853744395,0.05643735976753596
s5_45.tif,Canon9000-2,150,1240,1754,0.7069555302166477,6374.0791015625,0.9777478575706482,0.10420969873666763,-5.269670009613037,27.931299209594727,-1787.5605584496107,0.039190605804244674
s5_46.tif,Canon9000-2,150,1240,1754,0.7069555302166477,6374.0791015625,0.9279609322547913,0.18716904520988464,-2.5961785316467285,5.369378089904785,-1516.7548082014425,0.06832401515430168
s5_47.tif,Canon9000-2,150,1240,1754,0.7069555302166477,6374.0791015625,0.965870201587677,0.12249965965747833,-4.210475444793701,18.04676628112793,-1667.809776200604,0.049639993379188584
s5_48.tif,Canon9000-2,150,1240,1754,0.7069555302166477,6374.0791015625,0.9321195483207703,0.1786336898803711,-2.8354008197784424,7.0474138259887695,-1484.050340108217,0.04526703939382793
s5_49.tif,Canon9000-2,150,1240,1754,0.7069555302166477,6374.0791015625,0.9692167043685913,0.10874336957931519,-4.01010799407959,16.178905487060547,-1659.2993997228432,0.06847344318975981
s5_5.tif,Canon9000-2,150,1240,1754,0.7069555302166477,6374.0791015625,0.9305410981178284,0.17219144105911255,-2.610865831375122,5.841080665588379,-1447.9410848455213,0.07848144333688896
s5_50.tif,Canon9000-2,150,1240,1754,0.7069555302166477,6374.0791015625,0.9261057376861572,0.20971304178237915,-2.7925806045532227,6.238425254821777,-1602.8320094819533,0.040553389487622764
s5_51.tif,Canon9000-2,150,1240,1754,0.7069555302166477,6374.0791015625,0.9635416269302368,0.1298014521598816,-3.6511991024017334,12.232487678527832,-1711.9195709557262,0.03555283775333799
s5_52.tif,Canon9000-2,150,1240,1754,0.7069555302166477,6374.0791015625,0.9538363218307495,0.16061821579933167,-3.585223913192749,11.681639671325684,-1673.136385649451,0.035437433332107256
s5_53.tif,Canon9000-2,150,1240,1754,0.7069555302166477,6374.0791015625,0.9548027515411377,0.15947392582893372,-3.5703933238983154,11.387271881103516,-1711.6123971340708,0.03364981424945746
s5_54.tif,Canon9000-2,150,1240,1754,0.7069555302166477,6374.0791015625,0.9332903027534485,0.18449650704860687,-2.771507501602173,6.358649253845215,-1557.381375105899,0.04952872696509361
s5_55.tif,Canon9000-2,150,1240,1754,0.7069555302166477,6374.0791015625,0.9773803949356079,0.0950513631105423,-5.219930171966553,28.867279052734375,-1717.7024947997002,0.03179552727406481
s5_56.tif,Canon9000-2,150,1240,1754,0.7069555302166477,6374.0791015625,0.9735743403434753,0.1092984601855278,-4.6488728523254395,21.783666610717773,-1758.278359631773,0.04256492073417442
s5_57.tif,Canon9000-2,150,1240,1754,0.7069555302166477,6374.0791015625,0.9609240293502808,0.1282006949186325,-3.7240793704986572,13.461971282958984,-1584.8824264578009,0.05233429580314121
s5_58.tif,Canon9000-2,150,1240,1754,0.7069555302166477,6374.0791015625,0.9642180800437927,0.12503622472286224,-3.9124419689178467,14.919925689697266,-1647.8589919511014,0.07559357413469674
s5_59.tif,Canon9000-2,150,1240,1754,0.7069555302166477,6374.0791015625,0.9640594720840454,0.12317086011171341,-3.915168285369873,15.157356262207031,-1635.685099737436,0.06579247434435576
s5_6.tif,Canon9000-2,150,1240,1754,0.7069555302166477,6374.0791015625,0.9331655502319336,0.17064736783504486,-2.6973156929016113,6.250947952270508,-1428.0893012468464,0.056809320631184025
s5_60.tif,Canon9000-2,150,1240,1754,0.7069555302166477,6374.0791015625,0.9376359581947327,0.1802079826593399,-2.9039299488067627,7.073548316955566,-1572.4022799129489,0.055144002648324565
s5_61.tif,Canon9000-2,150,1240,1754,0.7069555302166477,6374.0791015625,0.9821776151657104,0.09288646280765533,-5.7405290603637695,33.128082275390625,-1815.608269541925,0.01869045867510207
s5_62.tif,Canon9000-2,150,1240,1754,0.7069555302166477,6374.0791015625,0.9842662811279297,0.08784958720207214,-6.426088809967041,42.52387619018555,-1843.834586802424,0.02648002721889138
s5_63.tif,Canon9000-2,150,1240,1754,0.7069555302166477,6374.0791015625,0.9659493565559387,0.1279277503490448,-4.0296220779418945,15.610794067382812,-1727.9128415667635,0.04455668150218855
s5_64.tif,Canon9000-2,150,1240,1754,0.7069555302166477,6374.0791015625,0.9698465466499329,0.10986281931400299,-4.161931991577148,17.503833770751953,-1698.3715783493585,0.038999337918858276
s5_65.tif,Canon9000-2,150,1240,1754,0.7069555302166477,6374.0791015625,0.9733943343162537,0.1032409742474556,-4.390374660491943,19.723237991333008,-1751.8004337146388,0.032784051200941626
s5_66.tif,Canon9000-2,150,1240,1754,0.7069555302166477,6374.0791015625,0.9525823593139648,0.14635030925273895,-3.1073429584503174,8.42597770690918,-1649.2803440102157,0.030496193033435096
s5_67.tif,Canon9000-2,150,1240,1754,0.7069555302166477,6374.0791015625,0.9414675235748291,0.1783800721168518,-2.961967706680298,7.232661247253418,-1654.176675917076,0.029015246257402434
s5_68.tif,Canon9000-2,150,1240,1754,0.7069555302166477,6374.0791015625,0.9847350120544434,0.09105943888425827,-6.656015872955322,44.856956481933594,-1857.0665505959064,0.01933139000257476
s5_69.tif,Canon9000-2,150,1240,1754,0.7069555302166477,6374.0791015625,0.968265175819397,0.12478314340114594,-4.314831733703613,18.09288215637207,-1722.9588427651456,0.05464376356346783
s5_7.tif,Canon9000-2,150,1240,1754,0.7069555302166477,6374.0791015625,0.9503227472305298,0.15239913761615753,-3.2320547103881836,9.457426071166992,-1605.890197662481,0.05838222312134476
s5_70.tif,Canon9000-2,150,1240,1754,0.7069555302166477,6374.0791015625,0.9445098638534546,0.17453980445861816,-3.182199478149414,8.722402572631836,-1628.8733580567025,0.05100553573399051
s5_71.tif,Canon9000-2,150,1240,1754,0.7069555302166477,6374.0791015625,0.9626920819282532,0.13182292878627777,-3.972517490386963,15.235679626464844,-1646.942551951708,0.04635441571339243
s5_72.tif,Canon9000-2,150,1240,1754,0.7069555302166477,6374.0791015625,0.9648477435112,0.1542159616947174,-4.41322660446167,17.96068000793457,-1823.8020443060539,0.016535016735939972
s5_73.tif,Canon9000-2,150,1240,1754,0.7069555302166477,6374.0791015625,0.9634374380111694,0.12322084605693817,-3.955920934677124,15.571123123168945,-1605.3481052404975,0.06118135505940339
s5_74.tif,Canon9000-2,150,1240,1754,0.7069555302166477,6374.0791015625,0.9762454032897949,0.1080089658498764,-5.0749335289001465,25.763599395751953,-1790.7203195005923,0.04170605436421819
s5_75.tif,Canon9000-2,150,1240,1754,0.7069555302166477,6374.0791015625,0.9712582230567932,0.11920150369405746,-4.576253890991211,20.50739860534668,-1734.793188947049,0.048283186817228825
s5_76.tif,Canon9000-2,150,1240,1754,0.7069555302166477,6374.0791015625,0.9745004773139954,0.10971418768167496,-4.842371940612793,23.458642959594727,-1752.2163521013738,0.04800272188913819
s5_77.tif,Canon9000-2,150,1240,1754,0.7069555302166477,6374.0791015625,0.9779782295227051,0.10303065180778503,-5.308345794677734,28.419151306152344,-1758.9306409994383,0.03339739581417589
s5_78.tif,Canon9000-2,150,1240,1754,0.7069555302166477,6374.0791015625,0.9694549441337585,0.1177980899810791,-4.369845867156982,19.082538604736328,-1718.7787282295274,0.052710394673925035
s5_79.tif,Canon9000-2,150,1240,1754,0.7069555302166477,6374.0791015625,0.9769176244735718,0.09901048243045807,-5.174307823181152,28.08826446533203,-1746.619724544688,0.0357293927244639
s5_8.tif,Canon9000-2,150,1240,1754,0.7069555302166477,6374.0791015625,0.9533538222312927,0.1371675282716751,-3.5502676963806152,12.30208969116211,-1499.7424134826417,0.05458031412071946
s5_80.tif,Canon9000-2,150,1240,1754,0.7069555302166477,6374.0791015625,0.9770994782447815,0.0999026820063591,-4.991053581237793,25.5191593170166,-1778.1799562639692,0.047070750726450145
s5_81.tif,Canon9000-2,150,1240,1754,0.7069555302166477,6374.0791015625,0.9690078496932983,0.10594755411148071,-4.1062517166137695,18.113229751586914,-1663.2021746830646,0.032329789973148934
s5_82.tif,Canon9000-2,150,1240,1754,0.7069555302166477,6374.0791015625,0.9777962565422058,0.10613308846950531,-5.296847820281982,27.97441291809082,-1798.2137147716203,0.035825486445727736
s5_83.tif,Canon9000-2,150,1240,1754,0.7069555302166477,6374.0791015625,0.9809927344322205,0.09831083565950394,-5.769029140472412,33.58004379272461,-1835.5719448858608,0.031885184095339685
s5_84.tif,Canon9000-2,150,1240,1754,0.7069555302166477,6374.0791015625,0.9772653579711914,0.10370299220085144,-5.172878265380859,27.067401885986328,-1782.8068499824424,0.043262404825835876
s5_85.tif,Canon9000-2,150,1240,1754,0.7069555302166477,6374.0791015625,0.9581648111343384,0.13941623270511627,-3.5445377826690674,11.839775085449219,-1665.5334754237376,0.04138880715047633
s5_86.tif,Canon9000-2,150,1240,1754,0.7069555302166477,6374.0791015625,0.9541757702827454,0.15468861162662506,-3.420884609222412,10.399653434753418,-1704.8636059078156,0.03334038327141649
s5_87.tif,Canon9000-2,150,1240,1754,0.7069555302166477,6374.0791015625,0.9231653213500977,0.1758769303560257,-2.3376197814941406,4.433187961578369,-1415.4678290960173,0.06774331481958289
s5_88.tif,Canon9000-2,150,1240,1754,0.7069555302166477,6374.0791015625,0.9636396169662476,0.1255723536014557,-3.844538688659668,14.572526931762695,-1651.0350584824776,0.04125593114356126
s5_89.tif,Canon9000-2,150,1240,1754,0.7069555302166477,6374.0791015625,0.9751565456390381,0.11056067794561386,-4.970142841339111,24.695796966552734,-1769.2631171643418,0.03949819766800309
s5_9.tif,Canon9000-2,150,1240,1754,0.7069555302166477,6374.0791015625,0.9632211923599243,0.1241363063454628,-3.7110323905944824,13.547994613647461,-1644.781671372003,0.042059624085040645
s5_90.tif,Canon9000-2,150,1240,1754,0.7069555302166477,6374.0791015625,0.9531158804893494,0.14245903491973877,-3.368593454360962,10.806973457336426,-1578.1626110954503,0.06151377496597638
s5_91.tif,Canon9000-2,150,1240,1754,0.7069555302166477,6374.0791015625,0.9884719848632812,0.07408121973276138,-7.415627956390381,57.40705108642578,-1887.8717511748032,0.02236271011880678
s5_92.tif,Canon9000-2,150,1240,1754,0.7069555302166477,6374.0791015625,0.9706413149833679,0.11544681340456009,-4.403786659240723,19.239816665649414,-1731.5819661575617,0.0591376393129069
s5_93.tif,Canon9000-2,150,1240,1754,0.7069555302166477,6374.0791015625,0.9398165941238403,0.16873474419116974,-2.8728270530700684,7.0696916580200195,-1560.81605298091,0.05639092213190128
s5_94.tif,Canon9000-2,150,1240,1754,0.7069555302166477,6374.0791015625,0.9767571687698364,0.10498245805501938,-5.038314342498779,25.556245803833008,-1781.6147883138324,0.03549766432486115
s5_95.tif,Canon9000-2,150,1240,1754,0.7069555302166477,6374.0791015625,0.9663384556770325,0.1377483755350113,-4.2683610916137695,17.12554359436035,-1776.2528623729324,0.028931106778975247
s5_96.tif,Canon9000-2,150,1240,1754,0.7069555302166477,6374.0791015625,0.9623653888702393,0.13074687123298645,-3.827237606048584,14.235057830810547,-1666.423962982008,0.05595643138264612
s5_97.tif,Canon9000-2,150,1240,1754,0.7069555302166477,6374.0791015625,0.9758692383766174,0.10559215396642685,-4.958864212036133,24.811153411865234,-1758.5577281141848,0.04760685253981682
s5_98.tif,Canon9000-2,150,1240,1754,0.7069555302166477,6374.0791015625,0.9652170538902283,0.1333090364933014,-4.128843784332275,16.4101505279541,-1720.7602623082118,0.038668757126567845
s5_99.tif,Canon9000-2,150,1240,1754,0.7069555302166477,6374.0791015625,0.9516929388046265,0.15909674763679504,-3.4378879070281982,10.726469993591309,-1650.2594994686608,0.050057472321330045
s5_1.tif,Canon9000-2,300,2480,3508,0.7069555302166477,25495.0712890625,0.9627658724784851,0.13507556915283203,-3.9702367782592773,15.071767807006836,-1637.5243308922513,0.038997153970647735
s5_10.tif,Canon9000-2,300,2480,3508,0.7069555302166477,25495.0712890625,0.9572782516479492,0.13868336379528046,-3.7379300594329834,13.480257034301758,-1567.5097731409662,0.037081256666789277
s5_100.tif,Canon9000-2,300,2480,3508,0.7069555302166477,25495.0712890625,0.9550502300262451,0.1408410221338272,-3.5811195373535156,12.089061737060547,-1523.8152526682397,0.0400255636885276
s5_101.tif,Canon9000-2,300,2480,3508,0.7069555302166477,25495.0712890625,0.9581604599952698,0.13158871233463287,-3.4467999935150146,11.132542610168457,-1552.2294224972104,0.06636282966123515
s5_102.tif,Canon9000-2,300,2480,3508,0.7069555302166477,25495.0712890625,0.9191203117370605,0.1950315684080124,-2.4070208072662354,4.492432117462158,-1426.8052809002813,0.04884997885018575
s5_103.tif,Canon9000-2,300,2480,3508,0.7069555302166477,25495.0712890625,0.9710948467254639,0.11677422374486923,-4.681185245513916,21.967336654663086,-1691.3608113822572,0.02482712325743922
s5_104.tif,Canon9000-2,300,2480,3508,0.7069555302166477,25495.0712890625,0.9791004061698914,0.10731872171163559,-5.545554161071777,30.08864974975586,-1795.1716318893084,0.017916651340714313
s5_105.tif,Canon9000-2,300,2480,3508,0.7069555302166477,25495.0712890625,0.9520875811576843,0.14680342376232147,-3.2203755378723145,9.397019386291504,-1561.0972365721932,0.021917299628498914
s5_106.tif,Canon9000-2,300,2480,3508,0.7069555302166477,25495.0712890625,0.98719722032547,0.07999829202890396,-7.157800197601318,52.44502258300781,-1856.176874561235,0.01552982583587744
s5_107.tif,Canon9000-2,300,2480,3508,0.7069555302166477,25495.0712890625,0.9792975783348083,0.09973454475402832,-5.480733394622803,30.22409439086914,-1754.5690310041139,0.024492404458013022
s5_108.tif,Canon9000-2,300,2480,3508,0.7069555302166477,25495.0712890625,0.9698842763900757,0.12588493525981903,-4.531152248382568,19.752220153808594,-1714.7037916666238,0.03171529591348807
s5_11.tif,Canon9000-2,300,2480,3508,0.7069555302166477,25495.0712890625,0.9253668785095215,0.20256349444389343,-2.6370625495910645,5.41341495513916,-1515.7147097044601,0.03625273568249531
s5_12.tif,Canon9000-2,300,2480,3508,0.7069555302166477,25495.0712890625,0.9720343351364136,0.1221582368016243,-4.72105073928833,21.554533004760742,-1753.998931374605,0.028712367123993086
s5_13.tif,Canon9000-2,300,2480,3508,0.7069555302166477,25495.0712890625,0.9736241102218628,0.1197616457939148,-4.90292501449585,23.309003829956055,-1760.7793349724725,0.025650356788170816
s5_14.tif,Canon9000-2,300,2480,3508,0.7069555302166477,25495.0712890625,0.9764904975891113,0.11239385604858398,-5.206735610961914,26.592525482177734,-1787.1181204849986,0.023846300621620627
s5_15.tif,Canon9000-2,300,2480,3508,0.7069555302166477,25495.0712890625,0.9429278373718262,0.16243915259838104,-2.9902844429016113,7.913325309753418,-1513.5880902207982,0.042593656894839446
s5_16.tif,Canon9000-2,300,2480,3508,0.7069555302166477,25495.0712890625,0.963384747505188,0.12939196825027466,-4.016845703125,15.704174041748047,-1579.7001287853132,0.03671469820134623
s5_17.tif,Canon9000-2,300,2480,3508,0.7069555302166477,25495.0712890625,0.9319254159927368,0.19982899725437164,-2.83461594581604,6.362980842590332,-1584.6637620951374,0.027087624599992643
s5_18.tif,Canon9000-2,300,2480,3508,0.7069555302166477,25495.0712890625,0.9062319397926331,0.2051950991153717,-2.1255548000335693,3.1587634086608887,-1336.0686968031966,0.04210261338139552
s5_19.tif,Canon9000-2,300,2480,3508,0.7069555302166477,25495.0712890625,0.9349977374076843,0.19434063136577606,-2.984328508377075,7.454982757568359,-1583.7224046754732,0.028358337624599994
s5_2.tif,Canon9000-2,300,2480,3508,0.7069555302166477,25495.0712890625,0.9690320491790771,0.12910369038581848,-4.496257305145264,19.3891658782959,-1717.6844989427063,0.03037802994078052
s5_20.tif,Canon9000-2,300,2480,3508,0.7069555302166477,25495.0712890625,0.9412631392478943,0.17105655372142792,-2.979172945022583,7.662981986999512,-1569.0197284478832,0.041671456026777506
s5_21.tif,Canon9000-2,300,2480,3508,0.7069555302166477,25495.0712890625,0.9264281392097473,0.20368444919586182,-2.7152132987976074,5.8394269943237305,-1497.1876767383812,0.04037867363077942
s5_22.tif,Canon9000-2,300,2480,3508,0.7069555302166477,25495.0712890625,0.9721472859382629,0.12125171720981598,-4.742051124572754,21.90321922302246,-1750.745815203405,0.026253471328208336
s5_23.tif,Canon9000-2,300,2480,3508,0.7069555302166477,25495.0712890625,0.977258563041687,0.10316284745931625,-5.168392658233643,26.851293563842773,-1732.9120333106034,0.03149954481921507
s5_24.tif,Canon9000-2,300,2480,3508,0.7069555302166477,25495.0712890625,0.9677565097808838,0.12007270008325577,-4.193249225616455,17.182621002197266,-1638.7757380097614,0.0492502160959282
s5_25.tif,Canon9000-2,300,2480,3508,0.7069555302166477,25495.0712890625,0.9700831174850464,0.11495994031429291,-4.3974504470825195,19.207242965698242,-1651.2305980203869,0.04532324732408872
s5_26.tif,Canon9000-2,300,2480,3508,0.7069555302166477,25495.0712890625,0.9684545993804932,0.12689146399497986,-4.256245136260986,17.233797073364258,-1725.646299438449,0.02089636131239195
s5_27.tif,Canon9000-2,300,2480,3508,0.7069555302166477,25495.0712890625,0.976507842540741,0.10368743538856506,-4.998907566070557,25.069637298583984,-1729.9933229184724,0.03347004082833707
s5_28.tif,Canon9000-2,300,2480,3508,0.7069555302166477,25495.0712890625,0.9721733927726746,0.11120182275772095,-4.446686744689941,19.507747650146484,-1709.5073223266409,0.03025871740169934
s5_29.tif,Canon9000-2,300,2480,3508,0.7069555302166477,25495.0712890625,0.96211838722229,0.1282435953617096,-3.7394087314605713,13.286537170410156,-1594.8674820039985,0.06047456045168647
s5_3.tif,Canon9000-2,300,2480,3508,0.7069555302166477,25495.0712890625,0.9672791957855225,0.13116253912448883,-4.326086521148682,17.87931251525879,-1717.3317679536283,0.035249268952072685
s5_30.tif,Canon9000-2,300,2480,3508,0.7069555302166477,25495.0712890625,0.9748240113258362,0.10429808497428894,-4.704261779785156,22.153406143188477,-1700.141022995035,0.037229190421892815
s5_31.tif,Canon9000-2,300,2480,3508,0.7069555302166477,25495.0712890625,0.9625166058540344,0.12667115032672882,-3.757995128631592,13.515815734863281,-1598.6932386564074,0.05668161713318866
s5_32.tif,Canon9000-2,300,2480,3508,0.7069555302166477,25495.0712890625,0.9665994048118591,0.12294657528400421,-4.214721202850342,17.606782913208008,-1662.0357581876117,0.03853174311251701
s5_33.tif,Canon9000-2,300,2480,3508,0.7069555302166477,25495.0712890625,0.9687545895576477,0.1188146099448204,-4.25128173828125,17.713035583496094,-1659.2746156013702,0.0441400071725457
s5_34.tif,Canon9000-2,300,2480,3508,0.7069555302166477,25495.0712890625,0.9732217192649841,0.10973222553730011,-4.611332893371582,21.052446365356445,-1707.084476748291,0.04118592985618126
s5_35.tif,Canon9000-2,300,2480,3508,0.7069555302166477,25495.0712890625,0.9548377394676208,0.13690435886383057,-3.3102691173553467,10.167698860168457,-1526.7800850736583,0.07070095541986979
s5_36.tif,Canon9000-2,300,2480,3508,0.7069555302166477,25495.0712890625,0.9947624206542969,0.051587868481874466,-11.699371337890625,142.51303100585938,-1908.949046217497,0.005101358185897672
s5_37.tif,Canon9000-2,300,2480,3508,0.7069555302166477,25495.0712890625,0.9504027962684631,0.1564987301826477,-3.267578363418579,9.507079124450684,-1593.9779658940822,0.035232257144958985
s5_38.tif,Canon9000-2,300,2480,3508,0.7069555302166477,25495.0712890625,0.9557827115058899,0.14323456585407257,-3.5386080741882324,11.784372329711914,-1570.8381002552171,0.039577739360723875
s5_39.tif,Canon9000-2,300,2480,3508,0.7069555302166477,25495.0712890625,0.9639012813568115,0.13737772405147552,-4.036970615386963,15.255451202392578,-1700.8556663272523,0.03744517140545114
s5_4.tif,Canon9000-2,300,2480,3508,0.7069555302166477,25495.0712890625,0.944092333316803,0.16158288717269897,-2.8587424755096436,6.802290916442871,-1562.7092304947494,0.03618917129510428
s5_40.tif,Canon9000-2,300,2480,3508,0.7069555302166477,25495.0712890625,0.9810686111450195,0.0977056697010994,-5.769559860229492,33.405513763427734,-1797.3946187552322,0.022721567293191598
s5_41.tif,Canon9000-2,300,2480,3508,0.7069555302166477,25495.0712890625,0.9756074547767639,0.10843759775161743,-4.96690034866333,24.45918083190918,-1745.367141276443,0.032649451024386655
s5_42.tif,Canon9000-2,300,2480,3508,0.7069555302166477,25495.0712890625,0.8839475512504578,0.24937009811401367,-1.8712389469146729,1.743779182434082,-1376.4624432646915,0.037668968624710336
s5_43.tif,Canon9000-2,300,2480,3508,0.7069555302166477,25495.0712890625,0.9735977649688721,0.11910702288150787,-4.878472328186035,23.103164672851562,-1763.192211618704,0.02622611450325523
s5_44.tif,Canon9000-2,300,2480,3508,0.7069555302166477,25495.0712890625,0.9316137433052063,0.19831816852092743,-2.8039419651031494,6.220351219177246,-1567.3492044794093,0.034203042814580496
s5_5.tif,Canon9000-2,300,2480,3508,0.7069555302166477,25495.0712890625,0.9279694557189941,0.1814497858285904,-2.5962984561920166,5.583465576171875,-1446.1759225573364,0.05056897598116747
s5_54.tif,Canon9000-2,300,2480,3508,0.7069555302166477,25495.0712890625,0.9317240118980408,0.1897602081298828,-2.748055934906006,6.13469123840332,-1545.9172495970877,0.02893558962003899
s5_55.tif,Canon9000-2,300,2480,3508,0.7069555302166477,25495.0712890625,0.97618567943573,0.10210611671209335,-5.250588893890381,28.520587921142578,-1686.5163273386065,0.01922322709383161
s5_56.tif,Canon9000-2,300,2480,3508,0.7069555302166477,25495.0712890625,0.9718294739723206,0.1178872138261795,-4.618549346923828,20.990705490112305,-1730.0124999000166,0.02570300143450914
s5_57.tif,Canon9000-2,300,2480,3508,0.7069555302166477,25495.0712890625,0.9595706462860107,0.13610203564167023,-3.7311666011810303,13.197586059570312,-1584.4875096544124,0.031682996468900576
s5_58.tif,Canon9000-2,300,2480,3508,0.7069555302166477,25495.0712890625,0.9614915251731873,0.1389671117067337,-3.88501238822937,14.146379470825195,-1647.9870833344655,0.044303458454408355
s5_59.tif,Canon9000-2,300,2480,3508,0.7069555302166477,25495.0712890625,0.9618391394615173,0.13444362580776215,-3.8651037216186523,14.179731369018555,-1632.835736421222,0.04281055743553904
s5_6.tif,Canon9000-2,300,2480,3508,0.7069555302166477,25495.0712890625,0.9313808083534241,0.17651696503162384,-2.6950182914733887,6.144021987915039,-1400.5626203005156,0.036314805789531765
s5_60.tif,Canon9000-2,300,2480,3508,0.7069555302166477,25495.0712890625,0.9358745813369751,0.18606555461883545,-2.8542122840881348,6.655324935913086,-1559.4604487022211,0.03495788428292934
s5_61.tif,Canon9000-2,300,2480,3508,0.7069555302166477,25495.0712890625,0.9813418388366699,0.09735520929098129,-5.723137378692627,32.59626388549805,-1782.3850255140344,0.011454348585721117
s5_62.tif,Canon9000-2,300,2480,3508,0.7069555302166477,25495.0712890625,0.9831794500350952,0.09496495872735977,-6.3015947341918945,39.81617736816406,-1822.0780661992098,0.0171029582153235
s5_63.tif,Canon9000-2,300,2480,3508,0.7069555302166477,25495.0712890625,0.964644730091095,0.13431796431541443,-4.024145126342773,15.343084335327148,-1712.6706665730956,0.029802961893552065
s5_64.tif,Canon9000-2,300,2480,3508,0.7069555302166477,25495.0712890625,0.9682867527008057,0.11645469814538956,-4.18867826461792,17.508188247680664,-1652.3268542942315,0.027243949314010373
s5_65.tif,Canon9000-2,300,2480,3508,0.7069555302166477,25495.0712890625,0.9722752571105957,0.10980317741632462,-4.467905044555664,20.149887084960938,-1733.5515084931744,0.023418246772354434
s5_66.tif,Canon9000-2,300,2480,3508,0.7069555302166477,25495.0712890625,0.9513863325119019,0.15088413655757904,-3.122274160385132,8.487003326416016,-1620.4374632870088,0.01895540607643359
s5_67.tif,Canon9000-2,300,2480,3508,0.7069555302166477,25495.0712890625,0.9403557181358337,0.18211863934993744,-2.952331781387329,7.1393280029296875,-1636.8097496351938,0.021373956302644645
s5_68.tif,Canon9000-2,300,2480,3508,0.7069555302166477,25495.0712890625,0.983951210975647,0.0956026166677475,-6.547845363616943,42.76100540161133,-1826.2215701972625,0.011160435134439255
s5_69.tif,Canon9000-2,300,2480,3508,0.7069555302166477,25495.0712890625,0.9662930369377136,0.13495758175849915,-4.255460739135742,17.068572998046875,-1711.3263482811524,0.03131321955346305
s5_7.tif,Canon9000-2,300,2480,3508,0.7069555302166477,25495.0712890625,0.9489378333091736,0.15920840203762054,-3.2347021102905273,9.319633483886719,-1607.3966484508703,0.03865048092838489
s5_70.tif,Canon9000-2,300,2480,3508,0.7069555302166477,25495.0712890625,0.9423133730888367,0.18127815425395966,-3.128018379211426,8.248361587524414,-1588.3852230378138,0.030821831206091145
s5_71.tif,Canon9000-2,300,2480,3508,0.7069555302166477,25495.0712890625,0.9611576795578003,0.13926401734352112,-3.933967351913452,14.592866897583008,-1630.2596651377164,0.02779533876485085
s5_72.tif,Canon9000-2,300,2480,3508,0.7069555302166477,25495.0712890625,0.9641531705856323,0.1567891240119934,-4.365032196044922,17.446897506713867,-1803.1471267087918,0.009297067532276456
s5_73.tif,Canon9000-2,300,2480,3508,0.7069555302166477,25495.0712890625,0.9612604379653931,0.13417427241802216,-3.9437108039855957,14.974620819091797,-1595.4575822446852,0.036259632361054915
s5_74.tif,Canon9000-2,300,2480,3508,0.7069555302166477,25495.0712890625,0.9746927618980408,0.11703679710626602,-4.991354465484619,24.21086883544922,-1778.730710765733,0.024423667561702285
s5_75.tif,Canon9000-2,300,2480,3508,0.7069555302166477,25495.0712890625,0.9697278141975403,0.12864409387111664,-4.519782543182373,19.437429428100586,-1742.4096059041556,0.027733958325670358
s5_76.tif,Canon9000-2,300,2480,3508,0.7069555302166477,25495.0712890625,0.9726929664611816,0.11992362141609192,-4.772233963012695,22.074705123901367,-1736.5928241048982,0.028530639643947475
s5_77.tif,Canon9000-2,300,2480,3508,0.7069555302166477,25495.0712890625,0.9767897129058838,0.10932289808988571,-5.222943305969238,26.931228637695312,-1744.8208108957713,0.0197195580608379
s5_78.tif,Canon9000-2,300,2480,3508,0.7069555302166477,25495.0712890625,0.9675443172454834,0.12813888490200043,-4.332808494567871,18.173919677734375,-1714.460206998421,0.030711484349137456
s5_79.tif,Canon9000-2,300,2480,3508,0.7069555302166477,25495.0712890625,0.9755311608314514,0.10767366737127304,-5.162430763244629,27.09117317199707,-1730.502816129242,0.021047398572847317
s5_8.tif,Canon9000-2,300,2480,3508,0.7069555302166477,25495.0712890625,0.9515692591667175,0.14489489793777466,-3.537923574447632,11.953826904296875,-1485.4800453930386,0.033711884356493915
s5_80.tif,Canon9000-2,300,2480,3508,0.7069555302166477,25495.0712890625,0.9755575060844421,0.10955917090177536,-4.967564105987549,24.520177841186523,-1772.729416933063,0.028576617501011512
s5_81.tif,Canon9000-2,300,2480,3508,0.7069555302166477,25495.0712890625,0.9678993821144104,0.11168597638607025,-4.178579807281494,18.418184280395508,-1634.283827006485,0.0209077408320153
s5_82.tif,Canon9000-2,300,2480,3508,0.7069555302166477,25495.0712890625,0.9763845205307007,0.11443039774894714,-5.222170352935791,26.534101486206055,-1779.158971723774,0.020633942693198955
s5_83.tif,Canon9000-2,300,2480,3508,0.7069555302166477,25495.0712890625,0.9797476530075073,0.10633445531129837,-5.680335998535156,31.763954162597656,-1823.5755429966773,0.018367234339941883
s5_84.tif,Canon9000-2,300,2480,3508,0.7069555302166477,25495.0712890625,0.9756995439529419,0.11315841972827911,-5.092474460601807,25.405427932739258,-1769.4274141201854,0.0258238082539449
s5_85.tif,Canon9000-2,300,2480,3508,0.7069555302166477,25495.0712890625,0.9569184184074402,0.14496585726737976,-3.545938730239868,11.685343742370605,-1644.441867565227,0.027001646007282894
s5_86.tif,Canon9000-2,300,2480,3508,0.7069555302166477,25495.0712890625,0.9526623487472534,0.15982891619205475,-3.3989813327789307,10.173503875732422,-1674.847963741592,0.02033692573656527
s5_87.tif,Canon9000-2,300,2480,3508,0.7069555302166477,25495.0712890625,0.9209061861038208,0.18360498547554016,-2.3437163829803467,4.34248685836792,-1400.5390318309417,0.04132455309522934
s5_88.tif,Canon9000-2,300,2480,3508,0.7069555302166477,25495.0712890625,0.962216317653656,0.13210608065128326,-3.854811429977417,14.407344818115234,-1626.5324252003586,0.024991034317872512
s5_89.tif,Canon9000-2,300,2480,3508,0.7069555302166477,25495.0712890625,0.9737226366996765,0.11867592483758926,-4.89707612991333,23.344684600830078,-1757.5030354964094,0.023342038474270792
s5_9.tif,Canon9000-2,300,2480,3508,0.7069555302166477,25495.0712890625,0.9617321491241455,0.1311098337173462,-3.752493381500244,13.666282653808594,-1616.6709507719072,0.02600703001434509
s5_90.tif,Canon9000-2,300,2480,3508,0.7069555302166477,25495.0712890625,0.9511425495147705,0.15093699097633362,-3.3288893699645996,10.203673362731934,-1571.2948736518858,0.04164248997682716
s5_91.tif,Canon9000-2,300,2480,3508,0.7069555302166477,25495.0712890625,0.9875404834747314,0.08120933920145035,-7.310847759246826,54.290950775146484,-1864.5507203487043,0.013366107882443815
s5_92.tif,Canon9000-2,300,2480,3508,0.7069555302166477,25495.0712890625,0.9685110449790955,0.127205029129982,-4.34952449798584,18.1123104095459,-1732.7134838715303,0.03506305863096333
s5_93.tif,Canon9000-2,300,2480,3508,0.7069555302166477,25495.0712890625,0.9378324747085571,0.17598311603069305,-2.8556721210479736,6.835705757141113,-1542.9418186854298,0.03477696141538235
s5_94.tif,Canon9000-2,300,2480,3508,0.7069555302166477,25495.0712890625,0.9755025506019592,0.11221905797719955,-5.01989221572876,24.86298942565918,-1759.7041470213962,0.022427883731195055
s5_95.tif,Canon9000-2,300,2480,3508,0.7069555302166477,25495.0712890625,0.9652279615402222,0.14267830550670624,-4.212389945983887,16.451143264770508,-1761.4741452416158,0.01724790340971788
s5_96.tif,Canon9000-2,300,2480,3508,0.7069555302166477,25495.0712890625,0.960422158241272,0.1401413232088089,-3.8027846813201904,13.646682739257812,-1654.2865611757895,0.034127294295067494
s5_97.tif,Canon9000-2,300,2480,3508,0.7069555302166477,25495.0712890625,0.974237322807312,0.11577816307544708,-4.915367603302002,23.593822479248047,-1746.22714288694,0.028415005333431418
s5_98.tif,Canon9000-2,300,2480,3508,0.7069555302166477,25495.0712890625,0.9637699127197266,0.1400119811296463,-4.080280780792236,15.68928337097168,-1702.305444878466,0.023089045315775922
s5_99.tif,Canon9000-2,300,2480,3508,0.7069555302166477,25495.0712890625,0.9498794674873352,0.16617654263973236,-3.3761987686157227,10.079017639160156,-1640.770774801204,0.03001756354139846
s6_1.tif,EpsonV370-1,150,1236,1754,0.7046750285062714,6353.5263671875,0.9538413882255554,0.12965597212314606,-3.517348527908325,11.967120170593262,-1161.741313240184,0.0690792751104272
s6_10.tif,EpsonV370-1,150,1236,1754,0.7046750285062714,6353.5263671875,0.9473415017127991,0.13704940676689148,-3.2772793769836426,10.535855293273926,-1171.2910303663457,0.06394860752860775
s6_100.tif,EpsonV370-1,150,1236,1754,0.7046750285062714,6353.5263671875,0.9427574872970581,0.13880230486392975,-3.079190731048584,9.055146217346191,-1093.309952795094,0.07041510297313953
s6_101.tif,EpsonV370-1,150,1236,1754,0.7046750285062714,6353.5263671875,0.9496163725852966,0.12239468842744827,-2.8993446826934814,7.828804016113281,-1146.8494388061927,0.11031696390681678
s6_102.tif,EpsonV370-1,150,1236,1754,0.7046750285062714,6353.5263671875,0.9057161808013916,0.20076283812522888,-2.1968610286712646,3.5726571083068848,-1039.2274239163673,0.07567215758340622
s6_103.tif,EpsonV370-1,150,1236,1754,0.7046750285062714,6353.5263671875,0.9646716117858887,0.11623081564903259,-4.262001991271973,18.733640670776367,-1345.438107492193,0.04531159476444041
s6_104.tif,EpsonV370-1,150,1236,1754,0.7046750285062714,6353.5263671875,0.9723287224769592,0.1072997972369194,-5.081328392028809,26.027118682861328,-1367.5001178470718,0.0344672187104464
s6_105.tif,EpsonV370-1,150,1236,1754,0.7046750285062714,6353.5263671875,0.9430250525474548,0.1498662829399109,-2.974961757659912,7.8440752029418945,-1152.7087827629832,0.03975702324414284
s6_106.tif,EpsonV370-1,150,1236,1754,0.7046750285062714,6353.5263671875,0.9822549819946289,0.07982705533504486,-6.373786926269531,43.12683868408203,-1499.3436882633096,0.029244759089718183
s6_107.tif,EpsonV370-1,150,1236,1754,0.7046750285062714,6353.5263671875,0.9727262258529663,0.0979124903678894,-4.889092445373535,24.87822723388672,-1339.2418188645129,0.04487246903056537
s6_108.tif,EpsonV370-1,150,1236,1754,0.7046750285062714,6353.5263671875,0.9655894637107849,0.11936860531568527,-4.181959629058838,17.328472137451172,-1417.5719362042614,0.056063256246471314
s6_11.tif,EpsonV370-1,150,1236,1754,0.7046750285062714,6353.5263671875,0.9188300371170044,0.20192961394786835,-2.5319371223449707,4.999354839324951,-1240.0260159273782,0.061130730314067155
s6_12.tif,EpsonV370-1,150,1236,1754,0.7046750285062714,6353.5263671875,0.9650829434394836,0.11688077449798584,-4.296703815460205,18.4175968170166,-1295.8850462219211,0.05157190407132287
s6_13.tif,EpsonV370-1,150,1236,1754,0.7046750285062714,6353.5263671875,0.9690410494804382,0.1139378547668457,-4.543599605560303,20.61602783203125,-1418.093146151461,0.04664188742882657
s6_14.tif,EpsonV370-1,150,1236,1754,0.7046750285062714,6353.5263671875,0.9694835543632507,0.10905929654836655,-4.70712423324585,22.43982696533203,-1346.4323577209746,0.043262648850708324
s6_15.tif,EpsonV370-1,150,1236,1754,0.7046750285062714,6353.5263671875,0.9319384098052979,0.16386020183563232,-2.6900994777679443,6.241828918457031,-1092.9128690671025,0.06883019118575019
s6_16.tif,EpsonV370-1,150,1236,1754,0.7046750285062714,6353.5263671875,0.9536784291267395,0.12833616137504578,-3.5452826023101807,12.378055572509766,-1163.1697146871259,0.06157631377932271
s6_17.tif,EpsonV370-1,150,1236,1754,0.7046750285062714,6353.5263671875,0.9261457920074463,0.19904573261737823,-2.7643134593963623,6.136008262634277,-1286.0847657958516,0.04877709018314126
s6_18.tif,EpsonV370-1,150,1236,1754,0.7046750285062714,6353.5263671875,0.8912681341171265,0.21105752885341644,-1.9070369005203247,2.2640857696533203,-971.7119195051815,0.06620189451388044
s6_19.tif,EpsonV370-1,150,1236,1754,0.7046750285062714,6353.5263671875,0.9263507127761841,0.19595448672771454,-2.855774402618408,6.881937026977539,-1191.5750358560733,0.049505430029557956
s6_2.tif,EpsonV370-1,150,1236,1754,0.7046750285062714,6353.5263671875,0.9635821580886841,0.12293361872434616,-4.180596351623535,17.31300163269043,-1349.4503395326524,0.05357656839844572
s6_20.tif,EpsonV370-1,150,1236,1754,0.7046750285062714,6353.5263671875,0.9316757321357727,0.1697710156440735,-2.7329649925231934,6.407709121704102,-1152.217596380696,0.07261073164251475
s6_21.tif,EpsonV370-1,150,1236,1754,0.7046750285062714,6353.5263671875,0.9174989461898804,0.2035849690437317,-2.634021520614624,5.616449356079102,-1110.3672464252911,0.06837353732384231
s6_22.tif,EpsonV370-1,150,1236,1754,0.7046750285062714,6353.5263671875,0.9652727842330933,0.11821902543306351,-4.3638482093811035,19.115177154541016,-1323.2334098493623,0.04741081872963508
s6_23.tif,EpsonV370-1,150,1236,1754,0.7046750285062714,6353.5263671875,0.9700472950935364,0.09777043014764786,-4.4767656326293945,20.892414093017578,-1288.9321398709362,0.05418175008210544
s6_24.tif,EpsonV370-1,150,1236,1754,0.7046750285062714,6353.5263671875,0.9596102833747864,0.11190420389175415,-3.5532310009002686,12.607662200927734,-1193.0898511623207,0.08437579568475939
s6_25.tif,EpsonV370-1,150,1236,1754,0.7046750285062714,6353.5263671875,0.9642012715339661,0.10788947343826294,-3.7909069061279297,14.597492218017578,-1335.765814258212,0.07850433406028938
s6_26.tif,EpsonV370-1,150,1236,1754,0.7046750285062714,6353.5263671875,0.9610512852668762,0.12945282459259033,-3.9703590869903564,15.089881896972656,-1329.6214916375704,0.03637593959991586
s6_27.tif,EpsonV370-1,150,1236,1754,0.7046750285062714,6353.5263671875,0.9714758396148682,0.09807822853326797,-4.4004693031311035,20.00863265991211,-1392.4130342048297,0.056711796983685926
s6_28.tif,EpsonV370-1,150,1236,1754,0.7046750285062714,6353.5263671875,0.9641032814979553,0.1122475266456604,-3.891582727432251,14.865325927734375,-1310.3966297095008,0.049763278018251395
s6_29.tif,EpsonV370-1,150,1236,1754,0.7046750285062714,6353.5263671875,0.95426344871521,0.1174834817647934,-3.129595994949341,9.32590389251709,-1183.7541110082275,0.10008330473480864
s6_3.tif,EpsonV370-1,150,1236,1754,0.7046750285062714,6353.5263671875,0.959226667881012,0.12611545622348785,-3.9362735748291016,15.349666595458984,-1241.223475484637,0.06276130748764729
s6_30.tif,EpsonV370-1,150,1236,1754,0.7046750285062714,6353.5263671875,0.9672777056694031,0.09926777333021164,-3.954766273498535,15.821117401123047,-1267.6471023776623,0.0616787149483566
s6_31.tif,EpsonV370-1,150,1236,1754,0.7046750285062714,6353.5263671875,0.9559869766235352,0.11740018427371979,-3.1775636672973633,9.657676696777344,-1260.93120355687,0.09384605875428517
s6_32.tif,EpsonV370-1,150,1236,1754,0.7046750285062714,6353.5263671875,0.9564502239227295,0.12407665699720383,-3.7566492557525635,14.458322525024414,-1195.5765281165998,0.06722682873727366
s6_33.tif,EpsonV370-1,150,1236,1754,0.7046750285062714,6353.5263671875,0.9627054929733276,0.1115986555814743,-3.7087159156799316,13.832460403442383,-1309.621670306659,0.07433540718763954
s6_34.tif,EpsonV370-1,150,1236,1754,0.7046750285062714,6353.5263671875,0.96568763256073,0.1022227481007576,-3.8611207008361816,15.047979354858398,-1279.6402863076935,0.06901331399704051
s6_35.tif,EpsonV370-1,150,1236,1754,0.7046750285062714,6353.5263671875,0.9439202547073364,0.12918700277805328,-2.767885208129883,7.077070236206055,-1073.6759121817986,0.11636647441077813
s6_36.tif,EpsonV370-1,150,1236,1754,0.7046750285062714,6353.5263671875,0.9892259836196899,0.05495905131101608,-9.696449279785156,103.21350860595703,-1484.0138607603872,0.010362813799618441
s6_37.tif,EpsonV370-1,150,1236,1754,0.7046750285062714,6353.5263671875,0.9399508237838745,0.1585262268781662,-3.042712688446045,8.319791793823242,-1165.327589040238,0.05844293026019122
s6_38.tif,EpsonV370-1,150,1236,1754,0.7046750285062714,6353.5263671875,0.9472424387931824,0.1402004510164261,-3.132817029953003,9.199461936950684,-1180.1232302884487,0.06876330753930913
s6_39.tif,EpsonV370-1,150,1236,1754,0.7046750285062714,6353.5263671875,0.9559289216995239,0.13117793202400208,-3.6755869388580322,13.010614395141602,-1223.3405845510156,0.0677429859811877
s6_4.tif,EpsonV370-1,150,1236,1754,0.7046750285062714,6353.5263671875,0.9338690638542175,0.16404369473457336,-2.6045665740966797,5.317282676696777,-1163.9512257287786,0.0630399124700638
s6_40.tif,EpsonV370-1,150,1236,1754,0.7046750285062714,6353.5263671875,0.9753097891807556,0.09369209408760071,-5.158193588256836,27.72498893737793,-1383.6739324792732,0.03966984387050588
s6_41.tif,EpsonV370-1,150,1236,1754,0.7046750285062714,6353.5263671875,0.9681776762008667,0.10285285115242004,-4.314373016357422,19.016748428344727,-1293.0150635233374,0.05584046451384353
s6_42.tif,EpsonV370-1,150,1236,1754,0.7046750285062714,6353.5263671875,0.8727566003799438,0.2516210377216339,-1.7908076047897339,1.505025863647461,-1000.4344628354705,0.06162982069647555
s6_43.tif,EpsonV370-1,150,1236,1754,0.7046750285062714,6353.5263671875,0.966752290725708,0.11495961993932724,-4.447127342224121,19.82044792175293,-1318.122618532225,0.04731303022587299
s6_44.tif,EpsonV370-1,150,1236,1754,0.7046750285062714,6353.5263671875,0.9228551983833313,0.19794021546840668,-2.7219810485839844,5.962675094604492,-1132.1577061208338,0.059553660057639866
s6_45.tif,EpsonV370-1,150,1236,1754,0.7046750285062714,6353.5263671875,0.9720138311386108,0.1087823137640953,-4.801076412200928,23.19255828857422,-1469.5776218203566,0.042295372943212554
s6_46.tif,EpsonV370-1,150,1236,1754,0.7046750285062714,6353.5263671875,0.9152071475982666,0.19768255949020386,-2.416788339614868,4.482263565063477,-1138.8690493059457,0.07096447140701051
s6_47.tif,EpsonV370-1,150,1236,1754,0.7046750285062714,6353.5263671875,0.9551330804824829,0.13065257668495178,-3.7040340900421143,13.86793327331543,-1230.368689651161,0.05280533076500131
s6_48.tif,EpsonV370-1,150,1236,1754,0.7046750285062714,6353.5263671875,0.9180813431739807,0.18891669809818268,-2.5787770748138428,5.645051956176758,-1065.928990959729,0.04748646644009255
s6_49.tif,EpsonV370-1,150,1236,1754,0.7046750285062714,6353.5263671875,0.9603270888328552,0.11685004830360413,-3.574012517929077,12.6152925491333,-1297.3389874084462,0.07109039716893056
s6_5.tif,EpsonV370-1,150,1236,1754,0.7046750285062714,6353.5263671875,0.9156529903411865,0.18324793875217438,-2.3199474811553955,4.285666465759277,-1071.0168444256744,0.08138724985516231
s6_50.tif,EpsonV370-1,150,1236,1754,0.7046750285062714,6353.5263671875,0.9155993461608887,0.21792849898338318,-2.65463924407959,5.559268951416016,-1230.7107637786073,0.04375666530131775
s6_51.tif,EpsonV370-1,150,1236,1754,0.7046750285062714,6353.5263671875,0.9545645117759705,0.14091692864894867,-3.4013381004333496,10.289663314819336,-1332.1191155446447,0.03826067462997199
s6_52.tif,EpsonV370-1,150,1236,1754,0.7046750285062714,6353.5263671875,0.9447942972183228,0.16700135171413422,-3.3773999214172363,10.269139289855957,-1251.939602172479,0.03802081603583857
s6_53.tif,EpsonV370-1,150,1236,1754,0.7046750285062714,6353.5263671875,0.9476668834686279,0.16670842468738556,-3.393800735473633,10.193684577941895,-1391.410557891967,0.03576061005265819
s6_54.tif,EpsonV370-1,150,1236,1754,0.7046750285062714,6353.5263671875,0.9218035936355591,0.19342449307441711,-2.5826661586761475,5.326944351196289,-1158.7510205193598,0.050767455247921534
s6_55.tif,EpsonV370-1,150,1236,1754,0.7046750285062714,6353.5263671875,0.9690244793891907,0.10297466069459915,-4.516895294189453,21.602453231811523,-1332.1184569418244,0.03419461019288321
s6_56.tif,EpsonV370-1,150,1236,1754,0.7046750285062714,6353.5263671875,0.9641475677490234,0.11731721460819244,-4.1341423988342285,16.98548698425293,-1307.064815414942,0.04537571081171839
s6_57.tif,EpsonV370-1,150,1236,1754,0.7046750285062714,6353.5263671875,0.9509326815605164,0.1353464275598526,-3.3559343814849854,10.718186378479004,-1198.7836490835775,0.05561767278121575
s6_58.tif,EpsonV370-1,150,1236,1754,0.7046750285062714,6353.5263671875,0.953887403011322,0.13145719468593597,-3.478329658508301,11.659269332885742,-1219.0896859695283,0.07944577904226309
s6_59.tif,EpsonV370-1,150,1236,1754,0.7046750285062714,6353.5263671875,0.9542679786682129,0.131099134683609,-3.538940906524658,12.346506118774414,-1248.6274282675963,0.06905021531921489
s6_6.tif,EpsonV370-1,150,1236,1754,0.7046750285062714,6353.5263671875,0.9188347458839417,0.18122512102127075,-2.4326188564300537,4.792842864990234,-1043.8923245511128,0.05884746100452779
s6_60.tif,EpsonV370-1,150,1236,1754,0.7046750285062714,6353.5263671875,0.926192045211792,0.19008272886276245,-2.7513813972473145,6.242339134216309,-1153.8494467176306,0.05635247035901296
s6_61.tif,EpsonV370-1,150,1236,1754,0.7046750285062714,6353.5263671875,0.9744539260864258,0.0990934893488884,-5.266355037689209,28.00794219970703,-1344.0074746141306,0.02176993501677165
s6_62.tif,EpsonV370-1,150,1236,1754,0.7046750285062714,6353.5263671875,0.9792872667312622,0.0929451435804367,-5.810284614562988,35.09550476074219,-1541.2067198422274,0.030761864697612114
s6_63.tif,EpsonV370-1,150,1236,1754,0.7046750285062714,6353.5263671875,0.9579481482505798,0.13531866669654846,-3.7438783645629883,13.31651496887207,-1324.6750902616518,0.047061639968560075
s6_64.tif,EpsonV370-1,150,1236,1754,0.7046750285062714,6353.5263671875,0.9605492353439331,0.11983750760555267,-3.7558372020721436,13.967264175415039,-1271.5155494149965,0.042516319609731616
s6_65.tif,EpsonV370-1,150,1236,1754,0.7046750285062714,6353.5263671875,0.9652383327484131,0.11192076653242111,-3.9725067615509033,15.861797332763672,-1350.399643452631,0.03530856885602211
s6_66.tif,EpsonV370-1,150,1236,1754,0.7046750285062714,6353.5263671875,0.9445706009864807,0.15578413009643555,-2.938873291015625,7.317848205566406,-1331.4906660859763,0.03423289531463913
s6_67.tif,EpsonV370-1,150,1236,1754,0.7046750285062714,6353.5263671875,0.9322416186332703,0.1861637383699417,-2.8250982761383057,6.434604644775391,-1240.3865166552398,0.03166779215699299
s6_68.tif,EpsonV370-1,150,1236,1754,0.7046750285062714,6353.5263671875,0.9773125052452087,0.0980541929602623,-5.99547815322876,36.85074234008789,-1403.4139025942457,0.02157620307535619
s6_69.tif,EpsonV370-1,150,1236,1754,0.7046750285062714,6353.5263671875,0.9596905708312988,0.12980957329273224,-3.982649564743042,15.449485778808594,-1282.4914342420516,0.057315594867764115
s6_7.tif,EpsonV370-1,150,1236,1754,0.7046750285062714,6353.5263671875,0.9419569373130798,0.16014164686203003,-2.9912869930267334,7.879754066467285,-1315.1556818585964,0.06010302849151085
s6_70.tif,EpsonV370-1,150,1236,1754,0.7046750285062714,6353.5263671875,0.9345699548721313,0.18057207763195038,-2.9964842796325684,7.642848968505859,-1201.0424551454066,0.05340405471728052
s6_71.tif,EpsonV370-1,150,1236,1754,0.7046750285062714,6353.5263671875,0.9556695818901062,0.13753344118595123,-3.6610026359558105,12.879837989807129,-1366.1313004678336,0.04882782950113103
s6_72.tif,EpsonV370-1,150,1236,1754,0.7046750285062714,6353.5263671875,0.9575329422950745,0.1577238291501999,-4.228279113769531,16.53420639038086,-1349.0208304732664,0.018732033668766353
s6_73.tif,EpsonV370-1,150,1236,1754,0.7046750285062714,6353.5263671875,0.9531888365745544,0.12947292625904083,-3.4795711040496826,11.940970420837402,-1203.554900538096,0.06479226400681937
s6_74.tif,EpsonV370-1,150,1236,1754,0.7046750285062714,6353.5263671875,0.9685080647468567,0.11333858221769333,-4.559843063354492,20.84925079345703,-1380.7308394237002,0.04452882546781651
s6_75.tif,EpsonV370-1,150,1236,1754,0.7046750285062714,6353.5263671875,0.9645375609397888,0.1227915957570076,-4.205684661865234,17.263078689575195,-1360.0174648436796,0.051017000439125736
s6_76.tif,EpsonV370-1,150,1236,1754,0.7046750285062714,6353.5263671875,0.9670959115028381,0.11358557641506195,-4.3673787117004395,19.046741485595703,-1332.4431047549303,0.0509542681914293
s6_77.tif,EpsonV370-1,150,1236,1754,0.7046750285062714,6353.5263671875,0.971405029296875,0.10859988629817963,-4.889036178588867,24.224485397338867,-1401.3477629814315,0.035898990010812086
s6_78.tif,EpsonV370-1,150,1236,1754,0.7046750285062714,6353.5263671875,0.9597265720367432,0.12400752305984497,-3.846223831176758,14.591997146606445,-1268.0853123881318,0.056085397039775935
s6_79.tif,EpsonV370-1,150,1236,1754,0.7046750285062714,6353.5263671875,0.9693894386291504,0.10519251227378845,-4.528862476348877,21.437366485595703,-1354.1790674206093,0.038085854616170894
s6_8.tif,EpsonV370-1,150,1236,1754,0.7046750285062714,6353.5263671875,0.9392344355583191,0.1464129537343979,-3.0736606121063232,9.148344993591309,-1091.7434856075868,0.05857854261918204
s6_80.tif,EpsonV370-1,150,1236,1754,0.7046750285062714,6353.5263671875,0.968252420425415,0.10704115033149719,-4.371155738830566,19.39238739013672,-1336.609170388282,0.0503440125759706
s6_81.tif,EpsonV370-1,150,1236,1754,0.7046750285062714,6353.5263671875,0.9586941003799438,0.11650453507900238,-3.607419490814209,13.524532318115234,-1225.4262191037867,0.03555626898111759
s6_82.tif,EpsonV370-1,150,1236,1754,0.7046750285062714,6353.5263671875,0.9703773260116577,0.11101847141981125,-4.8024091720581055,23.0797061920166,-1360.769122742391,0.03860016679397623
s6_83.tif,EpsonV370-1,150,1236,1754,0.7046750285062714,6353.5263671875,0.9758819937705994,0.1028934046626091,-5.231830596923828,27.690380096435547,-1537.2322248185812,0.03443908145228843
s6_84.tif,EpsonV370-1,150,1236,1754,0.7046750285062714,6353.5263671875,0.9679412841796875,0.11002915352582932,-4.591897487640381,21.313329696655273,-1281.1745009067633,0.04674613366396918
s6_85.tif,EpsonV370-1,150,1236,1754,0.7046750285062714,6353.5263671875,0.9494532942771912,0.1496029496192932,-3.275190591812134,9.80438232421875,-1313.76422041058,0.04218697530932533
s6_86.tif,EpsonV370-1,150,1236,1754,0.7046750285062714,6353.5263671875,0.9443666338920593,0.16397470235824585,-3.1939611434936523,8.886053085327148,-1294.77456933992,0.03493771056816966
s6_87.tif,EpsonV370-1,150,1236,1754,0.7046750285062714,6353.5263671875,0.9088281989097595,0.18872615694999695,-2.0922327041625977,3.1994829177856445,-1085.100088192409,0.0701752443790061
s6_88.tif,EpsonV370-1,150,1236,1754,0.7046750285062714,6353.5263671875,0.9521917104721069,0.13646605610847473,-3.4212961196899414,11.150080680847168,-1215.4224842625392,0.04400482669294041
s6_89.tif,EpsonV370-1,150,1236,1754,0.7046750285062714,6353.5263671875,0.9688694477081299,0.11607860773801804,-4.534862995147705,20.481462478637695,-1440.388894708632,0.04214961272062378
s6_9.tif,EpsonV370-1,150,1236,1754,0.7046750285062714,6353.5263671875,0.9536985754966736,0.13353663682937622,-3.3248424530029297,10.385204315185547,-1270.1011465621182,0.04416442491134458
s6_90.tif,EpsonV370-1,150,1236,1754,0.7046750285062714,6353.5263671875,0.9409871101379395,0.15384607017040253,-3.0657238960266113,8.769450187683105,-1166.8487854276852,0.06408006848885396
s6_91.tif,EpsonV370-1,150,1236,1754,0.7046750285062714,6353.5263671875,0.9811720252037048,0.08022376894950867,-6.388675689697266,43.021881103515625,-1403.8880235186925,0.024784773038417966
s6_92.tif,EpsonV370-1,150,1236,1754,0.7046750285062714,6353.5263671875,0.9604674577713013,0.12200932204723358,-3.8902652263641357,14.863164901733398,-1261.916982847554,0.06286647625584425
s6_93.tif,EpsonV370-1,150,1236,1754,0.7046750285062714,6353.5263671875,0.9272559285163879,0.17914383113384247,-2.64856219291687,5.791776657104492,-1130.333658144506,0.05631925916905603
s6_94.tif,EpsonV370-1,150,1236,1754,0.7046750285062714,6353.5263671875,0.9693934917449951,0.11172128468751907,-4.574902057647705,20.88532066345215,-1365.739123789383,0.037820626363042585
s6_95.tif,EpsonV370-1,150,1236,1754,0.7046750285062714,6353.5263671875,0.9602137207984924,0.14399775862693787,-4.029109001159668,15.219989776611328,-1461.168669657146,0.030832438476270606
s6_96.tif,EpsonV370-1,150,1236,1754,0.7046750285062714,6353.5263671875,0.9525542259216309,0.13824722170829773,-3.4596445560455322,11.400904655456543,-1241.809212946421,0.05877642595934212
s6_97.tif,EpsonV370-1,150,1236,1754,0.7046750285062714,6353.5263671875,0.969193160533905,0.10863738507032394,-4.506706714630127,20.47433853149414,-1352.1743401307758,0.04969593310528316
s6_98.tif,EpsonV370-1,150,1236,1754,0.7046750285062714,6353.5263671875,0.9583186507225037,0.1390896737575531,-3.8618857860565186,14.261428833007812,-1359.4728690689337,0.0408128623248571
s6_99.tif,EpsonV370-1,150,1236,1754,0.7046750285062714,6353.5263671875,0.9432873725891113,0.16663524508476257,-3.2192940711975098,9.293463706970215,-1331.1319706839558,0.052862989080898766
s6_1.tif,EpsonV370-1,300,2480,3508,0.7069555302166477,25495.0732421875,0.9471337795257568,0.13987237215042114,-3.5253124237060547,11.763581275939941,-1017.1331983458017,0.040705116415934085
s6_10.tif,EpsonV370-1,300,2480,3508,0.7069555302166477,25495.0732421875,0.9434693455696106,0.1443607658147812,-3.300361394882202,10.435872077941895,-1068.9639234914803,0.03813621859712363
s6_100.tif,EpsonV370-1,300,2480,3508,0.7069555302166477,25495.0732421875,0.9388328790664673,0.14686647057533264,-3.1105308532714844,9.037936210632324,-1009.5944625207874,0.043939428771103836
s6_101.tif,EpsonV370-1,300,2480,3508,0.7069555302166477,25495.0732421875,0.9436007738113403,0.1359914243221283,-3.0105223655700684,8.270454406738281,-1027.70182790422,0.0692123073527789
s6_102.tif,EpsonV370-1,300,2480,3508,0.7069555302166477,25495.0732421875,0.9021811485290527,0.2054467797279358,-2.187345266342163,3.4486794471740723,-952.9583456576372,0.047872259719718986
s6_103.tif,EpsonV370-1,300,2480,3508,0.7069555302166477,25495.0732421875,0.961341142654419,0.12235900014638901,-4.2317705154418945,18.05120086669922,-1234.793312162998,0.026290828337072865
s6_104.tif,EpsonV370-1,300,2480,3508,0.7069555302166477,25495.0732421875,0.9673897624015808,0.11381249874830246,-5.008481025695801,24.892187118530273,-1203.5903330727267,0.019105523779747672
s6_105.tif,EpsonV370-1,300,2480,3508,0.7069555302166477,25495.0732421875,0.9395108819007874,0.15452907979488373,-2.9840662479400635,7.849942207336426,-1072.044008631864,0.022549610107772098
s6_106.tif,EpsonV370-1,300,2480,3508,0.7069555302166477,25495.0732421875,0.9781494736671448,0.08548300713300705,-6.279938697814941,41.37455368041992,-1326.7888844666934,0.01637351951300254
s6_107.tif,EpsonV370-1,300,2480,3508,0.7069555302166477,25495.0732421875,0.9681921601295471,0.10448834300041199,-4.924692630767822,24.813791275024414,-1181.6243043631648,0.025867257328870415
s6_108.tif,EpsonV370-1,300,2480,3508,0.7069555302166477,25495.0732421875,0.9610016942024231,0.12820330262184143,-4.164584636688232,16.74769401550293,-1251.6940695450617,0.03295888200242763
s6_11.tif,EpsonV370-1,300,2480,3508,0.7069555302166477,25495.0732421875,0.914177656173706,0.2070615142583847,-2.4970285892486572,4.733654022216797,-1091.7136730668924,0.03635492146982013
s6_12.tif,EpsonV370-1,300,2480,3508,0.7069555302166477,25495.0732421875,0.9613962769508362,0.12492179125547409,-4.298097610473633,17.97983169555664,-1197.8165306494827,0.029992045830727922
s6_13.tif,EpsonV370-1,300,2480,3508,0.7069555302166477,25495.0732421875,0.964229941368103,0.1224970892071724,-4.492985725402832,19.720611572265625,-1251.0031810664836,0.026993484937654025
s6_14.tif,EpsonV370-1,300,2480,3508,0.7069555302166477,25495.0732421875,0.9655295014381409,0.11608602851629257,-4.6984100341796875,21.900360107421875,-1216.12766883668,0.025052874535623642
s6_15.tif,EpsonV370-1,300,2480,3508,0.7069555302166477,25495.0732421875,0.9282236099243164,0.16962574422359467,-2.700345993041992,6.187986373901367,-1016.8160314094184,0.04233733034170743
s6_16.tif,EpsonV370-1,300,2480,3508,0.7069555302166477,25495.0732421875,0.9495468139648438,0.13489419221878052,-3.558885097503662,12.239262580871582,-1059.359149569139,0.037937709199249645
s6_17.tif,EpsonV370-1,300,2480,3508,0.7069555302166477,25495.0732421875,0.9218935966491699,0.20315779745578766,-2.7235312461853027,5.833383560180664,-1141.2031434697271,0.02813637951962335
s6_18.tif,EpsonV370-1,300,2480,3508,0.7069555302166477,25495.0732421875,0.8875830769538879,0.21498018503189087,-1.9053727388381958,2.211472511291504,-882.477292453291,0.041452831316438
s6_19.tif,EpsonV370-1,300,2480,3508,0.7069555302166477,25495.0732421875,0.923401415348053,0.19986706972122192,-2.8199381828308105,6.572003364562988,-1117.0835763796338,0.028374544819215065
s6_2.tif,EpsonV370-1,300,2480,3508,0.7069555302166477,25495.0732421875,0.9596464037895203,0.13114804029464722,-4.1420512199401855,16.52955436706543,-1235.1717021972663,0.031525177474528265
s6_20.tif,EpsonV370-1,300,2480,3508,0.7069555302166477,25495.0732421875,0.9269441962242126,0.17726151645183563,-2.7200253009796143,6.175188064575195,-1040.6606345504435,0.042811706881965644
s6_21.tif,EpsonV370-1,300,2480,3508,0.7069555302166477,25495.0732421875,0.9120718836784363,0.20915105938911438,-2.584984302520752,5.241292953491211,-979.9606363316153,0.041063398867105604
s6_22.tif,EpsonV370-1,300,2480,3508,0.7069555302166477,25495.0732421875,0.9612342715263367,0.12526027858257294,-4.330997467041016,18.383790969848633,-1200.9607137780886,0.02731475521388899
s6_23.tif,EpsonV370-1,300,2480,3508,0.7069555302166477,25495.0732421875,0.9641347527503967,0.1076999306678772,-4.512367248535156,20.711294174194336,-1125.3067630732235,0.03298290543274359
s6_24.tif,EpsonV370-1,300,2480,3508,0.7069555302166477,25495.0732421875,0.9537131786346436,0.12388989329338074,-3.652772903442383,12.961445808410645,-1058.1799932780855,0.05158370728657079
s6_25.tif,EpsonV370-1,300,2480,3508,0.7069555302166477,25495.0732421875,0.9586499929428101,0.11872150003910065,-3.8568115234375,14.719169616699219,-1157.1610252164373,0.04717006289770846
s6_26.tif,EpsonV370-1,300,2480,3508,0.7069555302166477,25495.0732421875,0.9574598073959351,0.13332802057266235,-3.934718608856201,14.662010192871094,-1198.0476333116267,0.021901322323169162
s6_27.tif,EpsonV370-1,300,2480,3508,0.7069555302166477,25495.0732421875,0.9665229320526123,0.10759999603033066,-4.430130481719971,19.711578369140625,-1221.7742492036264,0.03520823371464303
s6_28.tif,EpsonV370-1,300,2480,3508,0.7069555302166477,25495.0732421875,0.9587140083312988,0.11808797717094421,-3.9368109703063965,15.19279670715332,-1121.239134045218,0.031285288005296646
s6_29.tif,EpsonV370-1,300,2480,3508,0.7069555302166477,25495.0732421875,0.9478395581245422,0.1311599761247635,-3.2454493045806885,9.811335563659668,-1045.336726039028,0.0632941525361386
s6_3.tif,EpsonV370-1,300,2480,3508,0.7069555302166477,25495.0732421875,0.9553301930427551,0.13486157357692719,-3.9307796955108643,14.849136352539062,-1148.6180388887906,0.03679768823334682
s6_30.tif,EpsonV370-1,300,2480,3508,0.7069555302166477,25495.0732421875,0.9617143869400024,0.1089591532945633,-4.061122894287109,16.43931007385254,-1111.2034484402043,0.03913520248648251
s6_31.tif,EpsonV370-1,300,2480,3508,0.7069555302166477,25495.0732421875,0.9515507221221924,0.13029779493808746,-3.3029391765594482,10.198155403137207,-1157.741788428173,0.059245572332364736
s6_32.tif,EpsonV370-1,300,2480,3508,0.7069555302166477,25495.0732421875,0.9530774354934692,0.1300813853740692,-3.722309112548828,13.769304275512695,-1107.9657385513315,0.03967785614448082
s6_33.tif,EpsonV370-1,300,2480,3508,0.7069555302166477,25495.0732421875,0.957233726978302,0.12245017290115356,-3.7488558292388916,13.664161682128906,-1148.0788253098517,0.04611510096737411
s6_34.tif,EpsonV370-1,300,2480,3508,0.7069555302166477,25495.0732421875,0.9616897106170654,0.11295424401760101,-4.004836559295654,15.813140869140625,-1172.3927746258228,0.04324642752050612
s6_35.tif,EpsonV370-1,300,2480,3508,0.7069555302166477,25495.0732421875,0.9372432231903076,0.14384692907333374,-2.8776402473449707,7.4454851150512695,-956.8359440033729,0.07373733310037886
s6_36.tif,EpsonV370-1,300,2480,3508,0.7069555302166477,25495.0732421875,0.9863256216049194,0.057999756187200546,-9.455822944641113,97.93359375,-1355.987195506449,0.006130917350204141
s6_37.tif,EpsonV370-1,300,2480,3508,0.7069555302166477,25495.0732421875,0.9363000392913818,0.16386674344539642,-3.0141475200653076,7.974525451660156,-1069.8076082899165,0.03610859510059955
s6_38.tif,EpsonV370-1,300,2480,3508,0.7069555302166477,25495.0732421875,0.9411910176277161,0.14951519668102264,-3.1542649269104004,9.144200325012207,-1036.4060905719025,0.04099868503328797
s6_39.tif,EpsonV370-1,300,2480,3508,0.7069555302166477,25495.0732421875,0.9516006708145142,0.1405772715806961,-3.684598207473755,12.726164817810059,-1124.923571642606,0.03906612075624379
s6_4.tif,EpsonV370-1,300,2480,3508,0.7069555302166477,25495.0732421875,0.9300051331520081,0.17098121345043182,-2.619281530380249,5.347355842590332,-1083.4343530540505,0.03741953875013793
s6_40.tif,EpsonV370-1,300,2480,3508,0.7069555302166477,25495.0732421875,0.9704030156135559,0.10159842669963837,-5.125401496887207,26.775835037231445,-1216.917675908688,0.02415446720859234
s6_41.tif,EpsonV370-1,300,2480,3508,0.7069555302166477,25495.0732421875,0.9641984105110168,0.11201462149620056,-4.391941547393799,19.246973037719727,-1185.4116431194982,0.03404361459521095
s6_42.tif,EpsonV370-1,300,2480,3508,0.7069555302166477,25495.0732421875,0.8680347204208374,0.2545953691005707,-1.7737621068954468,1.4172425270080566,-880.9972411051413,0.03704137087578622
s6_43.tif,EpsonV370-1,300,2480,3508,0.7069555302166477,25495.0732421875,0.962933361530304,0.12274737656116486,-4.433600902557373,19.236915588378906,-1211.1083548431852,0.02762843914370839
s6_44.tif,EpsonV370-1,300,2480,3508,0.7069555302166477,25495.0732421875,0.9171592593193054,0.20268556475639343,-2.670442819595337,5.591981887817383,-992.6820379562005,0.035204095707507266
s6_45.tif,EpsonV370-1,300,2480,3508,0.7069555302166477,25495.0732421875,0.9676731824874878,0.11611019819974899,-4.758289813995361,22.3387508392334,-1292.9599316728625,0.02494965424651488
s6_46.tif,EpsonV370-1,300,2480,3508,0.7069555302166477,25495.0732421875,0.9102873802185059,0.20238451659679413,-2.3826959133148193,4.22833251953125,-998.3293018145273,0.04433840162577703
s6_47.tif,EpsonV370-1,300,2480,3508,0.7069555302166477,25495.0732421875,0.9513580203056335,0.13721831142902374,-3.6985039710998535,13.466041564941406,-1123.3860772714488,0.030916315702357745
s6_48.tif,EpsonV370-1,300,2480,3508,0.7069555302166477,25495.0732421875,0.9154139757156372,0.19219043850898743,-2.5675342082977295,5.499015808105469,-996.3877731901225,0.02833040607643359
s6_49.tif,EpsonV370-1,300,2480,3508,0.7069555302166477,25495.0732421875,0.9551034569740295,0.1266462504863739,-3.597761869430542,12.384783744812012,-1142.0310437259136,0.04627924191709273
s6_5.tif,EpsonV370-1,300,2480,3508,0.7069555302166477,25495.0732421875,0.9121535420417786,0.1896529495716095,-2.319875478744507,4.163923263549805,-1004.3618966837021,0.050527940743737815
s6_50.tif,EpsonV370-1,300,2480,3508,0.7069555302166477,25495.0732421875,0.910593569278717,0.2208707630634308,-2.618748426437378,5.324013710021973,-1055.0808101371217,0.026373588479788133
s6_51.tif,EpsonV370-1,300,2480,3508,0.7069555302166477,25495.0732421875,0.9499924182891846,0.14584055542945862,-3.3897621631622314,10.173019409179688,-1172.1162432626306,0.022862029646522234
s6_52.tif,EpsonV370-1,300,2480,3508,0.7069555302166477,25495.0732421875,0.9398029446601868,0.17099601030349731,-3.3300862312316895,9.851544380187988,-1096.121986504891,0.021598902968330454
s6_53.tif,EpsonV370-1,300,2480,3508,0.7069555302166477,25495.0732421875,0.9439073801040649,0.17002984881401062,-3.355358600616455,9.848733901977539,-1232.0264668012128,0.02100601850148968
s6_54.tif,EpsonV370-1,300,2480,3508,0.7069555302166477,25495.0732421875,0.9180946350097656,0.19712987542152405,-2.564293146133423,5.1651153564453125,-1045.724078767025,0.028205231360576746
s6_55.tif,EpsonV370-1,300,2480,3508,0.7069555302166477,25495.0732421875,0.9639019966125488,0.10916442424058914,-4.517353534698486,21.290916442871094,-1151.4130222587162,0.02031405175267591
s6_56.tif,EpsonV370-1,300,2480,3508,0.7069555302166477,25495.0732421875,0.9605265855789185,0.12353228032588959,-4.162312030792236,16.99452781677246,-1188.7335693322793,0.026727273145253246
s6_57.tif,EpsonV370-1,300,2480,3508,0.7069555302166477,25495.0732421875,0.9478498101234436,0.1416541337966919,-3.372810125350952,10.666671752929688,-1130.0930404806995,0.03286589178651561
s6_58.tif,EpsonV370-1,300,2480,3508,0.7069555302166477,25495.0732421875,0.9475547671318054,0.14301429688930511,-3.4926364421844482,11.405878067016602,-1067.8609402649727,0.04612268731378968
s6_59.tif,EpsonV370-1,300,2480,3508,0.7069555302166477,25495.0732421875,0.9487646222114563,0.13962142169475555,-3.4926223754882812,11.590822219848633,-1091.0965283992505,0.044445874866664216
s6_6.tif,EpsonV370-1,300,2480,3508,0.7069555302166477,25495.0732421875,0.9135889410972595,0.18562491238117218,-2.420475721359253,4.680009841918945,-912.1900228018135,0.035689966712031486
s6_60.tif,EpsonV370-1,300,2480,3508,0.7069555302166477,25495.0732421875,0.9211166501045227,0.19423946738243103,-2.7014505863189697,5.874336242675781,-1014.3944969513866,0.03481937598852393
s6_61.tif,EpsonV370-1,300,2480,3508,0.7069555302166477,25495.0732421875,0.9710868000984192,0.10289215296506882,-5.223334312438965,27.40355682373047,-1231.7589020947648,0.012384480634126605
s6_62.tif,EpsonV370-1,300,2480,3508,0.7069555302166477,25495.0732421875,0.9756041765213013,0.0987291932106018,-5.726310729980469,33.46934127807617,-1364.9705266447609,0.018463328061205722
s6_63.tif,EpsonV370-1,300,2480,3508,0.7069555302166477,25495.0732421875,0.9548182487487793,0.13974106311798096,-3.738971710205078,13.139596939086914,-1215.2069299111324,0.03000009195571413
s6_64.tif,EpsonV370-1,300,2480,3508,0.7069555302166477,25495.0732421875,0.9574142694473267,0.12416099011898041,-3.7935168743133545,14.192718505859375,-1171.4341723718537,0.02774683212564829
s6_65.tif,EpsonV370-1,300,2480,3508,0.7069555302166477,25495.0732421875,0.9616654515266418,0.11653514206409454,-4.0233635902404785,16.21792221069336,-1211.746872885825,0.023983774414242102
s6_66.tif,EpsonV370-1,300,2480,3508,0.7069555302166477,25495.0732421875,0.9404839873313904,0.15914741158485413,-2.9277360439300537,7.23193359375,-1164.636368495957,0.019302768786552398
s6_67.tif,EpsonV370-1,300,2480,3508,0.7069555302166477,25495.0732421875,0.9292640686035156,0.18829654157161713,-2.8156824111938477,6.35871696472168,-1135.579429999657,0.019211157906352302
s6_68.tif,EpsonV370-1,300,2480,3508,0.7069555302166477,25495.0732421875,0.9741992950439453,0.10123730450868607,-5.925684452056885,35.67630386352539,-1276.9823170913517,0.01214895906131607
s6_69.tif,EpsonV370-1,300,2480,3508,0.7069555302166477,25495.0732421875,0.9556711316108704,0.1379603147506714,-3.950881242752075,14.798851013183594,-1180.737143156966,0.032108406591385585
s6_7.tif,EpsonV370-1,300,2480,3508,0.7069555302166477,25495.0732421875,0.9372902512550354,0.1661553978919983,-2.972175359725952,7.650959014892578,-1153.0931092243857,0.038328061205723324
s6_70.tif,EpsonV370-1,300,2480,3508,0.7069555302166477,25495.0732421875,0.9294458627700806,0.1849851906299591,-2.9598398208618164,7.33236026763916,-1048.5761376371763,0.03117632048405488
s6_71.tif,EpsonV370-1,300,2480,3508,0.7069555302166477,25495.0732421875,0.9527041912078857,0.14370600879192352,-3.6415393352508545,12.475972175598145,-1262.6153682683214,0.028444546106595064
s6_72.tif,EpsonV370-1,300,2480,3508,0.7069555302166477,25495.0732421875,0.9544888138771057,0.15935194492340088,-4.187958240509033,16.157695770263672,-1237.898894843725,0.010285246625225291
s6_73.tif,EpsonV370-1,300,2480,3508,0.7069555302166477,25495.0732421875,0.9496272206306458,0.1378277987241745,-3.512854814529419,11.866764068603516,-1126.508282842186,0.03767000312649428
s6_74.tif,EpsonV370-1,300,2480,3508,0.7069555302166477,25495.0732421875,0.9648668169975281,0.12016675621271133,-4.542708396911621,20.22417640686035,-1250.5094320546623,0.025693690918453672
s6_75.tif,EpsonV370-1,300,2480,3508,0.7069555302166477,25495.0732421875,0.9594616889953613,0.1312519609928131,-4.171498775482178,16.64994239807129,-1198.6887335548904,0.028831104939860963
s6_76.tif,EpsonV370-1,300,2480,3508,0.7069555302166477,25495.0732421875,0.9617975354194641,0.12214311212301254,-4.347509860992432,18.457763671875,-1165.601328532703,0.029909860411225953
s6_77.tif,EpsonV370-1,300,2480,3508,0.7069555302166477,25495.0732421875,0.9682144522666931,0.113922119140625,-4.827556133270264,23.20097541809082,-1287.664952894554,0.020691874793099644
s6_78.tif,EpsonV370-1,300,2480,3508,0.7069555302166477,25495.0732421875,0.9562858939170837,0.13141068816184998,-3.8914313316345215,14.672578811645508,-1171.1400425085687,0.03212116544672086
s6_79.tif,EpsonV370-1,300,2480,3508,0.7069555302166477,25495.0732421875,0.9662682414054871,0.11203166097402573,-4.5557661056518555,21.233474731445312,-1259.2167881242488,0.022251673593997132
s6_8.tif,EpsonV370-1,300,2480,3508,0.7069555302166477,25495.0732421875,0.9356062412261963,0.15246644616127014,-3.0847272872924805,9.029807090759277,-1004.8365788449556,0.035251567844925884
s6_80.tif,EpsonV370-1,300,2480,3508,0.7069555302166477,25495.0732421875,0.9646013975143433,0.11439195275306702,-4.4124298095703125,19.375459671020508,-1218.453824398177,0.02977572001324162
s6_81.tif,EpsonV370-1,300,2480,3508,0.7069555302166477,25495.0732421875,0.95562744140625,0.12055794894695282,-3.6577212810516357,13.80665397644043,-1133.1404072067041,0.0215846498326406
s6_82.tif,EpsonV370-1,300,2480,3508,0.7069555302166477,25495.0732421875,0.9654064774513245,0.11789318174123764,-4.762160301208496,22.33331298828125,-1195.3741778918106,0.021830631367933204
s6_83.tif,EpsonV370-1,300,2480,3508,0.7069555302166477,25495.0732421875,0.9735631942749023,0.10932126641273499,-5.222784996032715,27.060989379882812,-1437.115782867965,0.019558290727185786
s6_84.tif,EpsonV370-1,300,2480,3508,0.7069555302166477,25495.0732421875,0.9646608233451843,0.11695466190576553,-4.596200466156006,20.907548904418945,-1200.7570884649651,0.0271822240409019
s6_85.tif,EpsonV370-1,300,2480,3508,0.7069555302166477,25495.0732421875,0.9450950622558594,0.15363813936710358,-3.259000062942505,9.616128921508789,-1147.5824142506253,0.026205539412219075
s6_86.tif,EpsonV370-1,300,2480,3508,0.7069555302166477,25495.0732421875,0.9412438273429871,0.16697344183921814,-3.1800365447998047,8.74413013458252,-1178.7820739199467,0.020003126494280356
s6_87.tif,EpsonV370-1,300,2480,3508,0.7069555302166477,25495.0732421875,0.9051702618598938,0.19410283863544464,-2.0948705673217773,3.130526542663574,-987.4982171921936,0.041298460661345494
s6_88.tif,EpsonV370-1,300,2480,3508,0.7069555302166477,25495.0732421875,0.9473125338554382,0.141220822930336,-3.421764373779297,11.070513725280762,-1064.246630511653,0.025878521903851107
s6_89.tif,EpsonV370-1,300,2480,3508,0.7069555302166477,25495.0732421875,0.9659044146537781,0.12255866825580597,-4.509507656097412,19.844120025634766,-1332.043569488567,0.02447826626696583
s6_9.tif,EpsonV370-1,300,2480,3508,0.7069555302166477,25495.0732421875,0.9485154747962952,0.1389167755842209,-3.3370068073272705,10.405656814575195,-1098.0637749962716,0.026323472615588334
s6_90.tif,EpsonV370-1,300,2480,3508,0.7069555302166477,25495.0732421875,0.9373860359191895,0.15956023335456848,-3.0357344150543213,8.352398872375488,-1071.0306692902109,0.042859983631882884
s6_91.tif,EpsonV370-1,300,2480,3508,0.7069555302166477,25495.0732421875,0.9783235192298889,0.08561182767152786,-6.407711982727051,42.64079284667969,-1303.0047061826383,0.014563716114319343
s6_92.tif,EpsonV370-1,300,2480,3508,0.7069555302166477,25495.0732421875,0.9568999409675598,0.130631223320961,-3.9248461723327637,14.766324996948242,-1169.5765848705357,0.036676191746055097
s6_93.tif,EpsonV370-1,300,2480,3508,0.7069555302166477,25495.0732421875,0.9241506457328796,0.18390671908855438,-2.6429905891418457,5.666256904602051,-1060.034910510152,0.03336624581601501
s6_94.tif,EpsonV370-1,300,2480,3508,0.7069555302166477,25495.0732421875,0.9649064540863037,0.11731398850679398,-4.552227020263672,20.459976196289062,-1203.2551762635312,0.02322042704233641
s6_95.tif,EpsonV370-1,300,2480,3508,0.7069555302166477,25495.0732421875,0.9580252766609192,0.14742732048034668,-4.001103401184082,14.840669631958008,-1358.877091087479,0.01775733806598742
s6_96.tif,EpsonV370-1,300,2480,3508,0.7069555302166477,25495.0732421875,0.9489431381225586,0.14533330500125885,-3.4579780101776123,11.136862754821777,-1149.3960530079435,0.03514328999154007
s6_97.tif,EpsonV370-1,300,2480,3508,0.7069555302166477,25495.0732421875,0.9660082459449768,0.11727839708328247,-4.516294956207275,20.033334732055664,-1273.2222467686563,0.029482496229815722
s6_98.tif,EpsonV370-1,300,2480,3508,0.7069555302166477,25495.0732421875,0.9539220929145813,0.14424389600753784,-3.818132162094116,13.709365844726562,-1196.5600823116602,0.02373170081288851
s6_99.tif,EpsonV370-1,300,2480,3508,0.7069555302166477,25495.0732421875,0.9403719305992126,0.17183846235275269,-3.180229425430298,8.863698959350586,-1235.5664290513766,0.03115356144480818
s7_1.tif,EpsonV370-2,150,1236,1754,0.7046750285062714,6353.5263671875,0.9561492204666138,0.12833857536315918,-3.5480360984802246,12.189114570617676,-1262.0435042572842,0.06924994372548368
s7_10.tif,EpsonV370-2,150,1236,1754,0.7046750285062714,6353.5263671875,0.9478659629821777,0.13744013011455536,-3.270287036895752,10.476109504699707,-1216.5570144393296,0.0641538711332027
s7_100.tif,EpsonV370-2,150,1236,1754,0.7046750285062714,6353.5263671875,0.9434353709220886,0.13945429027080536,-3.0879087448120117,9.086260795593262,-1138.9579874418068,0.07026703641791486
s7_101.tif,EpsonV370-2,150,1236,1754,0.7046750285062714,6353.5263671875,0.9512994885444641,0.12199454754590988,-2.9396233558654785,8.07918930053711,-1209.2469328978755,0.10987460930725147
s7_102.tif,EpsonV370-2,150,1236,1754,0.7046750285062714,6353.5263671875,0.9069724082946777,0.20084260404109955,-2.208474636077881,3.6218953132629395,-1094.4602956249414,0.07559697113947593
s7_103.tif,EpsonV370-2,150,1236,1754,0.7046750285062714,6353.5263671875,0.9662026762962341,0.1159246489405632,-4.300868511199951,19.0664119720459,-1442.1444597043073,0.045263623045613724
s7_104.tif,EpsonV370-2,150,1236,1754,0.7046750285062714,6353.5263671875,0.973358154296875,0.10710924118757248,-5.133052349090576,26.53972625732422,-1422.3573610738424,0.03448659190458794
s7_105.tif,EpsonV370-2,150,1236,1754,0.7046750285062714,6353.5263671875,0.943284809589386,0.15102754533290863,-2.9655113220214844,7.771350860595703,-1202.6456070541865,0.0400028783031296
s7_106.tif,EpsonV370-2,150,1236,1754,0.7046750285062714,6353.5263671875,0.9826093316078186,0.0805697962641716,-6.330843448638916,42.39378356933594,-1548.9170747992252,0.029608237113135764
s7_107.tif,EpsonV370-2,150,1236,1754,0.7046750285062714,6353.5263671875,0.9740506410598755,0.09638699889183044,-4.957780361175537,25.680421829223633,-1393.5225077013185,0.04472255740923197
s7_108.tif,EpsonV370-2,150,1236,1754,0.7046750285062714,6353.5263671875,0.9663393497467041,0.11917834728956223,-4.210635185241699,17.576622009277344,-1468.696537455962,0.05603604152136771
s7_11.tif,EpsonV370-2,150,1236,1754,0.7046750285062714,6353.5263671875,0.9191339612007141,0.20256973803043365,-2.5313541889190674,4.992402076721191,-1288.0852777291823,0.061136726778920486
s7_12.tif,EpsonV370-2,150,1236,1754,0.7046750285062714,6353.5263671875,0.9660841822624207,0.11713165044784546,-4.303960800170898,18.46367835998535,-1371.891207192437,0.051672921440775225
s7_13.tif,EpsonV370-2,150,1236,1754,0.7046750285062714,6353.5263671875,0.9682596921920776,0.11496587097644806,-4.506031513214111,20.277713775634766,-1391.6347781788365,0.04702981257818468
s7_14.tif,EpsonV370-2,150,1236,1754,0.7046750285062714,6353.5263671875,0.9708355069160461,0.10865727066993713,-4.745277404785156,22.802818298339844,-1422.1535358941596,0.04330646917079039
s7_15.tif,EpsonV370-2,150,1236,1754,0.7046750285062714,6353.5263671875,0.9335103631019592,0.16388705372810364,-2.701798439025879,6.302504539489746,-1173.8188049949747,0.0688343425844948
s7_16.tif,EpsonV370-2,150,1236,1754,0.7046750285062714,6353.5263671875,0.953565776348114,0.13005128502845764,-3.529172420501709,12.231093406677246,-1194.9235657223894,0.06175713025797714
s7_17.tif,EpsonV370-2,150,1236,1754,0.7046750285062714,6353.5263671875,0.9264376163482666,0.1995105892419815,-2.7588329315185547,6.10459041595459,-1345.9731391638709,0.048953755263051076
s7_18.tif,EpsonV370-2,150,1236,1754,0.7046750285062714,6353.5263671875,0.892038881778717,0.21117302775382996,-1.9101601839065552,2.274606227874756,-1017.4701663501203,0.06634304207119741
s7_19.tif,EpsonV370-2,150,1236,1754,0.7046750285062714,6353.5263671875,0.927059531211853,0.1961107850074768,-2.860246419906616,6.9031171798706055,-1239.7109565147323,0.04972545416302266
s7_2.tif,EpsonV370-2,150,1236,1754,0.7046750285062714,6353.5263671875,0.9653537273406982,0.12222783267498016,-4.222339630126953,17.636775970458984,-1443.0439361056156,0.05346171303317798
s7_20.tif,EpsonV370-2,150,1236,1754,0.7046750285062714,6353.5263671875,0.9312618970870972,0.17017173767089844,-2.72652006149292,6.38436222076416,-1160.0631497899806,0.07277955519146251
s7_21.tif,EpsonV370-2,150,1236,1754,0.7046750285062714,6353.5263671875,0.9177582859992981,0.20391352474689484,-2.6253662109375,5.569507598876953,-1149.1588319239802,0.06867843449830807
s7_22.tif,EpsonV370-2,150,1236,1754,0.7046750285062714,6353.5263671875,0.9660093784332275,0.11853006482124329,-4.369266986846924,19.096147537231445,-1373.4082205765635,0.0472765901702258
s7_23.tif,EpsonV370-2,150,1236,1754,0.7046750285062714,6353.5263671875,0.9704745411872864,0.09886039793491364,-4.4724650382995605,20.825233459472656,-1337.8123623695947,0.054318746240677805
s7_24.tif,EpsonV370-2,150,1236,1754,0.7046750285062714,6353.5263671875,0.9602360725402832,0.11208715289831161,-3.5673036575317383,12.738296508789062,-1241.829824499767,0.08446482012450506
s7_25.tif,EpsonV370-2,150,1236,1754,0.7046750285062714,6353.5263671875,0.9649050831794739,0.10803883522748947,-3.822801351547241,14.836307525634766,-1381.2885588312224,0.07858505570254583
s7_26.tif,EpsonV370-2,150,1236,1754,0.7046750285062714,6353.5263671875,0.961105465888977,0.129912868142128,-3.9746041297912598,15.11955451965332,-1337.9609185671527,0.03649264003129232
s7_27.tif,EpsonV370-2,150,1236,1754,0.7046750285062714,6353.5263671875,0.9712501764297485,0.09877172857522964,-4.345528602600098,19.437070846557617,-1417.7560112040032,0.05693551124936806
s7_28.tif,EpsonV370-2,150,1236,1754,0.7046750285062714,6353.5263671875,0.964652955532074,0.11233610659837723,-3.9001870155334473,14.94314193725586,-1350.8926030184487,0.049778499813648326
s7_29.tif,EpsonV370-2,150,1236,1754,0.7046750285062714,6353.5263671875,0.9544690847396851,0.11816267669200897,-3.1289703845977783,9.32756233215332,-1218.0279078247102,0.09984113980803933
s7_3.tif,EpsonV370-2,150,1236,1754,0.7046750285062714,6353.5263671875,0.961724042892456,0.12500444054603577,-3.9850711822509766,15.739391326904297,-1374.6570171628787,0.06242688925544202
s7_30.tif,EpsonV370-2,150,1236,1754,0.7046750285062714,6353.5263671875,0.9665281772613525,0.10039917379617691,-3.9342918395996094,15.693511962890625,-1260.113198105586,0.061979921990604925
s7_31.tif,EpsonV370-2,150,1236,1754,0.7046750285062714,6353.5263671875,0.9559995532035828,0.11786089837551117,-3.188831329345703,9.769611358642578,-1281.1580863271429,0.09384836508692107
s7_32.tif,EpsonV370-2,150,1236,1754,0.7046750285062714,6353.5263671875,0.9571049213409424,0.12416277080774307,-3.755303144454956,14.423648834228516,-1238.5680669709602,0.06754464137450045
s7_33.tif,EpsonV370-2,150,1236,1754,0.7046750285062714,6353.5263671875,0.9615761041641235,0.11262711882591248,-3.668151378631592,13.50352668762207,-1275.6829069749922,0.07469750141147558
s7_34.tif,EpsonV370-2,150,1236,1754,0.7046750285062714,6353.5263671875,0.9662079811096191,0.1029588133096695,-3.890608072280884,15.30341911315918,-1323.9372424355802,0.06917291221544468
s7_35.tif,EpsonV370-2,150,1236,1754,0.7046750285062714,6353.5263671875,0.9456188082695007,0.12828482687473297,-2.8018178939819336,7.279623985290527,-1126.8953165260439,0.11629866823128272
s7_36.tif,EpsonV370-2,150,1236,1754,0.7046750285062714,6353.5263671875,0.9904437065124512,0.05463620275259018,-9.9595947265625,108.09053802490234,-1558.5494734547408,0.010353588469074847
s7_37.tif,EpsonV370-2,150,1236,1754,0.7046750285062714,6353.5263671875,0.9406269788742065,0.15929847955703735,-3.0348970890045166,8.250268936157227,-1224.7513824911011,0.058525496968556384
s7_38.tif,EpsonV370-2,150,1236,1754,0.7046750285062714,6353.5263671875,0.9479288458824158,0.14058859646320343,-3.1327781677246094,9.171480178833008,-1235.3961904939144,0.06884218411545685
s7_39.tif,EpsonV370-2,150,1236,1754,0.7046750285062714,6353.5263671875,0.9559851884841919,0.1320572942495346,-3.6611881256103516,12.876235961914062,-1250.2519142597566,0.06772176772093744
s7_4.tif,EpsonV370-2,150,1236,1754,0.7046750285062714,6353.5263671875,0.9349502921104431,0.164602130651474,-2.6095681190490723,5.336343765258789,-1239.0502194130504,0.06329084146084954
s7_40.tif,EpsonV370-2,150,1236,1754,0.7046750285062714,6353.5263671875,0.9756709337234497,0.09496035426855087,-5.134789943695068,27.383100509643555,-1438.102167627593,0.03998119877635216
s7_41.tif,EpsonV370-2,150,1236,1754,0.7046750285062714,6353.5263671875,0.9694181680679321,0.10344137251377106,-4.362676620483398,19.451433181762695,-1373.1509610310159,0.05592995022011639
s7_42.tif,EpsonV370-2,150,1236,1754,0.7046750285062714,6353.5263671875,0.8719621300697327,0.2527974247932434,-1.7858529090881348,1.4867329597473145,-1004.6735447816673,0.06196562272826235
s7_43.tif,EpsonV370-2,150,1236,1754,0.7046750285062714,6353.5263671875,0.967237651348114,0.11574450135231018,-4.458652973175049,19.911178588867188,-1365.9331070310664,0.04726782610620939
s7_44.tif,EpsonV370-2,150,1236,1754,0.7046750285062714,6353.5263671875,0.9238514304161072,0.19891133904457092,-2.7266602516174316,5.973085403442383,-1196.4168262012363,0.05928474167229412
s7_45.tif,EpsonV370-2,150,1236,1754,0.7046750285062714,6353.5263671875,0.9723588228225708,0.1094142273068428,-4.803173065185547,23.182926177978516,-1516.4781750804414,0.042616875712656786
s7_46.tif,EpsonV370-2,150,1236,1754,0.7046750285062714,6353.5263671875,0.914742648601532,0.19836820662021637,-2.4108169078826904,4.457485675811768,-1149.126037528461,0.0707831936618289
s7_47.tif,EpsonV370-2,150,1236,1754,0.7046750285062714,6353.5263671875,0.9550558924674988,0.13178524374961853,-3.6942391395568848,13.765050888061523,-1253.5837276783202,0.05288928127294801
s7_48.tif,EpsonV370-2,150,1236,1754,0.7046750285062714,6353.5263671875,0.9205764532089233,0.18917645514011383,-2.6010844707489014,5.7533464431762695,-1191.2156204737855,0.04742834685766791
s7_49.tif,EpsonV370-2,150,1236,1754,0.7046750285062714,6353.5263671875,0.9612204432487488,0.11712824553251266,-3.6139378547668457,12.919042587280273,-1350.6744192051146,0.07124768905469883
s7_5.tif,EpsonV370-2,150,1236,1754,0.7046750285062714,6353.5263671875,0.9170452952384949,0.18301565945148468,-2.333292245864868,4.349210739135742,-1139.654024067277,0.08116676445517043
s7_50.tif,EpsonV370-2,150,1236,1754,0.7046750285062714,6353.5263671875,0.9147536158561707,0.2190912365913391,-2.647137403488159,5.523256301879883,-1227.0866481626958,0.04404080548206042
s7_51.tif,EpsonV370-2,150,1236,1754,0.7046750285062714,6353.5263671875,0.95521479845047,0.14054527878761292,-3.4400529861450195,10.57259750366211,-1338.0701107064317,0.038118604539600656
s7_52.tif,EpsonV370-2,150,1236,1754,0.7046750285062714,6353.5263671875,0.9453944563865662,0.16792109608650208,-3.3767764568328857,10.243074417114258,-1307.2754257613824,0.03790688320362519
s7_53.tif,EpsonV370-2,150,1236,1754,0.7046750285062714,6353.5263671875,0.9486552476882935,0.16682979464530945,-3.406991481781006,10.266977310180664,-1466.9132458763715,0.035601473100781204
s7_54.tif,EpsonV370-2,150,1236,1754,0.7046750285062714,6353.5263671875,0.9232597947120667,0.1942676603794098,-2.5857865810394287,5.327388763427734,-1266.7682195712196,0.05089107467720568
s7_55.tif,EpsonV370-2,150,1236,1754,0.7046750285062714,6353.5263671875,0.970024824142456,0.10298728197813034,-4.570387840270996,22.081398010253906,-1385.8278226111981,0.03402394157782673
s7_56.tif,EpsonV370-2,150,1236,1754,0.7046750285062714,6353.5263671875,0.9643181562423706,0.11818373948335648,-4.124098777770996,16.90174674987793,-1348.4875711736943,0.045442133191632254
s7_57.tif,EpsonV370-2,150,1236,1754,0.7046750285062714,6353.5263671875,0.9516631364822388,0.13558164238929749,-3.36405873298645,10.76805305480957,-1242.4459250897396,0.055566010930171626
s7_58.tif,EpsonV370-2,150,1236,1754,0.7046750285062714,6353.5263671875,0.954639196395874,0.1317187398672104,-3.4902889728546143,11.730842590332031,-1270.39170268143,0.0793526032037728
s7_59.tif,EpsonV370-2,150,1236,1754,0.7046750285062714,6353.5263671875,0.9543721675872803,0.13176476955413818,-3.5407309532165527,12.350519180297852,-1273.3745145613545,0.06896718734432254
s7_6.tif,EpsonV370-2,150,1236,1754,0.7046750285062714,6353.5263671875,0.919080376625061,0.1813492625951767,-2.4324095249176025,4.79280424118042,-1070.8415053130154,0.058858070134652926
s7_60.tif,EpsonV370-2,150,1236,1754,0.7046750285062714,6353.5263671875,0.9261470437049866,0.19085600972175598,-2.7398431301116943,6.171730995178223,-1187.4724253638508,0.056227005863620096
s7_61.tif,EpsonV370-2,150,1236,1754,0.7046750285062714,6353.5263671875,0.9754660129547119,0.10041298717260361,-5.235799312591553,27.553987503051758,-1435.0817479702132,0.021911543840615808
s7_62.tif,EpsonV370-2,150,1236,1754,0.7046750285062714,6353.5263671875,0.9794949889183044,0.0936005637049675,-5.816326141357422,35.121009826660156,-1578.8832037378688,0.031144254648644062
s7_63.tif,EpsonV370-2,150,1236,1754,0.7046750285062714,6353.5263671875,0.9579294919967651,0.13591396808624268,-3.7309274673461914,13.216287612915039,-1349.3556607815206,0.04714928060872421
s7_64.tif,EpsonV370-2,150,1236,1754,0.7046750285062714,6353.5263671875,0.9613249897956848,0.120221808552742,-3.755697727203369,13.939422607421875,-1337.096302421367,0.04258412578922703
s7_65.tif,EpsonV370-2,150,1236,1754,0.7046750285062714,6353.5263671875,0.9654024243354797,0.11264832317829132,-3.9784657955169678,15.91703987121582,-1378.5215684313987,0.03563053289199352
s7_66.tif,EpsonV370-2,150,1236,1754,0.7046750285062714,6353.5263671875,0.9431536197662354,0.15693317353725433,-2.9186973571777344,7.198329925537109,-1276.5550849118947,0.03454240515437668
s7_67.tif,EpsonV370-2,150,1236,1754,0.7046750285062714,6353.5263671875,0.9327520728111267,0.18672171235084534,-2.8293869495391846,6.453500747680664,-1285.513187961183,0.03198099212894798
s7_68.tif,EpsonV370-2,150,1236,1754,0.7046750285062714,6353.5263671875,0.9777562022209167,0.0983726903796196,-5.980556964874268,36.61469650268555,-1445.4832784626885,0.02174548789083113
s7_69.tif,EpsonV370-2,150,1236,1754,0.7046750285062714,6353.5263671875,0.9595992565155029,0.13135920464992523,-3.953669309616089,15.176103591918945,-1325.7205052301176,0.05766892502758374
s7_7.tif,EpsonV370-2,150,1236,1754,0.7046750285062714,6353.5263671875,0.9421946406364441,0.16041649878025055,-2.9962968826293945,7.904343605041504,-1337.3304462198519,0.06027415837309451
s7_70.tif,EpsonV370-2,150,1236,1754,0.7046750285062714,6353.5263671875,0.934901237487793,0.1810610294342041,-2.9949047565460205,7.631446838378906,-1236.943920555193,0.05315358699302196
s7_71.tif,EpsonV370-2,150,1236,1754,0.7046750285062714,6353.5263671875,0.9559776782989502,0.13793078064918518,-3.6736292839050293,12.965036392211914,-1397.7237571827725,0.0487784739827228
s7_72.tif,EpsonV370-2,150,1236,1754,0.7046750285062714,6353.5263671875,0.9588330388069153,0.15809868276119232,-4.231125831604004,16.550445556640625,-1455.9210469824689,0.01870666400977147
s7_73.tif,EpsonV370-2,150,1236,1754,0.7046750285062714,6353.5263671875,0.9532902240753174,0.13028986752033234,-3.47825288772583,11.922375679016113,-1232.3883454249174,0.06483654559342861
s7_74.tif,EpsonV370-2,150,1236,1754,0.7046750285062714,6353.5263671875,0.969122588634491,0.11371868848800659,-4.582080841064453,20.999818801879883,-1420.8962167106909,0.044606779510909876
s7_75.tif,EpsonV370-2,150,1236,1754,0.7046750285062714,6353.5263671875,0.9642907977104187,0.12399033457040787,-4.167230606079102,16.939294815063477,-1391.2386094336437,0.05122041897761197
s7_76.tif,EpsonV370-2,150,1236,1754,0.7046750285062714,6353.5263671875,0.9674633145332336,0.1143631637096405,-4.393608093261719,19.28927993774414,-1362.5579017992825,0.0507545397851605
s7_77.tif,EpsonV370-2,150,1236,1754,0.7046750285062714,6353.5263671875,0.9718115329742432,0.10986358672380447,-4.8607611656188965,23.880823135375977,-1471.853006198131,0.036044288966873686
s7_78.tif,EpsonV370-2,150,1236,1754,0.7046750285062714,6353.5263671875,0.960026741027832,0.12463751435279846,-3.8571882247924805,14.709211349487305,-1301.4328399448382,0.05591472842471946
s7_79.tif,EpsonV370-2,150,1236,1754,0.7046750285062714,6353.5263671875,0.9688654541969299,0.10689827054738998,-4.477045059204102,20.850465774536133,-1368.1593840815078,0.038398593321598715
s7_8.tif,EpsonV370-2,150,1236,1754,0.7046750285062714,6353.5263671875,0.9405941963195801,0.14643535017967224,-3.095283031463623,9.26482105255127,-1156.7269843176402,0.05890511932042525
s7_80.tif,EpsonV370-2,150,1236,1754,0.7046750285062714,6353.5263671875,0.9684855937957764,0.10823439806699753,-4.36659049987793,19.290468215942383,-1380.1653481892274,0.0503712273010742
s7_81.tif,EpsonV370-2,150,1236,1754,0.7046750285062714,6353.5263671875,0.9587560892105103,0.11734528094530106,-3.592048168182373,13.370025634765625,-1256.8170704352178,0.035761071319185364
s7_82.tif,EpsonV370-2,150,1236,1754,0.7046750285062714,6353.5263671875,0.9706615805625916,0.11188258230686188,-4.7745184898376465,22.79358673095703,-1421.3073787271371,0.03862138505422649
s7_83.tif,EpsonV370-2,150,1236,1754,0.7046750285062714,6353.5263671875,0.9760785102844238,0.10349614173173904,-5.238882541656494,27.73963737487793,-1573.3297197864479,0.034554859350610534
s7_84.tif,EpsonV370-2,150,1236,1754,0.7046750285062714,6353.5263671875,0.9699183702468872,0.10992491990327835,-4.645954608917236,21.796085357666016,-1391.23589687605,0.04666033808991376
s7_85.tif,EpsonV370-2,150,1236,1754,0.7046750285062714,6353.5263671875,0.9495401978492737,0.15006360411643982,-3.2674105167388916,9.76221752166748,-1344.7128968372826,0.04257628425826497
s7_86.tif,EpsonV370-2,150,1236,1754,0.7046750285062714,6353.5263671875,0.9449567794799805,0.1644497811794281,-3.192715644836426,8.861845970153809,-1348.942950220245,0.03529795972589698
s7_87.tif,EpsonV370-2,150,1236,1754,0.7046750285062714,6353.5263671875,0.9085876941680908,0.1894620954990387,-2.0867063999176025,3.167891502380371,-1113.9226134066892,0.07023567029406663
s7_88.tif,EpsonV370-2,150,1236,1754,0.7046750285062714,6353.5263671875,0.9525641202926636,0.13596372306346893,-3.4453835487365723,11.340106010437012,-1221.3858425399376,0.04409431239921326
s7_89.tif,EpsonV370-2,150,1236,1754,0.7046750285062714,6353.5263671875,0.9690148830413818,0.11683409661054611,-4.531725883483887,20.428373336791992,-1477.7319980446016,0.042172676046982764
s7_9.tif,EpsonV370-2,150,1236,1754,0.7046750285062714,6353.5263671875,0.9543070197105408,0.133494570851326,-3.328937292098999,10.416316032409668,-1317.104560123915,0.0442386888222205
s7_90.tif,EpsonV370-2,150,1236,1754,0.7046750285062714,6353.5263671875,0.9408591985702515,0.1549094021320343,-3.0520482063293457,8.663602828979492,-1196.0587443197028,0.0643808142645751
s7_91.tif,EpsonV370-2,150,1236,1754,0.7046750285062714,6353.5263671875,0.982397735118866,0.0799645259976387,-6.485572814941406,44.273582458496094,-1472.8386396396213,0.024749716782352313
s7_92.tif,EpsonV370-2,150,1236,1754,0.7046750285062714,6353.5263671875,0.9614726901054382,0.12241914868354797,-3.9063587188720703,14.987483978271484,-1330.0737217583328,0.06288400438387708
s7_93.tif,EpsonV370-2,150,1236,1754,0.7046750285062714,6353.5263671875,0.9290828704833984,0.1790570169687271,-2.6571950912475586,5.830592155456543,-1235.8124610934794,0.05640367094352991
s7_94.tif,EpsonV370-2,150,1236,1754,0.7046750285062714,6353.5263671875,0.9702305793762207,0.111961230635643,-4.605462551116943,21.17416000366211,-1419.593325848786,0.037726527991497935
s7_95.tif,EpsonV370-2,150,1236,1754,0.7046750285062714,6353.5263671875,0.9611718058586121,0.14343808591365814,-4.06650447845459,15.536731719970703,-1511.5604790159202,0.030756790765813138
s7_96.tif,EpsonV370-2,150,1236,1754,0.7046750285062714,6353.5263671875,0.9530426263809204,0.13863705098628998,-3.456912040710449,11.373454093933105,-1284.4352314215519,0.05888943625850114
s7_97.tif,EpsonV370-2,150,1236,1754,0.7046750285062714,6353.5263671875,0.9695272445678711,0.10968391597270966,-4.487003326416016,20.19348907470703,-1397.062856135236,0.04996023882535711
s7_98.tif,EpsonV370-2,150,1236,1754,0.7046750285062714,6353.5263671875,0.9565723538398743,0.14081014692783356,-3.8089210987091064,13.83704948425293,-1311.2075347968325,0.041374223688434755
s7_99.tif,EpsonV370-2,150,1236,1754,0.7046750285062714,6353.5263671875,0.9445276260375977,0.16676294803619385,-3.2322378158569336,9.361687660217285,-1418.9357755041644,0.05288097847545878
s7_1.tif,EpsonV370-2,300,2480,3508,0.7069555302166477,25495.0732421875,0.9518226385116577,0.13746248185634613,-3.5936591625213623,12.247539520263672,-1142.1625102691987,0.04055534354654798
s7_10.tif,EpsonV370-2,300,2480,3508,0.7069555302166477,25495.0732421875,0.9440633654594421,0.1449386179447174,-3.299755811691284,10.416199684143066,-1100.4940807382823,0.03829001452900283
s7_100.tif,EpsonV370-2,300,2480,3508,0.7069555302166477,25495.0732421875,0.9395774006843567,0.14758478105068207,-3.1244735717773438,9.102622985839844,-1037.8959891136521,0.04406264942803546
s7_101.tif,EpsonV370-2,300,2480,3508,0.7069555302166477,25495.0732421875,0.9453907012939453,0.13607388734817505,-3.053331136703491,8.524184226989746,-1073.2550068076225,0.06897644094604038
s7_102.tif,EpsonV370-2,300,2480,3508,0.7069555302166477,25495.0732421875,0.9034048318862915,0.2058376520872116,-2.1973509788513184,3.4880528450012207,-997.6279326524907,0.048129850663920254
s7_103.tif,EpsonV370-2,300,2480,3508,0.7069555302166477,25495.0732421875,0.9624139070510864,0.12253792583942413,-4.259029388427734,18.259931564331055,-1285.6526305719792,0.02636830102622577
s7_104.tif,EpsonV370-2,300,2480,3508,0.7069555302166477,25495.0732421875,0.9686086177825928,0.11363481730222702,-5.054947853088379,25.30433464050293,-1243.1117420208627,0.019143915290396146
s7_105.tif,EpsonV370-2,300,2480,3508,0.7069555302166477,25495.0732421875,0.9402037858963013,0.1554277390241623,-2.9833459854125977,7.829584121704102,-1115.823225834152,0.022701337036083423
s7_106.tif,EpsonV370-2,300,2480,3508,0.7069555302166477,25495.0732421875,0.9799281358718872,0.08598364144563675,-6.310089588165283,41.45557403564453,-1417.318378691745,0.016548580203773863
s7_107.tif,EpsonV370-2,300,2480,3508,0.7069555302166477,25495.0732421875,0.9692017436027527,0.10481729358434677,-4.9432477951049805,24.940120697021484,-1222.154939908492,0.025874268952072683
s7_108.tif,EpsonV370-2,300,2480,3508,0.7069555302166477,25495.0732421875,0.9622054100036621,0.1282060742378235,-4.196164131164551,16.994150161743164,-1305.1441591547477,0.032998422959502706
s7_11.tif,EpsonV370-2,300,2480,3508,0.7069555302166477,25495.0732421875,0.9146915674209595,0.20784884691238403,-2.4977166652679443,4.730343341827393,-1127.4748737294894,0.03657986813550594
s7_12.tif,EpsonV370-2,300,2480,3508,0.7069555302166477,25495.0732421875,0.9627264738082886,0.12537634372711182,-4.308650970458984,18.045190811157227,-1267.2728936575356,0.03010112829661235
s7_13.tif,EpsonV370-2,300,2480,3508,0.7069555302166477,25495.0732421875,0.9650424718856812,0.12305264174938202,-4.50044059753418,19.754608154296875,-1299.2194168117255,0.027007623128701218
s7_14.tif,EpsonV370-2,300,2480,3508,0.7069555302166477,25495.0732421875,0.9666884541511536,0.11611360311508179,-4.731996059417725,22.181991577148438,-1258.1219877114388,0.025040115680288372
s7_15.tif,EpsonV370-2,300,2480,3508,0.7069555302166477,25495.0732421875,0.9300947785377502,0.16975735127925873,-2.7151236534118652,6.261690139770508,-1082.4336154162277,0.04246376944863354
s7_16.tif,EpsonV370-2,300,2480,3508,0.7069555302166477,25495.0732421875,0.9493734836578369,0.1365782618522644,-3.5499749183654785,12.157564163208008,-1075.9536149999951,0.03819081730238717
s7_17.tif,EpsonV370-2,300,2480,3508,0.7069555302166477,25495.0732421875,0.9223731756210327,0.203957200050354,-2.7202160358428955,5.813417434692383,-1185.1563468720597,0.028251439106926103
s7_18.tif,EpsonV370-2,300,2480,3508,0.7069555302166477,25495.0732421875,0.8886460065841675,0.2152567058801651,-1.911011815071106,2.2316818237304688,-921.9890921824781,0.041610075587597016
s7_19.tif,EpsonV370-2,300,2480,3508,0.7069555302166477,25495.0732421875,0.9242456555366516,0.20023588836193085,-2.8270602226257324,6.60793399810791,-1158.3373644456901,0.0285366167653658
s7_2.tif,EpsonV370-2,300,2480,3508,0.7069555302166477,25495.0732421875,0.9611198306083679,0.13105009496212006,-4.163723945617676,16.675899505615234,-1295.892829664038,0.031545292786993785
s7_20.tif,EpsonV370-2,300,2480,3508,0.7069555302166477,25495.0732421875,0.9272946715354919,0.1775107979774475,-2.722287178039551,6.188687324523926,-1058.8356091694825,0.04281722422481333
s7_21.tif,EpsonV370-2,300,2480,3508,0.7069555302166477,25495.0732421875,0.9142048954963684,0.20937928557395935,-2.5814366340637207,5.2128095626831055,-1072.1214695774174,0.04104604222606393
s7_22.tif,EpsonV370-2,300,2480,3508,0.7069555302166477,25495.0732421875,0.9625791311264038,0.12536534667015076,-4.343075752258301,18.421613693237305,-1253.40856838452,0.027270731415750173
s7_23.tif,EpsonV370-2,300,2480,3508,0.7069555302166477,25495.0732421875,0.9671838879585266,0.10745527595281601,-4.553511619567871,20.98948097229004,-1245.2287136096702,0.033011296759480634
s7_24.tif,EpsonV370-2,300,2480,3508,0.7069555302166477,25495.0732421875,0.9536118507385254,0.1243223026394844,-3.6405999660491943,12.884088516235352,-1065.629607563589,0.051644283113252656
s7_25.tif,EpsonV370-2,300,2480,3508,0.7069555302166477,25495.0732421875,0.9616380929946899,0.11814083904027939,-3.9038050174713135,15.030210494995117,-1279.0426661104484,0.047090521204987676
s7_26.tif,EpsonV370-2,300,2480,3508,0.7069555302166477,25495.0732421875,0.9580734968185425,0.13377729058265686,-3.9362292289733887,14.651546478271484,-1230.4874618289618,0.02197097877662118
s7_27.tif,EpsonV370-2,300,2480,3508,0.7069555302166477,25495.0732421875,0.9669905304908752,0.10821884125471115,-4.409020900726318,19.477827072143555,-1259.532768697797,0.03525800474491485
s7_28.tif,EpsonV370-2,300,2480,3508,0.7069555302166477,25495.0732421875,0.9596439003944397,0.11853107064962387,-3.9392201900482178,15.18416976928711,-1159.198782120717,0.03138758873726413
s7_29.tif,EpsonV370-2,300,2480,3508,0.7069555302166477,25495.0732421875,0.9501208662986755,0.13142029941082,-3.269639015197754,9.936358451843262,-1121.1527600275078,0.06328415235222717
s7_3.tif,EpsonV370-2,300,2480,3508,0.7069555302166477,25495.0732421875,0.9559987187385559,0.13433408737182617,-3.9473965167999268,14.992990493774414,-1173.911857675143,0.036827918674366425
s7_30.tif,EpsonV370-2,300,2480,3508,0.7069555302166477,25495.0732421875,0.9626756310462952,0.1098131388425827,-4.061079978942871,16.387575149536133,-1156.8669723485127,0.03917003071320852
s7_31.tif,EpsonV370-2,300,2480,3508,0.7069555302166477,25495.0732421875,0.952229380607605,0.1303723156452179,-3.309494733810425,10.231136322021484,-1192.6341674503522,0.05924315849486887
s7_32.tif,EpsonV370-2,300,2480,3508,0.7069555302166477,25495.0732421875,0.953260600566864,0.13083307445049286,-3.71444034576416,13.682937622070312,-1128.4205615274352,0.03983176702100268
s7_33.tif,EpsonV370-2,300,2480,3508,0.7069555302166477,25495.0732421875,0.9577756524085999,0.12352750450372696,-3.746387243270874,13.618549346923828,-1188.2836878597877,0.046219700592194796
s7_34.tif,EpsonV370-2,300,2480,3508,0.7069555302166477,25495.0732421875,0.9604098796844482,0.11407806724309921,-3.988405704498291,15.702472686767578,-1139.4250756917745,0.04327550851509913
s7_35.tif,EpsonV370-2,300,2480,3508,0.7069555302166477,25495.0732421875,0.9393557906150818,0.14217063784599304,-2.8988027572631836,7.568197250366211,-1003.0151914881873,0.07363020469341965
s7_36.tif,EpsonV370-2,300,2480,3508,0.7069555302166477,25495.0732421875,0.9877545833587646,0.05778889358043671,-9.751039505004883,102.89476013183594,-1416.767278772805,0.006103330635965719
s7_37.tif,EpsonV370-2,300,2480,3508,0.7069555302166477,25495.0732421875,0.9368531703948975,0.16450418531894684,-3.0079612731933594,7.9246826171875,-1105.0088643716417,0.03620078070401295
s7_38.tif,EpsonV370-2,300,2480,3508,0.7069555302166477,25495.0732421875,0.9424517750740051,0.14941510558128357,-3.1622984409332275,9.184462547302246,-1081.2375677180921,0.040966845367271125
s7_39.tif,EpsonV370-2,300,2480,3508,0.7069555302166477,25495.0732421875,0.9518624544143677,0.14177219569683075,-3.6700687408447266,12.590540885925293,-1155.1892001639853,0.03914520267039394
s7_4.tif,EpsonV370-2,300,2480,3508,0.7069555302166477,25495.0732421875,0.9295157790184021,0.17192329466342926,-2.620492696762085,5.364971160888672,-1073.2916568590583,0.03749114926251517
s7_40.tif,EpsonV370-2,300,2480,3508,0.7069555302166477,25495.0732421875,0.970565915107727,0.10290393978357315,-5.104701995849609,26.472023010253906,-1237.709354948555,0.024196536947805936
s7_41.tif,EpsonV370-2,300,2480,3508,0.7069555302166477,25495.0732421875,0.9651423692703247,0.11303339153528214,-4.404500484466553,19.282899856567383,-1229.8559735012077,0.03412511034685695
s7_42.tif,EpsonV370-2,300,2480,3508,0.7069555302166477,25495.0732421875,0.8681541085243225,0.2558155655860901,-1.7729920148849487,1.4114727973937988,-905.6573280769103,0.03717539632912789
s7_43.tif,EpsonV370-2,300,2480,3508,0.7069555302166477,25495.0732421875,0.9637535214424133,0.12343595176935196,-4.442191123962402,19.28542137145996,-1253.631068056913,0.02761740445801302
s7_44.tif,EpsonV370-2,300,2480,3508,0.7069555302166477,25495.0732421875,0.9186103343963623,0.20361630618572235,-2.6800131797790527,5.6280317306518555,-1041.24433145643,0.035227889248537904
s7_45.tif,EpsonV370-2,300,2480,3508,0.7069555302166477,25495.0732421875,0.9682999849319458,0.1171308159828186,-4.755392074584961,22.24875831604004,-1339.6975178989467,0.024913216794791627
s7_46.tif,EpsonV370-2,300,2480,3508,0.7069555302166477,25495.0732421875,0.9110143184661865,0.20333203673362732,-2.3854615688323975,4.233468055725098,-1036.0427564887423,0.04448576065766727
s7_47.tif,EpsonV370-2,300,2480,3508,0.7069555302166477,25495.0732421875,0.9518688321113586,0.13826915621757507,-3.700451135635376,13.449363708496094,-1157.3831443932033,0.03089528083275095
s7_48.tif,EpsonV370-2,300,2480,3508,0.7069555302166477,25495.0732421875,0.9165921211242676,0.1926627904176712,-2.5774600505828857,5.542367935180664,-1040.221238320455,0.028311210321109354
s7_49.tif,EpsonV370-2,300,2480,3508,0.7069555302166477,25495.0732421875,0.9566990733146667,0.12692375481128693,-3.643059730529785,12.69509220123291,-1199.43228993536,0.04611992864236584
s7_5.tif,EpsonV370-2,300,2480,3508,0.7069555302166477,25495.0732421875,0.9113177061080933,0.18999142944812775,-2.3201425075531006,4.169341087341309,-972.2536910026101,0.0505556424026189
s7_50.tif,EpsonV370-2,300,2480,3508,0.7069555302166477,25495.0732421875,0.9111969470977783,0.2218024730682373,-2.6161513328552246,5.302651405334473,-1091.7151981636346,0.026387381836907347
s7_51.tif,EpsonV370-2,300,2480,3508,0.7069555302166477,25495.0732421875,0.9520649909973145,0.14517243206501007,-3.4369328022003174,10.491552352905273,-1237.1548881819776,0.0227466252252915
s7_52.tif,EpsonV370-2,300,2480,3508,0.7069555302166477,25495.0732421875,0.9407257437705994,0.17177057266235352,-3.3323802947998047,9.846084594726562,-1139.2394834344227,0.021496487291720306
s7_53.tif,EpsonV370-2,300,2480,3508,0.7069555302166477,25495.0732421875,0.9452245831489563,0.17044667899608612,-3.3696444034576416,9.92138671875,-1296.8890456240483,0.02095406352300732
s7_54.tif,EpsonV370-2,300,2480,3508,0.7069555302166477,25495.0732421875,0.9187137484550476,0.19837145507335663,-2.565070867538452,5.155333518981934,-1088.279782813897,0.028299485967558023
s7_55.tif,EpsonV370-2,300,2480,3508,0.7069555302166477,25495.0732421875,0.9654943346977234,0.10906168818473816,-4.5834856033325195,21.90015983581543,-1204.606582258665,0.020233475558171184
s7_56.tif,EpsonV370-2,300,2480,3508,0.7069555302166477,25495.0732421875,0.9607565402984619,0.12462862581014633,-4.146470069885254,16.839366912841797,-1220.7459258175331,0.026751756354139847
s7_57.tif,EpsonV370-2,300,2480,3508,0.7069555302166477,25495.0732421875,0.9465348124504089,0.14261670410633087,-3.3647871017456055,10.610921859741211,-1083.906684625122,0.03303129712730349
s7_58.tif,EpsonV370-2,300,2480,3508,0.7069555302166477,25495.0732421875,0.9491069912910461,0.14279206097126007,-3.51125431060791,11.520953178405762,-1121.4893516200195,0.04606774377459815
s7_59.tif,EpsonV370-2,300,2480,3508,0.7069555302166477,25495.0732421875,0.94905024766922,0.14076243340969086,-3.4932515621185303,11.572991371154785,-1117.5789550629784,0.04441736859528451
s7_6.tif,EpsonV370-2,300,2480,3508,0.7069555302166477,25495.0732421875,0.9140953421592712,0.1857309639453888,-2.4258577823638916,4.7077107429504395,-927.7240144177588,0.03571261080663552
s7_60.tif,EpsonV370-2,300,2480,3508,0.7069555302166477,25495.0732421875,0.9209060072898865,0.19504234194755554,-2.692473888397217,5.820008277893066,-1024.8442690297284,0.03502880512745062
s7_61.tif,EpsonV370-2,300,2480,3508,0.7069555302166477,25495.0732421875,0.9709210991859436,0.10415423661470413,-5.175013542175293,26.85401153564453,-1242.465116655655,0.012437814948320889
s7_62.tif,EpsonV370-2,300,2480,3508,0.7069555302166477,25495.0732421875,0.9758370518684387,0.09974183887243271,-5.71732759475708,33.287960052490234,-1389.9259173291878,0.01843562640232464
s7_63.tif,EpsonV370-2,300,2480,3508,0.7069555302166477,25495.0732421875,0.9547440409660339,0.14064021408557892,-3.725799560546875,13.032228469848633,-1231.49269073482,0.03004744914849009
s7_64.tif,EpsonV370-2,300,2480,3508,0.7069555302166477,25495.0732421875,0.9585490822792053,0.1246451810002327,-3.7930476665496826,14.141782760620117,-1232.493670995752,0.027906145400375178
s7_65.tif,EpsonV370-2,300,2480,3508,0.7069555302166477,25495.0732421875,0.9602336883544922,0.11781854927539825,-4.000309944152832,16.03508758544922,-1169.3215058411763,0.02410136278368338
s7_66.tif,EpsonV370-2,300,2480,3508,0.7069555302166477,25495.0732421875,0.9404953122138977,0.1599542796611786,-2.9229683876037598,7.197792053222656,-1184.0592995956597,0.019383689814985103
s7_67.tif,EpsonV370-2,300,2480,3508,0.7069555302166477,25495.0732421875,0.9296273589134216,0.18912090361118317,-2.8187077045440674,6.370883941650391,-1163.204290985936,0.01930874590797072
s7_68.tif,EpsonV370-2,300,2480,3508,0.7069555302166477,25495.0732421875,0.9748549461364746,0.10167212039232254,-5.908912181854248,35.41153335571289,-1316.2550707846851,0.01217183304520543
s7_69.tif,EpsonV370-2,300,2480,3508,0.7069555302166477,25495.0732421875,0.9556636810302734,0.1391334980726242,-3.9341230392456055,14.644060134887695,-1200.2449885885826,0.03218162632876007
s7_7.tif,EpsonV370-2,300,2480,3508,0.7069555302166477,25495.0732421875,0.9386909008026123,0.16625061631202698,-2.9906575679779053,7.753659248352051,-1208.8531706803699,0.03846990289476588
s7_70.tif,EpsonV370-2,300,2480,3508,0.7069555302166477,25495.0732421875,0.9298389554023743,0.1858506202697754,-2.9578351974487305,7.311849594116211,-1074.823314500785,0.031293564019568176
s7_71.tif,EpsonV370-2,300,2480,3508,0.7069555302166477,25495.0732421875,0.9518219232559204,0.14429132640361786,-3.636390209197998,12.447575569152832,-1228.9671683122199,0.028470753485121566
s7_72.tif,EpsonV370-2,300,2480,3508,0.7069555302166477,25495.0732421875,0.9550644159317017,0.15995149314403534,-4.178955078125,16.07687759399414,-1276.1430292589441,0.01035605252510391
s7_73.tif,EpsonV370-2,300,2480,3508,0.7069555302166477,25495.0732421875,0.9482276439666748,0.13894982635974884,-3.495722770690918,11.757527351379395,-1086.7630108841092,0.037783798322727775
s7_74.tif,EpsonV370-2,300,2480,3508,0.7069555302166477,25495.0732421875,0.9637966752052307,0.12109748274087906,-4.539806365966797,20.205747604370117,-1212.5357032969705,0.025679437782763822
s7_75.tif,EpsonV370-2,300,2480,3508,0.7069555302166477,25495.0732421875,0.9595727920532227,0.13238778710365295,-4.148067474365234,16.43692398071289,-1228.269417574796,0.02891604903078677
s7_76.tif,EpsonV370-2,300,2480,3508,0.7069555302166477,25495.0732421875,0.9624524712562561,0.12278379499912262,-4.377599239349365,18.698606491088867,-1191.0638628083268,0.02982238753816162
s7_77.tif,EpsonV370-2,300,2480,3508,0.7069555302166477,25495.0732421875,0.967943549156189,0.11536023765802383,-4.782309532165527,22.71075439453125,-1303.8694684351556,0.020803715930407914
s7_78.tif,EpsonV370-2,300,2480,3508,0.7069555302166477,25495.0732421875,0.9564653038978577,0.1327429860830307,-3.8879401683807373,14.620555877685547,-1196.9560778967375,0.03215541895023357
s7_79.tif,EpsonV370-2,300,2480,3508,0.7069555302166477,25495.0732421875,0.9658769369125366,0.11353661864995956,-4.5303473472595215,20.940401077270508,-1267.4919432372658,0.022319950711737226
s7_8.tif,EpsonV370-2,300,2480,3508,0.7069555302166477,25495.0732421875,0.9372131824493408,0.15226542949676514,-3.1074881553649902,9.159255027770996,-1055.7367840659456,0.03532398296980174
s7_80.tif,EpsonV370-2,300,2480,3508,0.7069555302166477,25495.0732421875,0.9648234844207764,0.11554157733917236,-4.405113697052002,19.264413833618164,-1242.849089973343,0.029753650641850884
s7_81.tif,EpsonV370-2,300,2480,3508,0.7069555302166477,25495.0732421875,0.9557346105575562,0.12175420671701431,-3.6410481929779053,13.628387451171875,-1159.4823608919266,0.021714077500275868
s7_82.tif,EpsonV370-2,300,2480,3508,0.7069555302166477,25495.0732421875,0.9663581252098083,0.11873246729373932,-4.757612228393555,22.257362365722656,-1248.2375148932376,0.021949714017729063
s7_83.tif,EpsonV370-2,300,2480,3508,0.7069555302166477,25495.0732421875,0.9735961556434631,0.11020674556493759,-5.217041969299316,26.976652145385742,-1454.0429170551567,0.019547026152205098
s7_84.tif,EpsonV370-2,300,2480,3508,0.7069555302166477,25495.0732421875,0.9647251963615417,0.11799345165491104,-4.605457305908203,20.970054626464844,-1213.7301652659808,0.027133947290984662
s7_85.tif,EpsonV370-2,300,2480,3508,0.7069555302166477,25495.0732421875,0.9454400539398193,0.15438829362392426,-3.255228281021118,9.584493637084961,-1176.7116513665471,0.026567385147313053
s7_86.tif,EpsonV370-2,300,2480,3508,0.7069555302166477,25495.0732421875,0.9405087828636169,0.16767732799053192,-3.173628091812134,8.701817512512207,-1159.398987075559,0.020056575753117298
s7_87.tif,EpsonV370-2,300,2480,3508,0.7069555302166477,25495.0732421875,0.9039306640625,0.19502294063568115,-2.0876386165618896,3.0960822105407715,-972.6354517555637,0.041508004744914846
s7_88.tif,EpsonV370-2,300,1236,1754,0.7046750285062714,6353.5263671875,0.9525612592697144,0.1369723528623581,-3.4265990257263184,11.180373191833496,-1245.770646288394,0.04425852328288923
s7_89.tif,EpsonV370-2,300,2480,3508,0.7069555302166477,25495.0732421875,0.9663410186767578,0.1235162764787674,-4.508361339569092,19.795272827148438,-1371.607358426908,0.024475967374112628
s7_9.tif,EpsonV370-2,300,2480,3508,0.7069555302166477,25495.0732421875,0.9499602913856506,0.1389828473329544,-3.352418899536133,10.50430965423584,-1155.6064880334688,0.02643968164931769
s7_90.tif,EpsonV370-2,300,2480,3508,0.7069555302166477,25495.0732421875,0.9359578490257263,0.16099220514297485,-3.013296127319336,8.20557689666748,-1052.506697276136,0.0430235498583882
s7_91.tif,EpsonV370-2,300,2480,3508,0.7069555302166477,25495.0732421875,0.9775480031967163,0.08605551719665527,-6.411975383758545,42.74728775024414,-1268.884165169807,0.014574635855372053
s7_92.tif,EpsonV370-2,300,2480,3508,0.7069555302166477,25495.0732421875,0.9572834968566895,0.13187696039676666,-3.923661470413208,14.727441787719727,-1203.7835215363464,0.0366790653621216
s7_93.tif,EpsonV370-2,300,2480,3508,0.7069555302166477,25495.0732421875,0.9243870973587036,0.1844203621149063,-2.6384060382843018,5.636552810668945,-1083.3508523216929,0.03361923897450988
s7_94.tif,EpsonV370-2,300,2480,3508,0.7069555302166477,25495.0732421875,0.9657688140869141,0.11770569533109665,-4.580714225769043,20.694232940673828,-1237.9132091122124,0.023232381285173062
s7_95.tif,EpsonV370-2,300,2480,3508,0.7069555302166477,25495.0732421875,0.9575052857398987,0.14782525599002838,-4.00937032699585,14.913705825805664,-1327.3725992370944,0.017814580498032147
s7_96.tif,EpsonV370-2,300,2480,3508,0.7069555302166477,25495.0732421875,0.948241651058197,0.1460905224084854,-3.452683210372925,11.102282524108887,-1136.0724410945065,0.03512489884871446
s7_97.tif,EpsonV370-2,300,2480,3508,0.7069555302166477,25495.0732421875,0.9647685289382935,0.1186332106590271,-4.488018989562988,19.773361206054688,-1232.0208257233207,0.029495829808364293
s7_98.tif,EpsonV370-2,300,2480,3508,0.7069555302166477,25495.0732421875,0.9534547328948975,0.14566439390182495,-3.7837600708007812,13.426433563232422,-1210.853580572457,0.023877565564424174
s7_99.tif,EpsonV370-2,300,2480,3508,0.7069555302166477,25495.0732421875,0.9408532977104187,0.1726006716489792,-3.185587167739868,8.881793975830078,-1266.7310325382778,0.031110572148453305
s8_1.tif,EpsonV39-1,150,1240,1754,0.7069555302166477,6374.0810546875,0.9609847664833069,0.1313851922750473,-3.8513965606689453,14.518291473388672,-1524.6495665374564,0.06669180122852834
s8_10.tif,EpsonV39-1,150,1240,1754,0.7069555302166477,6374.0810546875,0.9554358720779419,0.13654838502407074,-3.6251869201660156,12.945062637329102,-1508.9102669737435,0.06202780740795233
s8_100.tif,EpsonV39-1,150,1240,1754,0.7069555302166477,6374.0810546875,0.9526730179786682,0.13779906928539276,-3.4639134407043457,11.63011646270752,-1436.4834822481866,0.0668347923639975
s8_101.tif,EpsonV39-1,150,1240,1754,0.7069555302166477,6374.0810546875,0.9550123810768127,0.1285136193037033,-3.2019994258880615,9.66191291809082,-1454.073788590847,0.10711415382351859
s8_102.tif,EpsonV39-1,150,1240,1754,0.7069555302166477,6374.0810546875,0.9167994856834412,0.19319185614585876,-2.3481152057647705,4.300478935241699,-1352.4932397581017,0.07503586272850996
s8_103.tif,EpsonV39-1,150,1240,1754,0.7069555302166477,6374.0810546875,0.9698231220245361,0.11544208973646164,-4.5472283363342285,21.030742645263672,-1633.0865040934248,0.04310929856181263
s8_104.tif,EpsonV39-1,150,1240,1754,0.7069555302166477,6374.0810546875,0.9774307608604431,0.10861505568027496,-5.454205513000488,29.581836700439453,-1698.9184208030788,0.03233760620884982
s8_105.tif,EpsonV39-1,150,1240,1754,0.7069555302166477,6374.0810546875,0.950607419013977,0.14639349281787872,-3.158254623413086,9.118815422058105,-1515.4819509532158,0.03775425754956413
s8_106.tif,EpsonV39-1,150,1240,1754,0.7069555302166477,6374.0810546875,0.9865575432777405,0.07894234359264374,-6.990803241729736,51.13037109375,-1819.5496960152348,0.027354066281678743
s8_107.tif,EpsonV39-1,150,1240,1754,0.7069555302166477,6374.0810546875,0.9777202606201172,0.0992385521531105,-5.3021745681762695,28.954946517944336,-1671.8587016832125,0.042677566483981313
s8_108.tif,EpsonV39-1,150,1240,1754,0.7069555302166477,6374.0810546875,0.968684732913971,0.12365657836198807,-4.4556427001953125,19.551776885986328,-1649.8300060596657,0.0540980064001177
s8_11.tif,EpsonV39-1,150,1240,1754,0.7069555302166477,6374.0810546875,0.9244983196258545,0.19960278272628784,-2.6104164123535156,5.3643035888671875,-1469.643640644567,0.05986914701879575
s8_12.tif,EpsonV39-1,150,1240,1754,0.7069555302166477,6374.0810546875,0.9708328247070312,0.12021417170763016,-4.623371601104736,21.112071990966797,-1696.9632519718493,0.04960596976496119
s8_13.tif,EpsonV39-1,150,1240,1754,0.7069555302166477,6374.0810546875,0.9723778963088989,0.11835033446550369,-4.803269863128662,22.814903259277344,-1702.1076675181857,0.044844962665980065
s8_14.tif,EpsonV39-1,150,1240,1754,0.7069555302166477,6374.0810546875,0.9753902554512024,0.11115603893995285,-5.099803447723389,26.027362823486328,-1740.640799944642,0.04120995328649722
s8_15.tif,EpsonV39-1,150,1240,1754,0.7069555302166477,6374.0810546875,0.941087007522583,0.16054104268550873,-2.899670362472534,7.487195014953613,-1447.3693599554085,0.06730146761319748
s8_16.tif,EpsonV39-1,150,1240,1754,0.7069555302166477,6374.0810546875,0.9616343975067139,0.12734036147594452,-3.887094020843506,14.944616317749023,-1500.679468127686,0.05913671975576562
s8_17.tif,EpsonV39-1,150,1240,1754,0.7069555302166477,6374.0810546875,0.9311469197273254,0.19718380272388458,-2.809213876724243,6.295868873596191,-1537.8051337117986,0.04681327472689153
s8_18.tif,EpsonV39-1,150,1240,1754,0.7069555302166477,6374.0810546875,0.9044491648674011,0.20288407802581787,-2.0678441524505615,2.9544129371643066,-1288.341621344925,0.06434187295398536
s8_19.tif,EpsonV39-1,150,1240,1754,0.7069555302166477,6374.0810546875,0.9335852265357971,0.19379208981990814,-2.9617059230804443,7.412485122680664,-1534.9368257367291,0.04784501783940854
s8_2.tif,EpsonV39-1,150,1240,1754,0.7069555302166477,6374.0810546875,0.9682738780975342,0.125925213098526,-4.430548191070557,19.238752365112305,-1672.9240445141265,0.05186670099679994
s8_20.tif,EpsonV39-1,150,1240,1754,0.7069555302166477,6374.0810546875,0.9398112893104553,0.16804459691047668,-2.911282539367676,7.4025774002075195,-1514.1191996116381,0.07060635597896053
s8_21.tif,EpsonV39-1,150,1240,1754,0.7069555302166477,6374.0810546875,0.925010621547699,0.20253808796405792,-2.7088053226470947,5.927849769592285,-1460.9461107022287,0.06697134659947769
s8_22.tif,EpsonV39-1,150,1240,1754,0.7069555302166477,6374.0810546875,0.9707751870155334,0.12050740420818329,-4.639394760131836,21.321828842163086,-1698.1896967829819,0.04533508662228271
s8_23.tif,EpsonV39-1,150,1240,1754,0.7069555302166477,6374.0810546875,0.9757241606712341,0.10061465203762054,-4.935710430145264,25.085742950439453,-1650.8292480248776,0.052093371832125646
s8_24.tif,EpsonV39-1,150,1240,1754,0.7069555302166477,6374.0810546875,0.965514063835144,0.11614125221967697,-3.943584680557251,15.560100555419922,-1539.3494896131094,0.08215875234487072
s8_25.tif,EpsonV39-1,150,1240,1754,0.7069555302166477,6374.0810546875,0.9688698649406433,0.11065665632486343,-4.192504405975342,17.85373306274414,-1597.4206864505943,0.07612231949093316
s8_26.tif,EpsonV39-1,150,1240,1754,0.7069555302166477,6374.0810546875,0.9678614735603333,0.12459991872310638,-4.171994686126709,16.64278221130371,-1685.9559514047485,0.03433488431971163
s8_27.tif,EpsonV39-1,150,1240,1754,0.7069555302166477,6374.0810546875,0.975071132183075,0.1009916365146637,-4.7491374015808105,23.146137237548828,-1666.055091970474,0.054885147313054036
s8_28.tif,EpsonV39-1,150,1240,1754,0.7069555302166477,6374.0810546875,0.9717296957969666,0.10767851769924164,-4.28773307800293,18.2305908203125,-1674.5445347737211,0.04736960679736639
s8_29.tif,EpsonV39-1,150,1240,1754,0.7069555302166477,6374.0810546875,0.9595881700515747,0.12319154292345047,-3.4737601280212402,11.671826362609863,-1497.0067986331921,0.09778984441093169
s8_3.tif,EpsonV39-1,150,1240,1754,0.7069555302166477,6374.0810546875,0.9657002687454224,0.12862925231456757,-4.217653751373291,17.40343475341797,-1643.028028810412,0.060317431125170115
s8_30.tif,EpsonV39-1,150,1240,1754,0.7069555302166477,6374.0810546875,0.9725416898727417,0.10161398351192474,-4.352306842803955,19.207090377807617,-1583.0431003729489,0.05976293816897782
s8_31.tif,EpsonV39-1,150,1240,1754,0.7069555302166477,6374.0810546875,0.9600929021835327,0.12192743271589279,-3.494724750518799,11.877199172973633,-1500.7988394333631,0.09185456284253503
s8_32.tif,EpsonV39-1,150,1240,1754,0.7069555302166477,6374.0810546875,0.9643620848655701,0.12140773981809616,-4.0202717781066895,16.337949752807617,-1581.241381561656,0.0650687828741678
s8_33.tif,EpsonV39-1,150,1240,1754,0.7069555302166477,6374.0810546875,0.9669182300567627,0.11528685688972473,-4.035504341125488,16.370864868164062,-1582.6112948323932,0.07232960606172067
s8_34.tif,EpsonV39-1,150,1240,1754,0.7069555302166477,6374.0810546875,0.9715617895126343,0.10609255731105804,-4.334059715270996,19.001136779785156,-1642.512615181652,0.06685686173538824
s8_35.tif,EpsonV39-1,150,1240,1754,0.7069555302166477,6374.0810546875,0.9518955945968628,0.13337396085262299,-3.0891144275665283,8.927291870117188,-1449.1645889343786,0.1124521830286534
s8_36.tif,EpsonV39-1,150,1240,1754,0.7069555302166477,6374.0810546875,0.9944638013839722,0.05164926126599312,-11.473591804504395,139.37850952148438,-1889.3099252579777,0.008449810571228896
s8_37.tif,EpsonV39-1,150,1240,1754,0.7069555302166477,6374.0810546875,0.9487916827201843,0.15455470979213715,-3.1872119903564453,9.137028694152832,-1534.198623151589,0.056677364181410235
s8_38.tif,EpsonV39-1,150,1240,1754,0.7069555302166477,6374.0810546875,0.9544597268104553,0.1403101235628128,-3.437767267227173,11.32236099243164,-1524.0620682123715,0.06665915695001287
s8_39.tif,EpsonV39-1,150,1240,1754,0.7069555302166477,6374.0810546875,0.9619495868682861,0.13591164350509644,-3.938011884689331,14.829507827758789,-1620.7178438606336,0.0652407400595873
s8_4.tif,EpsonV39-1,150,1240,1754,0.7069555302166477,6374.0810546875,0.943634569644928,0.15685831010341644,-2.7886886596679688,6.521083831787109,-1530.6778354968815,0.06121951668076654
s8_40.tif,EpsonV39-1,150,1240,1754,0.7069555302166477,6374.0810546875,0.9795814752578735,0.09678686410188675,-5.573215484619141,31.908084869384766,-1712.0675773177538,0.037834718799426195
s8_41.tif,EpsonV39-1,150,1240,1754,0.7069555302166477,6374.0810546875,0.9743372201919556,0.10579143464565277,-4.766539096832275,23.06337547302246,-1696.965335941443,0.05365753852944422
s8_42.tif,EpsonV39-1,150,1240,1754,0.7069555302166477,6374.0810546875,0.8830686807632446,0.24569083750247955,-1.8494758605957031,1.7024097442626953,-1304.15909176118,0.06087330341707434
s8_43.tif,EpsonV39-1,150,1240,1754,0.7069555302166477,6374.0810546875,0.9720555543899536,0.11856447160243988,-4.776538372039795,22.595088958740234,-1696.5540396949386,0.04530382167947916
s8_44.tif,EpsonV39-1,150,1240,1754,0.7069555302166477,6374.0810546875,0.9300454258918762,0.19621002674102783,-2.7685093879699707,6.1085920333862305,-1491.555041556398,0.05774634935814912
s8_45.tif,EpsonV39-1,150,1240,1754,0.7069555302166477,6374.0810546875,0.9753697514533997,0.111960269510746,-5.114560604095459,26.0733585357666,-1737.4196229860333,0.04090833854415713
s8_46.tif,EpsonV39-1,150,1240,1754,0.7069555302166477,6374.0810546875,0.9231838583946228,0.1930738240480423,-2.4981470108032227,4.829367637634277,-1423.576540500198,0.06916908816713871
s8_47.tif,EpsonV39-1,150,1240,1754,0.7069555302166477,6374.0810546875,0.9626350998878479,0.13013295829296112,-4.083913326263428,16.801902770996094,-1600.7386992689517,0.05078989958436017
s8_48.tif,EpsonV39-1,150,1240,1754,0.7069555302166477,6374.0810546875,0.9284195899963379,0.18314021825790405,-2.7539243698120117,6.562813758850098,-1394.2856646577368,0.04530014345091404
s8_49.tif,EpsonV39-1,150,1240,1754,0.7069555302166477,6374.0810546875,0.965106725692749,0.11847105622291565,-3.8413896560668945,14.55807876586914,-1584.2362324628614,0.06959990068782874
s8_5.tif,EpsonV39-1,150,1240,1754,0.7069555302166477,6374.0810546875,0.9263688325881958,0.17738261818885803,-2.5210795402526855,5.315382957458496,-1382.32936467731,0.07982583587744142
s8_50.tif,EpsonV39-1,150,1240,1754,0.7069555302166477,6374.0810546875,0.9225865602493286,0.2156755030155182,-2.7366368770599365,5.921907424926758,-1552.2373619465907,0.04241733181299886
s8_51.tif,EpsonV39-1,150,1240,1754,0.7069555302166477,6374.0810546875,0.9619097113609314,0.13297949731349945,-3.630666971206665,12.253232955932617,-1661.4959039901883,0.0367689520726818
s8_52.tif,EpsonV39-1,150,1240,1754,0.7069555302166477,6374.0810546875,0.9511577486991882,0.16484814882278442,-3.506716012954712,11.087423324584961,-1568.6546127124118,0.03620756243792989
s8_53.tif,EpsonV39-1,150,1240,1754,0.7069555302166477,6374.0810546875,0.9529332518577576,0.1626562774181366,-3.4916880130767822,10.792412757873535,-1666.5052445020112,0.0340112002059808
s8_54.tif,EpsonV39-1,150,1240,1754,0.7069555302166477,6374.0810546875,0.9306206703186035,0.1879262924194336,-2.7057688236236572,5.975510597229004,-1507.052819351236,0.04964551072203627
s8_55.tif,EpsonV39-1,150,1240,1754,0.7069555302166477,6374.0810546875,0.9750403165817261,0.10102840512990952,-5.076570987701416,27.153858184814453,-1637.8460629655551,0.03234358333026814
s8_56.tif,EpsonV39-1,150,1240,1754,0.7069555302166477,6374.0810546875,0.9705278277397156,0.11693638563156128,-4.494654178619385,20.163854598999023,-1672.8670768016477,0.04326102549012396
s8_57.tif,EpsonV39-1,150,1240,1754,0.7069555302166477,6374.0810546875,0.9580475091934204,0.13331148028373718,-3.641010046005249,12.8543119430542,-1506.1760862991064,0.05372604553646964
s8_58.tif,EpsonV39-1,150,1240,1754,0.7069555302166477,6374.0810546875,0.9594926238059998,0.13591867685317993,-3.7705113887786865,13.65611457824707,-1554.481270534587,0.07653198219737374
s8_59.tif,EpsonV39-1,150,1240,1754,0.7069555302166477,6374.0810546875,0.9595869779586792,0.13210253417491913,-3.7146475315093994,13.391592025756836,-1547.7696907476839,0.06725181152756832
s8_6.tif,EpsonV39-1,150,1240,1754,0.7069555302166477,6374.0810546875,0.9301971197128296,0.1741272658109665,-2.6280815601348877,5.838510513305664,-1364.011505421138,0.05719231618052746
s8_60.tif,EpsonV39-1,150,1240,1754,0.7069555302166477,6374.0810546875,0.9344906210899353,0.18390299379825592,-2.825183868408203,6.612009048461914,-1484.407421916974,0.05576654283297164
s8_61.tif,EpsonV39-1,150,1240,1754,0.7069555302166477,6374.0810546875,0.9806278944015503,0.09599732607603073,-5.677788734436035,32.716251373291016,-1714.596518538285,0.019993471144296907
s8_62.tif,EpsonV39-1,150,1240,1754,0.7069555302166477,6374.0810546875,0.9825283885002136,0.09423017501831055,-6.2258620262146,39.6370964050293,-1798.5834405888097,0.029061683893037114
s8_63.tif,EpsonV39-1,150,1240,1754,0.7069555302166477,6374.0810546875,0.9632481336593628,0.1335648000240326,-3.899245500564575,14.45185661315918,-1651.6141183777586,0.04531255747232133
s8_64.tif,EpsonV39-1,150,1240,1754,0.7069555302166477,6374.0810546875,0.9667044281959534,0.116447813808918,-4.026337146759033,16.311317443847656,-1599.3623319827163,0.04046281310920661
s8_65.tif,EpsonV39-1,150,1240,1754,0.7069555302166477,6374.0810546875,0.9711276292800903,0.10953735560178757,-4.28878927230835,18.716073989868164,-1707.8264517085233,0.03351509912825983
s8_66.tif,EpsonV39-1,150,1240,1754,0.7069555302166477,6374.0810546875,0.9500386118888855,0.15059798955917358,-3.0432510375976562,8.014760971069336,-1571.785876515522,0.032955088829219846
s8_67.tif,EpsonV39-1,150,1240,1754,0.7069555302166477,6374.0810546875,0.9393776655197144,0.18091532588005066,-2.9124200344085693,6.928057670593262,-1572.6973987757076,0.0304984919262883
s8_68.tif,EpsonV39-1,150,1240,1754,0.7069555302166477,6374.0810546875,0.9832950830459595,0.09495570510625839,-6.462151527404785,42.078548431396484,-1772.9011289076109,0.01955024460219958
s8_69.tif,EpsonV39-1,150,1240,1754,0.7069555302166477,6374.0810546875,0.9647768139839172,0.1338808834552765,-4.171603679656982,16.698162078857422,-1657.701841579041,0.05503181667708831
s8_7.tif,EpsonV39-1,150,1240,1754,0.7069555302166477,6374.0810546875,0.9475566148757935,0.1571432203054428,-3.152103900909424,8.898492813110352,-1548.2519563036612,0.05905993673446868
s8_70.tif,EpsonV39-1,150,1240,1754,0.7069555302166477,6374.0810546875,0.9417706727981567,0.17826607823371887,-3.098572254180908,8.167780876159668,-1553.0321407737556,0.05209107293927245
s8_71.tif,EpsonV39-1,150,1240,1754,0.7069555302166477,6374.0810546875,0.9601150751113892,0.13685090839862823,-3.859650135040283,14.228403091430664,-1570.8729390158362,0.04678292934122926
s8_72.tif,EpsonV39-1,150,1240,1754,0.7069555302166477,6374.0810546875,0.9634984135627747,0.1567915678024292,-4.342780113220215,17.314037322998047,-1762.8936711940912,0.016914793835288926
s8_73.tif,EpsonV39-1,150,1240,1754,0.7069555302166477,6374.0810546875,0.9591166377067566,0.13158538937568665,-3.8129913806915283,14.328226089477539,-1502.092938508307,0.061974013315187405
s8_74.tif,EpsonV39-1,150,1240,1754,0.7069555302166477,6374.0810546875,0.9735345840454102,0.11574696004390717,-4.898160934448242,23.766544342041016,-1723.2996074585747,0.04243572295582448
s8_75.tif,EpsonV39-1,150,1240,1754,0.7069555302166477,6374.0810546875,0.9678513407707214,0.1276901215314865,-4.426235675811768,19.00434684753418,-1636.1073390728648,0.048956302644646336
s8_76.tif,EpsonV39-1,150,1240,1754,0.7069555302166477,6374.0810546875,0.9713263511657715,0.11797197163105011,-4.6593708992004395,21.491445541381836,-1661.002559032703,0.04901975208739471
s8_77.tif,EpsonV39-1,150,1240,1754,0.7069555302166477,6374.0810546875,0.9753942489624023,0.10963214188814163,-5.119593143463135,26.180553436279297,-1679.2899947519993,0.033797403170633025
s8_78.tif,EpsonV39-1,150,1240,1754,0.7069555302166477,6374.0810546875,0.9659214615821838,0.12646448612213135,-4.2216925621032715,17.63534927368164,-1638.3277903153519,0.05357385882958767
s8_79.tif,EpsonV39-1,150,1240,1754,0.7069555302166477,6374.0810546875,0.9744396209716797,0.10623690485954285,-5.020947456359863,26.183340072631836,-1682.3345998671052,0.03630411593776437
s8_8.tif,EpsonV39-1,150,1240,1754,0.7069555302166477,6374.0810546875,0.9498891830444336,0.14281471073627472,-3.4401557445526123,11.469021797180176,-1440.0416402199048,0.055200095633942695
s8_80.tif,EpsonV39-1,150,1240,1754,0.7069555302166477,6374.0810546875,0.9740311503410339,0.10859639942646027,-4.808130264282227,23.414539337158203,-1700.1739142477686,0.04824916320300143
s8_81.tif,EpsonV39-1,150,1240,1754,0.7069555302166477,6374.0810546875,0.9662526845932007,0.11185741424560547,-4.015448570251465,17.246315002441406,-1582.1688632865644,0.033523375142531356
s8_82.tif,EpsonV39-1,150,1240,1754,0.7069555302166477,6374.0810546875,0.9748234152793884,0.11414500325918198,-5.122513771057129,25.987079620361328,-1682.2857319767231,0.03644572773752161
s8_83.tif,EpsonV39-1,150,1240,1754,0.7069555302166477,6374.0810546875,0.9787991642951965,0.10561828315258026,-5.595699310302734,31.38500213623047,-1770.8387476492237,0.03241852723728252
s8_84.tif,EpsonV39-1,150,1240,1754,0.7069555302166477,6374.0810546875,0.974274218082428,0.11219813674688339,-4.976010322570801,24.771045684814453,-1696.8400488166608,0.044577371537867366
s8_85.tif,EpsonV39-1,150,1240,1754,0.7069555302166477,6374.0810546875,0.9560813903808594,0.1435200572013855,-3.474121570587158,11.280799865722656,-1614.3854188983516,0.041271103836392396
s8_86.tif,EpsonV39-1,150,1240,1754,0.7069555302166477,6374.0810546875,0.9522247910499573,0.15758442878723145,-3.3488688468933105,9.899415969848633,-1645.124205623409,0.033570272556736676
s8_87.tif,EpsonV39-1,150,1240,1754,0.7069555302166477,6374.0810546875,0.9195968508720398,0.18007497489452362,-2.294149160385132,4.234075546264648,-1332.7733430368853,0.06868034354654798
s8_88.tif,EpsonV39-1,150,1240,1754,0.7069555302166477,6374.0810546875,0.9613694548606873,0.130141019821167,-3.79066801071167,14.157114028930664,-1576.3713052792643,0.041803987199764595
s8_89.tif,EpsonV39-1,150,1240,1754,0.7069555302166477,6374.0810546875,0.9730100631713867,0.11708736419677734,-4.839468955993652,23.21208953857422,-1727.391487130247,0.04008073711700445
s8_9.tif,EpsonV39-1,150,1240,1754,0.7069555302166477,6374.0810546875,0.9608108401298523,0.12872453033924103,-3.6670567989349365,13.247974395751953,-1562.4109991760731,0.04245503365579137
s8_90.tif,EpsonV39-1,150,1240,1754,0.7069555302166477,6374.0810546875,0.9483937621116638,0.15022845566272736,-3.2210166454315186,9.697002410888672,-1480.6568063702466,0.06266230183543606
s8_91.tif,EpsonV39-1,150,1240,1754,0.7069555302166477,6374.0810546875,0.9866833090782166,0.0801166519522667,-7.1346917152404785,52.787784576416016,-1785.205717717924,0.022887317467907457
s8_92.tif,EpsonV39-1,150,1240,1754,0.7069555302166477,6374.0810546875,0.9667614698410034,0.12540709972381592,-4.227550029754639,17.49105453491211,-1654.4583833024096,0.06056525177474528
s8_93.tif,EpsonV39-1,150,1240,1754,0.7069555302166477,6374.0810546875,0.9366323947906494,0.17307518422603607,-2.800868511199951,6.628199577331543,-1469.5384950203645,0.05721714422334204
s8_94.tif,EpsonV39-1,150,1240,1754,0.7069555302166477,6374.0810546875,0.9742258191108704,0.11130209267139435,-4.908559799194336,24.133991241455078,-1671.6558893630247,0.03610733070953029
s8_95.tif,EpsonV39-1,150,1240,1754,0.7069555302166477,6374.0810546875,0.9649471640586853,0.1405344009399414,-4.180328369140625,16.340896606445312,-1740.8484484277728,0.02941065582815316
s8_96.tif,EpsonV39-1,150,1240,1754,0.7069555302166477,6374.0810546875,0.9586969017982483,0.138254314661026,-3.695528030395508,13.070539474487305,-1575.6597238338563,0.05723047780189061
s8_97.tif,EpsonV39-1,150,1240,1754,0.7069555302166477,6374.0810546875,0.9732885956764221,0.11304892599582672,-4.815810203552246,23.165254592895508,-1683.4388458459698,0.04807996468900577
s8_98.tif,EpsonV39-1,150,1240,1754,0.7069555302166477,6374.0810546875,0.9625996351242065,0.13857465982437134,-4.021148204803467,15.436094284057617,-1627.7937850985438,0.03930555044690477
s8_99.tif,EpsonV39-1,150,1240,1754,0.7069555302166477,6374.0810546875,0.949056088924408,0.1638151854276657,-3.3436965942382812,10.017148971557617,-1598.4039312344478,0.05092461470555781
s8_1.tif,EpsonV39-1,300,2480,3508,0.7069555302166477,25495.0732421875,0.958046555519104,0.14373274147510529,-3.8382186889648438,13.89794921875,-1469.20878638598,0.03949865744657373
s8_10.tif,EpsonV39-1,300,2480,3508,0.7069555302166477,25495.0732421875,0.953277587890625,0.14620113372802734,-3.629603862762451,12.559086799621582,-1460.910301134479,0.03746379243756207
s8_100.tif,EpsonV39-1,300,2480,3508,0.7069555302166477,25495.0732421875,0.9493101239204407,0.14964193105697632,-3.46086049079895,11.242008209228516,-1360.1786385810956,0.0432148177437746
s8_101.tif,EpsonV39-1,300,2480,3508,0.7069555302166477,25495.0732421875,0.9502997994422913,0.14781922101974487,-3.2923009395599365,9.886566162109375,-1383.939503589432,0.06727790396145217
s8_102.tif,EpsonV39-1,300,2480,3508,0.7069555302166477,25495.0732421875,0.9134286046028137,0.20125989615917206,-2.3319950103759766,4.114598751068115,-1273.3768770895308,0.05002827638209438
s8_103.tif,EpsonV39-1,300,2480,3508,0.7069555302166477,25495.0732421875,0.9675768613815308,0.12428586184978485,-4.511183738708496,20.14105796813965,-1557.532934969493,0.025322419722661565
s8_104.tif,EpsonV39-1,300,2480,3508,0.7069555302166477,25495.0732421875,0.9749310612678528,0.11653691530227661,-5.347498893737793,27.80961036682129,-1575.362161201869,0.018196656490234303
s8_105.tif,EpsonV39-1,300,2480,3508,0.7069555302166477,25495.0732421875,0.9490077495574951,0.15212346613407135,-3.193419933319092,9.272926330566406,-1459.1164908860574,0.022140522124544818
s8_106.tif,EpsonV39-1,300,2480,3508,0.7069555302166477,25495.0732421875,0.9850255846977234,0.08680266886949539,-6.899969577789307,48.636016845703125,-1741.2347183110162,0.015754772501563246
s8_107.tif,EpsonV39-1,300,2480,3508,0.7069555302166477,25495.0732421875,0.9755520820617676,0.1094970554113388,-5.286002159118652,27.857852935791016,-1597.657716048644,0.02481781274138375
s8_108.tif,EpsonV39-1,300,2480,3508,0.7069555302166477,25495.0732421875,0.9658606648445129,0.13562169671058655,-4.377669811248779,18.20581817626953,-1578.2662777608443,0.03184644775076323
s8_11.tif,EpsonV39-1,300,2480,3508,0.7069555302166477,25495.0732421875,0.9215809106826782,0.207035094499588,-2.5749430656433105,5.067252159118652,-1397.5156274187013,0.036768837128039134
s8_12.tif,EpsonV39-1,300,2480,3508,0.7069555302166477,25495.0732421875,0.9682058691978455,0.13132868707180023,-4.543453693389893,19.719829559326172,-1613.57945778823,0.02893800345753485
s8_13.tif,EpsonV39-1,300,2480,3508,0.7069555302166477,25495.0732421875,0.9698728919029236,0.12885236740112305,-4.717531204223633,21.34552574157715,-1618.7992714021111,0.02597990307867731
s8_14.tif,EpsonV39-1,300,2480,3508,0.7069555302166477,25495.0732421875,0.9729827046394348,0.12130316346883774,-5.010788440704346,24.36871910095215,-1645.5768607841032,0.023953888807150478
s8_15.tif,EpsonV39-1,300,2480,3508,0.7069555302166477,25495.0732421875,0.9388623833656311,0.1688365638256073,-2.9178707599639893,7.424474716186523,-1402.202233135291,0.043115045793945636
s8_16.tif,EpsonV39-1,300,2480,3508,0.7069555302166477,25495.0732421875,0.9594245553016663,0.13685671985149384,-3.90146803855896,14.660369873046875,-1451.9309010548873,0.037394365873395376
s8_17.tif,EpsonV39-1,300,2480,3508,0.7069555302166477,25495.0732421875,0.9284484386444092,0.20387309789657593,-2.768786907196045,5.9803466796875,-1458.5288819938198,0.027283375326442785
s8_18.tif,EpsonV39-1,300,2480,3508,0.7069555302166477,25495.0732421875,0.9014037251472473,0.20971648395061493,-2.0686302185058594,2.899563789367676,-1213.9898692670931,0.0423671010041564
s8_19.tif,EpsonV39-1,300,2480,3508,0.7069555302166477,25495.0732421875,0.9310367107391357,0.1999434232711792,-2.91312313079834,6.995151519775391,-1447.9673089213118,0.028590755692058704
s8_2.tif,EpsonV39-1,300,2480,3508,0.7069555302166477,25495.0732421875,0.9655618667602539,0.1369239091873169,-4.342735767364502,17.863210678100586,-1595.209417575079,0.030613551513591054
s8_20.tif,EpsonV39-1,300,2480,3508,0.7069555302166477,25495.0732421875,0.9364043474197388,0.17925886809825897,-2.889965772628784,7.056923866271973,-1448.2539102281814,0.04205192279398242
s8_21.tif,EpsonV39-1,300,2480,3508,0.7069555302166477,25495.0732421875,0.9218446612358093,0.2106742560863495,-2.6489994525909424,5.456299781799316,-1399.8473638238283,0.04093776437267812
s8_22.tif,EpsonV39-1,300,2480,3508,0.7069555302166477,25495.0732421875,0.9683566689491272,0.12975546717643738,-4.559421062469482,19.988679885864258,-1603.511315353681,0.026351519108397396
s8_23.tif,EpsonV39-1,300,2480,3508,0.7069555302166477,25495.0732421875,0.9734809994697571,0.11316384375095367,-4.976802825927734,24.594635009765625,-1600.908888028497,0.03184242468827013
s8_24.tif,EpsonV39-1,300,2480,3508,0.7069555302166477,25495.0732421875,0.9615026116371155,0.1334008276462555,-3.9972994327545166,15.317611694335938,-1449.8188695792533,0.050139887630117334
s8_25.tif,EpsonV39-1,300,2480,3508,0.7069555302166477,25495.0732421875,0.9662221670150757,0.12537480890750885,-4.248233795166016,17.637094497680664,-1566.8540577418044,0.04587613105528378
s8_26.tif,EpsonV39-1,300,2480,3508,0.7069555302166477,25495.0732421875,0.9659701585769653,0.13075201213359833,-4.157095909118652,16.346975326538086,-1597.161688236871,0.021274069408173023
s8_27.tif,EpsonV39-1,300,2480,3508,0.7069555302166477,25495.0732421875,0.972877562046051,0.11418194323778152,-4.807332992553711,22.838932037353516,-1630.406200172936,0.03398361349174238
s8_28.tif,EpsonV39-1,300,2480,3508,0.7069555302166477,25495.0732421875,0.9696274995803833,0.11578569561243057,-4.358339786529541,18.666851043701172,-1578.2528276033954,0.030501135653069483
s8_29.tif,EpsonV39-1,300,2480,3508,0.7069555302166477,25495.0732421875,0.9556689858436584,0.14324381947517395,-3.576594352722168,11.865188598632812,-1467.8454697355348,0.061389060028690184
s8_3.tif,EpsonV39-1,300,2480,3508,0.7069555302166477,25495.0732421875,0.9626361727714539,0.1409510374069214,-4.141549587249756,16.155899047851562,-1559.818420236408,0.03573847335123405
s8_30.tif,EpsonV39-1,300,2480,3508,0.7069555302166477,25495.0732421875,0.9701082110404968,0.115727499127388,-4.511224746704102,20.074615478515625,-1540.6286347097082,0.037836902747636736
s8_31.tif,EpsonV39-1,300,2480,3508,0.7069555302166477,25495.0732421875,0.9566075801849365,0.1403672993183136,-3.6050705909729004,12.166764259338379,-1479.3706209271916,0.057614967631588625
s8_32.tif,EpsonV39-1,300,2480,3508,0.7069555302166477,25495.0732421875,0.9617564082145691,0.13213065266609192,-3.991534948348999,15.57236099243164,-1516.3381355597728,0.03915347868466546
s8_33.tif,EpsonV39-1,300,2480,3508,0.7069555302166477,25495.0732421875,0.9641194939613342,0.13089540600776672,-4.088052749633789,16.064481735229492,-1558.1261416504985,0.04462771729135249
s8_34.tif,EpsonV39-1,300,2480,3508,0.7069555302166477,25495.0732421875,0.9689143896102905,0.1218232661485672,-4.425044059753418,19.04160499572754,-1605.567851654139,0.04169754846066134
s8_35.tif,EpsonV39-1,300,2480,3508,0.7069555302166477,25495.0732421875,0.9469702243804932,0.1533624678850174,-3.1594064235687256,8.96536636352539,-1384.42916091707,0.07154545370949351
s8_36.tif,EpsonV39-1,300,2480,3508,0.7069555302166477,25495.0732421875,0.993389904499054,0.056204020977020264,-11.217449188232422,130.5446014404297,-1788.1569413800187,0.005267223305256189
s8_37.tif,EpsonV39-1,300,2480,3508,0.7069555302166477,25495.0732421875,0.9466772079467773,0.1630200743675232,-3.1798720359802246,8.88769245147705,-1497.31948347502,0.035581688858645676
s8_38.tif,EpsonV39-1,300,2480,3508,0.7069555302166477,25495.0732421875,0.9509710669517517,0.15260472893714905,-3.4471018314361572,11.023686408996582,-1436.0629490818835,0.04005751829918711
s8_39.tif,EpsonV39-1,300,2480,3508,0.7069555302166477,25495.0732421875,0.9585890173912048,0.14883171021938324,-3.877448081970215,13.862556457519531,-1537.1922545873576,0.03784851215654541
s8_4.tif,EpsonV39-1,300,2480,3508,0.7069555302166477,25495.0732421875,0.9405574798583984,0.1671917587518692,-2.825058698654175,6.661114692687988,-1457.579904091435,0.03661021352116821
s8_40.tif,EpsonV39-1,300,2480,3508,0.7069555302166477,25495.0732421875,0.9773457646369934,0.10724657028913498,-5.51998233795166,30.27954864501953,-1624.3379096086644,0.02313421856034134
s8_41.tif,EpsonV39-1,300,2480,3508,0.7069555302166477,25495.0732421875,0.9722452163696289,0.11829254031181335,-4.7780585289001465,22.33502769470215,-1660.7194647991346,0.03280451134733512
s8_42.tif,EpsonV39-1,300,2480,3508,0.7069555302166477,25495.0732421875,0.8800776600837708,0.2511143386363983,-1.8321627378463745,1.604234218597412,-1228.4878058826066,0.038118402177511314
s8_43.tif,EpsonV39-1,300,2480,3508,0.7069555302166477,25495.0732421875,0.9695195555686951,0.12871596217155457,-4.6906819343566895,21.128480911254883,-1602.3769245547005,0.026530832750947145
s8_44.tif,EpsonV39-1,300,2480,3508,0.7069555302166477,25495.0732421875,0.9268974661827087,0.20389720797538757,-2.7216224670410156,5.738269805908203,-1406.758166554142,0.034732247949387576
s8_45.tif,EpsonV39-1,300,2480,3508,0.7069555302166477,25495.0732421875,0.9732236266136169,0.1216249093413353,-5.014064788818359,24.347293853759766,-1668.3454123640267,0.02385124324125501
s8_46.tif,EpsonV39-1,300,2480,3508,0.7069555302166477,25495.0732421875,0.9210198521614075,0.20052950084209442,-2.476808547973633,4.600357532501221,-1395.0975239233737,0.044313113804391804
s8_47.tif,EpsonV39-1,300,2480,3508,0.7069555302166477,25495.0732421875,0.960101306438446,0.13956931233406067,-4.035242080688477,15.858768463134766,-1521.508058361826,0.029726983484753743
s8_48.tif,EpsonV39-1,300,2480,3508,0.7069555302166477,25495.0732421875,0.9259365797042847,0.18883749842643738,-2.7288947105407715,6.303875923156738,-1305.3737759111164,0.028031205171589364
s8_49.tif,EpsonV39-1,300,2480,3508,0.7069555302166477,25495.0732421875,0.9620328545570374,0.1328735649585724,-3.895707130432129,14.46592903137207,-1527.1229704575555,0.04537888053113621
s8_5.tif,EpsonV39-1,300,2480,3508,0.7069555302166477,25495.0732421875,0.9228731393814087,0.18751691281795502,-2.513972043991089,5.116307258605957,-1314.9786977403226,0.05121243609077868
s8_50.tif,EpsonV39-1,300,2480,3508,0.7069555302166477,25495.0732421875,0.920518159866333,0.22035352885723114,-2.6929025650024414,5.608587265014648,-1481.862653919259,0.025693231139883033
s8_51.tif,EpsonV39-1,300,2480,3508,0.7069555302166477,25495.0732421875,0.9597988724708557,0.14002548158168793,-3.6552717685699463,12.345497131347656,-1572.6814771315119,0.02222650071725457
s8_52.tif,EpsonV39-1,300,2480,3508,0.7069555302166477,25495.0732421875,0.9494920969009399,0.1700248271226883,-3.4711973667144775,10.689160346984863,-1519.3310456644915,0.02085659046603156
s8_53.tif,EpsonV39-1,300,2480,3508,0.7069555302166477,25495.0732421875,0.9509375095367432,0.16862116754055023,-3.457718849182129,10.438286781311035,-1588.4451293535003,0.02058842461470556
s8_54.tif,EpsonV39-1,300,2480,3508,0.7069555302166477,25495.0732421875,0.9285213947296143,0.19384166598320007,-2.6904408931732178,5.806293487548828,-1447.9365886785188,0.02898616526280943
s8_55.tif,EpsonV39-1,300,2480,3508,0.7069555302166477,25495.0732421875,0.9729745388031006,0.10876872390508652,-5.095583438873291,26.71344566345215,-1538.046038428788,0.019543347923639976
s8_56.tif,EpsonV39-1,300,2480,3508,0.7069555302166477,25495.0732421875,0.9689182639122009,0.12542802095413208,-4.500735759735107,19.735660552978516,-1634.4786736946899,0.02591128112700923
s8_57.tif,EpsonV39-1,300,2480,3508,0.7069555302166477,25495.0732421875,0.9552929997444153,0.14280590415000916,-3.6389169692993164,12.529308319091797,-1428.5868909892029,0.032076681870011406
s8_58.tif,EpsonV39-1,300,2480,3508,0.7069555302166477,25495.0732421875,0.955595850944519,0.15094605088233948,-3.7308056354522705,12.838330268859863,-1474.7801451363202,0.04492186063191967
s8_59.tif,EpsonV39-1,300,2480,3508,0.7069555302166477,25495.0732421875,0.9562757015228271,0.14501866698265076,-3.6907284259796143,12.711308479309082,-1470.8539407813403,0.043788621399933794
s8_6.tif,EpsonV39-1,300,2480,3508,0.7069555302166477,25495.0732421875,0.9274718761444092,0.1808648258447647,-2.633898973464966,5.792186737060547,-1283.0558687915154,0.03704654338470593
s8_60.tif,EpsonV39-1,300,2480,3508,0.7069555302166477,25495.0732421875,0.9315302968025208,0.19115443527698517,-2.786153554916382,6.2666015625,-1393.3787446525873,0.03561571247287306
s8_61.tif,EpsonV39-1,300,2480,3508,0.7069555302166477,25495.0732421875,0.978836178779602,0.1009688526391983,-5.661233901977539,32.1998405456543,-1599.0334665661828,0.01178492937801155
s8_62.tif,EpsonV39-1,300,2480,3508,0.7069555302166477,25495.0732421875,0.9807721972465515,0.10229853540658951,-6.091388702392578,36.954715728759766,-1713.9740071199872,0.01747526391289955
s8_63.tif,EpsonV39-1,300,2480,3508,0.7069555302166477,25495.0732421875,0.9617127180099487,0.14021192491054535,-3.9158880710601807,14.400293350219727,-1605.4540955926466,0.030189750616103284
s8_64.tif,EpsonV39-1,300,2480,3508,0.7069555302166477,25495.0732421875,0.9649326801300049,0.12286120653152466,-4.084715843200684,16.602622985839844,-1519.2473041804421,0.027632232316916173
s8_65.tif,EpsonV39-1,300,2480,3508,0.7069555302166477,25495.0732421875,0.9691606760025024,0.11667829006910324,-4.3585896492004395,19.07773208618164,-1600.728074729962,0.023587445286350095
s8_66.tif,EpsonV39-1,300,2480,3508,0.7069555302166477,25495.0732421875,0.9487240314483643,0.15490873157978058,-3.0741190910339355,8.198219299316406,-1514.9229320063444,0.018997130981719203
s8_67.tif,EpsonV39-1,300,2480,3508,0.7069555302166477,25495.0732421875,0.9380630254745483,0.18452881276607513,-2.91233491897583,6.9027252197265625,-1518.7314604672617,0.021545568654136166
s8_68.tif,EpsonV39-1,300,2480,3508,0.7069555302166477,25495.0732421875,0.9816932082176208,0.10005836933851242,-6.353499412536621,40.119258880615234,-1669.7687622886274,0.011354806525177475
s8_69.tif,EpsonV39-1,300,2480,3508,0.7069555302166477,25495.0732421875,0.9619520902633667,0.1445954591035843,-4.103939533233643,15.679069519042969,-1575.4924854439573,0.03117735498583882
s8_7.tif,EpsonV39-1,300,2480,3508,0.7069555302166477,25495.0732421875,0.9455378651618958,0.1649388074874878,-3.1570680141448975,8.776507377624512,-1506.3399641356395,0.03917807683819473
s8_70.tif,EpsonV39-1,300,2480,3508,0.7069555302166477,25495.0732421875,0.9391546845436096,0.18529653549194336,-3.0591847896575928,7.802485466003418,-1472.7277757130469,0.03141724445507044
s8_71.tif,EpsonV39-1,300,2480,3508,0.7069555302166477,25495.0732421875,0.9581868052482605,0.14503434300422668,-3.8353984355926514,13.724937438964844,-1526.6281932799611,0.028013388751977047
s8_72.tif,EpsonV39-1,300,2480,3508,0.7069555302166477,25495.0732421875,0.9620665907859802,0.1595245748758316,-4.290890216827393,16.78359031677246,-1654.4222643713822,0.009498680435502262
s8_73.tif,EpsonV39-1,300,2480,3508,0.7069555302166477,25495.0732421875,0.9569842219352722,0.14262469112873077,-3.8167717456817627,13.872148513793945,-1477.541934628073,0.03681286092617795
s8_74.tif,EpsonV39-1,300,2480,3508,0.7069555302166477,25495.0732421875,0.9711616635322571,0.12547388672828674,-4.809995651245117,22.256805419921875,-1634.2559048361472,0.024631602420274394
s8_75.tif,EpsonV39-1,300,2480,3508,0.7069555302166477,25495.0732421875,0.9656133651733398,0.13795006275177002,-4.363245010375977,17.930322647094727,-1592.7939844124498,0.027916260528929267
s8_76.tif,EpsonV39-1,300,2480,3508,0.7069555302166477,25495.0732421875,0.9684879183769226,0.1291073113679886,-4.587847709655762,20.1729793548584,-1563.1421303534544,0.028869496450509433
s8_77.tif,EpsonV39-1,300,2480,3508,0.7069555302166477,25495.0732421875,0.9734476804733276,0.1168016716837883,-5.0366129875183105,24.801942825317383,-1604.8283283658777,0.02005692058704528
s8_78.tif,EpsonV39-1,300,2480,3508,0.7069555302166477,25495.0732421875,0.9632636904716492,0.13755685091018677,-4.182300090789795,16.75119972229004,-1568.4628163637317,0.031074134696730055
s8_79.tif,EpsonV39-1,300,2480,3508,0.7069555302166477,25495.0732421875,0.9722662568092346,0.11559564620256424,-4.9950385093688965,25.126192092895508,-1596.2937903066684,0.0213182081509545
s8_8.tif,EpsonV39-1,300,2480,3508,0.7069555302166477,25495.0732421875,0.9471535682678223,0.15137434005737305,-3.4223930835723877,11.08468246459961,-1357.7326934907078,0.034599486887115165
s8_80.tif,EpsonV39-1,300,2480,3508,0.7069555302166477,25495.0732421875,0.9715909957885742,0.11922354251146317,-4.780096530914307,22.43956756591797,-1611.7095915510854,0.028861680214808547
s8_81.tif,EpsonV39-1,300,2480,3508,0.7069555302166477,25495.0732421875,0.9649266004562378,0.11732760816812515,-4.108210563659668,17.73363494873047,-1513.4150606945993,0.02134303619376908
s8_82.tif,EpsonV39-1,300,2480,3508,0.7069555302166477,25495.0732421875,0.9723368287086487,0.12293040752410889,-5.038127422332764,24.537673950195312,-1576.725631262905,0.02087992422849156
s8_83.tif,EpsonV39-1,300,2480,3508,0.7069555302166477,25495.0732421875,0.9773838520050049,0.11391810327768326,-5.510603904724121,29.68484878540039,-1743.0358300748017,0.018612181373450547
s8_84.tif,EpsonV39-1,300,2480,3508,0.7069555302166477,25495.0732421875,0.9716855883598328,0.12252180278301239,-4.893416881561279,23.222925186157227,-1596.0277425015568,0.026062778166035236
s8_85.tif,EpsonV39-1,300,2480,3508,0.7069555302166477,25495.0732421875,0.954070508480072,0.14991694688796997,-3.4800944328308105,11.18083667755127,-1533.2790747354309,0.02740682587265973
s8_86.tif,EpsonV39-1,300,2480,3508,0.7069555302166477,25495.0732421875,0.9502544403076172,0.16274413466453552,-3.3356544971466064,9.739137649536133,-1553.6473502269814,0.019928412476551294
s8_87.tif,EpsonV39-1,300,2480,3508,0.7069555302166477,25495.0732421875,0.9164246320724487,0.1885932832956314,-2.3094675540924072,4.195305824279785,-1252.086236375724,0.041683755103542136
s8_88.tif,EpsonV39-1,300,2480,3508,0.7069555302166477,25495.0732421875,0.9590732455253601,0.13746879994869232,-3.8011112213134766,13.9783935546875,-1483.951057364117,0.02537759315113841
s8_89.tif,EpsonV39-1,300,2480,3508,0.7069555302166477,25495.0732421875,0.9710072875022888,0.12599483132362366,-4.763677597045898,21.916122436523438,-1668.605169471856,0.02359618107919226
s8_9.tif,EpsonV39-1,300,2480,3508,0.7069555302166477,25495.0732421875,0.9593487977981567,0.13560625910758972,-3.7243571281433105,13.464120864868164,-1523.7805349120542,0.025938752896604994
s8_90.tif,EpsonV39-1,300,2480,3508,0.7069555302166477,25495.0732421875,0.9453686475753784,0.16001878678798676,-3.2058136463165283,9.308934211730957,-1394.0439941731115,0.042735728473167325
s8_91.tif,EpsonV39-1,300,2480,3508,0.7069555302166477,25495.0732421875,0.9854635000228882,0.08756309747695923,-7.055144786834717,50.27445983886719,-1739.17115205533,0.01361369864273366
s8_92.tif,EpsonV39-1,300,2480,3508,0.7069555302166477,25495.0732421875,0.963641345500946,0.13818521797657013,-4.169987201690674,16.40750503540039,-1568.7310991305505,0.035515020965902824
s8_93.tif,EpsonV39-1,300,2480,3508,0.7069555302166477,25495.0732421875,0.9336093068122864,0.18110843002796173,-2.7941884994506836,6.473024368286133,-1376.6936039580937,0.03549237687129878
s8_94.tif,EpsonV39-1,300,2480,3508,0.7069555302166477,25495.0732421875,0.9720613360404968,0.11886487901210785,-4.886396884918213,23.47683334350586,-1572.2306120454296,0.022802258432338986
s8_95.tif,EpsonV39-1,300,2480,3508,0.7069555302166477,25495.0732421875,0.9633622169494629,0.14648285508155823,-4.134768486022949,15.776298522949219,-1685.3488154243191,0.01756308161989186
s8_96.tif,EpsonV39-1,300,2480,3508,0.7069555302166477,25495.0732421875,0.9565293192863464,0.14817403256893158,-3.6925947666168213,12.689513206481934,-1539.0221011809379,0.034509140397984334
s8_97.tif,EpsonV39-1,300,2480,3508,0.7069555302166477,25495.0732421875,0.9706581830978394,0.12467934191226959,-4.7520647048950195,21.809404373168945,-1603.8450496615042,0.02852167396181999
s8_98.tif,EpsonV39-1,300,2480,3508,0.7069555302166477,25495.0732421875,0.9602658152580261,0.1459558755159378,-3.981208086013794,14.825206756591797,-1534.2116502071256,0.023408936256298966
s8_99.tif,EpsonV39-1,300,2480,3508,0.7069555302166477,25495.0732421875,0.9464707374572754,0.17208461463451385,-3.2914674282073975,9.460976600646973,-1534.8979528131515,0.030473778828116378
s9_1.tif,EpsonV39-2,150,1240,1754,0.7069555302166477,6374.0810546875,0.9611249566078186,0.13095925748348236,-3.851271152496338,14.525453567504883,-1531.7741371564523,0.06669547945709346
s9_10.tif,EpsonV39-2,150,1240,1754,0.7069555302166477,6374.0810546875,0.9551422595977783,0.13643912971019745,-3.6112496852874756,12.843290328979492,-1490.7087271712662,0.062057693015043956
s9_100.tif,EpsonV39-2,150,1240,1754,0.7069555302166477,6374.0810546875,0.9527513980865479,0.13722726702690125,-3.4540324211120605,11.564399719238281,-1443.7698355594598,0.066662835178578
s9_101.tif,EpsonV39-2,150,1240,1754,0.7069555302166477,6374.0810546875,0.9550041556358337,0.1280367523431778,-3.19545578956604,9.62171459197998,-1445.087284481595,0.1070925442306985
s9_102.tif,EpsonV39-2,150,1240,1754,0.7069555302166477,6374.0810546875,0.916937530040741,0.1929343342781067,-2.3492815494537354,4.310086727142334,-1359.2227036540319,0.07507448412844374
s9_103.tif,EpsonV39-2,150,1240,1754,0.7069555302166477,6374.0810546875,0.9700340628623962,0.11498361080884933,-4.556025505065918,21.10918617248535,-1644.7164983322334,0.04298469856916909
s9_104.tif,EpsonV39-2,150,1240,1754,0.7069555302166477,6374.0810546875,0.9773653149604797,0.10843862593173981,-5.443657875061035,29.475955963134766,-1692.4144052900813,0.032263122080406076
s9_105.tif,EpsonV39-2,150,1240,1754,0.7069555302166477,6374.0810546875,0.9508940577507019,0.145394429564476,-3.1658849716186523,9.191102027893066,-1510.1357409853028,0.03780851142089969
s9_106.tif,EpsonV39-2,150,1240,1754,0.7069555302166477,6374.0810546875,0.9865620732307434,0.07894852012395859,-6.981597423553467,50.95378112792969,-1824.0034340074924,0.027400963695884063
s9_107.tif,EpsonV39-2,150,1240,1754,0.7069555302166477,6374.0810546875,0.9775272011756897,0.09897980093955994,-5.2912726402282715,28.84872055053711,-1648.0783735849666,0.04278515466951116
s9_108.tif,EpsonV39-2,150,1240,1754,0.7069555302166477,6374.0810546875,0.9689005613327026,0.12318048626184464,-4.457911968231201,19.574113845825195,-1663.981276271928,0.05413065067863317
s9_11.tif,EpsonV39-2,150,1240,1754,0.7069555302166477,6374.0810546875,0.9245825409889221,0.19926176965236664,-2.611464262008667,5.371520042419434,-1463.0758505649205,0.05977075440467871
s9_12.tif,EpsonV39-2,150,1240,1754,0.7069555302166477,6374.0810546875,0.9709176421165466,0.11957215517759323,-4.61243200302124,21.001258850097656,-1693.1578441368144,0.04951769227939824
s9_13.tif,EpsonV39-2,150,1240,1754,0.7069555302166477,6374.0810546875,0.972115695476532,0.11810434609651566,-4.789532661437988,22.68600082397461,-1670.3280171346798,0.045004505829992276
s9_14.tif,EpsonV39-2,150,1240,1754,0.7069555302166477,6374.0810546875,0.9752570390701294,0.11083265393972397,-5.087893486022949,25.89564323425293,-1720.652117092225,0.04117041232942215
s9_15.tif,EpsonV39-2,150,1240,1754,0.7069555302166477,6374.0810546875,0.9413583278656006,0.1597285121679306,-2.900048017501831,7.487491607666016,-1446.5621110155469,0.06705364696362232
s9_16.tif,EpsonV39-2,150,1240,1754,0.7069555302166477,6374.0810546875,0.9615408778190613,0.12697674334049225,-3.879595994949341,14.882856369018555,-1488.9930688715053,0.059112811270092325
s9_17.tif,EpsonV39-2,150,1240,1754,0.7069555302166477,6374.0810546875,0.9312766790390015,0.196958988904953,-2.8136019706726074,6.323101043701172,-1536.9936769160404,0.0468266083054401
s9_18.tif,EpsonV39-2,150,1240,1754,0.7069555302166477,6374.0810546875,0.9044391512870789,0.20235200226306915,-2.0680747032165527,2.964203357696533,-1280.1447886563597,0.06420807738992901
s9_19.tif,EpsonV39-2,150,1240,1754,0.7069555302166477,6374.0810546875,0.9333779811859131,0.19376865029335022,-2.960866689682007,7.41242790222168,-1514.4857101451282,0.047839960275131495
s9_2.tif,EpsonV39-2,150,1240,1754,0.7069555302166477,6374.0810546875,0.9681732058525085,0.12569008767604828,-4.421569347381592,19.147977828979492,-1659.2359783711738,0.05182945893257807
s9_20.tif,EpsonV39-2,150,1240,1754,0.7069555302166477,6374.0810546875,0.9392668008804321,0.1683083176612854,-2.9046967029571533,7.367278099060059,-1474.5880416389225,0.07053371096479935
s9_21.tif,EpsonV39-2,150,1240,1754,0.7069555302166477,6374.0810546875,0.9240742325782776,0.2026621699333191,-2.7010111808776855,5.892670631408691,-1394.3695199641184,0.06698927796373266
s9_22.tif,EpsonV39-2,150,1240,1754,0.7069555302166477,6374.0810546875,0.970517635345459,0.12061689049005508,-4.624911785125732,21.1832332611084,-1679.036313542083,0.04535117887225512
s9_23.tif,EpsonV39-2,150,1240,1754,0.7069555302166477,6374.0810546875,0.9754988551139832,0.10053247958421707,-4.9211273193359375,24.921283721923828,-1630.7320729866765,0.05218026998197668
s9_24.tif,EpsonV39-2,150,1240,1754,0.7069555302166477,6374.0810546875,0.9652565121650696,0.11591006070375443,-3.947131633758545,15.59425163269043,-1504.1839113365863,0.0822474896090043
s9_25.tif,EpsonV39-2,150,1240,1754,0.7069555302166477,6374.0810546875,0.968677818775177,0.11048471927642822,-4.185044288635254,17.79155921936035,-1574.1370967844557,0.07632002427630853
s9_26.tif,EpsonV39-2,150,1240,1754,0.7069555302166477,6374.0810546875,0.9674516916275024,0.12436800450086594,-4.15983772277832,16.5541934967041,-1633.748820684329,0.03431511384117409
s9_27.tif,EpsonV39-2,150,1240,1754,0.7069555302166477,6374.0810546875,0.9750528931617737,0.1006077378988266,-4.740939140319824,23.05678939819336,-1653.5700370660823,0.05497986169860595
s9_28.tif,EpsonV39-2,150,1240,1754,0.7069555302166477,6374.0810546875,0.9718919992446899,0.1068120226264,-4.28721809387207,18.231521606445312,-1666.6834406244634,0.04756731158274175
s9_29.tif,EpsonV39-2,150,1240,1754,0.7069555302166477,6374.0810546875,0.9594047665596008,0.12318041175603867,-3.4716384410858154,11.651564598083496,-1476.1420706598362,0.09788869680361938
s9_3.tif,EpsonV39-2,150,1240,1754,0.7069555302166477,6374.0810546875,0.965711772441864,0.12838856875896454,-4.217520236968994,17.40259552001953,-1639.052225277538,0.06028156839666017
s9_30.tif,EpsonV39-2,150,1240,1754,0.7069555302166477,6374.0810546875,0.9723569750785828,0.10149680078029633,-4.3573808670043945,19.284286499023438,-1559.7252443416255,0.059861790561665504
s9_31.tif,EpsonV39-2,150,1240,1754,0.7069555302166477,6374.0810546875,0.9602101445198059,0.12147966027259827,-3.497687578201294,11.900782585144043,-1493.8516613202708,0.09200491043513444
s9_32.tif,EpsonV39-2,150,1240,1754,0.7069555302166477,6374.0810546875,0.9646526575088501,0.12098981440067291,-4.036050319671631,16.476198196411133,-1596.570056387723,0.06474785743186082
s9_33.tif,EpsonV39-2,150,1240,1754,0.7069555302166477,6374.0810546875,0.966865599155426,0.11512135714292526,-4.031164169311523,16.31344223022461,-1570.9020013186764,0.07242202155441939
s9_34.tif,EpsonV39-2,150,1240,1754,0.7069555302166477,6374.0810546875,0.9714193344116211,0.10588973760604858,-4.322607040405273,18.887964248657227,-1622.7423268344726,0.06695479457093464
s9_35.tif,EpsonV39-2,150,1240,1754,0.7069555302166477,6374.0810546875,0.9505392909049988,0.13393543660640717,-3.0630903244018555,8.761646270751953,-1364.9156458625762,0.11286046639938206
s9_36.tif,EpsonV39-2,150,1240,1754,0.7069555302166477,6374.0810546875,0.9943785071372986,0.05108138918876648,-11.510295867919922,140.4379119873047,-1858.3878281563664,0.008485213521168206
s9_37.tif,EpsonV39-2,150,1240,1754,0.7069555302166477,6374.0810546875,0.948698103427887,0.1543412208557129,-3.1864397525787354,9.133724212646484,-1517.1353900010758,0.056670467502850624
s9_38.tif,EpsonV39-2,150,1240,1754,0.7069555302166477,6374.0810546875,0.9542580246925354,0.1400572657585144,-3.4332501888275146,11.297426223754883,-1500.0716938181997,0.06684720638540478
s9_39.tif,EpsonV39-2,150,1240,1754,0.7069555302166477,6374.0810546875,0.9617736339569092,0.1355554759502411,-3.9301226139068604,14.760196685791016,-1593.1076941966498,0.06542005370213705
s9_4.tif,EpsonV39-2,150,1240,1754,0.7069555302166477,6374.0810546875,0.9434260129928589,0.1565798670053482,-2.7838268280029297,6.494806289672852,-1504.6562505432455,0.06139285320189797
s9_40.tif,EpsonV39-2,150,1240,1754,0.7069555302166477,6374.0810546875,0.9795910120010376,0.09631752967834473,-5.574163436889648,31.90738296508789,-1697.4300227551166,0.03781678743517122
s9_41.tif,EpsonV39-2,150,1240,1754,0.7069555302166477,6374.0810546875,0.9740990400314331,0.10585048794746399,-4.764823913574219,23.0517520904541,-1668.436414434549,0.05360788244381506
s9_42.tif,EpsonV39-2,150,1240,1754,0.7069555302166477,6374.0810546875,0.8827999830245972,0.2456493377685547,-1.8476243019104004,1.6969594955444336,-1288.095015010621,0.06084341780998271
s9_43.tif,EpsonV39-2,150,1240,1754,0.7069555302166477,6374.0810546875,0.9722485542297363,0.11778813600540161,-4.776716232299805,22.591888427734375,-1699.5623312502444,0.04524083201530143
s9_44.tif,EpsonV39-2,150,1240,1754,0.7069555302166477,6374.0810546875,0.9298468232154846,0.19623126089572906,-2.768745183944702,6.11318302154541,-1474.0269205051047,0.057816235700886454
s9_45.tif,EpsonV39-2,150,1240,1754,0.7069555302166477,6374.0810546875,0.9756506085395813,0.11119204014539719,-5.111093044281006,26.01531219482422,-1756.5508019943716,0.04087063670136462
s9_46.tif,EpsonV39-2,150,1240,1754,0.7069555302166477,6374.0810546875,0.9231058359146118,0.19309064745903015,-2.4996066093444824,4.838592052459717,-1414.0324730390957,0.06925046897414205
s9_47.tif,EpsonV39-2,150,1240,1754,0.7069555302166477,6374.0810546875,0.962666928768158,0.12961778044700623,-4.088346004486084,16.86836051940918,-1588.1756466329025,0.05062989664177732
s9_48.tif,EpsonV39-2,150,1240,1754,0.7069555302166477,6374.0810546875,0.9278594851493835,0.18357722461223602,-2.743377447128296,6.5068464279174805,-1371.3143780814771,0.045367271122227534
s9_49.tif,EpsonV39-2,150,1240,1754,0.7069555302166477,6374.0810546875,0.9650416374206543,0.11835701763629913,-3.840967893600464,14.548236846923828,-1573.096171595057,0.06950472652370618
s9_5.tif,EpsonV39-2,150,1240,1754,0.7069555302166477,6374.0810546875,0.9262834191322327,0.17700321972370148,-2.5159878730773926,5.294628143310547,-1371.9943346740156,0.07943916209953286
s9_50.tif,EpsonV39-2,150,1240,1754,0.7069555302166477,6374.0810546875,0.9219040870666504,0.21616968512535095,-2.729397773742676,5.888282775878906,-1514.5904211420113,0.042437562070107036
s9_51.tif,EpsonV39-2,150,1240,1754,0.7069555302166477,6374.0810546875,0.961471676826477,0.13286837935447693,-3.615250825881958,12.13157844543457,-1612.3175062042596,0.03667607680141244
s9_52.tif,EpsonV39-2,150,1240,1754,0.7069555302166477,6374.0810546875,0.9510367512702942,0.16461537778377533,-3.5066277980804443,11.092926025390625,-1547.822586850088,0.03612664140949719
s9_53.tif,EpsonV39-2,150,1240,1754,0.7069555302166477,6374.0810546875,0.9529356956481934,0.16262009739875793,-3.4953370094299316,10.818063735961914,-1660.9342780071984,0.03393441718468385
s9_54.tif,EpsonV39-2,150,1240,1754,0.7069555302166477,6374.0810546875,0.9302201867103577,0.18799465894699097,-2.6979217529296875,5.934990882873535,-1475.8278533566931,0.04972275352190385
s9_55.tif,EpsonV39-2,150,1240,1754,0.7069555302166477,6374.0810546875,0.9748830795288086,0.10076064616441727,-5.055354118347168,26.938091278076172,-1618.4974291344647,0.032329330194578294
s9_56.tif,EpsonV39-2,150,1240,1754,0.7069555302166477,6374.0810546875,0.9706846475601196,0.11639333516359329,-4.495165824890137,20.174169540405273,-1677.1053099487738,0.04331252069003568
s9_57.tif,EpsonV39-2,150,1240,1754,0.7069555302166477,6374.0810546875,0.9579005241394043,0.13312576711177826,-3.6302123069763184,12.76950740814209,-1496.7966909040993,0.053543053665354765
s9_58.tif,EpsonV39-2,150,1240,1754,0.7069555302166477,6374.0810546875,0.9594388604164124,0.13561955094337463,-3.7666149139404297,13.621538162231445,-1541.495196381705,0.07657336226873138
s9_59.tif,EpsonV39-2,150,1240,1754,0.7069555302166477,6374.0810546875,0.9588492512702942,0.13237744569778442,-3.6902554035186768,13.209142684936523,-1497.0770139002796,0.06740583734873284
s9_6.tif,EpsonV39-2,150,1240,1754,0.7069555302166477,6374.0810546875,0.9296969175338745,0.17388051748275757,-2.6187217235565186,5.794034004211426,-1336.3964073258664,0.05717806304483761
s9_60.tif,EpsonV39-2,150,1240,1754,0.7069555302166477,6374.0810546875,0.9343780875205994,0.18359045684337616,-2.8246686458587646,6.616564750671387,-1465.2402891894594,0.05586953323279509
s9_61.tif,EpsonV39-2,150,1240,1754,0.7069555302166477,6374.0810546875,0.9807334542274475,0.09528576582670212,-5.68444299697876,32.830440521240234,-1709.3685906970948,0.019967263765770404
s9_62.tif,EpsonV39-2,150,1240,1754,0.7069555302166477,6374.0810546875,0.9824753999710083,0.09414494782686234,-6.210115909576416,39.3755989074707,-1787.7917076931053,0.03009848456983117
s9_63.tif,EpsonV39-2,150,1240,1754,0.7069555302166477,6374.0810546875,0.9633458256721497,0.13285879790782928,-3.8988430500030518,14.459362030029297,-1644.4374559313642,0.045479916872034426
s9_64.tif,EpsonV39-2,150,1240,1754,0.7069555302166477,6374.0810546875,0.9669844508171082,0.1156814843416214,-4.040110111236572,16.4569091796875,-1605.434844700543,0.040317523080884245
s9_65.tif,EpsonV39-2,150,1240,1754,0.7069555302166477,6374.0810546875,0.97091144323349,0.10932695865631104,-4.278519630432129,18.648632049560547,-1677.8235650694944,0.0335022253282819
s9_66.tif,EpsonV39-2,150,1240,1754,0.7069555302166477,6374.0810546875,0.9501744508743286,0.14980551600456238,-3.045374631881714,8.039889335632324,-1560.8839810060103,0.03277991319380586
s9_67.tif,EpsonV39-2,150,1240,1754,0.7069555302166477,6374.0810546875,0.9397995471954346,0.17986634373664856,-2.91526198387146,6.9501800537109375,-1580.509239206409,0.030690219590245336
s9_68.tif,EpsonV39-2,150,1240,1754,0.7069555302166477,6374.0810546875,0.9833760261535645,0.09464430063962936,-6.458754062652588,42.03845977783203,-1779.9331918684757,0.019588406223562733
s9_69.tif,EpsonV39-2,150,1240,1754,0.7069555302166477,6374.0810546875,0.9648264646530151,0.13335959613323212,-4.16673469543457,16.653860092163086,-1650.3539820619678,0.05513664619119432
s9_7.tif,EpsonV39-2,150,1240,1754,0.7069555302166477,6374.0810546875,0.948025643825531,0.15627142786979675,-3.1600770950317383,8.951379776000977,-1567.2626552184518,0.058887059991907895
s9_70.tif,EpsonV39-2,150,1240,1754,0.7069555302166477,6374.0810546875,0.9410322904586792,0.17843587696552277,-3.092698097229004,8.134892463684082,-1484.712202327432,0.052074061132158754
s9_71.tif,EpsonV39-2,150,1240,1754,0.7069555302166477,6374.0810546875,0.9602509140968323,0.13654346764087677,-3.8619906902313232,14.246410369873047,-1578.8463727564206,0.04666660536285725
s9_72.tif,EpsonV39-2,150,1240,1754,0.7069555302166477,6374.0810546875,0.9632628560066223,0.15638680756092072,-4.3371453285217285,17.275257110595703,-1718.7812520146983,0.016915253613859565
s9_73.tif,EpsonV39-2,150,1240,1754,0.7069555302166477,6374.0810546875,0.9596593976020813,0.13076777756214142,-3.8187010288238525,14.371908187866211,-1524.945107079796,0.062059072350755876
s9_74.tif,EpsonV39-2,150,1240,1754,0.7069555302166477,6374.0810546875,0.9732633233070374,0.1156647801399231,-4.885125637054443,23.636899948120117,-1692.83403648564,0.042579173869864276
s9_75.tif,EpsonV39-2,150,1240,1754,0.7069555302166477,6374.0810546875,0.9673156142234802,0.12765932083129883,-4.406705856323242,18.8239803314209,-1589.4220355823477,0.049100213337256775
s9_76.tif,EpsonV39-2,150,1240,1754,0.7069555302166477,6374.0810546875,0.9708505868911743,0.11806648224592209,-4.641689777374268,21.337209701538086,-1614.3009996365026,0.049118604480082394
s9_77.tif,EpsonV39-2,150,1240,1754,0.7069555302166477,6374.0810546875,0.9754707217216492,0.10940870642662048,-5.126681804656982,26.268831253051758,-1677.4221092310725,0.03376245999926435
s9_78.tif,EpsonV39-2,150,1240,1754,0.7069555302166477,6374.0810546875,0.9660320281982422,0.12614132463932037,-4.220146656036377,17.6192569732666,-1647.0909436241875,0.05372650531504028
s9_79.tif,EpsonV39-2,150,1240,1754,0.7069555302166477,6374.0810546875,0.9744425415992737,0.10597467422485352,-5.0105719566345215,26.08537483215332,-1681.9416489600924,0.03635928936624122
s9_8.tif,EpsonV39-2,150,1240,1754,0.7069555302166477,6374.0810546875,0.9498754739761353,0.14245279133319855,-3.4364676475524902,11.444270133972168,-1436.7118409155055,0.05495411409865009
s9_80.tif,EpsonV39-2,150,1240,1754,0.7069555302166477,6374.0810546875,0.974233090877533,0.10795699059963226,-4.808654308319092,23.400737762451172,-1706.0181287125165,0.04824364586015375
s9_81.tif,EpsonV39-2,150,1240,1754,0.7069555302166477,6374.0810546875,0.9666491746902466,0.11070745438337326,-4.050537586212158,17.615951538085938,-1575.644064739549,0.03368797587082061
s9_82.tif,EpsonV39-2,150,1240,1754,0.7069555302166477,6374.0810546875,0.9749315977096558,0.11361244320869446,-5.121708393096924,25.962495803833008,-1681.3403807597265,0.03651331518740575
s9_83.tif,EpsonV39-2,150,1240,1754,0.7069555302166477,6374.0810546875,0.9790078997612,0.10491592437028885,-5.594887733459473,31.370235443115234,-1782.6563775271015,0.03235231912311031
s9_84.tif,EpsonV39-2,150,1240,1754,0.7069555302166477,6374.0810546875,0.974185049533844,0.11194213479757309,-4.9674835205078125,24.684228897094727,-1682.356350884022,0.04464863721631662
s9_85.tif,EpsonV39-2,150,1240,1754,0.7069555302166477,6374.0810546875,0.9557633996009827,0.14369109272956848,-3.460707426071167,11.187379837036133,-1593.3591717607471,0.04126880494353919
s9_86.tif,EpsonV39-2,150,1240,1754,0.7069555302166477,6374.0810546875,0.9523140788078308,0.15706703066825867,-3.347130060195923,9.886348724365234,-1639.1238147635656,0.03347877662117924
s9_87.tif,EpsonV39-2,150,1240,1754,0.7069555302166477,6374.0810546875,0.9198440909385681,0.17969532310962677,-2.293248414993286,4.2325592041015625,-1338.214976288136,0.06858792805384926
s9_88.tif,EpsonV39-2,150,1240,1754,0.7069555302166477,6374.0810546875,0.9608149528503418,0.13024812936782837,-3.7716219425201416,13.996789932250977,-1527.1656852094861,0.04179709052120499
s9_89.tif,EpsonV39-2,150,1240,1754,0.7069555302166477,6374.0810546875,0.9731937646865845,0.1165303885936737,-4.8484296798706055,23.306072235107422,-1733.521436075164,0.04012303674550337
s9_9.tif,EpsonV39-2,150,1240,1754,0.7069555302166477,6374.0810546875,0.9611936211585999,0.12759339809417725,-3.6738884449005127,13.302619934082031,-1563.6206333836792,0.042190660977673156
s9_90.tif,EpsonV39-2,150,1240,1754,0.7069555302166477,6374.0810546875,0.94847172498703,0.1499582678079605,-3.225018262863159,9.729138374328613,-1476.6684145007484,0.06252206937139074
s9_91.tif,EpsonV39-2,150,1240,1754,0.7069555302166477,6374.0810546875,0.9868019223213196,0.07985945791006088,-7.142355918884277,52.89788818359375,-1796.6689166561125,0.02291812263214036
s9_92.tif,EpsonV39-2,150,1240,1754,0.7069555302166477,6374.0810546875,0.9666541218757629,0.12501205503940582,-4.217257022857666,17.394744873046875,-1634.7962145341967,0.06065582815316144
s9_93.tif,EpsonV39-2,150,1240,1754,0.7069555302166477,6374.0810546875,0.9366671442985535,0.17282362282276154,-2.797402858734131,6.609213829040527,-1472.2448936407297,0.057341744215985584
s9_94.tif,EpsonV39-2,150,1240,1754,0.7069555302166477,6374.0810546875,0.9742823839187622,0.11081141978502274,-4.901310920715332,24.053936004638672,-1670.5399097286352,0.036051697502482806
s9_95.tif,EpsonV39-2,150,1240,1754,0.7069555302166477,6374.0810546875,0.9649546146392822,0.14045679569244385,-4.175658226013184,16.29804229736328,-1743.15816075921,0.029395023356751388
s9_96.tif,EpsonV39-2,150,1240,1754,0.7069555302166477,6374.0810546875,0.9588073492050171,0.13777069747447968,-3.688777208328247,13.01590347290039,-1574.8242928748873,0.05708472799499761
s9_97.tif,EpsonV39-2,150,1240,1754,0.7069555302166477,6374.0810546875,0.9734214544296265,0.11251365393400192,-4.809558868408203,23.101829528808594,-1690.662568387643,0.04811812631036893
s9_98.tif,EpsonV39-2,150,1240,1754,0.7069555302166477,6374.0810546875,0.9627529978752136,0.13827626407146454,-4.022223949432373,15.450822830200195,-1638.3070892830287,0.039248997682716
s9_99.tif,EpsonV39-2,150,1240,1754,0.7069555302166477,6374.0810546875,0.9491397738456726,0.16367478668689728,-3.34737229347229,10.051105499267578,-1605.2525963615874,0.05086852171993968
s9_1.tif,EpsonV39-2,300,2480,3508,0.7069555302166477,25495.0732421875,0.9575833082199097,0.14356793463230133,-3.8278634548187256,13.833084106445312,-1436.4881858343338,0.0395119910251223
s9_10.tif,EpsonV39-2,300,2480,3508,0.7069555302166477,25495.0732421875,0.9527177214622498,0.1461176872253418,-3.613624095916748,12.449508666992188,-1425.9883960523355,0.037455861257218524
s9_100.tif,EpsonV39-2,300,2480,3508,0.7069555302166477,25495.0732421875,0.9494147896766663,0.14897315204143524,-3.4555954933166504,11.218708992004395,-1362.0331296158906,0.04321642696877184
s9_101.tif,EpsonV39-2,300,2480,3508,0.7069555302166477,25495.0732421875,0.9498019218444824,0.147480309009552,-3.2852258682250977,9.841443061828613,-1343.9942637038791,0.06727962813109206
s9_102.tif,EpsonV39-2,300,2480,3508,0.7069555302166477,25495.0732421875,0.9138263463973999,0.20062483847141266,-2.338421583175659,4.150391578674316,-1275.1799413962672,0.050001264391069264
s9_103.tif,EpsonV39-2,300,2480,3508,0.7069555302166477,25495.0732421875,0.9675756096839905,0.1237546056509018,-4.5094194412231445,20.13828468322754,-1547.6042160275754,0.025284947769154374
s9_104.tif,EpsonV39-2,300,2480,3508,0.7069555302166477,25495.0732421875,0.9749230146408081,0.11635759472846985,-5.341813564300537,27.747282028198242,-1574.6247894038897,0.018208265899142973
s9_105.tif,EpsonV39-2,300,2480,3508,0.7069555302166477,25495.0732421875,0.948257565498352,0.15193085372447968,-3.188690185546875,9.267889022827148,-1400.3188171856702,0.02214155662632876
s9_106.tif,EpsonV39-2,300,2480,3508,0.7069555302166477,25495.0732421875,0.984981119632721,0.08685079962015152,-6.886552810668945,48.3990478515625,-1737.9246433112585,0.01580327914076581
s9_107.tif,EpsonV39-2,300,2480,3508,0.7069555302166477,25495.0732421875,0.9746261835098267,0.10973643511533737,-5.257923603057861,27.585933685302734,-1522.5276780555287,0.02490356144480818
s9_108.tif,EpsonV39-2,300,2480,3508,0.7069555302166477,25495.0732421875,0.9655267000198364,0.13552328944206238,-4.364109992980957,18.07402992248535,-1550.9563294902011,0.03192438021848678
s9_11.tif,EpsonV39-2,300,2480,3508,0.7069555302166477,25495.0732421875,0.9219297170639038,0.20659780502319336,-2.5778350830078125,5.082577705383301,-1412.7663367791154,0.036759526611983666
s9_12.tif,EpsonV39-2,300,2480,3508,0.7069555302166477,25495.0732421875,0.9679155945777893,0.1308847814798355,-4.535557746887207,19.641254425048828,-1576.1151525916277,0.028981337587817707
s9_13.tif,EpsonV39-2,300,2480,3508,0.7069555302166477,25495.0732421875,0.9699995517730713,0.12805885076522827,-4.716063976287842,21.33397102355957,-1619.6249965968043,0.02602840971787987
s9_14.tif,EpsonV39-2,300,2480,3508,0.7069555302166477,25495.0732421875,0.9724829196929932,0.12092115730047226,-4.993679523468018,24.198020935058594,-1596.8987650567403,0.023990326258873727
s9_15.tif,EpsonV39-2,300,2480,3508,0.7069555302166477,25495.0732421875,0.937599778175354,0.16883951425552368,-2.903085947036743,7.339478492736816,-1316.183124322391,0.04305918269761283
s9_16.tif,EpsonV39-2,300,2480,3508,0.7069555302166477,25495.0732421875,0.9590152502059937,0.13644684851169586,-3.8921024799346924,14.596626281738281,-1417.9146160641333,0.037346204068120795
s9_17.tif,EpsonV39-2,300,2480,3508,0.7069555302166477,25495.0732421875,0.9283792972564697,0.2034858614206314,-2.7701995372772217,5.9912614822387695,-1438.1524464636782,0.027333606135285248
s9_18.tif,EpsonV39-2,300,2480,3508,0.7069555302166477,25495.0732421875,0.9012072682380676,0.2089279145002365,-2.067361831665039,2.900393009185791,-1184.5598640549606,0.04226457038290359
s9_19.tif,EpsonV39-2,300,2480,3508,0.7069555302166477,25495.0732421875,0.9305843114852905,0.19957967102527618,-2.909480333328247,6.9810686111450195,-1408.5396074249625,0.028541214551072204
s9_2.tif,EpsonV39-2,300,2480,3508,0.7069555302166477,25495.0732421875,0.9657515287399292,0.13644546270370483,-4.342989444732666,17.850414276123047,-1603.4893629378025,0.030616884908228198
s9_20.tif,EpsonV39-2,300,2480,3508,0.7069555302166477,25495.0732421875,0.9359424114227295,0.17900213599205017,-2.886263847351074,7.034117698669434,-1402.8665817821834,0.04211364806709089
s9_21.tif,EpsonV39-2,300,2480,3508,0.7069555302166477,25495.0732421875,0.9212135076522827,0.21035365760326385,-2.647128105163574,5.453618049621582,-1350.0163262288647,0.041043283554640084
s9_22.tif,EpsonV39-2,300,2480,3508,0.7069555302166477,25495.0732421875,0.968385636806488,0.12924593687057495,-4.5565056800842285,19.95909309387207,-1595.4520256103842,0.02642738257255306
s9_23.tif,EpsonV39-2,300,2480,3508,0.7069555302166477,25495.0732421875,0.9726176857948303,0.11298296600580215,-4.953586101531982,24.384634017944336,-1522.7593680661969,0.031910586861367565
s9_24.tif,EpsonV39-2,300,2480,3508,0.7069555302166477,25495.0732421875,0.9606688618659973,0.13317494094371796,-3.9890356063842773,15.268838882446289,-1392.1737312647815,0.05019057821753044
s9_25.tif,EpsonV39-2,300,2480,3508,0.7069555302166477,25495.0732421875,0.9651799201965332,0.12562328577041626,-4.222023963928223,17.42461395263672,-1492.283482794213,0.04602946720859234
s9_26.tif,EpsonV39-2,300,2480,3508,0.7069555302166477,25495.0732421875,0.9655113220214844,0.13029785454273224,-4.150356769561768,16.30022621154785,-1544.4203561204001,0.021251195424283664
s9_27.tif,EpsonV39-2,300,2480,3508,0.7069555302166477,25495.0732421875,0.9718578457832336,0.11434297263622284,-4.775045394897461,22.543434143066406,-1544.7703331004675,0.03407556920587045
s9_28.tif,EpsonV39-2,300,2480,3508,0.7069555302166477,25495.0732421875,0.9696176052093506,0.11497030407190323,-4.363085746765137,18.725799560546875,-1553.7245939370325,0.03050102070842682
s9_29.tif,EpsonV39-2,300,2480,3508,0.7069555302166477,25495.0732421875,0.9540015459060669,0.143498495221138,-3.5512921810150146,11.695902824401855,-1359.4574824609688,0.06158975337477471
s9_3.tif,EpsonV39-2,300,2480,3508,0.7069555302166477,25495.0732421875,0.9623619914054871,0.14065934717655182,-4.133858680725098,16.087568283081055,-1530.0024202410652,0.03575479549049178
s9_30.tif,EpsonV39-2,300,2480,3508,0.7069555302166477,25495.0732421875,0.9693560004234314,0.1157447099685669,-4.499231815338135,19.986217498779297,-1483.0261972732708,0.0378569031154596
s9_31.tif,EpsonV39-2,300,2480,3508,0.7069555302166477,25495.0732421875,0.9564205408096313,0.14005829393863678,-3.6040940284729004,12.16294002532959,-1455.1884173575877,0.05762922076727848
s9_32.tif,EpsonV39-2,300,2480,3508,0.7069555302166477,25495.0732421875,0.9617289900779724,0.13170424103736877,-3.992229461669922,15.579925537109375,-1500.0113556600318,0.039153248795380145
s9_33.tif,EpsonV39-2,300,2480,3508,0.7069555302166477,25495.0732421875,0.9628749489784241,0.13134105503559113,-4.059910297393799,15.835638046264648,-1468.7606705038636,0.04478645584286608
s9_34.tif,EpsonV39-2,300,2480,3508,0.7069555302166477,25495.0732421875,0.9682886004447937,0.1217743530869484,-4.407296657562256,18.88968849182129,-1552.8157531889785,0.041806171147975135
s9_35.tif,EpsonV39-2,300,2480,3508,0.7069555302166477,25495.0732421875,0.9459655284881592,0.15308915078639984,-3.146127939224243,8.885217666625977,-1316.8510095502968,0.07166626052892927
s9_36.tif,EpsonV39-2,300,2480,3508,0.7069555302166477,25495.0732421875,0.9933381676673889,0.055384762585163116,-11.274215698242188,132.00856018066406,-1769.7960759714267,0.005266303748114908
s9_37.tif,EpsonV39-2,300,2480,3508,0.7069555302166477,25495.0732421875,0.94623863697052,0.1627129167318344,-3.1751606464385986,8.860013008117676,-1450.761451695146,0.035623758597859274
s9_38.tif,EpsonV39-2,300,2480,3508,0.7069555302166477,25495.0732421875,0.9499725103378296,0.15230189263820648,-3.4325919151306152,10.929604530334473,-1363.238883573506,0.0401143009526612
s9_39.tif,EpsonV39-2,300,2480,3508,0.7069555302166477,25495.0732421875,0.957593560218811,0.14839759469032288,-3.8638839721679688,13.76291275024414,-1450.8131761268132,0.03790506492073417
s9_4.tif,EpsonV39-2,300,2480,3508,0.7069555302166477,25495.0732421875,0.9399151802062988,0.1668137013912201,-2.8181145191192627,6.622897148132324,-1399.7623430532199,0.03662067348365027
s9_40.tif,EpsonV39-2,300,2480,3508,0.7069555302166477,25495.0732421875,0.9776145219802856,0.10652598738670349,-5.532715797424316,30.388202667236328,-1631.0375060436,0.02314686247103395
s9_41.tif,EpsonV39-2,300,2480,3508,0.7069555302166477,25495.0732421875,0.9714676141738892,0.11894819140434265,-4.761387348175049,22.144405364990234,-1596.1633752278865,0.032880604700776105
s9_42.tif,EpsonV39-2,300,2480,3508,0.7069555302166477,25495.0732421875,0.8792724609375,0.2511523962020874,-1.8294715881347656,1.5967035293579102,-1183.6066884346876,0.0381564488542318
s9_43.tif,EpsonV39-2,300,2480,3508,0.7069555302166477,25495.0732421875,0.9693297743797302,0.12813527882099152,-4.683864116668701,21.052560806274414,-1574.8758585705102,0.02649336079743995
s9_44.tif,EpsonV39-2,300,2480,3508,0.7069555302166477,25495.0732421875,0.9266023635864258,0.20380893349647522,-2.720033884048462,5.730756759643555,-1385.713380514623,0.03467833891197999
s9_45.tif,EpsonV39-2,300,2480,3508,0.7069555302166477,25495.0732421875,0.973386287689209,0.12108921259641647,-5.0122785568237305,24.310016632080078,-1675.0342069896426,0.023862277926950382
s9_46.tif,EpsonV39-2,300,2480,3508,0.7069555302166477,25495.0732421875,0.9203342795372009,0.20085467398166656,-2.4722540378570557,4.57830286026001,-1356.230560567309,0.04436759756501269
s9_47.tif,EpsonV39-2,300,2480,3508,0.7069555302166477,25495.0732421875,0.9603601098060608,0.1386849731206894,-4.046295642852783,15.96969985961914,-1519.4321470018406,0.02971192573656527
s9_48.tif,EpsonV39-2,300,2480,3508,0.7069555302166477,25495.0732421875,0.9254007935523987,0.1889358013868332,-2.7228853702545166,6.277050018310547,-1276.230181836267,0.027938674734247985
s9_49.tif,EpsonV39-2,300,2480,3508,0.7069555302166477,25495.0732421875,0.9622501730918884,0.13280129432678223,-3.9080936908721924,14.534355163574219,-1531.9854679234877,0.045258878324199066
s9_5.tif,EpsonV39-2,300,2480,3508,0.7069555302166477,25495.0732421875,0.9224614500999451,0.18730232119560242,-2.510152816772461,5.099058151245117,-1284.7461597618628,0.0511853091551109
s9_50.tif,EpsonV39-2,300,2480,3508,0.7069555302166477,25495.0732421875,0.9195721745491028,0.2207191288471222,-2.6859729290008545,5.575222969055176,-1421.1467187251383,0.025687139073822047
s9_51.tif,EpsonV39-2,300,2480,3508,0.7069555302166477,25495.0732421875,0.9597347378730774,0.13930532336235046,-3.6528139114379883,12.330827713012695,-1548.562112284618,0.022224546658329347
s9_52.tif,EpsonV39-2,300,2480,3508,0.7069555302166477,25495.0732421875,0.9491946697235107,0.16967172920703888,-3.4681999683380127,10.673009872436523,-1487.4482290760739,0.02080934821789826
s9_53.tif,EpsonV39-2,300,2480,3508,0.7069555302166477,25495.0732421875,0.950953483581543,0.16848288476467133,-3.4580490589141846,10.438987731933594,-1585.9077611490643,0.0205433663147828
s9_54.tif,EpsonV39-2,300,2480,3508,0.7069555302166477,25495.0732421875,0.9286319017410278,0.19332754611968994,-2.6897757053375244,5.806100845336914,-1443.9234093071507,0.028750298856070916
s9_55.tif,EpsonV39-2,300,2480,3508,0.7069555302166477,25495.0732421875,0.9724046587944031,0.10858506709337234,-5.071002006530762,26.46072769165039,-1489.3195148918894,0.019533347739728545
s9_56.tif,EpsonV39-2,300,2480,3508,0.7069555302166477,25495.0732421875,0.9682534337043762,0.12533968687057495,-4.480179309844971,19.567323684692383,-1574.7247237509546,0.02591082134843859
s9_57.tif,EpsonV39-2,300,2480,3508,0.7069555302166477,25495.0732421875,0.9548214077949524,0.14265203475952148,-3.627418041229248,12.445870399475098,-1399.9584900860198,0.03202783039688086
s9_58.tif,EpsonV39-2,300,2480,3508,0.7069555302166477,25495.0732421875,0.9551703333854675,0.15070872008800507,-3.7241322994232178,12.784062385559082,-1437.3706495985232,0.04498393073895612
s9_59.tif,EpsonV39-2,300,2480,3508,0.7069555302166477,25495.0732421875,0.9560150504112244,0.14473983645439148,-3.684433698654175,12.661565780639648,-1445.0847133404973,0.043746091882149556
s9_6.tif,EpsonV39-2,300,2480,3508,0.7069555302166477,25495.0732421875,0.9267566800117493,0.18035128712654114,-2.621814489364624,5.7301740646362305,-1237.4744551072122,0.03673653768345165
s9_60.tif,EpsonV39-2,300,2480,3508,0.7069555302166477,25495.0732421875,0.9311898946762085,0.19075129926204681,-2.784832715988159,6.265137672424316,-1358.5033226636856,0.035596631662191486
s9_61.tif,EpsonV39-2,300,2480,3508,0.7069555302166477,25495.0732421875,0.978647768497467,0.10035549104213715,-5.6630940437316895,32.27897262573242,-1570.702194494124,0.011795734174421599
s9_62.tif,EpsonV39-2,300,2480,3508,0.7069555302166477,25495.0732421875,0.9810144901275635,0.10174285620450974,-6.095104217529297,36.969112396240234,-1732.2346064112182,0.017487218155736197
s9_63.tif,EpsonV39-2,300,2480,3508,0.7069555302166477,25495.0732421875,0.961094081401825,0.13992731273174286,-3.902249336242676,14.30801010131836,-1543.8098763722492,0.030264234744547026
s9_64.tif,EpsonV39-2,300,2480,3508,0.7069555302166477,25495.0732421875,0.9655023813247681,0.12181908637285233,-4.105355739593506,16.78753662109375,-1540.4289763339937,0.02761740445801302
s9_65.tif,EpsonV39-2,300,2480,3508,0.7069555302166477,25495.0732421875,0.9692550897598267,0.11612574756145477,-4.3695220947265625,19.197107315063477,-1590.986586130337,0.023552732004266747
s9_66.tif,EpsonV39-2,300,2480,3508,0.7069555302166477,25495.0732421875,0.9477104544639587,0.15497490763664246,-3.0662662982940674,8.156126022338867,-1427.3815766072357,0.018876783940854083
s9_67.tif,EpsonV39-2,300,2480,3508,0.7069555302166477,25495.0732421875,0.9376046657562256,0.1843162328004837,-2.907766819000244,6.881994247436523,-1473.513580920443,0.021407979916872034
s9_68.tif,EpsonV39-2,300,2480,3508,0.7069555302166477,25495.0732421875,0.9814674854278564,0.09999009966850281,-6.3434367179870605,40.001712799072266,-1647.029590660137,0.011393312980468607
s9_69.tif,EpsonV39-2,300,2480,3508,0.7069555302166477,25495.0732421875,0.9616210460662842,0.14416445791721344,-4.095919132232666,15.611988067626953,-1538.523271449833,0.03121425221613271
s9_7.tif,EpsonV39-2,300,2480,3508,0.7069555302166477,25495.0732421875,0.9452308416366577,0.1644526571035385,-3.1520631313323975,8.746482849121094,-1470.131374813763,0.03908336245264281
s9_70.tif,EpsonV39-2,300,2480,3508,0.7069555302166477,25495.0732421875,0.9387458562850952,0.18494781851768494,-3.0561342239379883,7.7851762771606445,-1433.091249112317,0.0314429920550263
s9_71.tif,EpsonV39-2,300,2480,3508,0.7069555302166477,25495.0732421875,0.9572688341140747,0.14522898197174072,-3.819045066833496,13.608003616333008,-1460.7045486204318,0.02812178155000552
s9_72.tif,EpsonV39-2,300,2480,3508,0.7069555302166477,25495.0732421875,0.961700975894928,0.15890653431415558,-4.286161422729492,16.750762939453125,-1605.4563691436235,0.009515577297973296
s9_73.tif,EpsonV39-2,300,2480,3508,0.7069555302166477,25495.0732421875,0.956544041633606,0.14231307804584503,-3.8028037548065186,13.779102325439453,-1441.2600600106139,0.03678423971015559
s9_74.tif,EpsonV39-2,300,2480,3508,0.7069555302166477,25495.0732421875,0.9709092378616333,0.12507091462612152,-4.800795555114746,22.163419723510742,-1604.7442742867688,0.024637349652407402
s9_75.tif,EpsonV39-2,300,2480,3508,0.7069555302166477,25495.0732421875,0.9636505842208862,0.13794338703155518,-4.3241047859191895,17.618202209472656,-1452.7735139096649,0.027970974178835473
s9_76.tif,EpsonV39-2,300,2480,3508,0.7069555302166477,25495.0732421875,0.9679874777793884,0.12907278537750244,-4.572988510131836,20.045522689819336,-1528.2925277473832,0.028927773384338103
s9_77.tif,EpsonV39-2,300,2480,3508,0.7069555302166477,25495.0732421875,0.973805844783783,0.11623197793960571,-5.047680854797363,24.916160583496094,-1627.166540317145,0.020073817449516314
s9_78.tif,EpsonV39-2,300,2480,3508,0.7069555302166477,25495.0732421875,0.9631821513175964,0.13711369037628174,-4.176206588745117,16.693016052246094,-1549.236378878898,0.03100838636112848
s9_79.tif,EpsonV39-2,300,2480,3508,0.7069555302166477,25495.0732421875,0.9721486568450928,0.1152276024222374,-4.987737655639648,25.057476043701172,-1579.7307698016039,0.021372921800860707
s9_8.tif,EpsonV39-2,300,2480,3508,0.7069555302166477,25495.0732421875,0.9469966292381287,0.1510264128446579,-3.416053533554077,11.043387413024902,-1344.3430982406683,0.03433913727149005
s9_80.tif,EpsonV39-2,300,2480,3508,0.7069555302166477,25495.0732421875,0.9718575477600098,0.11870478093624115,-4.78401517868042,22.463409423828125,-1626.8242837261691,0.02886133538088057
s9_81.tif,EpsonV39-2,300,2480,3508,0.7069555302166477,25495.0732421875,0.9644356966018677,0.11695153266191483,-4.112457275390625,17.838193893432617,-1458.3543590124852,0.021249931033214403
s9_82.tif,EpsonV39-2,300,2480,3508,0.7069555302166477,25495.0732421875,0.9722194671630859,0.12243437021970749,-5.0328264236450195,24.471282958984375,-1556.877443308974,0.02089268308382683
s9_83.tif,EpsonV39-2,300,2480,3508,0.7069555302166477,25495.0732421875,0.9773085713386536,0.11346234381198883,-5.499763488769531,29.542346954345703,-1724.6773751675514,0.01861792860558355
s9_84.tif,EpsonV39-2,300,2480,3508,0.7069555302166477,25495.0732421875,0.9713137149810791,0.12228996306657791,-4.880316734313965,23.095849990844727,-1564.6493408187346,0.026070249567808144
s9_85.tif,EpsonV39-2,300,2480,3508,0.7069555302166477,25495.0732421875,0.9538701176643372,0.14974942803382874,-3.472554922103882,11.125968933105469,-1513.6150532420488,0.02722682256225402
s9_86.tif,EpsonV39-2,300,2480,3508,0.7069555302166477,25495.0732421875,0.9501027464866638,0.16230244934558868,-3.3347392082214355,9.734842300415039,-1524.026579419417,0.01989220491411336
s9_87.tif,EpsonV39-2,300,2480,3508,0.7069555302166477,25495.0732421875,0.9158691167831421,0.18845966458320618,-2.302076578140259,4.163156032562256,-1216.295656656144,0.04159731673226174
s9_88.tif,EpsonV39-2,300,2480,3508,0.7069555302166477,25495.0732421875,0.9588828086853027,0.136942520737648,-3.7985355854034424,13.97607421875,-1459.8794638575862,0.025336328024423437
s9_89.tif,EpsonV39-2,300,2480,3508,0.7069555302166477,25495.0732421875,0.9709277153015137,0.12560948729515076,-4.75880241394043,21.86214256286621,-1652.2252170481386,0.02359687074704822
s9_9.tif,EpsonV39-2,300,2480,3508,0.7069555302166477,25495.0732421875,0.9582639932632446,0.13521291315555573,-3.7062201499938965,13.321735382080078,-1425.6374765868768,0.026001397726854746
s9_90.tif,EpsonV39-2,300,2480,3508,0.7069555302166477,25495.0732421875,0.9458791613578796,0.15934456884860992,-3.218210220336914,9.384047508239746,-1405.3895318218022,0.0427251535660426
s9_91.tif,EpsonV39-2,300,2480,3508,0.7069555302166477,25495.0732421875,0.9847651124000549,0.08779454976320267,-7.016939640045166,49.743080139160156,-1667.3656033540108,0.013622319490933166
s9_92.tif,EpsonV39-2,300,2480,3508,0.7069555302166477,25495.0732421875,0.9634436368942261,0.1376894861459732,-4.162465572357178,16.348217010498047,-1544.4442257515864,0.0354880089748777
s9_93.tif,EpsonV39-2,300,2480,3508,0.7069555302166477,25495.0732421875,0.9335489869117737,0.1806383728981018,-2.7868049144744873,6.4315290451049805,-1369.343357974992,0.03519260124324126
s9_94.tif,EpsonV39-2,300,2480,3508,0.7069555302166477,25495.0732421875,0.9720757007598877,0.11815100908279419,-4.8803391456604,23.415626525878906,-1560.560531182989,0.022752257512781843
s9_95.tif,EpsonV39-2,300,2480,3508,0.7069555302166477,25495.0732421875,0.9632826447486877,0.14628461003303528,-4.127280235290527,15.709964752197266,-1676.4384748785933,0.017540207636002503
s9_96.tif,EpsonV39-2,300,2480,3508,0.7069555302166477,25495.0732421875,0.9564676284790039,0.14769934117794037,-3.6878678798675537,12.656649589538574,-1522.4900553171472,0.03444304722845477
s9_97.tif,EpsonV39-2,300,2480,3508,0.7069555302166477,25495.0732421875,0.9707646369934082,0.12389887869358063,-4.751166343688965,21.826879501342773,-1602.1605314176768,0.028519604958252107
s9_98.tif,EpsonV39-2,300,2480,3508,0.7069555302166477,25495.0732421875,0.9602096080780029,0.14561492204666138,-3.9783341884613037,14.810285568237305,-1524.5556447191177,0.023320658770736014
s9_99.tif,EpsonV39-2,300,2480,3508,0.7069555302166477,25495.0732421875,0.9465699195861816,0.17186953127384186,-3.292050838470459,9.466460227966309,-1541.9955079135063,0.030463893588847612
s10_1.tif,EpsonV550,150,1239,1754,0.7063854047890535,6368.9423828125,0.9605267643928528,0.12539052963256836,-3.8006105422973633,14.081544876098633,-1333.0576073184334,0.0672849237486
s10_10.tif,EpsonV550,150,1239,1754,0.7063854047890535,2812.9609375,0.9544913172721863,0.1322726011276245,-3.5243682861328125,12.203853607177734,-1328.3238551945387,0.06186942241094494
s10_100.tif,EpsonV550,150,1239,1754,0.7063854047890535,6368.9423828125,0.9493040442466736,0.13977555930614471,-3.452028274536133,11.564544677734375,-1218.9664064179835,0.06745563927211687
s10_101.tif,EpsonV550,150,1239,1754,0.7063854047890535,6368.9423828125,0.9550811052322388,0.12087646871805191,-3.192896842956543,9.689077377319336,-1236.5489987193248,0.10699169797985096
s10_102.tif,EpsonV550,150,1239,1754,0.7063854047890535,6368.9423828125,0.9136807322502136,0.19326704740524292,-2.3040032386779785,4.041444301605225,-1125.918366261793,0.07441080136903727
s10_103.tif,EpsonV550,150,1239,1754,0.7063854047890535,6368.9423828125,0.969573438167572,0.11194070428609848,-4.513779640197754,20.87310791015625,-1500.3871178541904,0.04330836561283192
s10_104.tif,EpsonV550,150,1239,1754,0.7063854047890535,6368.9423828125,0.9757806062698364,0.10233175754547119,-5.446472644805908,29.726947784423828,-1443.3534139536916,0.03242996752263706
s10_105.tif,EpsonV550,150,1239,1754,0.7063854047890535,6368.9423828125,0.9345449805259705,0.14923523366451263,-3.0356931686401367,8.270952224731445,-887.8743104804029,0.03812293910471442
s10_106.tif,EpsonV550,150,1239,1754,0.7063854047890535,6368.9423828125,0.9858267903327942,0.07710909843444824,-7.072463512420654,52.65350341796875,-1645.8583957309065,0.027721256061321385
s10_107.tif,EpsonV550,150,1239,1754,0.7063854047890535,6368.9423828125,0.9762835502624512,0.09388042986392975,-5.25445032119751,28.511594772338867,-1428.4093204162514,0.04352279535396092
s10_108.tif,EpsonV550,150,1239,1754,0.7063854047890535,6368.9423828125,0.9698857069015503,0.11616721749305725,-4.496595859527588,20.02837371826172,-1533.3665611236015,0.05410715781200678
s10_11.tif,EpsonV550,150,1239,1754,0.7063854047890535,6368.9423828125,0.9250367879867554,0.19608360528945923,-2.6103713512420654,5.346477508544922,-1355.5907551048977,0.05964643940795304
s10_12.tif,EpsonV550,150,1239,1754,0.7063854047890535,6368.9423828125,0.9701054692268372,0.11377953737974167,-4.616275787353516,21.192596435546875,-1450.0074670296292,0.04965428956113686
s10_13.tif,EpsonV550,150,1239,1754,0.7063854047890535,6368.9423828125,0.971807062625885,0.11149901896715164,-4.811946868896484,23.07495880126953,-1470.9526282754548,0.04503254638538638
s10_14.tif,EpsonV550,150,1239,1754,0.7063854047890535,6368.9423828125,0.9743973016738892,0.10525581240653992,-5.081383228302002,26.05312728881836,-1491.6008923731824,0.0418828219690172
s10_15.tif,EpsonV550,150,1239,1754,0.7063854047890535,6368.9423828125,0.939091145992279,0.1584804356098175,-2.8548426628112793,7.176629066467285,-1226.528168747237,0.06748738959859304
s10_16.tif,EpsonV550,150,1239,1754,0.7063854047890535,6368.9423828125,0.9591768980026245,0.12405098229646683,-3.805408000946045,14.316535949707031,-1268.3310992857153,0.059756415176472
s10_17.tif,EpsonV550,150,1239,1754,0.7063854047890535,6368.9423828125,0.9317732453346252,0.1937551498413086,-2.834024667739868,6.447806358337402,-1416.864454524189,0.04701441096702291
s10_18.tif,EpsonV550,150,1239,1754,0.7063854047890535,6368.9423828125,0.9013620018959045,0.20257313549518585,-2.017117738723755,2.7016677856445312,-1085.4122223218878,0.06462709931778211
s10_19.tif,EpsonV550,150,1239,1754,0.7063854047890535,6368.9423828125,0.9327479600906372,0.1891125738620758,-2.9446561336517334,7.325936317443848,-1312.8332113950187,0.04794023208108205
s10_2.tif,EpsonV550,150,1239,1754,0.7063854047890535,6368.9423828125,0.9691927433013916,0.1185465008020401,-4.454430103302002,19.561344146728516,-1548.5023570534233,0.05196746189730748
s10_20.tif,EpsonV550,150,1239,1754,0.7063854047890535,6368.9423828125,0.9389848113059998,0.1643499732017517,-2.8861916065216064,7.2520647048950195,-1301.6223324334264,0.0704305068180375
s10_21.tif,EpsonV550,150,1239,1754,0.7063854047890535,6368.9423828125,0.9251085519790649,0.19626767933368683,-2.707761287689209,5.929137229919434,-1250.9433347914508,0.06645941526021923
s10_22.tif,EpsonV550,150,1239,1754,0.7063854047890535,6368.9423828125,0.9702485799789429,0.11423162370920181,-4.6194305419921875,21.249412536621094,-1470.3050547218222,0.04567859650672785
s10_23.tif,EpsonV550,150,1239,1754,0.7063854047890535,6368.9423828125,0.974702000617981,0.09515458345413208,-4.907101631164551,24.96363067626953,-1421.044479555557,0.05275017646739426
s10_24.tif,EpsonV550,150,1239,1754,0.7063854047890535,6368.9423828125,0.9649518728256226,0.10880428552627563,-3.937791585922241,15.679811477661133,-1307.6882715733148,0.0820810360361604
s10_25.tif,EpsonV550,150,1239,1754,0.7063854047890535,6368.9423828125,0.9696546196937561,0.10454166680574417,-4.1953125,17.993892669677734,-1482.1647322947604,0.07592745464534885
s10_26.tif,EpsonV550,150,1239,1754,0.7063854047890535,6368.9423828125,0.9654030799865723,0.12504756450653076,-4.157475471496582,16.515487670898438,-1425.8710073898544,0.034611537056312196
s10_27.tif,EpsonV550,150,1239,1754,0.7063854047890535,6368.9423828125,0.9746730327606201,0.09515330940485,-4.743844985961914,23.230382919311523,-1459.830383411831,0.05566062306104438
s10_28.tif,EpsonV550,150,1239,1754,0.7063854047890535,6368.9423828125,0.9688444137573242,0.10870485007762909,-4.196750164031982,17.426820755004883,-1417.3444087812074,0.048478607182199936
s10_29.tif,EpsonV550,150,1239,1754,0.7063854047890535,6368.9423828125,0.959540069103241,0.11554276198148727,-3.477919340133667,11.849599838256836,-1279.355189544782,0.09822124547787922
s10_3.tif,EpsonV550,150,1239,1754,0.7063854047890535,6368.9423828125,0.9652823805809021,0.121851846575737,-4.22334623336792,17.57207489013672,-1414.0140897338224,0.06062379728382859
s10_30.tif,EpsonV550,150,1239,1754,0.7063854047890535,6368.9423828125,0.9710388779640198,0.09683150798082352,-4.367803573608398,19.54619598388672,-1342.985798184749,0.059898601421126206
s10_31.tif,EpsonV550,150,1239,1754,0.7063854047890535,6368.9423828125,0.9619061946868896,0.11428021639585495,-3.518178939819336,12.142806053161621,-1403.6807695564087,0.09167285567958122
s10_32.tif,EpsonV550,150,1239,1754,0.7063854047890535,6368.9423828125,0.9626174569129944,0.11918064206838608,-4.023717880249023,16.46072769165039,-1344.1874276343992,0.06561918198274806
s10_33.tif,EpsonV550,150,1239,1754,0.7063854047890535,6368.9423828125,0.9663013815879822,0.10876595973968506,-4.013866424560547,16.3197078704834,-1362.6142628302466,0.07278601292284302
s10_34.tif,EpsonV550,150,1239,1754,0.7063854047890535,6368.9423828125,0.971390426158905,0.09942882508039474,-4.322947978973389,19.076013565063477,-1425.1309722699723,0.06746622271427559
s10_35.tif,EpsonV550,150,1239,1754,0.7063854047890535,6368.9423828125,0.9525827765464783,0.12481376528739929,-3.0772557258605957,8.940351486206055,-1241.8008976247086,0.11356539600939809
s10_36.tif,EpsonV550,150,1239,1754,0.7063854047890535,6368.9423828125,0.9924082159996033,0.04806814342737198,-11.260933876037598,137.4827117919922,-1610.742308595297,0.009047922746394037
s10_37.tif,EpsonV550,150,1239,1754,0.7063854047890535,6368.9423828125,0.9474311470985413,0.15404778718948364,-3.216383457183838,9.341367721557617,-1329.3575174863502,0.056300691236817864
s10_38.tif,EpsonV550,150,1239,1754,0.7063854047890535,6368.9423828125,0.9528895616531372,0.13623946905136108,-3.3705623149871826,10.833818435668945,-1283.8702175244061,0.06700791365383678
s10_39.tif,EpsonV550,150,1239,1754,0.7063854047890535,6368.9423828125,0.961590588092804,0.12858344614505768,-3.946575880050659,14.99354362487793,-1373.8005928680439,0.0653099614118496
s10_4.tif,EpsonV550,150,1239,1754,0.7063854047890535,6368.9423828125,0.941234827041626,0.15764102339744568,-2.7469022274017334,6.1058244705200195,-1316.3069061043727,0.061709290329586795
s10_40.tif,EpsonV550,150,1239,1754,0.7063854047890535,6368.9423828125,0.978618323802948,0.0909079983830452,-5.575094223022461,32.139137268066406,-1481.1591114953235,0.03799271675119616
s10_41.tif,EpsonV550,150,1239,1754,0.7063854047890535,6368.9423828125,0.973376452922821,0.10059934854507446,-4.777717590332031,23.409259796142578,-1446.306534135716,0.054074487186212446
s10_42.tif,EpsonV550,150,1239,1754,0.7063854047890535,6368.9423828125,0.879040539264679,0.24892733991146088,-1.8441241979599,1.6557412147521973,-1095.1688406598862,0.06067211299803148
s10_43.tif,EpsonV550,150,1239,1754,0.7063854047890535,6368.9423828125,0.9710406064987183,0.1121344044804573,-4.779154300689697,22.784456253051758,-1435.9221639155862,0.04583274664251801
s10_44.tif,EpsonV550,150,1239,1754,0.7063854047890535,6368.9423828125,0.9291101098060608,0.19242043793201447,-2.8009889125823975,6.320436477661133,-1248.4346183437897,0.05805616218618943
s10_45.tif,EpsonV550,150,1239,1754,0.7063854047890535,6368.9423828125,0.9758485555648804,0.10544746369123459,-5.140883922576904,26.46755599975586,-1592.0980747381702,0.04111897353495251
s10_46.tif,EpsonV550,150,1239,1754,0.7063854047890535,6368.9423828125,0.9125596880912781,0.1953253448009491,-2.4830920696258545,4.788947582244873,-905.0185283181488,0.0692414800989874
s10_47.tif,EpsonV550,150,1239,1754,0.7063854047890535,6368.9423828125,0.9606785774230957,0.1263411045074463,-3.989931583404541,16.054706573486328,-1341.7814211133746,0.05134994105482867
s10_48.tif,EpsonV550,150,1239,1754,0.7063854047890535,6368.9423828125,0.925908088684082,0.18162038922309875,-2.6932895183563232,6.215415954589844,-1182.5643593560374,0.04659613492692363
s10_49.tif,EpsonV550,150,1239,1754,0.7063854047890535,6368.9423828125,0.9537196755409241,0.11595610529184341,-3.7378506660461426,13.935924530029297,-987.4840739422699,0.06973522068317499
s10_5.tif,EpsonV550,150,1239,1754,0.7063854047890535,6368.9423828125,0.9239846467971802,0.17645157873630524,-2.462935209274292,4.973608493804932,-1187.654301711073,0.08017601644758941
s10_50.tif,EpsonV550,150,1239,1754,0.7063854047890535,6368.9423828125,0.9219010472297668,0.21053986251354218,-2.7244133949279785,5.8746843338012695,-1307.995249141422,0.04327845588499203
s10_51.tif,EpsonV550,150,1239,1754,0.7063854047890535,6368.9423828125,0.9586942791938782,0.1358530968427658,-3.5580356121063232,11.393697738647461,-1397.4250481613592,0.037146961677816094
s10_52.tif,EpsonV550,150,1239,1754,0.7063854047890535,6368.9423828125,0.9498640298843384,0.16147559881210327,-3.5005342960357666,11.019306182861328,-1345.409723448704,0.03604214234637674
s10_53.tif,EpsonV550,150,1239,1754,0.7063854047890535,6368.9423828125,0.9525651931762695,0.1606595367193222,-3.514193058013916,10.959860801696777,-1499.1079684487468,0.03430783828132262
s10_54.tif,EpsonV550,150,1239,1754,0.7063854047890535,6368.9423828125,0.9288170337677002,0.1862904578447342,-2.6867198944091797,5.843918800354004,-1265.9123997497181,0.04923371277274221
s10_55.tif,EpsonV550,150,1239,1754,0.7063854047890535,6368.9423828125,0.972827672958374,0.09882445633411407,-4.898536205291748,25.33514976501465,-1408.7954830786014,0.032466319345703994
s10_56.tif,EpsonV550,150,1239,1754,0.7063854047890535,6368.9423828125,0.9687808156013489,0.1135157123208046,-4.429305076599121,19.62420082092285,-1422.2521199609628,0.04368338758497814
s10_57.tif,EpsonV550,150,1239,1754,0.7063854047890535,6368.9423828125,0.9543107748031616,0.13898003101348877,-3.6473538875579834,12.840272903442383,-1302.7558852821928,0.053913434805536155
s10_58.tif,EpsonV550,150,1239,1754,0.7063854047890535,6368.9423828125,0.9594910740852356,0.12855373322963715,-3.767188549041748,13.713724136352539,-1338.0129407146567,0.07667243694339147
s10_59.tif,EpsonV550,150,1239,1754,0.7063854047890535,6368.9423828125,0.9584166407585144,0.12856845557689667,-3.742863416671753,13.71513557434082,-1315.1753087535662,0.0678283604959677
s10_6.tif,EpsonV550,150,1239,1754,0.7063854047890535,6368.9423828125,0.9266383647918701,0.1732417792081833,-2.563183069229126,5.452732086181641,-1129.559491272358,0.0579089142952854
s10_60.tif,EpsonV550,150,1239,1754,0.7063854047890535,6368.9423828125,0.9317018389701843,0.18464112281799316,-2.820204734802246,6.527941703796387,-1242.5578286135185,0.055516596217753865
s10_61.tif,EpsonV550,150,1239,1754,0.7063854047890535,6368.9423828125,0.9777604937553406,0.0969681367278099,-5.618091106414795,31.74209213256836,-1457.632843084802,0.020384169747368633
s10_62.tif,EpsonV550,150,1239,1754,0.7063854047890535,6368.9423828125,0.982342541217804,0.0893394872546196,-6.246639728546143,40.11367416381836,-1631.4365751421378,0.028827455841737966
s10_63.tif,EpsonV550,150,1239,1754,0.7063854047890535,6368.9423828125,0.9615969061851501,0.13195408880710602,-3.8999078273773193,14.466499328613281,-1413.1181591587276,0.04558978762252635
s10_64.tif,EpsonV550,150,1239,1754,0.7063854047890535,6368.9423828125,0.9645341038703918,0.11591020971536636,-3.9395010471343994,15.407014846801758,-1384.2460841494978,0.04116498850086002
s10_65.tif,EpsonV550,150,1239,1754,0.7063854047890535,6368.9423828125,0.9684420228004456,0.10918830335140228,-4.160740375518799,17.464475631713867,-1425.571838015651,0.03427332705689198
s10_66.tif,EpsonV550,150,1239,1754,0.7063854047890535,6368.9423828125,0.9475102424621582,0.1515168696641922,-3.0147454738616943,7.765220642089844,-1341.055198597326,0.03315562353499852
s10_67.tif,EpsonV550,150,1239,1754,0.7063854047890535,6368.9423828125,0.9370622038841248,0.18076898157596588,-2.896054744720459,6.806036949157715,-1340.4628862217955,0.030481693866113015
s10_68.tif,EpsonV550,150,1239,1754,0.7063854047890535,6368.9423828125,0.9814260601997375,0.09261366724967957,-6.455870151519775,42.18699264526367,-1530.9210086667463,0.020026633462267268
s10_69.tif,EpsonV550,150,1239,1754,0.7063854047890535,6368.9423828125,0.9646111726760864,0.12710554897785187,-4.179641246795654,16.85158348083496,-1423.4499182021223,0.05588701669330933
s10_7.tif,EpsonV550,150,1239,1754,0.7063854047890535,6368.9423828125,0.9474270939826965,0.1536048799753189,-3.124270439147949,8.695542335510254,-1426.0879871775685,0.05910622370819885
s10_70.tif,EpsonV550,150,1239,1754,0.7063854047890535,6368.9423828125,0.9394270777702332,0.17686334252357483,-3.110750198364258,8.25729751586914,-1283.2659736342464,0.05140699961255399
s10_71.tif,EpsonV550,150,1239,1754,0.7063854047890535,6368.9423828125,0.9605911374092102,0.1324484944343567,-3.8721721172332764,14.416969299316406,-1469.8704670239977,0.046558862804538546
s10_72.tif,EpsonV550,150,1239,1754,0.7063854047890535,6368.9423828125,0.9621516466140747,0.15234969556331635,-4.361199855804443,17.540775299072266,-1484.445647471209,0.017101462079526744
s10_73.tif,EpsonV550,150,1239,1754,0.7063854047890535,6368.9423828125,0.958301842212677,0.12674380838871002,-3.7535290718078613,13.896013259887695,-1312.2651349546502,0.0628095081644354
s10_74.tif,EpsonV550,150,1239,1754,0.7063854047890535,6368.9423828125,0.9726496338844299,0.10987032949924469,-4.892847537994385,23.866073608398438,-1466.8236866106286,0.0430423991098865
s10_75.tif,EpsonV550,150,1239,1754,0.7063854047890535,6368.9423828125,0.9674276113510132,0.12082888931035995,-4.431482791900635,19.121660232543945,-1410.107313685315,0.04969386243181732
s10_76.tif,EpsonV550,150,1239,1754,0.7063854047890535,6368.9423828125,0.9692851305007935,0.11197756230831146,-4.6293110847473145,21.40245819091797,-1371.6653141422448,0.049291231480126596
s10_77.tif,EpsonV550,150,1239,1754,0.7063854047890535,6368.9423828125,0.9748180508613586,0.1059061586856842,-5.150810718536377,26.74997329711914,-1512.868359838668,0.034219489546780196
s10_78.tif,EpsonV550,150,1239,1754,0.7063854047890535,6368.9423828125,0.9646677374839783,0.12091995775699615,-4.167942523956299,17.219200134277344,-1380.552573982475,0.05377723050644992
s10_79.tif,EpsonV550,150,1239,1754,0.7063854047890535,6368.9423828125,0.9728696942329407,0.10222740471363068,-4.888418674468994,24.949268341064453,-1445.3812278736095,0.0369044628074835
s10_8.tif,EpsonV550,150,1239,1754,0.7063854047890535,6368.9423828125,0.9467872977256775,0.14061331748962402,-3.31362247467041,10.628939628601074,-1210.316418191793,0.05741103236416612
s10_80.tif,EpsonV550,150,1239,1754,0.7063854047890535,6368.9423828125,0.9725731015205383,0.10382132232189178,-4.736198902130127,22.84027099609375,-1446.4701953848041,0.04869303692332894
s10_81.tif,EpsonV550,150,1239,1754,0.7063854047890535,6368.9423828125,0.9633395075798035,0.11187411099672318,-3.8032727241516113,15.111968994140625,-1344.330889202499,0.03426872556030123
s10_82.tif,EpsonV550,150,1239,1754,0.7063854047890535,6368.9423828125,0.9734659194946289,0.10798688232898712,-5.125340461730957,26.136220932006836,-1429.0785813887185,0.037071036984068696
s10_83.tif,EpsonV550,150,1239,1754,0.7063854047890535,6368.9423828125,0.9790293574333191,0.09961263090372086,-5.614875793457031,31.71429443359375,-1627.5397564835646,0.03266096265149277
s10_84.tif,EpsonV550,150,1239,1754,0.7063854047890535,6368.9423828125,0.9732626676559448,0.1059337928891182,-4.986487865447998,25.056394577026367,-1440.5039407786549,0.044439413474838554
s10_85.tif,EpsonV550,150,1239,1754,0.7063854047890535,6368.9423828125,0.9536622166633606,0.14349763095378876,-3.421590566635132,10.81316089630127,-1366.5091961317164,0.041713026744818485
s10_86.tif,EpsonV550,150,1239,1754,0.7063854047890535,6368.9423828125,0.9497165083885193,0.15716204047203064,-3.3166427612304688,9.654913902282715,-1372.196298420289,0.034427477192682146
s10_87.tif,EpsonV550,150,1239,1754,0.7063854047890535,6368.9423828125,0.9166736602783203,0.18092361092567444,-2.2251758575439453,3.8177528381347656,-1145.1461072931293,0.06905327888842568
s10_88.tif,EpsonV550,150,1239,1754,0.7063854047890535,6368.9423828125,0.95784592628479,0.13052617013454437,-3.6540422439575195,12.864496231079102,-1310.242820217724,0.0428574189469383
s10_89.tif,EpsonV550,150,1239,1754,0.7063854047890535,6368.9423828125,0.9730920791625977,0.11227293312549591,-4.825030326843262,23.09148597717285,-1576.9025442393856,0.040171985536575916
s10_9.tif,EpsonV550,150,1239,1754,0.7063854047890535,6368.9423828125,0.9574988484382629,0.13128912448883057,-3.521886110305786,11.760068893432617,-1348.4244486246125,0.0428445347564842
s10_90.tif,EpsonV550,150,1239,1754,0.7063854047890535,6368.9423828125,0.946709930896759,0.1481611281633377,-3.201076030731201,9.55150318145752,-1260.0962507211864,0.06287761031397852
s10_91.tif,EpsonV550,150,1239,1754,0.7063854047890535,6368.9423828125,0.984653115272522,0.07641785591840744,-7.045787334442139,52.08408737182617,-1534.0171454179062,0.023451067225104292
s10_92.tif,EpsonV550,150,1239,1754,0.7063854047890535,6368.9423828125,0.9665252566337585,0.11899179965257645,-4.22908878326416,17.60300636291504,-1423.6742064211924,0.060873198399047306
s10_93.tif,EpsonV550,150,1239,1754,0.7063854047890535,6368.9423828125,0.9345635771751404,0.17267289757728577,-2.7740962505340576,6.440871238708496,-1262.9725378403607,0.05519955310265111
s10_94.tif,EpsonV550,150,1239,1754,0.7063854047890535,6368.9423828125,0.9714025259017944,0.1079631969332695,-4.806329250335693,23.193281173706055,-1397.79771893392,0.03667806917521855
s10_95.tif,EpsonV550,150,1239,1754,0.7063854047890535,6368.9423828125,0.9645141363143921,0.13865558803081512,-4.187514781951904,16.406970977783203,-1586.346875826645,0.029730269472843348
s10_96.tif,EpsonV550,150,1239,1754,0.7063854047890535,6368.9423828125,0.9576579332351685,0.13421234488487244,-3.671541929244995,12.8933687210083,-1349.4723675556777,0.057060858473609956
s10_97.tif,EpsonV550,150,1239,1754,0.7063854047890535,6368.9423828125,0.9724085330963135,0.10713452100753784,-4.8134307861328125,23.278133392333984,-1447.9651482281085,0.04829316686959267
s10_98.tif,EpsonV550,150,1239,1754,0.7063854047890535,6368.9423828125,0.9611999988555908,0.13587583601474762,-3.9996023178100586,15.23263168334961,-1399.0852927427652,0.03948452194591769
s10_99.tif,EpsonV550,150,1239,1754,0.7063854047890535,6368.9423828125,0.9485060572624207,0.16106998920440674,-3.3436005115509033,10.028116226196289,-1442.3786594285714,0.05083733433461899
s10_1.tif,EpsonV550,300,2478,3508,0.7063854047890535,25474.5185546875,0.9576611518859863,0.13616685569286346,-3.797542095184326,13.615188598632812,-1282.924648108358,0.04013885476112251
s10_10.tif,EpsonV550,300,2478,3508,0.7063854047890535,12044.7578125,0.9519712328910828,0.14101245999336243,-3.5310094356536865,11.878132820129395,-1267.092662143415,0.03825971859087449
s10_100.tif,EpsonV550,300,2478,3508,0.7063854047890535,25474.5185546875,0.9463312029838562,0.14933021366596222,-3.4178481101989746,10.92258071899414,-1168.4215097235704,0.043679476312876
s10_101.tif,EpsonV550,300,2478,3508,0.7063854047890535,25474.5185546875,0.9512472152709961,0.13751590251922607,-3.3156611919403076,10.152301788330078,-1199.7820806217183,0.06753317448967103
s10_102.tif,EpsonV550,300,2478,3508,0.7063854047890535,25474.5185546875,0.9108936786651611,0.19986633956432343,-2.2896432876586914,3.87221622467041,-1077.6808943482238,0.05048589503250037
s10_103.tif,EpsonV550,300,2478,3508,0.7063854047890535,25474.5185546875,0.9676070809364319,0.11950665712356567,-4.47686767578125,19.962505340576172,-1443.9601476324497,0.026111767591291392
s10_104.tif,EpsonV550,300,2478,3508,0.7063854047890535,25474.5185546875,0.9737868905067444,0.10935696214437485,-5.3711371421813965,28.29666519165039,-1373.5168220833798,0.01864756493401914
s10_105.tif,EpsonV550,300,2478,3508,0.7063854047890535,25474.5185546875,0.9454041123390198,0.1537308543920517,-3.1202831268310547,8.665782928466797,-1228.570699661336,0.023480171691040795
s10_106.tif,EpsonV550,300,2478,3508,0.7063854047890535,25474.5185546875,0.9843280911445618,0.08384771645069122,-6.941441535949707,49.361812591552734,-1579.5379296828423,0.016239026581005206
s10_107.tif,EpsonV550,300,2478,3508,0.7063854047890535,25474.5185546875,0.9740583896636963,0.10340309143066406,-5.262920379638672,27.80588722229004,-1365.3120828659657,0.025408428837395074
s10_108.tif,EpsonV550,300,2478,3508,0.7063854047890535,25474.5185546875,0.9672779440879822,0.12689200043678284,-4.429464817047119,18.771726608276367,-1471.7466375767217,0.03227558731201736
s10_11.tif,EpsonV550,300,2478,3508,0.7063854047890535,25474.5185546875,0.9224899411201477,0.20236589014530182,-2.571179151535034,5.0350799560546875,-1305.3460674269677,0.03759974894234601
s10_12.tif,EpsonV550,300,2478,3508,0.7063854047890535,25474.5185546875,0.9678040146827698,0.12333943694829941,-4.567258834838867,20.100622177124023,-1399.2954066574503,0.029415872218280275
s10_13.tif,EpsonV550,300,2478,3508,0.7063854047890535,25474.5185546875,0.9694889783859253,0.12072370201349258,-4.745793342590332,21.7857723236084,-1411.7602945788667,0.02648701963826715
s10_14.tif,EpsonV550,300,2478,3508,0.7063854047890535,25474.5185546875,0.9721881151199341,0.11365953087806702,-5.020286560058594,24.698871612548828,-1424.2636377088909,0.02446730774717169
s10_15.tif,EpsonV550,300,2478,3508,0.7063854047890535,25474.5185546875,0.9367236495018005,0.16585253179073334,-2.8620388507843018,7.058406829833984,-1184.5659707967673,0.04473621000494201
s10_16.tif,EpsonV550,300,2478,3508,0.7063854047890535,25474.5185546875,0.9569530487060547,0.13247275352478027,-3.815213680267334,14.026208877563477,-1224.4318270167362,0.0384866874102133
s10_17.tif,EpsonV550,300,2478,3508,0.7063854047890535,25474.5185546875,0.9296618700027466,0.1990356296300888,-2.7937450408935547,6.132611274719238,-1367.3267718285101,0.027930509118785793
s10_18.tif,EpsonV550,300,2478,3508,0.7063854047890535,25474.5185546875,0.8989377617835999,0.20819641649723053,-2.018190383911133,2.6463818550109863,-1040.6518010724183,0.044724361151220825
s10_19.tif,EpsonV550,300,2478,3508,0.7063854047890535,25474.5185546875,0.9309183359146118,0.19382977485656738,-2.904966354370117,6.973280906677246,-1270.0894099605248,0.029772948353722566
s10_2.tif,EpsonV550,300,2478,3508,0.7063854047890535,25474.5185546875,0.9668493270874023,0.12815441191196442,-4.385435581207275,18.352523803710938,-1489.1808892050803,0.031041465926377895
s10_20.tif,EpsonV550,300,2478,3508,0.7063854047890535,25474.5185546875,0.9358648657798767,0.17352570593357086,-2.858691453933716,6.876251220703125,-1246.2669178617361,0.042578568253538784
s10_21.tif,EpsonV550,300,2478,3508,0.7063854047890535,25474.5185546875,0.9224210977554321,0.20296816527843475,-2.6546764373779297,5.499712944030762,-1208.2864102956835,0.04116970503486554
s10_22.tif,EpsonV550,300,2478,3508,0.7063854047890535,25474.5185546875,0.9679686427116394,0.12223982810974121,-4.562861919403076,20.173961639404297,-1402.693349502086,0.02688458894370805
s10_23.tif,EpsonV550,300,2478,3508,0.7063854047890535,25474.5185546875,0.9722900390625,0.10605428367853165,-4.944930553436279,24.4973087310791,-1365.8905006627238,0.03228433015553979
s10_24.tif,EpsonV550,300,2478,3508,0.7063854047890535,25474.5185546875,0.961950957775116,0.12378399074077606,-4.012470722198486,15.599739074707031,-1278.520634725706,0.050409165076849595
s10_25.tif,EpsonV550,300,2478,3508,0.7063854047890535,25474.5185546875,0.9667731523513794,0.11773785948753357,-4.239425182342529,17.691804885864258,-1428.19535631547,0.046410349502072054
s10_26.tif,EpsonV550,300,2478,3508,0.7063854047890535,25474.5185546875,0.9634982943534851,0.13035181164741516,-4.125874042510986,16.05434799194336,-1363.5699512379258,0.021838242670046006
s10_27.tif,EpsonV550,300,2478,3508,0.7063854047890535,25474.5185546875,0.9721893668174744,0.10693083703517914,-4.806954383850098,23.026714324951172,-1402.802953529699,0.03445221023685743
s10_28.tif,EpsonV550,300,2478,3508,0.7063854047890535,25474.5185546875,0.9666792750358582,0.1161288321018219,-4.251521110534668,17.674280166625977,-1352.5429433424356,0.03106654408279749
s10_29.tif,EpsonV550,300,2478,3508,0.7063854047890535,25474.5185546875,0.9558093547821045,0.13284547626972198,-3.5899295806884766,12.12677001953125,-1247.3272802691781,0.06179464809134523
s10_3.tif,EpsonV550,300,2478,3508,0.7063854047890535,25474.5185546875,0.9625659584999084,0.13229231536388397,-4.165849685668945,16.507463455200195,-1358.768537916324,0.036225742060347704
s10_30.tif,EpsonV550,300,2478,3508,0.7063854047890535,25474.5185546875,0.968663215637207,0.10894498974084854,-4.5015869140625,20.16893196105957,-1299.9250921181326,0.03842065593413602
s10_31.tif,EpsonV550,300,2478,3508,0.7063854047890535,25474.5185546875,0.9583117365837097,0.13101652264595032,-3.6206934452056885,12.385619163513184,-1366.3283156150173,0.05798633447542479
s10_32.tif,EpsonV550,300,2478,3508,0.7063854047890535,25474.5185546875,0.960360586643219,0.127952441573143,-3.9908602237701416,15.65237808227539,-1299.0887938258218,0.03988519726155735
s10_33.tif,EpsonV550,300,2478,3508,0.7063854047890535,25474.5185546875,0.9636214375495911,0.12244533747434616,-4.083956718444824,16.196910858154297,-1330.359290290528,0.04512354098046849
s10_34.tif,EpsonV550,300,2478,3508,0.7063854047890535,25474.5185546875,0.9686161875724792,0.11286967992782593,-4.437810897827148,19.3851375579834,-1370.9433501378303,0.042134408795116526
s10_35.tif,EpsonV550,300,2478,3508,0.7063854047890535,25474.5185546875,0.948395848274231,0.14207391440868378,-3.180298328399658,9.217232704162598,-1202.9660937310286,0.07192139171344088
s10_36.tif,EpsonV550,300,2478,3508,0.7063854047890535,25474.5185546875,0.9912868142127991,0.052575141191482544,-11.115490913391113,130.4849853515625,-1538.383088215644,0.005728173030996602
s10_37.tif,EpsonV550,300,2478,3508,0.7063854047890535,25474.5185546875,0.9446117877960205,0.16146662831306458,-3.1765408515930176,8.865494728088379,-1265.0285865261337,0.03645800260076587
s10_38.tif,EpsonV550,300,2478,3508,0.7063854047890535,25474.5185546875,0.9500521421432495,0.14666222035884857,-3.391998052597046,10.649857521057129,-1238.525675962096,0.04073049218527834
s10_39.tif,EpsonV550,300,2478,3508,0.7063854047890535,25474.5185546875,0.9587563872337341,0.13977888226509094,-3.9086661338806152,14.213685989379883,-1328.6042510252726,0.03821669459775097
s10_4.tif,EpsonV550,300,2478,3508,0.7063854047890535,25474.5185546875,0.938750684261322,0.1659860908985138,-2.7667322158813477,6.155170440673828,-1276.0300450075526,0.03702191600796243
s10_40.tif,EpsonV550,300,2478,3508,0.7063854047890535,25474.5185546875,0.9766635298728943,0.10013903677463531,-5.552567481994629,30.87206268310547,-1424.2502109137977,0.023551149775953132
s10_41.tif,EpsonV550,300,2478,3508,0.7063854047890535,25474.5185546875,0.9706491231918335,0.11191903799772263,-4.778268337249756,22.540531158447266,-1376.0212718900414,0.033250414364768
s10_42.tif,EpsonV550,300,2478,3508,0.7063854047890535,25474.5185546875,0.8764358162879944,0.2533528506755829,-1.8264994621276855,1.5596957206726074,-1044.9038938075746,0.0392763042251862
s10_43.tif,EpsonV550,300,2478,3508,0.7063854047890535,25474.5185546875,0.9687560796737671,0.12107192724943161,-4.714213848114014,21.518192291259766,-1380.3018006859957,0.026967070770097266
s10_44.tif,EpsonV550,300,2478,3508,0.7063854047890535,25474.5185546875,0.9263916611671448,0.1986899971961975,-2.750786066055298,5.928859710693359,-1197.9020617364747,0.03511689641939144
s10_45.tif,EpsonV550,300,2478,3508,0.7063854047890535,25474.5185546875,0.9739625453948975,0.11401448398828506,-5.062562942504883,24.96465301513672,-1542.4249901516603,0.02424125922715104
s10_46.tif,EpsonV550,300,2478,3508,0.7063854047890535,25474.5185546875,0.9182209968566895,0.20106519758701324,-2.4833264350891113,4.653995990753174,-1171.1433651604523,0.04540331197318616
s10_47.tif,EpsonV550,300,2478,3508,0.7063854047890535,25474.5185546875,0.9585458636283875,0.13428911566734314,-3.964665174484253,15.356355667114258,-1295.3639949910082,0.030632392879460117
s10_48.tif,EpsonV550,300,2478,3508,0.7063854047890535,25474.5185546875,0.9237223863601685,0.18662399053573608,-2.6703476905822754,5.9715728759765625,-1126.2332058529857,0.029975414203715616
s10_49.tif,EpsonV550,300,2478,3508,0.7063854047890535,25474.5185546875,0.9619341492652893,0.1260697841644287,-3.9130613803863525,14.661258697509766,-1331.7125174029104,0.04573208890459533
s10_5.tif,EpsonV550,300,2478,3508,0.7063854047890535,25474.5185546875,0.9211740493774414,0.18464013934135437,-2.454672336578369,4.777632713317871,-1148.4079513166587,0.05220892543090715
s10_50.tif,EpsonV550,300,2478,3508,0.7063854047890535,25474.5185546875,0.9196255803108215,0.21444843709468842,-2.6862330436706543,5.599326133728027,-1237.785412308964,0.02649357677090897
s10_51.tif,EpsonV550,300,2478,3508,0.7063854047890535,25474.5185546875,0.9567528963088989,0.14142322540283203,-3.5640900135040283,11.360625267028809,-1336.9617717035346,0.022699067644760783
s10_52.tif,EpsonV550,300,2478,3508,0.7063854047890535,25474.5185546875,0.9473133087158203,0.16662591695785522,-3.452517509460449,10.544455528259277,-1267.7951815215167,0.021620591881303476
s10_53.tif,EpsonV550,300,2478,3508,0.7063854047890535,25474.5185546875,0.9508782029151917,0.16532514989376068,-3.4742720127105713,10.560380935668945,-1447.6517347969173,0.021268462354696243
s10_54.tif,EpsonV550,300,2478,3508,0.7063854047890535,25474.5185546875,0.9266421794891357,0.19134768843650818,-2.6640899181365967,5.634839057922363,-1216.248814733728,0.030166721424476097
s10_55.tif,EpsonV550,300,2478,3508,0.7063854047890535,25474.5185546875,0.9710193276405334,0.10559939593076706,-4.942053318023682,25.207035064697266,-1343.4272740666556,0.019936559166503314
s10_56.tif,EpsonV550,300,2478,3508,0.7063854047890535,25474.5185546875,0.9667200446128845,0.12092670053243637,-4.426272869110107,19.164810180664062,-1366.524568106313,0.026725147086838524
s10_57.tif,EpsonV550,300,2478,3508,0.7063854047890535,25474.5185546875,0.951853334903717,0.14644160866737366,-3.598092794418335,12.117976188659668,-1243.0124874135986,0.03338420287814409
s10_58.tif,EpsonV550,300,2478,3508,0.7063854047890535,25474.5185546875,0.9562796354293823,0.14165465533733368,-3.7527334690093994,13.098068237304688,-1300.142249738548,0.04528643395978108
s10_59.tif,EpsonV550,300,2478,3508,0.7063854047890535,25474.5185546875,0.9553508162498474,0.13943147659301758,-3.704967498779297,12.904022216796875,-1257.7655274199842,0.044197489791579815
s10_6.tif,EpsonV550,300,2478,3508,0.7063854047890535,25474.5185546875,0.9241500496864319,0.17886818945407867,-2.5620110034942627,5.368053436279297,-1072.9520704233762,0.03866925178745135
s10_60.tif,EpsonV550,300,2478,3508,0.7063854047890535,25474.5185546875,0.9294840097427368,0.19016604125499725,-2.7789642810821533,6.17934513092041,-1197.5104635413797,0.035612017452556266
s10_61.tif,EpsonV550,300,2478,3508,0.7063854047890535,25474.5185546875,0.9759621024131775,0.10121744126081467,-5.567285060882568,30.843997955322266,-1375.0970520770172,0.012183612598161427
s10_62.tif,EpsonV550,300,2478,3508,0.7063854047890535,25474.5185546875,0.9807509183883667,0.09637576341629028,-6.130650520324707,37.64125442504883,-1570.1518767570774,0.017917537499896465
s10_63.tif,EpsonV550,300,2478,3508,0.7063854047890535,25474.5185546875,0.9595896601676941,0.1379861980676651,-3.890362501144409,14.185810089111328,-1350.0210307937657,0.03060742976045529
s10_64.tif,EpsonV550,300,2478,3508,0.7063854047890535,25474.5185546875,0.9626922607421875,0.12154040485620499,-3.9934768676757812,15.695440292358398,-1312.0465844707544,0.02905419458624723
s10_65.tif,EpsonV550,300,2478,3508,0.7063854047890535,25474.5185546875,0.9664787650108337,0.11534496396780014,-4.233834743499756,17.885330200195312,-1353.828281675345,0.024284743369933637
s10_66.tif,EpsonV550,300,2478,3508,0.7063854047890535,25474.5185546875,0.9453863501548767,0.15598779916763306,-3.028474807739258,7.823259353637695,-1264.0291044461023,0.020678895604006247
s10_67.tif,EpsonV550,300,2478,3508,0.7063854047890535,25474.5185546875,0.9353187680244446,0.1842171996831894,-2.886784076690674,6.722992897033691,-1279.4170179488785,0.021586540806531915
s10_68.tif,EpsonV550,300,2478,3508,0.7063854047890535,25474.5185546875,0.9800107479095459,0.09689290821552277,-6.3644304275512695,40.47854232788086,-1457.9209574996446,0.011898434846949623
s10_69.tif,EpsonV550,300,2478,3508,0.7063854047890535,25474.5185546875,0.9619101285934448,0.1363910436630249,-4.133313179016113,16.01805877685547,-1359.591619313837,0.03172064682317277
s10_7.tif,EpsonV550,300,2478,3508,0.7063854047890535,25474.5185546875,0.9453045725822449,0.16068892180919647,-3.1172115802764893,8.491430282592773,-1363.002184485263,0.03982112142153114
s10_70.tif,EpsonV550,300,2478,3508,0.7063854047890535,25474.5185546875,0.9372320175170898,0.18251068890094757,-3.0669312477111816,7.861617088317871,-1235.007292214874,0.03162976726550543
s10_71.tif,EpsonV550,300,2478,3508,0.7063854047890535,25474.5185546875,0.9585092663764954,0.14005067944526672,-3.8338687419891357,13.780847549438477,-1416.2527972488972,0.028848967838299728
s10_72.tif,EpsonV550,300,2478,3508,0.7063854047890535,25474.5185546875,0.9606814384460449,0.1548071801662445,-4.309835433959961,17.015939712524414,-1414.1563521722571,0.00986480342866714
s10_73.tif,EpsonV550,300,2478,3508,0.7063854047890535,25474.5185546875,0.9555799961090088,0.13685594499111176,-3.753268003463745,13.455629348754883,-1258.991732172013,0.03784466359838874
s10_74.tif,EpsonV550,300,2478,3508,0.7063854047890535,25474.5185546875,0.970262348651886,0.11823846399784088,-4.826375484466553,22.588171005249023,-1396.8590008479762,0.025126242058967258
s10_75.tif,EpsonV550,300,2478,3508,0.7063854047890535,25474.5185546875,0.9651269912719727,0.12973502278327942,-4.383203506469727,18.218257904052734,-1360.7339264778716,0.02840940987646822
s10_76.tif,EpsonV550,300,2478,3508,0.7063854047890535,25474.5185546875,0.9670860767364502,0.12146347016096115,-4.590683937072754,20.400365829467773,-1326.7024030021053,0.029243086021297566
s10_77.tif,EpsonV550,300,2478,3508,0.7063854047890535,25474.5185546875,0.9730306267738342,0.1120445653796196,-5.073921203613281,25.394187927246094,-1450.4083830294776,0.020498286862819265
s10_78.tif,EpsonV550,300,2478,3508,0.7063854047890535,25474.5185546875,0.9622692465782166,0.1305873990058899,-4.151951789855957,16.585899353027344,-1336.290415813425,0.031630112377749736
s10_79.tif,EpsonV550,300,2478,3508,0.7063854047890535,25474.5185546875,0.9710227847099304,0.10995085537433624,-4.901976108551025,24.37200355529785,-1385.234328479488,0.021863435863880367
s10_8.tif,EpsonV550,300,2478,3508,0.7063854047890535,25474.5185546875,0.9445855617523193,0.1476667821407318,-3.313302993774414,10.40041446685791,-1162.5067920378028,0.03751807237786017
s10_80.tif,EpsonV550,300,2478,3508,0.7063854047890535,25474.5185546875,0.9703755378723145,0.11285287141799927,-4.740262985229492,22.228403091430664,-1389.0057431380376,0.02941449176930305
s10_81.tif,EpsonV550,300,2478,3508,0.7063854047890535,25474.5185546875,0.9613040089607239,0.1174016073346138,-3.874171257019043,15.482406616210938,-1264.693150174487,0.02262187753945093
s10_82.tif,EpsonV550,300,2478,3508,0.7063854047890535,25474.5185546875,0.9714569449424744,0.11569570004940033,-5.062074661254883,24.912899017333984,-1369.785540997936,0.021286868341059247
s10_83.tif,EpsonV550,300,2478,3508,0.7063854047890535,25474.5185546875,0.9772472381591797,0.10719937831163406,-5.534663677215576,30.11581039428711,-1561.7500162782949,0.01903961244355114
s10_84.tif,EpsonV550,300,2478,3508,0.7063854047890535,25474.5185546875,0.9709376096725464,0.11515703797340393,-4.9251508712768555,23.69190788269043,-1379.2883518930842,0.026459755770966948
s10_85.tif,EpsonV550,300,2478,3508,0.7063854047890535,25474.5185546875,0.9516102075576782,0.1488291472196579,-3.418280601501465,10.665452003479004,-1298.735273138469,0.02851259843751582
s10_86.tif,EpsonV550,300,2478,3508,0.7063854047890535,25474.5185546875,0.947678804397583,0.16144141554832458,-3.3005752563476562,9.475687980651855,-1304.0580490796822,0.021036546926522383
s10_87.tif,EpsonV550,300,2478,3508,0.7063854047890535,25474.5185546875,0.9139276742935181,0.18811753392219543,-2.233489751815796,3.747786521911621,-1093.8052633943128,0.042796679191940384
s10_88.tif,EpsonV550,300,2478,3508,0.7063854047890535,25474.5185546875,0.9556478261947632,0.13659828901290894,-3.6616599559783936,12.726930618286133,-1242.9361842036303,0.026489320386562525
s10_89.tif,EpsonV550,300,2478,3508,0.7063854047890535,25474.5185546875,0.9712309837341309,0.12000484019517899,-4.766414642333984,21.990489959716797,-1524.0249053971386,0.02400083103028429
s10_9.tif,EpsonV550,300,2478,3508,0.7063854047890535,25474.5185546875,0.9553529620170593,0.1376776248216629,-3.5418450832366943,11.743844032287598,-1289.8330234142522,0.028042325485941048
s10_90.tif,EpsonV550,300,2478,3508,0.7063854047890535,25474.5185546875,0.943962574005127,0.15642359852790833,-3.1726772785186768,9.082863807678223,-1206.025539655425,0.0432638461333164
s10_91.tif,EpsonV550,300,2478,3508,0.7063854047890535,25474.5185546875,0.9830905199050903,0.08299628645181656,-6.9828386306762695,49.88230895996094,-1463.6969428796388,0.01409541939420377
s10_92.tif,EpsonV550,300,2478,3508,0.7063854047890535,25474.5185546875,0.9636852741241455,0.13000032305717468,-4.198892593383789,16.77182388305664,-1364.952854948526,0.035988649948509255
s10_93.tif,EpsonV550,300,2478,3508,0.7063854047890535,25474.5185546875,0.9318123459815979,0.1793343424797058,-2.755383253097534,6.216733932495117,-1201.5600866527182,0.03464880917869728
s10_94.tif,EpsonV550,300,2478,3508,0.7063854047890535,25474.5185546875,0.9696636199951172,0.11466684937477112,-4.795255661010742,22.636991500854492,-1342.4491752558588,0.023252857759457686
s10_95.tif,EpsonV550,300,2478,3508,0.7063854047890535,25474.5185546875,0.9627771973609924,0.14373965561389923,-4.1323089599609375,15.758758544921875,-1518.3898103399767,0.018027743343244956
s10_96.tif,EpsonV550,300,2478,3508,0.7063854047890535,25474.5185546875,0.9551689028739929,0.14300034940242767,-3.6563873291015625,12.447491645812988,-1300.9463528135207,0.03496435680740804
s10_97.tif,EpsonV550,300,2478,3508,0.7063854047890535,25474.5185546875,0.97003573179245,0.11709858477115631,-4.780177593231201,22.251798629760742,-1387.6704824373307,0.029017842763180295
s10_98.tif,EpsonV550,300,2478,3508,0.7063854047890535,25474.5185546875,0.958842396736145,0.14236217737197876,-3.9478108882904053,14.554319381713867,-1333.2170469114221,0.024000485918039983
s10_99.tif,EpsonV550,300,2478,3508,0.7063854047890535,25474.5185546875,0.946321427822113,0.16785626113414764,-3.289156198501587,9.457350730895996,-1395.74436524105,0.03086407823280444
s11_1.tif,HP,150,1240,1727,0.7180081065431384,6275.9599609375,0.9139148592948914,0.12741628289222717,-3.68835186958313,13.07147216796875,-844.0870589877758,0.06814352690662533
s11_10.tif,HP,150,1240,1743,0.7114170969592656,6334.1005859375,0.9131602644920349,0.13341474533081055,-3.453569173812866,11.534805297851562,-803.2924545251431,0.062233727536875616
s11_100.tif,HP,150,1240,1743,0.7114170969592656,6334.1005859375,0.9116697907447815,0.13180504739284515,-3.3109192848205566,10.429091453552246,-777.599421257331,0.06703264671589584
s11_101.tif,HP,150,1240,1743,0.7114170969592656,6334.1005859375,0.9135664701461792,0.12673738598823547,-3.1579720973968506,9.297975540161133,-796.0701053147444,0.10687820406048155
s11_102.tif,HP,150,1240,1727,0.7180081065431384,6275.9599609375,0.8816967010498047,0.18050451576709747,-2.277787446975708,3.8916735649108887,-716.5504376240635,0.07492762015055009
s11_103.tif,HP,150,1240,1743,0.7114170969592656,6334.1005859375,0.9327564835548401,0.11174716800451279,-4.406006336212158,19.667343139648438,-903.6761434730059,0.042842799770510614
s11_104.tif,HP,150,1240,1727,0.7180081065431384,6275.9599609375,0.937089204788208,0.10424700379371643,-5.087240219116211,25.72649574279785,-977.514699281745,0.03334563012496031
s11_105.tif,HP,150,1240,1727,0.7180081065431384,6275.9599609375,0.9145551323890686,0.13619866967201233,-3.075962781906128,8.59467601776123,-849.7855882351563,0.03864290117115266
s11_106.tif,HP,150,1240,1727,0.7180081065431384,6275.9599609375,0.9445484280586243,0.07848429679870605,-6.358063697814941,42.73552322387695,-1010.2598273215357,0.027799932756785026
s11_107.tif,HP,150,1240,1727,0.7180081065431384,6275.9599609375,0.9389798641204834,0.09605354070663452,-5.1057448387146,26.734872817993164,-968.2029402572389,0.04315660197620337
s11_108.tif,HP,150,1240,1743,0.7114170969592656,6334.1005859375,0.9285783767700195,0.11773401498794556,-4.262206554412842,17.602338790893555,-929.4473719109333,0.05417476357041068
s11_11.tif,HP,150,1240,1743,0.7114170969592656,6334.1005859375,0.8901380300521851,0.18863007426261902,-2.515026807785034,4.819720268249512,-796.4411708933948,0.059887013491755035
s11_12.tif,HP,150,1240,1743,0.7114170969592656,6334.1005859375,0.9323438405990601,0.11801457405090332,-4.356954097747803,18.525806427001953,-938.5959625179121,0.0499338367294061
s11_13.tif,HP,150,1240,1743,0.7114170969592656,6334.1005859375,0.9282097220420837,0.1154460534453392,-4.521645545959473,20.02484893798828,-943.6281498813753,0.04549765883811745
s11_14.tif,HP,150,1240,1727,0.7180081065431384,6275.9599609375,0.9331899285316467,0.10932041704654694,-4.732417106628418,22.255624771118164,-950.5186060818828,0.04181127070997628
s11_15.tif,HP,150,1240,1727,0.7180081065431384,6275.9599609375,0.9070827960968018,0.15230484306812286,-2.8303091526031494,7.009147644042969,-808.1901999736624,0.06700879765395894
s11_16.tif,HP,150,1240,1727,0.7180081065431384,6275.9599609375,0.9191530346870422,0.1223001480102539,-3.7294762134552,13.615623474121094,-848.1636006605602,0.058846685469861965
s11_17.tif,HP,150,1240,1743,0.7114170969592656,6334.1005859375,0.8972104787826538,0.18385617434978485,-2.7220935821533203,5.814334869384766,-850.5707607350502,0.04680981992486073
s11_18.tif,HP,150,1240,1743,0.7114170969592656,6334.1005859375,0.8673025965690613,0.1914871782064438,-2.0151984691619873,2.6841611862182617,-663.184076391945,0.06486221383228767
s11_19.tif,HP,150,1240,1743,0.7114170969592656,6334.1005859375,0.896760880947113,0.17991319298744202,-2.862461566925049,6.754175186157227,-842.0276145002621,0.048293635370976994
s11_2.tif,HP,150,1240,1743,0.7114170969592656,6334.1005859375,0.928055465221405,0.12478262931108475,-4.219824314117432,17.14746856689453,-926.9666061810227,0.05178224418410971
s11_20.tif,HP,150,1240,1743,0.7114170969592656,6334.1005859375,0.9000775814056396,0.16037072241306305,-2.8196394443511963,6.780531883239746,-793.4821927375459,0.07075352099642811
s11_21.tif,HP,150,1240,1743,0.7114170969592656,6334.1005859375,0.8907790780067444,0.1876721829175949,-2.6333937644958496,5.438254356384277,-797.0959443915503,0.06573344067514297
s11_22.tif,HP,150,1240,1743,0.7114170969592656,6334.1005859375,0.9242293238639832,0.11536077409982681,-4.422391891479492,19.18149757385254,-925.4401274476435,0.04534404900708826
s11_23.tif,HP,150,1240,1743,0.7114170969592656,6334.1005859375,0.9350820779800415,0.09865061193704605,-4.758494853973389,23.064098358154297,-942.3257318882972,0.05221299946329095
s11_24.tif,HP,150,1240,1743,0.7114170969592656,6334.1005859375,0.926759660243988,0.11483278125524521,-3.860276699066162,14.63638687133789,-874.4541340172117,0.08125312309144411
s11_25.tif,HP,150,1240,1743,0.7114170969592656,6334.1005859375,0.9308973550796509,0.10967153310775757,-4.0231523513793945,16.169992446899414,-885.5912600128574,0.07578979512520126
s11_26.tif,HP,150,1240,1743,0.7114170969592656,6334.1005859375,0.927895724773407,0.11827623844146729,-4.06427526473999,15.775083541870117,-924.1355781210923,0.03411387485425573
s11_27.tif,HP,150,1240,1743,0.7114170969592656,6334.1005859375,0.9395229816436768,0.10015802085399628,-4.564164161682129,21.048931121826172,-958.3040363436852,0.05534071770954787
s11_28.tif,HP,150,1240,1743,0.7114170969592656,6334.1005859375,0.9325341582298279,0.10407566279172897,-4.174835681915283,17.346210479736328,-910.9291460966033,0.04762321174097311
s11_29.tif,HP,150,1240,1743,0.7114170969592656,6334.1005859375,0.9205119609832764,0.12209206074476242,-3.4206435680389404,11.078929901123047,-835.2870034447865,0.09720818758906594
s11_3.tif,HP,150,1240,1743,0.7114170969592656,6334.1005859375,0.9256227612495422,0.12737642228603363,-4.016191005706787,15.535146713256836,-902.3930978841373,0.06037467843725131
s11_30.tif,HP,150,1240,1743,0.7114170969592656,6334.1005859375,0.9310197234153748,0.10070280730724335,-4.2788825035095215,18.46518325805664,-911.3549459762341,0.059720911294949386
s11_31.tif,HP,150,1240,1743,0.7114170969592656,6334.1005859375,0.9182409048080444,0.12133993953466415,-3.4362998008728027,11.252540588378906,-836.6940746883527,0.09143069975755556
s11_32.tif,HP,150,1240,1743,0.7114170969592656,6334.1005859375,0.9240042567253113,0.11710482835769653,-3.87800931930542,14.992460250854492,-867.8083260249999,0.06432226602261581
s11_33.tif,HP,150,1240,1743,0.7114170969592656,6334.1005859375,0.9245505332946777,0.1134914979338646,-3.9176676273345947,15.08646011352539,-886.7931708459125,0.07258480928321581
s11_34.tif,HP,150,1240,1743,0.7114170969592656,6334.1005859375,0.9341987371444702,0.10480843484401703,-4.217523574829102,17.742494583129883,-908.4573706682581,0.06641219254899783
s11_35.tif,HP,150,1240,1743,0.7114170969592656,6334.1005859375,0.9118968844413757,0.13227726519107819,-3.0367441177368164,8.467368125915527,-785.1685152202712,0.11266355745562896
s11_36.tif,HP,150,1240,1727,0.7180081065431384,6275.9599609375,0.9598951935768127,0.051185157150030136,-10.288681983947754,115.53385925292969,-1113.665301655147,0.009078767954872332
s11_37.tif,HP,150,1240,1743,0.7114170969592656,6334.1005859375,0.9051206111907959,0.14522887766361237,-3.089888095855713,8.437530517578125,-820.6615023187005,0.056133751596246735
s11_38.tif,HP,150,1240,1743,0.7114170969592656,6334.1005859375,0.9139962792396545,0.13346055150032043,-3.346839427947998,10.539939880371094,-836.6912479767096,0.06684664926989062
s11_39.tif,HP,150,1240,1743,0.7114170969592656,6334.1005859375,0.9264900088310242,0.1296313852071762,-3.812514305114746,13.652782440185547,-908.9615965018947,0.0649232876205282
s11_4.tif,HP,150,1240,1727,0.7180081065431384,6275.9599609375,0.9031580686569214,0.15343981981277466,-2.678584098815918,5.902594566345215,-810.0749337732407,0.06218829968059473
s11_40.tif,HP,150,1240,1743,0.7114170969592656,6334.1005859375,0.942833423614502,0.0927000567317009,-5.380109786987305,29.437007904052734,-994.4196899413577,0.03776025762034312
s11_41.tif,HP,150,1240,1727,0.7180081065431384,6275.9599609375,0.9382525682449341,0.10381195694208145,-4.559579849243164,20.76817512512207,-947.9919611533096,0.05442451015185759
s11_42.tif,HP,150,1240,1727,0.7180081065431384,6275.9599609375,0.8522762656211853,0.22430504858493805,-1.797026515007019,1.492846965789795,-706.6907226890074,0.05975446887199507
s11_43.tif,HP,150,1240,1743,0.7114170969592656,6334.1005859375,0.9377982020378113,0.11201590299606323,-4.614320278167725,20.810649871826172,-969.5259366328826,0.04493689041881813
s11_44.tif,HP,150,1240,1743,0.7114170969592656,6334.1005859375,0.8907276391983032,0.1833166629076004,-2.673790454864502,5.5776777267456055,-811.88113181676,0.05794745803490459
s11_45.tif,HP,150,1240,1743,0.7114170969592656,6334.1005859375,0.9419093132019043,0.10741905868053436,-4.8975677490234375,23.664770126342773,-993.9721633378543,0.04079266374252771
s11_46.tif,HP,150,1240,1743,0.7114170969592656,6334.1005859375,0.8885654807090759,0.1799539029598236,-2.4307167530059814,4.449462413787842,-766.8459358548596,0.06899256010215979
s11_47.tif,HP,150,1240,1743,0.7114170969592656,6334.1005859375,0.9270293712615967,0.12338626384735107,-3.919790744781494,15.207830429077148,-883.5830955473956,0.050953121240723265
s11_48.tif,HP,150,1240,1743,0.7114170969592656,6334.1005859375,0.8917606472969055,0.169438436627388,-2.6549811363220215,5.967578887939453,-759.7818795987948,0.04548424111191309
s11_49.tif,HP,150,1240,1743,0.7114170969592656,6334.1005859375,0.9299017786979675,0.11523902416229248,-3.761784315109253,13.721353530883789,-899.9606752773651,0.06934697314604038
s11_5.tif,HP,150,1240,1743,0.7114170969592656,6334.1005859375,0.8873137831687927,0.1706787794828415,-2.441199779510498,4.834424018859863,-716.589504820843,0.07981973978864768
s11_50.tif,HP,150,1240,1727,0.7180081065431384,6275.9599609375,0.8902361392974854,0.19699254631996155,-2.6307759284973145,5.335955619812012,-835.1978659385767,0.04230438761977698
s11_51.tif,HP,150,1240,1743,0.7114170969592656,6334.1005859375,0.9279578924179077,0.12426654994487762,-3.5336215496063232,11.520312309265137,-935.3736852022192,0.036465215701515744
s11_52.tif,HP,150,1240,1743,0.7114170969592656,6334.1005859375,0.9174060821533203,0.15141189098358154,-3.401165008544922,10.297839164733887,-903.0505638327526,0.03648279754964559
s11_53.tif,HP,150,1240,1743,0.7114170969592656,6334.1005859375,0.9159647226333618,0.15067900717258453,-3.3769161701202393,10.003837585449219,-915.6728455731494,0.034753298909925415
s11_54.tif,HP,150,1240,1743,0.7114170969592656,6334.1005859375,0.8941962718963623,0.17373646795749664,-2.627103805541992,5.500811576843262,-809.059549947153,0.04999629855828845
s11_55.tif,HP,150,1240,1743,0.7114170969592656,6334.1005859375,0.9322679042816162,0.096205934882164,-4.809017658233643,24.296737670898438,-925.1751709722352,0.032426480114004404
s11_56.tif,HP,150,1240,1727,0.7180081065431384,6275.9599609375,0.930709719657898,0.11129765957593918,-4.28318977355957,18.113922119140625,-925.9650850147182,0.04395511515400564
s11_57.tif,HP,150,1240,1727,0.7180081065431384,6275.9599609375,0.9222280383110046,0.12605436146259308,-3.4930245876312256,11.636343955993652,-848.7181626595807,0.05320479294693389
s11_58.tif,HP,150,1240,1743,0.7114170969592656,6334.1005859375,0.9163514375686646,0.12916980683803558,-3.6168761253356934,12.347640037536621,-849.1409851187897,0.0766721262931912
s11_59.tif,HP,150,1240,1743,0.7114170969592656,6334.1005859375,0.9176070690155029,0.12549246847629547,-3.572545289993286,12.119604110717773,-853.9063407164988,0.06668748727629412
s11_6.tif,HP,150,1240,1743,0.7114170969592656,6334.1005859375,0.8952717185020447,0.1667494773864746,-2.5538902282714844,5.4309797286987305,-737.2280111300252,0.057279347805970424
s11_60.tif,HP,150,1240,1743,0.7114170969592656,6334.1005859375,0.9016017317771912,0.1684841364622116,-2.7524991035461426,6.144824981689453,-835.0466078789258,0.05454444506135139
s11_61.tif,HP,150,1240,1743,0.7114170969592656,6334.1005859375,0.9419815540313721,0.08965612947940826,-5.345814228057861,29.306621551513672,-992.7152626462597,0.020542076138656006
s11_62.tif,HP,150,1240,1727,0.7180081065431384,6275.9599609375,0.9373719096183777,0.0893930122256279,-5.807600498199463,34.495887756347656,-997.3479633084759,0.030505538225899846
s11_63.tif,HP,150,1240,1727,0.7180081065431384,6275.9599609375,0.9292228817939758,0.1240999698638916,-3.80086612701416,13.682437896728516,-930.0394825976568,0.04513327231634197
s11_64.tif,HP,150,1240,1727,0.7180081065431384,6275.9599609375,0.9280070066452026,0.10755899548530579,-3.979095935821533,15.96978759765625,-904.0313144510922,0.04096979658927471
s11_65.tif,HP,150,1240,1727,0.7180081065431384,6275.9599609375,0.9311924576759338,0.10457853227853775,-4.122049808502197,17.32012939453125,-925.1353193257488,0.034516315818966324
s11_66.tif,HP,150,1240,1743,0.7114170969592656,6334.1005859375,0.9174628853797913,0.13825145363807678,-2.9852888584136963,7.709362983703613,-877.0147416405159,0.03282160901671201
s11_67.tif,HP,150,1240,1727,0.7180081065431384,6275.9599609375,0.9077037572860718,0.17049330472946167,-2.8457889556884766,6.559735298156738,-884.2907841623064,0.03128210396548182
s11_68.tif,HP,150,1240,1743,0.7114170969592656,6334.1005859375,0.9437689185142517,0.0909895971417427,-6.126339435577393,38.17020034790039,-1017.8598148018525,0.019933651657320528
s11_69.tif,HP,150,1240,1743,0.7114170969592656,6334.1005859375,0.9280028939247131,0.12880167365074158,-4.036915302276611,15.469512939453125,-919.8344929825003,0.0554637906464568
s11_7.tif,HP,150,1240,1743,0.7114170969592656,6334.1005859375,0.906934380531311,0.15203970670700073,-3.0388882160186768,8.150530815124512,-828.3173122211147,0.058795088186848775
s11_70.tif,HP,150,1240,1743,0.7114170969592656,6334.1005859375,0.9058061242103577,0.16681666672229767,-3.0131595134735107,7.61834716796875,-857.6833183798182,0.051637425277145446
s11_71.tif,HP,150,1240,1743,0.7114170969592656,6334.1005859375,0.9211567044258118,0.13032613694667816,-3.754610538482666,13.350715637207031,-878.9676470474566,0.04733866340939796
s11_72.tif,HP,150,1240,1743,0.7114170969592656,6334.1005859375,0.9277862906455994,0.1444406360387802,-4.194384574890137,16.146282196044922,-979.7288162291848,0.017507819295615644
s11_73.tif,HP,150,1240,1743,0.7114170969592656,6334.1005859375,0.921123743057251,0.12644097208976746,-3.7269957065582275,13.494140625,-839.2702674788309,0.061784465049136636
s11_74.tif,HP,150,1240,1743,0.7114170969592656,6334.1005859375,0.9288250803947449,0.11206582188606262,-4.614333152770996,20.95171546936035,-934.09420355433,0.04262811615124091
s11_75.tif,HP,150,1240,1727,0.7180081065431384,6275.9599609375,0.9312106370925903,0.12288907915353775,-4.228212833404541,17.1325740814209,-940.2059235631575,0.04972028690438388
s11_76.tif,HP,150,1240,1727,0.7180081065431384,6275.9599609375,0.9310410618782043,0.11420990526676178,-4.455575942993164,19.41456413269043,-940.3933223969249,0.049525561761025086
s11_77.tif,HP,150,1240,1727,0.7180081065431384,6275.9599609375,0.9361656904220581,0.10455697029829025,-4.933837890625,24.2246036529541,-954.521009623538,0.033744886713861444
s11_78.tif,HP,150,1240,1743,0.7114170969592656,6334.1005859375,0.9151183366775513,0.12033874541521072,-4.06522798538208,16.156761169433594,-882.6731925943864,0.05352330982917847
s11_79.tif,HP,150,1240,1743,0.7114170969592656,6334.1005859375,0.9324972033500671,0.10395006090402603,-4.760123252868652,23.204187393188477,-946.8342951751238,0.03710695315825514
s11_8.tif,HP,150,1240,1727,0.7180081065431384,6275.9599609375,0.9063805341720581,0.13938380777835846,-3.2751128673553467,10.25473403930664,-761.2224413749965,0.0556652408614603
s11_80.tif,HP,150,1240,1743,0.7114170969592656,6334.1005859375,0.937030017375946,0.1065879687666893,-4.551437854766846,20.689085006713867,-950.2124068174649,0.04881415061166324
s11_81.tif,HP,150,1240,1743,0.7114170969592656,6334.1005859375,0.9270647764205933,0.10560788214206696,-3.9543683528900146,16.747594833374023,-874.5035705823365,0.03477088075805526
s11_82.tif,HP,150,1240,1743,0.7114170969592656,6334.1005859375,0.9383305311203003,0.1098840981721878,-4.855549335479736,23.215179443359375,-980.7674582951469,0.03660401976569874
s11_83.tif,HP,150,1240,1727,0.7180081065431384,6275.9599609375,0.9458527565002441,0.10182128846645355,-5.312692165374756,28.122976303100586,-1022.2949299823288,0.032808618338719016
s11_84.tif,HP,150,1240,1727,0.7180081065431384,6275.9599609375,0.9391796588897705,0.10875851660966873,-4.756666660308838,22.362247467041016,-971.7684697167922,0.04472187459140407
s11_85.tif,HP,150,1240,1727,0.7180081065431384,6275.9599609375,0.9183883666992188,0.13590149581432343,-3.365222215652466,10.456839561462402,-884.3043378675243,0.04172908455834283
s11_86.tif,HP,150,1240,1727,0.7180081065431384,6275.9599609375,0.9138556122779846,0.14867627620697021,-3.2448790073394775,9.219664573669434,-888.6247193854373,0.03426228589573566
s11_87.tif,HP,150,1240,1727,0.7180081065431384,6275.9599609375,0.8820824027061462,0.1701115518808365,-2.2136404514312744,3.760371685028076,-715.1503938048445,0.06933942880624615
s11_88.tif,HP,150,1240,1727,0.7180081065431384,6275.9599609375,0.9241304993629456,0.12357911467552185,-3.6489224433898926,12.990796089172363,-875.7700982402329,0.042106393709023665
s11_89.tif,HP,150,1240,1743,0.7114170969592656,6334.1005859375,0.9346818327903748,0.11291676759719849,-4.549816608428955,20.32740592956543,-961.6218953456843,0.04056456239705365
s11_9.tif,HP,150,1240,1743,0.7114170969592656,6334.1005859375,0.9267215132713318,0.12468503415584564,-3.5403285026550293,12.2094144821167,-888.5160025060403,0.042440267984379915
s11_90.tif,HP,150,1240,1743,0.7114170969592656,6334.1005859375,0.910214900970459,0.14213040471076965,-3.144902467727661,9.070157051086426,-812.865337696652,0.06233736790479892
s11_91.tif,HP,150,1240,1743,0.7114170969592656,6334.1005859375,0.9460424780845642,0.07807223498821259,-6.68094539642334,46.50565719604492,-1033.3214913930365,0.02309144411748376
s11_92.tif,HP,150,1240,1743,0.7114170969592656,6334.1005859375,0.917837381362915,0.1211651861667633,-4.030780792236328,15.625751495361328,-893.2502841702064,0.06087529842873799
s11_93.tif,HP,150,1240,1743,0.7114170969592656,6334.1005859375,0.8971796631813049,0.16231998801231384,-2.7178752422332764,6.127549171447754,-796.5411319165568,0.056250347010160455
s11_94.tif,HP,150,1240,1743,0.7114170969592656,6334.1005859375,0.9362785816192627,0.10664787888526917,-4.658183574676514,21.606019973754883,-970.6309936523543,0.036528140210612035
s11_95.tif,HP,150,1240,1743,0.7114170969592656,6334.1005859375,0.9282149076461792,0.13208122551441193,-4.015169143676758,14.976938247680664,-975.0874479635621,0.029620787296652046
s11_96.tif,HP,150,1240,1743,0.7114170969592656,6334.1005859375,0.9244139790534973,0.13038112223148346,-3.6412529945373535,12.542311668395996,-894.5912422817466,0.056271167619787905
s11_97.tif,HP,150,1240,1727,0.7180081065431384,6275.9599609375,0.9333898425102234,0.11048971861600876,-4.5556111335754395,20.3922061920166,-949.7244923687849,0.04954657526570409
s11_98.tif,HP,150,1240,1743,0.7114170969592656,6334.1005859375,0.9274808764457703,0.13059094548225403,-3.8618152141571045,14.053939819335938,-935.315361398372,0.040022301186312066
s11_99.tif,HP,150,1240,1743,0.7114170969592656,6334.1005859375,0.9149248600006104,0.15348589420318604,-3.218839645385742,9.12601089477539,-876.5406309140707,0.051113208594747654
s11_1.tif,HP,300,2481,3487,0.7114998566102667,25352.6689453125,0.9094942808151245,0.13329748809337616,-3.6400344371795654,12.516083717346191,-793.5413739232007,0.039952621859022174
s11_10.tif,HP,300,2481,3487,0.7114998566102667,25352.6689453125,0.9020843505859375,0.13476590812206268,-3.3731117248535156,10.831969261169434,-733.4701940703511,0.03775548195537591
s11_100.tif,HP,300,2481,3487,0.7114998566102667,25352.6689453125,0.8991069793701172,0.13297146558761597,-3.221191644668579,9.720986366271973,-709.3637043136787,0.04242405747980609
s11_101.tif,HP,300,2481,3487,0.7114998566102667,25352.6689453125,0.9080175161361694,0.13307996094226837,-3.148970365524292,9.024888038635254,-746.909679988309,0.06772919557145923
s11_102.tif,HP,300,2481,3471,0.7147796024200519,25236.3408203125,0.8666138052940369,0.17916208505630493,-2.2237610816955566,3.593625068664551,-642.8571115858213,0.047560886534841404
s11_103.tif,HP,300,2481,3487,0.7114998566102667,25352.6689453125,0.9090014100074768,0.11511567234992981,-4.220606803894043,17.902441024780273,-795.6713930436172,0.025627057001146772
s11_104.tif,HP,300,2481,3471,0.7147796024200519,25236.3408203125,0.9218975305557251,0.10378154367208481,-4.9935994148254395,24.74444580078125,-876.8306436180694,0.018768860568787203
s11_105.tif,HP,300,2481,3471,0.7147796024200519,25236.3408203125,0.8985155820846558,0.1335698962211609,-3.047668218612671,8.436497688293457,-752.6520314169995,0.022410597115432515
s11_106.tif,HP,300,2481,3471,0.7147796024200519,25236.3408203125,0.936231791973114,0.07991602271795273,-6.1929521560668945,40.56997299194336,-917.1098384012779,0.016519207747826146
s11_107.tif,HP,300,2481,3471,0.7147796024200519,25236.3408203125,0.9237983226776123,0.09797956794500351,-4.9144673347473145,24.58335304260254,-865.0637985479158,0.025497845858428986
s11_108.tif,HP,300,2481,3487,0.7114998566102667,25352.6689453125,0.9165287613868713,0.11896555125713348,-4.12482213973999,16.28464126586914,-843.3147859957562,0.032420644099053
s11_11.tif,HP,300,2481,3487,0.7114998566102667,25352.6689453125,0.8719640374183655,0.18675242364406586,-2.4518492221832275,4.465051174163818,-711.7059836152897,0.035905806411491895
s11_12.tif,HP,300,2481,3487,0.7114998566102667,25352.6689453125,0.9229815006256104,0.12060950696468353,-4.2603349685668945,17.467300415039062,-860.7250721138171,0.029309763089644763
s11_13.tif,HP,300,2481,3487,0.7114998566102667,25352.6689453125,0.9229922890663147,0.11802591383457184,-4.37640905380249,18.536157608032227,-877.8640619615619,0.026328458775942937
s11_14.tif,HP,300,2481,3487,0.7114998566102667,25352.6689453125,0.9198635816574097,0.11062531173229218,-4.675534248352051,21.497974395751953,-866.8387992261255,0.024395789416254095
s11_15.tif,HP,300,2481,3487,0.7114998566102667,25352.6689453125,0.8858999013900757,0.15464618802070618,-2.722755193710327,6.319831848144531,-705.7887932153716,0.04232719283127623
s11_16.tif,HP,300,2481,3471,0.7147796024200519,25236.3408203125,0.9089852571487427,0.12601274251937866,-3.611398696899414,12.576155662536621,-774.0252763058552,0.0371389544113482
s11_17.tif,HP,300,2481,3487,0.7114998566102667,25352.6689453125,0.8872488737106323,0.18291382491588593,-2.6664018630981445,5.490957260131836,-770.3473735186161,0.02761451615009952
s11_18.tif,HP,300,2481,3487,0.7114998566102667,25352.6689453125,0.8524946570396423,0.1991523802280426,-1.972641110420227,2.494129180908203,-591.2472776491697,0.04217137714366495
s11_19.tif,HP,300,2481,3487,0.7114998566102667,25352.6689453125,0.8830288648605347,0.1852622926235199,-2.803473711013794,6.409719467163086,-751.0714065581834,0.028833415575812364
s11_2.tif,HP,300,2481,3487,0.7114998566102667,25352.6689453125,0.9187114834785461,0.12617430090904236,-4.131932735443115,16.25019645690918,-850.1314224983365,0.03098374141901162
s11_20.tif,HP,300,2481,3487,0.7114998566102667,25352.6689453125,0.881517767906189,0.16729165613651276,-2.751544952392578,6.326422691345215,-714.5831042840192,0.042294943145190514
s11_21.tif,HP,300,2481,3487,0.7114998566102667,25352.6689453125,0.8790305852890015,0.19417819380760193,-2.555518388748169,4.990325927734375,-725.0937141617343,0.04071031609662746
s11_22.tif,HP,300,2481,3487,0.7114998566102667,25352.6689453125,0.9189621210098267,0.1212989017367363,-4.252572059631348,17.53049659729004,-845.5570502046428,0.02675880136123729
s11_23.tif,HP,300,2481,3487,0.7114998566102667,25352.6689453125,0.9263203740119934,0.1069517433643341,-4.576949596405029,21.106420516967773,-856.5029901892474,0.032410125384236516
s11_24.tif,HP,300,2481,3487,0.7114998566102667,25352.6689453125,0.9112578630447388,0.12495354562997818,-3.75419545173645,13.588455200195312,-785.7938072693324,0.05062403142575862
s11_25.tif,HP,300,2481,3487,0.7114998566102667,25352.6689453125,0.9204345345497131,0.1176486536860466,-4.005165100097656,15.79975700378418,-808.9244272691965,0.0465766380268648
s11_26.tif,HP,300,2481,3487,0.7114998566102667,25352.6689453125,0.9228944182395935,0.12450804561376572,-3.9145352840423584,14.587919235229492,-843.6618040429872,0.021521868465898614
s11_27.tif,HP,300,2481,3487,0.7114998566102667,25352.6689453125,0.9203064441680908,0.10756444931030273,-4.429376125335693,19.616331100463867,-849.749802515603,0.03453305633280381
s11_28.tif,HP,300,2481,3487,0.7114998566102667,25352.6689453125,0.915162980556488,0.11022484302520752,-3.99992036819458,15.92734146118164,-808.4703055805776,0.030925137150748325
s11_29.tif,HP,300,2481,3487,0.7114998566102667,25352.6689453125,0.9074649214744568,0.1342313140630722,-3.3564305305480957,10.440217971801758,-760.362109614567,0.0620883902632765
s11_3.tif,HP,300,2481,3487,0.7114998566102667,25352.6689453125,0.9109932780265808,0.13033685088157654,-3.8955066204071045,14.349481582641602,-819.207574290422,0.03628043448534067
s11_30.tif,HP,300,2481,3487,0.7114998566102667,25352.6689453125,0.905074417591095,0.10892495512962341,-4.134195804595947,17.088687896728516,-803.0020979347014,0.0384758405348963
s11_31.tif,HP,300,2481,3487,0.7114998566102667,25352.6689453125,0.9027873873710632,0.13113991916179657,-3.379335641860962,10.685785293579102,-756.5910699266948,0.058175428351542845
s11_32.tif,HP,300,2481,3487,0.7114998566102667,25352.6689453125,0.9110098481178284,0.12377584725618362,-3.7179784774780273,13.528478622436523,-783.9915119183892,0.039895520264304096
s11_33.tif,HP,300,2481,3487,0.7114998566102667,25352.6689453125,0.9193148612976074,0.12275554984807968,-3.822528839111328,14.058931350708008,-822.2577419971204,0.04538790766232891
s11_34.tif,HP,300,2481,3487,0.7114998566102667,25352.6689453125,0.920063853263855,0.11444874852895737,-4.084759712219238,16.381616592407227,-820.0745709546187,0.04238903362717537
s11_35.tif,HP,300,2481,3487,0.7114998566102667,25352.6689453125,0.8993314504623413,0.14291968941688538,-2.987377882003784,7.975147247314453,-715.9244510203897,0.07204094392403777
s11_36.tif,HP,300,2481,3471,0.7147796024200519,25236.3408203125,0.9403741955757141,0.05510422959923744,-9.129206657409668,93.91173553466797,-974.9916271109614,0.00570234096041468
s11_37.tif,HP,300,2481,3487,0.7114998566102667,25352.6689453125,0.900506317615509,0.15094773471355438,-3.0038774013519287,7.866218566894531,-750.9121890758854,0.03547477028456129
s11_38.tif,HP,300,2481,3487,0.7114998566102667,25352.6689453125,0.8981126546859741,0.1395985335111618,-3.2364749908447266,9.675922393798828,-751.9952363937093,0.04037568225713588
s11_39.tif,HP,300,2481,3487,0.7114998566102667,25352.6689453125,0.9027114510536194,0.135153129696846,-3.6869165897369385,12.576211929321289,-802.7449724043242,0.03823691544120749
s11_4.tif,HP,300,2481,3471,0.7147796024200519,25236.3408203125,0.892676591873169,0.1547706574201584,-2.7007572650909424,5.960470199584961,-746.2405574144335,0.0369907813354412
s11_40.tif,HP,300,2481,3487,0.7114998566102667,25352.6689453125,0.9331907629966736,0.09894484281539917,-5.089896202087402,26.163711547851562,-901.1491090367474,0.023568625424750907
s11_41.tif,HP,300,2481,3471,0.7147796024200519,25236.3408203125,0.9193507432937622,0.1111438125371933,-4.380499362945557,18.961349487304688,-845.1677068532496,0.033533796641278674
s11_42.tif,HP,300,2481,3487,0.7114998566102667,25352.6689453125,0.8363239765167236,0.22668759524822235,-1.7600468397140503,1.369840145111084,-621.1245001483098,0.036513464475121334
s11_43.tif,HP,300,2481,3471,0.7147796024200519,25236.3408203125,0.9240359663963318,0.11829975247383118,-4.356052398681641,18.37948226928711,-868.3441707949861,0.027058191956361867
s11_44.tif,HP,300,2481,3487,0.7114998566102667,25352.6689453125,0.8655769228935242,0.18219295144081116,-2.62155818939209,5.278759002685547,-718.61016206247,0.03468205219432528
s11_45.tif,HP,300,2481,3471,0.7147796024200519,25236.3408203125,0.9146789312362671,0.11148405820131302,-4.556626319885254,20.428081512451172,-861.4877970253356,0.024540527020045517
s11_46.tif,HP,300,2481,3471,0.7147796024200519,25236.3408203125,0.8659963607788086,0.18145866692066193,-2.367055654525757,4.103166580200195,-678.5666277203613,0.04407510331181921
s11_47.tif,HP,300,2481,3487,0.7114998566102667,25352.6689453125,0.906094491481781,0.12770241498947144,-3.7036569118499756,13.405624389648438,-774.474098514669,0.029973366845265196
s11_48.tif,HP,300,2481,3487,0.7114998566102667,25352.6689453125,0.8774289488792419,0.17023363709449768,-2.5851473808288574,5.557483673095703,-675.4562947978332,0.027774724268073724
s11_49.tif,HP,300,2481,3471,0.7147796024200519,25236.3408203125,0.9093028903007507,0.12290837615728378,-3.6582112312316895,12.7457857131958,-799.9923146474582,0.045788964148270155
s11_5.tif,HP,300,2481,3487,0.7114998566102667,25352.6689453125,0.8801539540290833,0.17334672808647156,-2.3796565532684326,4.433638572692871,-660.9997958356331,0.05054219351268089
s11_50.tif,HP,300,2481,3471,0.7147796024200519,25236.3408203125,0.8772574067115784,0.195029616355896,-2.5883395671844482,5.106166839599609,-749.4615476586146,0.025895451353652784
s11_51.tif,HP,300,2481,3471,0.7147796024200519,25236.3408203125,0.912409782409668,0.129265695810318,-3.3800110816955566,10.435980796813965,-826.6689287648785,0.022714839638062877
s11_52.tif,HP,300,2481,3471,0.7147796024200519,25236.3408203125,0.8966186046600342,0.15313777327537537,-3.2606728076934814,9.374297142028809,-795.0665104821296,0.02113974590639944
s11_53.tif,HP,300,2481,3471,0.7147796024200519,25236.3408203125,0.9046748876571655,0.15252192318439484,-3.3056411743164062,9.511333465576172,-834.9955053804506,0.020737030994765055
s11_54.tif,HP,300,2481,3471,0.7147796024200519,25236.3408203125,0.8793057799339294,0.17625124752521515,-2.5541555881500244,5.112622261047363,-723.3725513873633,0.02830442506814394
s11_55.tif,HP,300,2481,3471,0.7147796024200519,25236.3408203125,0.9217431545257568,0.1005043238401413,-4.603665828704834,22.137826919555664,-835.8859841571132,0.01985635340254038
s11_56.tif,HP,300,2481,3471,0.7147796024200519,25236.3408203125,0.9214014410972595,0.11588849872350693,-4.113413333892822,16.580690383911133,-840.8961118228883,0.02643623663147324
s11_57.tif,HP,300,2481,3471,0.7147796024200519,25236.3408203125,0.9060349464416504,0.13128376007080078,-3.3027594089508057,10.293519020080566,-753.0231682647733,0.03245756774824884
s11_58.tif,HP,300,2481,3487,0.7114998566102667,25352.6689453125,0.905183732509613,0.1370282620191574,-3.4692931175231934,11.110138893127441,-783.2284081221815,0.045646714282923606
s11_59.tif,HP,300,2481,3471,0.7147796024200519,25236.3408203125,0.897766649723053,0.13233038783073425,-3.4051597118377686,10.80704402923584,-757.8006465924237,0.043924723897007634
s11_6.tif,HP,300,2481,3487,0.7114998566102667,25352.6689453125,0.8777378797531128,0.16610023379325867,-2.4860475063323975,5.033840179443359,-655.5807255331648,0.035487947575650075
s11_60.tif,HP,300,2481,3471,0.7147796024200519,25236.3408203125,0.8823474049568176,0.17187243700027466,-2.6295597553253174,5.4713134765625,-731.5140425655434,0.03463812732456674
s11_61.tif,HP,300,2481,3471,0.7147796024200519,25236.3408203125,0.9331866502761841,0.09407481551170349,-4.996687889099121,25.763547897338867,-895.47399533259,0.01231346130331226
s11_62.tif,HP,300,2481,3471,0.7147796024200519,25236.3408203125,0.9261202812194824,0.09425358474254608,-5.320979595184326,29.040225982666016,-899.015036376855,0.018177097249961128
s11_63.tif,HP,300,2481,3487,0.7114998566102667,25352.6689453125,0.9085755944252014,0.12750323116779327,-3.57611083984375,12.06134033203125,-810.3848587137846,0.02995325413781389
s11_64.tif,HP,300,2481,3487,0.7114998566102667,25352.6689453125,0.9098118543624878,0.11091306060552597,-3.8361871242523193,14.80926513671875,-798.2571721511474,0.0274328082414015
s11_65.tif,HP,300,2481,3487,0.7114998566102667,25352.6689453125,0.9209042191505432,0.10655348747968674,-4.067270755767822,16.876596450805664,-831.12807426996,0.023614399172743536
s11_66.tif,HP,300,2481,3487,0.7114998566102667,25352.6689453125,0.9004372954368591,0.13898497819900513,-2.924636125564575,7.381492614746094,-776.6534958033818,0.018763537788251797
s11_67.tif,HP,300,2481,3487,0.7114998566102667,25352.6689453125,0.8944702744483948,0.16290569305419922,-2.7931292057037354,6.268222808837891,-786.9207474347273,0.018920856149408288
s11_68.tif,HP,300,2481,3487,0.7114998566102667,25352.6689453125,0.9310340285301208,0.0928104892373085,-5.781284809112549,34.24662780761719,-909.9684173228443,0.011658781676213845
s11_69.tif,HP,300,2481,3487,0.7114998566102667,25352.6689453125,0.9096477031707764,0.1297614872455597,-3.853344202041626,13.921842575073242,-821.814754101926,0.031633243161361596
s11_7.tif,HP,300,2481,3487,0.7114998566102667,25352.6689453125,0.8978773951530457,0.15185298025608063,-3.0047824382781982,7.86613655090332,-762.1372548223211,0.03845526546635416
s11_70.tif,HP,300,2481,3487,0.7114998566102667,25352.6689453125,0.8986071348190308,0.16558602452278137,-2.9418752193450928,7.182988166809082,-783.6953024818056,0.03058345230462152
s11_71.tif,HP,300,2481,3487,0.7114998566102667,25352.6689453125,0.9152724146842957,0.13181550800800323,-3.612062931060791,12.213247299194336,-804.7431282945289,0.027880720548147567
s11_72.tif,HP,300,2481,3487,0.7114998566102667,25352.6689453125,0.9106627702713013,0.13677015900611877,-4.052574634552002,15.065027236938477,-876.768310260769,0.009711085581072879
s11_73.tif,HP,300,2481,3487,0.7114998566102667,25352.6689453125,0.9108087420463562,0.12905563414096832,-3.5594587326049805,12.096131324768066,-767.8120870112928,0.03681099383707343
s11_74.tif,HP,300,2481,3487,0.7114998566102667,25352.6689453125,0.9173341393470764,0.11317098140716553,-4.419864654541016,19.0565242767334,-850.2816682050168,0.025035003624333002
s11_75.tif,HP,300,2481,3487,0.7114998566102667,25352.6689453125,0.9210960865020752,0.12344267964363098,-4.072812557220459,15.752168655395508,-854.5108644326026,0.028412320212334707
s11_76.tif,HP,300,2481,3471,0.7147796024200519,25236.3408203125,0.9160762429237366,0.11616566777229309,-4.242117404937744,17.42713737487793,-844.4712676523548,0.02940469144292358
s11_77.tif,HP,300,2481,3471,0.7147796024200519,25236.3408203125,0.9236968755722046,0.10605840384960175,-4.657131195068359,21.53277015686035,-864.3658732889841,0.020376817137818727
s11_78.tif,HP,300,2481,3487,0.7114998566102667,25352.6689453125,0.9188570976257324,0.12384918332099915,-3.905292510986328,14.658670425415039,-833.2736409763618,0.03135767595122414
s11_79.tif,HP,300,2481,3487,0.7114998566102667,25352.6689453125,0.9259510040283203,0.10463737696409225,-4.579080581665039,21.364917755126953,-863.6287479541612,0.021708546756323107
s11_8.tif,HP,300,2481,3471,0.7147796024200519,25236.3408203125,0.9050373435020447,0.13991492986679077,-3.2349703311920166,9.892457962036133,-715.6719291353711,0.03330306004110061
s11_80.tif,HP,300,2481,3487,0.7114998566102667,25352.6689453125,0.9156405925750732,0.1090855747461319,-4.342850208282471,18.704538345336914,-842.0833085932144,0.02947459481852732
s11_81.tif,HP,300,2481,3487,0.7114998566102667,25352.6689453125,0.9112100005149841,0.10675816237926483,-3.805823564529419,15.370607376098633,-775.979432790934,0.021667396619238822
s11_82.tif,HP,300,2481,3471,0.7147796024200519,25236.3408203125,0.9239866733551025,0.10959599912166595,-4.709061622619629,21.725393295288086,-879.3094515408559,0.02152028130588787
s11_83.tif,HP,300,2481,3487,0.7114998566102667,25352.6689453125,0.9304572939872742,0.10232879966497421,-5.066526412963867,25.5246524810791,-912.1718516327966,0.01920243405372659
s11_84.tif,HP,300,2481,3487,0.7114998566102667,25352.6689453125,0.9228209853172302,0.11013613641262054,-4.5642194747924805,20.45521354675293,-866.6455976284861,0.026601136229262672
s11_85.tif,HP,300,2481,3471,0.7147796024200519,25236.3408203125,0.9010069966316223,0.13558658957481384,-3.2969398498535156,9.955678939819336,-783.5378793098794,0.025971511984310375
s11_86.tif,HP,300,2481,3487,0.7114998566102667,25352.6689453125,0.900048553943634,0.147298201918602,-3.196604013442993,8.924509048461914,-793.390612314009,0.019692767990556737
s11_87.tif,HP,300,2481,3487,0.7114998566102667,25352.6689453125,0.8720756769180298,0.17080417275428772,-2.1567940711975098,3.4158530235290527,-644.9219743003389,0.041085406531567066
s11_88.tif,HP,300,2481,3487,0.7114998566102667,25352.6689453125,0.9037377834320068,0.12437962740659714,-3.5114407539367676,11.899504661560059,-769.8959667211147,0.02505072390142138
s11_89.tif,HP,300,2481,3487,0.7114998566102667,25352.6689453125,0.9176388382911682,0.11282823979854584,-4.432163238525391,19.176111221313477,-858.9308664891922,0.024165186822200313
s11_9.tif,HP,300,2481,3487,0.7114998566102667,25352.6689453125,0.9082810878753662,0.12615932524204254,-3.428032636642456,11.278361320495605,-790.8600416333812,0.02611288291734128
s11_90.tif,HP,300,2481,3487,0.7114998566102667,25352.6689453125,0.8948854804039001,0.14296196401119232,-3.0538277626037598,8.368828773498535,-731.8149904653072,0.04189557875298208
s11_91.tif,HP,300,2481,3487,0.7114998566102667,25352.6689453125,0.9273674488067627,0.08028602600097656,-6.255458354949951,41.05961227416992,-914.7446178665168,0.014074040424461353
s11_92.tif,HP,300,2481,3471,0.7147796024200519,25236.3408203125,0.9126207828521729,0.1230563372373581,-3.944636583328247,14.765985488891602,-826.9539432539207,0.0361955703449936
s11_93.tif,HP,300,2481,3487,0.7114998566102667,25352.6689453125,0.8847498893737793,0.16063159704208374,-2.6654257774353027,5.786864280700684,-726.7469506981076,0.033252547291737246
s11_94.tif,HP,300,2481,3487,0.7114998566102667,25352.6689453125,0.9275131821632385,0.10646011680364609,-4.515111923217773,20.195322036743164,-882.4756962404678,0.02306338034274134
s11_95.tif,HP,300,2481,3487,0.7114998566102667,25352.6689453125,0.9148582816123962,0.13035252690315247,-3.928407669067383,14.296754837036133,-874.0039141992729,0.017456789755280366
s11_96.tif,HP,300,2481,3487,0.7114998566102667,25352.6689453125,0.9099692702293396,0.13240233063697815,-3.5166208744049072,11.508788108825684,-800.0601457275314,0.03441966227527662
s11_97.tif,HP,300,2481,3487,0.7114998566102667,25352.6689453125,0.9242428541183472,0.11127644777297974,-4.448658466339111,19.317201614379883,-867.3132235587331,0.02894022098779517
s11_98.tif,HP,300,2481,3487,0.7114998566102667,25352.6689453125,0.9132788777351379,0.12949807941913605,-3.7524938583374023,13.164310455322266,-837.918561289265,0.02346124206140456
s11_99.tif,HP,300,2481,3487,0.7114998566102667,25352.6689453125,0.9070174694061279,0.15234945714473724,-3.1580100059509277,8.66402530670166,-803.0614853180857,0.030725512749780467
