file_name,class_label,resolution_level,width,height,aspect_ratio,file_size_kb,mean_intensity,std_intensity,skewness,kurtosis,entropy,edge_density
s1_1.tif,Canon120-1,150,1240,1752,0.7077625570776256,6366.8017578125,0.9627370238304138,0.13205072283744812,-3.9036121368408203,14.797052383422852,-1657.7299977326663,0.06595273604359994
s1_10.tif,Canon120-1,150,1240,1752,0.7077625570776256,6366.8017578125,0.9571939706802368,0.1364104300737381,-3.7206497192382812,13.542388916015625,-1542.7214292881324,0.0619057482692591
s1_100.tif,Canon120-1,150,1240,1752,0.7077625570776256,6366.8017578125,0.9548656344413757,0.13931025564670563,-3.5487449169158936,12.0176420211792,-1500.5470034897055,0.06612074679628811
s1_101.tif,Canon120-1,150,1240,1752,0.7077625570776256,6366.8017578125,0.9566712975502014,0.129947230219841,-3.263270616531372,9.98409366607666,-1555.521247022707,0.10563779643541023
s1_102.tif,Canon120-1,150,1240,1752,0.7077625570776256,6366.8017578125,0.9209825396537781,0.1902158260345459,-2.455615758895874,4.8617730140686035,-1420.3115173489564,0.07580276918544705
s1_103.tif,Canon120-1,150,1240,1752,0.7077625570776256,6366.8017578125,0.9716648459434509,0.11492086946964264,-4.699490547180176,22.216991424560547,-1706.8525113982062,0.041901881720430106
s1_104.tif,Canon120-1,150,1240,1752,0.7077625570776256,6366.8017578125,0.9781364798545837,0.11039381474256516,-5.446142673492432,29.248249053955078,-1818.1927564994755,0.031661971571660036
s1_105.tif,Canon120-1,150,1240,1752,0.7077625570776256,6366.8017578125,0.953702986240387,0.14283882081508636,-3.312736749649048,10.328632354736328,-1568.1870595737535,0.03770529533068199
s1_106.tif,Canon120-1,150,1240,1752,0.7077625570776256,6366.8017578125,0.9868997931480408,0.08038543164730072,-7.030441761016846,51.30366897583008,-1874.7475373451816,0.02698620930917661
s1_107.tif,Canon120-1,150,1240,1752,0.7077625570776256,6366.8017578125,0.9784144163131714,0.10114580392837524,-5.368555068969727,29.438472747802734,-1761.5954729864256,0.04207909854175873
s1_108.tif,Canon120-1,150,1240,1752,0.7077625570776256,6366.8017578125,0.9692518711090088,0.1259462833404541,-4.433582782745361,19.113025665283203,-1748.0952031974186,0.053594509500662836
s1_11.tif,Canon120-1,150,1240,1752,0.7077625570776256,6366.8017578125,0.9260766506195068,0.19931013882160187,-2.6410059928894043,5.526590347290039,-1545.9306186480958,0.060134500662836946
s1_12.tif,Canon120-1,150,1240,1752,0.7077625570776256,6366.8017578125,0.9713492393493652,0.12183118611574173,-4.599859714508057,20.64225959777832,-1770.9855444858958,0.04928698998379732
s1_13.tif,Canon120-1,150,1240,1752,0.7077625570776256,6366.8017578125,0.9729490280151367,0.11994627118110657,-4.788296222686768,22.431276321411133,-1785.381804754163,0.04442894756223303
s1_14.tif,Canon120-1,150,1240,1752,0.7077625570776256,6366.8017578125,0.9759771227836609,0.11235807090997696,-5.094439506530762,25.70232582092285,-1810.381897710445,0.04074283767859773
s1_15.tif,Canon120-1,150,1240,1752,0.7077625570776256,6366.8017578125,0.9442394971847534,0.15766623616218567,-3.0014560222625732,8.129217147827148,-1532.3379506635476,0.06756886139343055
s1_16.tif,Canon120-1,150,1240,1752,0.7077625570776256,6366.8017578125,0.9633569717407227,0.12722505629062653,-3.9717118740081787,15.540061950683594,-1573.3738811546132,0.05832136544410075
s1_17.tif,Canon120-1,150,1240,1752,0.7077625570776256,6366.8017578125,0.931755006313324,0.19842824339866638,-2.811852216720581,6.2898712158203125,-1613.1087109281855,0.046720338046840476
s1_18.tif,Canon120-1,150,1240,1752,0.7077625570776256,6366.8017578125,0.9099400639533997,0.19788001477718353,-2.1820924282073975,3.513540744781494,-1340.2280151089592,0.06486503903373103
s1_19.tif,Canon120-1,150,1240,1752,0.7077625570776256,6366.8017578125,0.9343273639678955,0.19469085335731506,-3.0039217472076416,7.662755966186523,-1577.0208296881808,0.04810078803947562
s1_2.tif,Canon120-1,150,1240,1752,0.7077625570776256,6366.8017578125,0.9688805937767029,0.12752048671245575,-4.419209003448486,18.936264038085938,-1752.2339750577528,0.05139794152305199
s1_20.tif,Canon120-1,150,1240,1752,0.7077625570776256,6366.8017578125,0.9414212107658386,0.16710598766803741,-2.962090015411377,7.69758415222168,-1557.619481255097,0.07053551701281485
s1_21.tif,Canon120-1,150,1240,1752,0.7077625570776256,6366.8017578125,0.9257314801216125,0.20386934280395508,-2.7195804119110107,5.980273246765137,-1522.476063537974,0.06710027249963176
s1_22.tif,Canon120-1,150,1240,1752,0.7077625570776256,6366.8017578125,0.9714878797531128,0.12127111107110977,-4.656984806060791,21.315141677856445,-1759.0466581875983,0.04498729562527618
s1_23.tif,Canon120-1,150,1240,1752,0.7077625570776256,6366.8017578125,0.9768211841583252,0.10142859071493149,-4.9965105056762695,25.38308334350586,-1743.8620817538756,0.05134776844896156
s1_24.tif,Canon120-1,150,1240,1752,0.7077625570776256,6366.8017578125,0.9667878150939941,0.11769373714923859,-3.97363018989563,15.516714096069336,-1636.6714163557656,0.08104608557961408
s1_25.tif,Canon120-1,150,1240,1752,0.7077625570776256,6366.8017578125,0.9701211452484131,0.11124962568283081,-4.245555877685547,18.09604835510254,-1677.9159445494442,0.07531254603034321
s1_26.tif,Canon120-1,150,1240,1752,0.7077625570776256,6366.8017578125,0.969917356967926,0.12063490599393845,-4.2588043212890625,17.466535568237305,-1752.9386124326625,0.03403069303284725
s1_27.tif,Canon120-1,150,1240,1752,0.7077625570776256,6366.8017578125,0.9761883616447449,0.10138602554798126,-4.793779373168945,23.317276000976562,-1754.8564730104285,0.054224664899101487
s1_28.tif,Canon120-1,150,1240,1752,0.7077625570776256,6366.8017578125,0.9735162258148193,0.10464993864297867,-4.411827564239502,19.370271682739258,-1716.936571909819,0.04709732655766682
s1_29.tif,Canon120-1,150,1240,1752,0.7077625570776256,6366.8017578125,0.9606554508209229,0.1254403293132782,-3.4723658561706543,11.3939208984375,-1595.4435858406578,0.09665819708351746
s1_3.tif,Canon120-1,150,1240,1752,0.7077625570776256,6366.8017578125,0.9666131734848022,0.1294163018465042,-4.228002071380615,17.315038681030273,-1713.6533709211772,0.05942471277065842
s1_30.tif,Canon120-1,150,1240,1752,0.7077625570776256,6366.8017578125,0.9741511940956116,0.10211788862943649,-4.43265438079834,19.669178009033203,-1705.988689948734,0.05876049491825011
s1_31.tif,Canon120-1,150,1240,1752,0.7077625570776256,6366.8017578125,0.9615646004676819,0.12290577590465546,-3.520080089569092,11.844866752624512,-1595.343806187067,0.09070693401089999
s1_32.tif,Canon120-1,150,1240,1752,0.7077625570776256,6366.8017578125,0.9661731123924255,0.12097212672233582,-4.153649806976318,17.335079193115234,-1643.8149689365846,0.06447470172337605
s1_33.tif,Canon120-1,150,1240,1752,0.7077625570776256,6366.8017578125,0.9681917428970337,0.11618401855230331,-4.069513320922852,16.43042755126953,-1681.8195874000294,0.07161032552658712
s1_34.tif,Canon120-1,150,1240,1752,0.7077625570776256,6366.8017578125,0.9727470278739929,0.10643831640481949,-4.351952075958252,18.87211799621582,-1724.0116139378736,0.0660424952128443
s1_35.tif,Canon120-1,150,1240,1752,0.7077625570776256,6366.8017578125,0.9536097049713135,0.13438287377357483,-3.145564317703247,9.220552444458008,-1536.6764485950162,0.11120516644572102
s1_36.tif,Canon120-1,150,1240,1752,0.7077625570776256,6366.8017578125,0.994830310344696,0.052088890224695206,-11.55382251739502,140.18338012695312,-1954.1357793816112,0.008352205774046252
s1_37.tif,Canon120-1,150,1240,1752,0.7077625570776256,6366.8017578125,0.9508472084999084,0.15326198935508728,-3.2464733123779297,9.54114055633545,-1616.1915274364483,0.0568401089998527
s1_38.tif,Canon120-1,150,1240,1752,0.7077625570776256,6366.8017578125,0.9556365013122559,0.14123307168483734,-3.4926021099090576,11.614184379577637,-1587.935110759824,0.06641534099278244
s1_39.tif,Canon120-1,150,1240,1752,0.7077625570776256,6366.8017578125,0.9625512957572937,0.13783693313598633,-3.9220144748687744,14.504261016845703,-1697.6450638968565,0.06464731551038444
s1_4.tif,Canon120-1,150,1240,1752,0.7077625570776256,6366.8017578125,0.9467940330505371,0.15149624645709991,-2.8507931232452393,7.024806022644043,-1603.4568023438287,0.0604070002945942
s1_40.tif,Canon120-1,150,1240,1752,0.7077625570776256,6366.8017578125,0.9801750779151917,0.09797152876853943,-5.568559646606445,31.48801040649414,-1794.489789149561,0.03736697230814553
s1_41.tif,Canon120-1,150,1240,1752,0.7077625570776256,6366.8017578125,0.9751549959182739,0.10668781399726868,-4.774827003479004,22.83687973022461,-1767.0252807710208,0.052790359404919725
s1_42.tif,Canon120-1,150,1240,1752,0.7077625570776256,6366.8017578125,0.8846420645713806,0.24621111154556274,-1.868726134300232,1.773238182067871,-1382.5365475799058,0.061820592134334953
s1_43.tif,Canon120-1,150,1240,1752,0.7077625570776256,6366.8017578125,0.972774088382721,0.1197575181722641,-4.765539169311523,22.27143096923828,-1782.192820192387,0.04485426793342171
s1_44.tif,Canon120-1,150,1240,1752,0.7077625570776256,6366.8017578125,0.9309809803962708,0.19698376953601837,-2.7789392471313477,6.152297019958496,-1573.2696880259132,0.05752504050670202
s1_45.tif,Canon120-1,150,1240,1752,0.7077625570776256,6366.8017578125,0.9756453633308411,0.1136043444275856,-5.071900844573975,25.37757682800293,-1800.6473206181272,0.0403824200913242
s1_46.tif,Canon120-1,150,1240,1752,0.7077625570776256,6366.8017578125,0.9257841110229492,0.19203440845012665,-2.548515558242798,5.0779829025268555,-1513.7907620734247,0.06887704374723817
s1_47.tif,Canon120-1,150,1240,1752,0.7077625570776256,6366.8017578125,0.9646714925765991,0.1298653483390808,-4.238964557647705,17.985618591308594,-1675.752317927812,0.05016478862866402
s1_48.tif,Canon120-1,150,1240,1752,0.7077625570776256,6366.8017578125,0.9300036430358887,0.18308298289775848,-2.8308842182159424,6.999172210693359,-1396.7285791546833,0.045182924583885696
s1_49.tif,Canon120-1,150,1240,1752,0.7077625570776256,6366.8017578125,0.9664969444274902,0.11892480403184891,-3.9003329277038574,14.903923034667969,-1673.4495607893446,0.06888532920901458
s1_5.tif,Canon120-1,150,1240,1752,0.7077625570776256,6366.8017578125,0.9304558634757996,0.1744687557220459,-2.6388022899627686,5.972010612487793,-1449.1508087757034,0.07944146781558403
s1_50.tif,Canon120-1,150,1240,1752,0.7077625570776256,6366.8017578125,0.9228895306587219,0.21830306947231293,-2.760615110397339,6.027117729187012,-1596.3792358741014,0.04193502356753572
s1_51.tif,Canon120-1,150,1240,1752,0.7077625570776256,6366.8017578125,0.9636730551719666,0.1297941952943802,-3.7177937030792236,13.140121459960938,-1720.422872335673,0.03610896302842834
s1_52.tif,Canon120-1,150,1240,1752,0.7077625570776256,6366.8017578125,0.9524375200271606,0.1651260256767273,-3.550255060195923,11.411886215209961,-1683.369465517271,0.03609699513919576
s1_53.tif,Canon120-1,150,1240,1752,0.7077625570776256,6366.8017578125,0.9533440470695496,0.1634930521249771,-3.506844997406006,10.901971817016602,-1719.313627335338,0.03416280011783768
s1_54.tif,Canon120-1,150,1240,1752,0.7077625570776256,6366.8017578125,0.9331682324409485,0.18558229506015778,-2.7796263694763184,6.41603946685791,-1568.0696948596205,0.051000699661216675
s1_55.tif,Canon120-1,150,1240,1752,0.7077625570776256,6366.8017578125,0.975261926651001,0.10238537937402725,-5.190038681030273,28.09810447692871,-1599.6376489786198,0.03229534909412284
s1_56.tif,Canon120-1,150,1240,1752,0.7077625570776256,6366.8017578125,0.9720302224159241,0.11584693938493729,-4.588228225708008,20.9741268157959,-1749.4107378173605,0.0429398659596406
s1_57.tif,Canon120-1,150,1240,1752,0.7077625570776256,6366.8017578125,0.9587060213088989,0.1350281983613968,-3.679828643798828,13.018487930297852,-1532.0830613550743,0.053165967005449996
s1_58.tif,Canon120-1,150,1240,1752,0.7077625570776256,6366.8017578125,0.9604768753051758,0.13817793130874634,-3.7818310260772705,13.54758071899414,-1658.3410521507985,0.07555052290469878
s1_59.tif,Canon120-1,150,1240,1752,0.7077625570776256,6366.8017578125,0.9602484107017517,0.13413795828819275,-3.7325470447540283,13.380006790161133,-1601.540978165287,0.06679647223449699
s1_6.tif,Canon120-1,150,1240,1752,0.7077625570776256,6366.8017578125,0.933626115322113,0.17127814888954163,-2.7413501739501953,6.512679100036621,-1398.3134951994182,0.05705000736485491
s1_60.tif,Canon120-1,150,1240,1752,0.7077625570776256,6366.8017578125,0.9364123344421387,0.1825965791940689,-2.8590962886810303,6.825261116027832,-1574.2382300319791,0.05666703490941229
s1_61.tif,Canon120-1,150,1240,1752,0.7077625570776256,6366.8017578125,0.981984555721283,0.09466949850320816,-5.806509017944336,34.298057556152344,-1816.4326721957564,0.018280030195905142
s1_62.tif,Canon120-1,150,1240,1752,0.7077625570776256,6366.8017578125,0.9829812049865723,0.09536992013454437,-6.244266033172607,39.551170349121094,-1857.4532983518372,0.026376307261746945
s1_63.tif,Canon120-1,150,1240,1752,0.7077625570776256,6366.8017578125,0.9653958678245544,0.13034175336360931,-4.018861770629883,15.491233825683594,-1730.3899435823118,0.04490213949035204
s1_64.tif,Canon120-1,150,1240,1752,0.7077625570776256,6366.8017578125,0.9694883227348328,0.11254916340112686,-4.283232688903809,18.753263473510742,-1664.5192315038548,0.04020612387685962
s1_65.tif,Canon120-1,150,1240,1752,0.7077625570776256,6366.8017578125,0.9721599221229553,0.10742265731096268,-4.458105087280273,20.46494483947754,-1702.325084692437,0.033511470761526
s1_66.tif,Canon120-1,150,1240,1752,0.7077625570776256,6366.8017578125,0.9539852142333984,0.14316868782043457,-3.1726434230804443,9.015647888183594,-1648.8219456320126,0.031460818971866256
s1_67.tif,Canon120-1,150,1240,1752,0.7077625570776256,6366.8017578125,0.9424381852149963,0.1757517158985138,-2.9787912368774414,7.40196418762207,-1652.8771495795177,0.030365296803652967
s1_68.tif,Canon120-1,150,1240,1752,0.7077625570776256,6366.8017578125,0.9837169051170349,0.09519492834806442,-6.486047267913818,42.30081558227539,-1838.8309042711494,0.019309728973339227
s1_69.tif,Canon120-1,150,1240,1752,0.7077625570776256,6366.8017578125,0.9654049873352051,0.1354658007621765,-4.163029670715332,16.46390151977539,-1734.0762593846832,0.05450821181322728
s1_7.tif,Canon120-1,150,1240,1752,0.7077625570776256,6366.8017578125,0.9499331116676331,0.15493659675121307,-3.237518310546875,9.466911315917969,-1624.01100729579,0.05920422742671969
s1_70.tif,Canon120-1,150,1240,1752,0.7077625570776256,6366.8017578125,0.9422082304954529,0.17937910556793213,-3.1094071865081787,8.211746215820312,-1597.4280241901756,0.052237534983060836
s1_71.tif,Canon120-1,150,1240,1752,0.7077625570776256,6366.8017578125,0.9622772932052612,0.13629338145256042,-3.951284646987915,14.853776931762695,-1669.3444530425572,0.046781098099867434
s1_72.tif,Canon120-1,150,1240,1752,0.7077625570776256,6366.8017578125,0.9638407826423645,0.1576797515153885,-4.348050117492676,17.320383071899414,-1824.949060379418,0.01688162836942112
s1_73.tif,Canon120-1,150,1240,1752,0.7077625570776256,6366.8017578125,0.9740501642227173,0.11715701222419739,-4.87917947769165,23.324642181396484,-1791.6787269139777,0.042213507143909264
s1_74.tif,Canon120-1,150,1240,1752,0.7077625570776256,6366.8017578125,0.9689744114875793,0.12842757999897003,-4.420106410980225,18.777727127075195,-1757.5158777518666,0.04825821181322728
s1_75.tif,Canon120-1,150,1240,1752,0.7077625570776256,6366.8017578125,0.9718561172485352,0.12023439258337021,-4.642376899719238,21.064189910888672,-1752.5340010248772,0.04858272573280306
s1_76.tif,Canon120-1,150,1240,1752,0.7077625570776256,6366.8017578125,0.9768319129943848,0.1093444973230362,-5.185288429260254,26.824329376220703,-1781.1437389839527,0.03347464648696421
s1_77.tif,Canon120-1,150,1240,1752,0.7077625570776256,6366.8017578125,0.9666709303855896,0.12735764682292938,-4.247608184814453,17.661136627197266,-1691.1601767955085,0.053186680659891
s1_78.tif,Canon120-1,150,1240,1752,0.7077625570776256,6366.8017578125,0.9756108522415161,0.10638841986656189,-5.154861927032471,27.207338333129883,-1738.293957487333,0.035983300191486225
s1_79.tif,Canon120-1,150,1240,1752,0.7077625570776256,6366.8017578125,0.9754712581634521,0.10772737860679626,-4.883856773376465,23.949073791503906,-1781.9397538888843,0.047553487258801
s1_8.tif,Canon120-1,150,1240,1752,0.7077625570776256,6366.8017578125,0.9525380730628967,0.1422831416130066,-3.570308208465576,12.241912841796875,-1463.491007597756,0.054854359994108114
s1_80.tif,Canon120-1,150,1240,1752,0.7077625570776256,6366.8017578125,0.961588978767395,0.13215629756450653,-3.9232873916625977,14.974786758422852,-1608.6456439398387,0.061239228899690676
s1_81.tif,Canon120-1,150,1240,1752,0.7077625570776256,6366.8017578125,0.9700161814689636,0.1067487969994545,-4.463260173797607,21.63321304321289,-1642.8911540184636,0.03240582191780822
s1_82.tif,Canon120-1,150,1240,1752,0.7077625570776256,6366.8017578125,0.9757404923439026,0.11542074382305145,-5.11822509765625,25.674579620361328,-1800.5411587967149,0.036030711444984535
s1_83.tif,Canon120-1,150,1240,1752,0.7077625570776256,6366.8017578125,0.9791467785835266,0.10736346989870071,-5.569571495056152,30.772918701171875,-1840.366622139967,0.03214621078214759
s1_84.tif,Canon120-1,150,1240,1752,0.7077625570776256,6366.8017578125,0.9751611351966858,0.11296115815639496,-4.984833240509033,24.574724197387695,-1785.2464471314236,0.04394424804831345
s1_85.tif,Canon120-1,150,1240,1752,0.7077625570776256,6366.8017578125,0.9580743908882141,0.14087046682834625,-3.594139575958252,12.277338981628418,-1655.761893744325,0.042310631168065986
s1_86.tif,Canon120-1,150,1240,1752,0.7077625570776256,6366.8017578125,0.9541425704956055,0.15500764548778534,-3.4182612895965576,10.401124000549316,-1704.6581784422,0.03394185447046693
s1_87.tif,Canon120-1,150,1240,1752,0.7077625570776256,6366.8017578125,0.9246973395347595,0.17570094764232635,-2.436922073364258,5.014980316162109,-1419.2005036778112,0.06927060318161732
s1_88.tif,Canon120-1,150,1240,1752,0.7077625570776256,6366.8017578125,0.9643852114677429,0.12655287981033325,-3.9945948123931885,15.921985626220703,-1674.455682275217,0.04129566210045662
s1_89.tif,Canon120-1,150,1240,1752,0.7077625570776256,6366.8017578125,0.9734028577804565,0.11830312013626099,-4.842038631439209,23.12394142150879,-1778.282205244223,0.03987516570923553
s1_9.tif,Canon120-1,150,1240,1752,0.7077625570776256,6366.8017578125,0.9623237252235413,0.12703442573547363,-3.7746424674987793,14.14848518371582,-1595.2998872985663,0.04253617984975696
s1_90.tif,Canon120-1,150,1240,1752,0.7077625570776256,6366.8017578125,0.9514963626861572,0.14790834486484528,-3.334799289703369,10.479479789733887,-1566.9485920342886,0.06216443879805568
s1_91.tif,Canon120-1,150,1240,1752,0.7077625570776256,6366.8017578125,0.987229585647583,0.08143451064825058,-7.123269557952881,52.01789855957031,-1883.3177313738372,0.02264784946236559
s1_92.tif,Canon120-1,150,1240,1752,0.7077625570776256,6366.8017578125,0.9675206542015076,0.12667427957057953,-4.220996856689453,17.250843048095703,-1734.5153159360132,0.059981219619973485
s1_93.tif,Canon120-1,150,1240,1752,0.7077625570776256,6366.8017578125,0.9393469095230103,0.1700466126203537,-2.8720662593841553,7.055269241333008,-1547.0276646768596,0.059788812785388126
s1_94.tif,Canon120-1,150,1240,1752,0.7077625570776256,6366.8017578125,0.9755986332893372,0.11082038283348083,-4.998963356018066,24.984233856201172,-1782.7831501113483,0.03577386212991604
s1_95.tif,Canon120-1,150,1240,1752,0.7077625570776256,6366.8017578125,0.9652018547058105,0.14149785041809082,-4.186590194702148,16.35398292541504,-1777.7142360172352,0.029815694505818235
s1_96.tif,Canon120-1,150,1240,1752,0.7077625570776256,6366.8017578125,0.9608327150344849,0.1371254026889801,-3.7876944541931152,13.727413177490234,-1681.8309105665185,0.0568318235380763
s1_97.tif,Canon120-1,150,1240,1752,0.7077625570776256,6366.8017578125,0.9738056063652039,0.11484327912330627,-4.794576644897461,22.67360496520996,-1767.9054323630726,0.04779238474002062
s1_98.tif,Canon120-1,150,1240,1752,0.7077625570776256,6366.8017578125,0.9638279676437378,0.13859772682189941,-4.069389343261719,15.775779724121094,-1721.3440367688768,0.039166298423921046
s1_99.tif,Canon120-1,150,1240,1752,0.7077625570776256,6366.8017578125,0.9496200680732727,0.16497012972831726,-3.3630306720733643,10.142939567565918,-1654.6019894504127,0.050777912800117835
s1_1.tif,Canon120-1,300,2480,3508,0.7069555302166477,25495.0673828125,0.9613192677497864,0.140962615609169,-4.016214370727539,15.306442260742188,-1546.6328170103945,0.03899600452422113
s1_10.tif,Canon120-1,300,2480,3508,0.7069555302166477,25495.0673828125,0.9564300179481506,0.14303027093410492,-3.8240811824798584,14.020814895629883,-1466.1453292114434,0.037580346305219406
s1_100.tif,Canon120-1,300,2480,3508,0.7069555302166477,25495.0673828125,0.9538097381591797,0.1466660052537918,-3.6473095417022705,12.507061004638672,-1427.2786543167026,0.04075879556405635
s1_101.tif,Canon120-1,300,2480,3508,0.7069555302166477,25495.0673828125,0.955003559589386,0.1435423493385315,-3.4987220764160156,11.356894493103027,-1471.707245921231,0.06606661731710009
s1_102.tif,Canon120-1,300,2480,3508,0.7069555302166477,25495.0673828125,0.9200732707977295,0.19586730003356934,-2.4980320930480957,4.997064113616943,-1355.2554516342761,0.05268809541324898
s1_103.tif,Canon120-1,300,2480,3508,0.7069555302166477,25495.0673828125,0.9708301424980164,0.1210533007979393,-4.796030044555664,22.781888961791992,-1638.1275873287614,0.024808502225328283
s1_104.tif,Canon120-1,300,2480,3508,0.7069555302166477,25495.0673828125,0.9770275950431824,0.11580641567707062,-5.505237579345703,29.414207458496094,-1688.2715927582226,0.017956307242432044
s1_105.tif,Canon120-1,300,2480,3508,0.7069555302166477,25495.0673828125,0.9525824785232544,0.1474287509918213,-3.39813232421875,10.847800254821777,-1462.7439630992667,0.022705245153933865
s1_106.tif,Canon120-1,300,2480,3508,0.7069555302166477,25495.0673828125,0.986270546913147,0.0859738439321518,-7.157747268676758,52.085472106933594,-1806.880362406861,0.015816037996101078
s1_107.tif,Canon120-1,300,2480,3508,0.7069555302166477,25495.0673828125,0.9774051308631897,0.10833001881837845,-5.517711639404297,30.347946166992188,-1655.2154610781256,0.024494933240151544
s1_108.tif,Canon120-1,300,2480,3508,0.7069555302166477,25495.0673828125,0.9686135649681091,0.13352207839488983,-4.539982795715332,19.593820571899414,-1691.7127068719792,0.03135402490160739
s1_11.tif,Canon120-1,300,2480,3508,0.7069555302166477,25495.0673828125,0.9254674911499023,0.20423251390457153,-2.669179677963257,5.597339630126953,-1489.5503610244116,0.038060125243682644
s1_12.tif,Canon120-1,300,2480,3508,0.7069555302166477,25495.0673828125,0.9704381823539734,0.1292249709367752,-4.689906597137451,21.01395606994629,-1690.0616125886415,0.028519260124324125
s1_13.tif,Canon120-1,300,2480,3508,0.7069555302166477,25495.0673828125,0.972011923789978,0.1270313709974289,-4.867830276489258,22.7071590423584,-1699.9985529595872,0.02561736767572737
s1_14.tif,Canon120-1,300,2480,3508,0.7069555302166477,25495.0673828125,0.9751428961753845,0.11897413432598114,-5.178721904754639,26.00905418395996,-1727.2208448544218,0.023637676095192555
s1_15.tif,Canon120-1,300,2480,3508,0.7069555302166477,25495.0673828125,0.9432644844055176,0.1640114039182663,-3.093294143676758,8.588234901428223,-1443.4682902268285,0.044496795343362636
s1_16.tif,Canon120-1,300,2480,3508,0.7069555302166477,25495.0673828125,0.962775707244873,0.13339631259441376,-4.113429069519043,16.41948127746582,-1504.8086383751822,0.037219535071909365
s1_17.tif,Canon120-1,300,2480,3508,0.7069555302166477,25495.0673828125,0.9312706589698792,0.20243291556835175,-2.8352041244506836,6.363855361938477,-1551.729115893473,0.027331881965645344
s1_18.tif,Canon120-1,300,2480,3508,0.7069555302166477,25495.0673828125,0.909152626991272,0.20289629697799683,-2.2328038215637207,3.70701265335083,-1276.0972684308788,0.04473507558759701
s1_19.tif,Canon120-1,300,2480,3508,0.7069555302166477,25495.0673828125,0.9339066743850708,0.19775813817977905,-3.0095577239990234,7.584242820739746,-1505.9231372163033,0.029668476661639753
s1_2.tif,Canon120-1,300,2480,3508,0.7069555302166477,25495.0673828125,0.9681785106658936,0.13497944176197052,-4.495339393615723,19.149219512939453,-1703.1613492330553,0.030141243976900725
s1_20.tif,Canon120-1,300,2480,3508,0.7069555302166477,25495.0673828125,0.9406712055206299,0.17458656430244446,-3.037142276763916,7.993196487426758,-1510.3424333594944,0.04253400062529886
s1_21.tif,Canon120-1,300,2480,3508,0.7069555302166477,25495.0673828125,0.9251039028167725,0.20875808596611023,-2.732001543045044,5.917448043823242,-1457.2497734067233,0.041609270975098395
s1_22.tif,Canon120-1,300,2480,3508,0.7069555302166477,25495.0673828125,0.970763623714447,0.12735457718372345,-4.726055145263672,21.514907836914062,-1685.670734191455,0.02611461819987494
s1_23.tif,Canon120-1,300,2480,3508,0.7069555302166477,25495.0673828125,0.9756250977516174,0.10998064279556274,-5.207833290100098,26.994426727294922,-1636.4210545121703,0.031452762349652406
s1_24.tif,Canon120-1,300,2480,3508,0.7069555302166477,25495.0673828125,0.9656731486320496,0.12920761108398438,-4.222146511077881,17.161136627197266,-1560.4645529513487,0.049245273476293816
s1_25.tif,Canon120-1,300,2480,3508,0.7069555302166477,25495.0673828125,0.9692257642745972,0.12137828022241592,-4.467229843139648,19.599950790405273,-1621.5762113222709,0.045525894729098466
s1_26.tif,Canon120-1,300,2480,3508,0.7069555302166477,25495.0673828125,0.9688888788223267,0.12568284571170807,-4.346490383148193,18.176923751831055,-1660.398822425512,0.021638673814690843
s1_27.tif,Canon120-1,300,2480,3508,0.7069555302166477,25495.0673828125,0.9751862287521362,0.11069770157337189,-5.035773277282715,25.1326961517334,-1670.3070462420928,0.03347096038547835
s1_28.tif,Canon120-1,300,2480,3508,0.7069555302166477,25495.0673828125,0.9726604223251343,0.11060001701116562,-4.618436813354492,21.276439666748047,-1636.7713043418266,0.030368719424725053
s1_29.tif,Canon120-1,300,2480,3508,0.7069555302166477,25495.0673828125,0.9593058824539185,0.13990402221679688,-3.7539589405059814,13.156906127929688,-1534.886783629211,0.06037720233935337
s1_3.tif,Canon120-1,300,2480,3508,0.7069555302166477,25495.0673828125,0.9657073020935059,0.13712215423583984,-4.300929546356201,17.4951229095459,-1645.7267420591536,0.03537846673042263
s1_30.tif,Canon120-1,300,2480,3508,0.7069555302166477,25495.0673828125,0.9725699424743652,0.11277197301387787,-4.742456436157227,22.25960922241211,-1578.4512090497872,0.03733769816456395
s1_31.tif,Canon120-1,300,2480,3508,0.7069555302166477,25495.0673828125,0.9604976177215576,0.1358698010444641,-3.795870065689087,13.60511589050293,-1546.3044455038532,0.056606788170816935
s1_32.tif,Canon120-1,300,2480,3508,0.7069555302166477,25495.0673828125,0.9653083086013794,0.12828965485095978,-4.241269588470459,17.697328567504883,-1579.4140445054343,0.039385207084268216
s1_33.tif,Canon120-1,300,2480,3508,0.7069555302166477,25495.0673828125,0.9668335318565369,0.1278742253780365,-4.281820774078369,17.704973220825195,-1601.0312364373167,0.04400494721742009
s1_34.tif,Canon120-1,300,2480,3508,0.7069555302166477,25495.0673828125,0.9715607166290283,0.11791827529668808,-4.627024173736572,20.888164520263672,-1647.3182993146168,0.041091445359914665
s1_35.tif,Canon120-1,300,2480,3508,0.7069555302166477,25495.0673828125,0.9521787762641907,0.1475425362586975,-3.36098051071167,10.384735107421875,-1467.4301879885145,0.07052497517195719
s1_36.tif,Canon120-1,300,2480,3508,0.7069555302166477,25495.0673828125,0.9943404793739319,0.055131588131189346,-11.696438789367676,141.03329467773438,-1868.7910422925725,0.005124691948357671
s1_37.tif,Canon120-1,300,2480,3508,0.7069555302166477,25495.0673828125,0.9493974447250366,0.16050618886947632,-3.310492515563965,9.821806907653809,-1528.2468885665166,0.03680757347261559
s1_38.tif,Canon120-1,300,2480,3508,0.7069555302166477,25495.0673828125,0.9545403122901917,0.1494755744934082,-3.6279196739196777,12.344079971313477,-1497.0735657962648,0.039806249310332144
s1_39.tif,Canon120-1,300,2480,3508,0.7069555302166477,25495.0673828125,0.9616617560386658,0.14651663601398468,-4.014273166656494,14.893960952758789,-1644.4214807174544,0.03734677879133409
s1_4.tif,Canon120-1,300,2480,3508,0.7069555302166477,25495.0673828125,0.945461630821228,0.15957322716712952,-2.978410482406616,7.765139579772949,-1515.8101720725913,0.03623974693787472
s1_40.tif,Canon120-1,300,2480,3508,0.7069555302166477,25495.0673828125,0.9794920086860657,0.10482262074947357,-5.737935543060303,32.64396286010742,-1718.7119588472397,0.02278340751094273
s1_41.tif,Canon120-1,300,2480,3508,0.7069555302166477,25495.0673828125,0.9743763208389282,0.1159510463476181,-4.97686767578125,24.216995239257812,-1711.6638580057866,0.03226898425718174
s1_42.tif,Canon120-1,300,2480,3508,0.7069555302166477,25495.0673828125,0.8838735818862915,0.24988265335559845,-1.8887827396392822,1.8322124481201172,-1300.648242927538,0.04048051458417626
s1_43.tif,Canon120-1,300,2480,3508,0.7069555302166477,25495.0673828125,0.9721881151199341,0.12644462287425995,-4.852890491485596,22.588150024414062,-1727.8391703825419,0.026050134255342628
s1_44.tif,Canon120-1,300,2480,3508,0.7069555302166477,25495.0673828125,0.92967289686203,0.20236098766326904,-2.7923548221588135,6.149487495422363,-1472.1101310588624,0.03547410067311583
s1_45.tif,Canon120-1,300,2480,3508,0.7069555302166477,25495.0673828125,0.9749429821968079,0.12024904042482376,-5.15380859375,25.666799545288086,-1736.7586364981123,0.023456753227645566
s1_46.tif,Canon120-1,300,2480,3508,0.7069555302166477,25495.0673828125,0.9252800345420837,0.19720153510570526,-2.582435131072998,5.170560836791992,-1463.696047901114,0.045226463934968916
s1_47.tif,Canon120-1,300,2480,3508,0.7069555302166477,25495.0673828125,0.9635071158409119,0.13639527559280396,-4.274459362030029,17.8516788482666,-1584.6843634873333,0.029210537205281936
s1_48.tif,Canon120-1,300,2480,3508,0.7069555302166477,25495.0673828125,0.9304162859916687,0.1857350915670395,-2.8819785118103027,7.205893516540527,-1353.1107162563428,0.028324773788943245
s1_49.tif,Canon120-1,300,2480,3508,0.7069555302166477,25495.0673828125,0.9650964736938477,0.13011793792247772,-4.110149383544922,16.22239112854004,-1587.5202157230306,0.045006344944274836
s1_5.tif,Canon120-1,300,2480,3508,0.7069555302166477,25495.0673828125,0.9300893545150757,0.18062807619571686,-2.706888198852539,6.223287582397461,-1409.1450591059775,0.05227693842645382
s1_50.tif,Canon120-1,300,2480,3508,0.7069555302166477,25495.0673828125,0.9224313497543335,0.22112806141376495,-2.7549328804016113,5.924761772155762,-1538.5211568822062,0.02616289494979218
s1_51.tif,Canon120-1,300,2480,3508,0.7069555302166477,25495.0673828125,0.9625388979911804,0.13521836698055267,-3.8256173133850098,13.9046630859375,-1603.4175997665639,0.022378917313421856
s1_52.tif,Canon120-1,300,2480,3508,0.7069555302166477,25495.0673828125,0.9516887068748474,0.16863363981246948,-3.5718700885772705,11.43754768371582,-1586.3973227341908,0.021455337109647993
s1_53.tif,Canon120-1,300,2480,3508,0.7069555302166477,25495.0673828125,0.9529628753662109,0.16684852540493011,-3.548393726348877,11.132478713989258,-1653.5895871944676,0.021580052046934195
s1_54.tif,Canon120-1,300,2480,3508,0.7069555302166477,25495.0673828125,0.9323087930679321,0.18961232900619507,-2.80877685546875,6.521973609924316,-1478.088315648871,0.03149460219958068
s1_55.tif,Canon120-1,300,2480,3508,0.7069555302166477,25495.0673828125,0.9750301241874695,0.1067885011434555,-5.385642051696777,29.768959045410156,-1558.5236521354066,0.01931863114723949
s1_56.tif,Canon120-1,300,2480,3508,0.7069555302166477,25495.0673828125,0.9713296890258789,0.12191782891750336,-4.713232040405273,21.782804489135742,-1679.6649495686413,0.025709208445212784
s1_57.tif,Canon120-1,300,2480,3508,0.7069555302166477,25495.0673828125,0.9581801891326904,0.14075395464897156,-3.795125722885132,13.679788589477539,-1470.1773802407772,0.031762997940192
s1_58.tif,Canon120-1,300,2480,3508,0.7069555302166477,25495.0673828125,0.9591221213340759,0.14841614663600922,-3.886643886566162,13.987970352172852,-1576.1172137755395,0.04438001158641998
s1_59.tif,Canon120-1,300,2480,3508,0.7069555302166477,25495.0673828125,0.9590948224067688,0.14319531619548798,-3.859173059463501,13.985506057739258,-1510.9315094289448,0.0438905772979733
s1_6.tif,Canon120-1,300,2480,3508,0.7069555302166477,25495.0673828125,0.9333334565162659,0.17527537047863007,-2.819347381591797,6.920551300048828,-1337.099918427503,0.0390007172545702
s1_60.tif,Canon120-1,300,2480,3508,0.7069555302166477,25495.0673828125,0.935133695602417,0.18798501789569855,-2.8847813606262207,6.886200904846191,-1467.0948400630125,0.03757218523559054
s1_61.tif,Canon120-1,300,2480,3508,0.7069555302166477,25495.0673828125,0.9811728596687317,0.09806615114212036,-5.918941974639893,35.454559326171875,-1709.4722870026696,0.011842861477912237
s1_62.tif,Canon120-1,300,2480,3508,0.7069555302166477,25495.0673828125,0.9823989868164062,0.10077743232250214,-6.3056159019470215,39.49750518798828,-1799.5608457748376,0.017071463383234634
s1_63.tif,Canon120-1,300,2480,3508,0.7069555302166477,25495.0673828125,0.9647714495658875,0.13533581793308258,-4.121039867401123,16.22582244873047,-1664.0696652180063,0.031048846875344833
s1_64.tif,Canon120-1,300,2480,3508,0.7069555302166477,25495.0673828125,0.9685057401657104,0.11748463660478592,-4.415680885314941,19.763376235961914,-1555.5480245556819,0.028167874351712214
s1_65.tif,Canon120-1,300,2480,3508,0.7069555302166477,25495.0673828125,0.9718531370162964,0.11141110956668854,-4.651947021484375,22.139087677001953,-1637.3479360653155,0.023976647846397175
s1_66.tif,Canon120-1,300,2480,3508,0.7069555302166477,25495.0673828125,0.9528098702430725,0.14725106954574585,-3.258366823196411,9.634928703308105,-1521.6023096052124,0.020245084967079854
s1_67.tif,Canon120-1,300,2480,3508,0.7069555302166477,25495.0673828125,0.9419072866439819,0.17872796952724457,-3.0264549255371094,7.7069807052612305,-1581.9341677300056,0.029056741273402728
s1_68.tif,Canon120-1,300,2480,3508,0.7069555302166477,25495.0673828125,0.9830138087272644,0.09860610961914062,-6.533633232116699,42.49658203125,-1744.57390304083,0.011732859454886526
s1_69.tif,Canon120-1,300,2480,3508,0.7069555302166477,25495.0673828125,0.9646959900856018,0.14241568744182587,-4.237857818603516,16.742021560668945,-1673.0080235676253,0.030979190421892816
s1_7.tif,Canon120-1,300,2480,3508,0.7069555302166477,25495.0673828125,0.949191153049469,0.16101519763469696,-3.320103645324707,9.916130065917969,-1562.465281590511,0.040120967741935486
s1_70.tif,Canon120-1,300,2480,3508,0.7069555302166477,25495.0673828125,0.9414777755737305,0.18319866061210632,-3.1395299434661865,8.321313858032227,-1502.8222446695263,0.032507379446058776
s1_71.tif,Canon120-1,300,2480,3508,0.7069555302166477,25495.0673828125,0.9617300033569336,0.1419953554868698,-4.027163505554199,15.245281219482422,-1616.9443877000208,0.02851305311362048
s1_72.tif,Canon120-1,300,2480,3508,0.7069555302166477,25495.0673828125,0.9634431600570679,0.1590924710035324,-4.338860988616943,17.171077728271484,-1750.11150404971,0.00961672858351418
s1_73.tif,Canon120-1,300,2480,3508,0.7069555302166477,25495.0673828125,0.9600775837898254,0.1403919905424118,-4.001119613647461,15.249895095825195,-1509.6652327405823,0.03629216169492772
s1_74.tif,Canon120-1,300,2480,3508,0.7069555302166477,25495.0673828125,0.9734331965446472,0.12324477732181549,-4.963868141174316,23.678171157836914,-1725.9664718791455,0.02424826203700298
s1_75.tif,Canon120-1,300,2480,3508,0.7069555302166477,25495.0673828125,0.9679820537567139,0.135477215051651,-4.493557929992676,19.035022735595703,-1663.7590155060761,0.027588668297347997
s1_76.tif,Canon120-1,300,2480,3508,0.7069555302166477,25495.0673828125,0.9705958962440491,0.12778809666633606,-4.737622261047363,21.50333595275879,-1631.893810225342,0.028428568801265312
s1_77.tif,Canon120-1,300,2480,3508,0.7069555302166477,25495.0673828125,0.9761022925376892,0.11424721032381058,-5.263056755065918,27.183042526245117,-1710.0949901201125,0.019930596424761835
s1_78.tif,Canon120-1,300,2480,3508,0.7069555302166477,25495.0673828125,0.9659239649772644,0.13447868824005127,-4.3543195724487305,18.19713592529297,-1630.105779705166,0.0308395326810608
s1_79.tif,Canon120-1,300,2480,3508,0.7069555302166477,25495.0673828125,0.9745576977729797,0.11251737177371979,-5.254031181335449,27.70530891418457,-1633.2957292179374,0.02112073325486446
s1_8.tif,Canon120-1,300,2480,3508,0.7069555302166477,25495.0673828125,0.9518872499465942,0.14805150032043457,-3.649994134902954,12.674667358398438,-1407.212817531843,0.034778340751094275
s1_80.tif,Canon120-1,300,2480,3508,0.7069555302166477,25495.0673828125,0.9746275544166565,0.11487266421318054,-5.019376277923584,24.82208251953125,-1709.592101552898,0.028371556258505903
s1_81.tif,Canon120-1,300,2480,3508,0.7069555302166477,25495.0673828125,0.969158411026001,0.11113268882036209,-4.594944000244141,22.560466766357422,-1532.2560572385307,0.021490395225659324
s1_82.tif,Canon120-1,300,2480,3508,0.7069555302166477,25495.0673828125,0.9748309254646301,0.1205967590212822,-5.1985344886779785,26.084867477416992,-1684.3588864451458,0.02062658623606871
s1_83.tif,Canon120-1,300,2480,3508,0.7069555302166477,25495.0673828125,0.978658139705658,0.11260626465082169,-5.658262252807617,31.23157501220703,-1784.6887513599138,0.018322635818589766
s1_84.tif,Canon120-1,300,2480,3508,0.7069555302166477,25495.0673828125,0.9740039110183716,0.12020005285739899,-5.060428619384766,24.829294204711914,-1696.437714561401,0.02595863831978519
s1_85.tif,Canon120-1,300,2480,3508,0.7069555302166477,25495.0673828125,0.9572698473930359,0.14524449408054352,-3.671154022216797,12.736873626708984,-1562.7659878693908,0.028799610107772097
s1_86.tif,Canon120-1,300,2480,3508,0.7069555302166477,25495.0673828125,0.953299880027771,0.15897180140018463,-3.4731407165527344,10.780172348022461,-1619.8253913574306,0.021288552433148197
s1_87.tif,Canon120-1,300,2480,3508,0.7069555302166477,25495.0673828125,0.923103392124176,0.1828172653913498,-2.4927241802215576,5.199565887451172,-1322.5496297206005,0.04300010115128554
s1_88.tif,Canon120-1,300,2480,3508,0.7069555302166477,25495.0673828125,0.9624584913253784,0.13318730890750885,-4.045776844024658,16.111114501953125,-1531.7761267673297,0.025514377275903926
s1_89.tif,Canon120-1,300,2480,3508,0.7069555302166477,25495.0673828125,0.9727268815040588,0.12452083826065063,-4.919272422790527,23.39487648010254,-1718.3239147205802,0.023298129620774634
s1_9.tif,Canon120-1,300,2480,3508,0.7069555302166477,25495.0673828125,0.9615501761436462,0.1320914626121521,-3.912727117538452,15.088516235351562,-1507.3202022909836,0.026341748813771288
s1_90.tif,Canon120-1,300,2480,3508,0.7069555302166477,25495.0673828125,0.9505687952041626,0.15515655279159546,-3.413567066192627,10.790201187133789,-1505.420216182748,0.04309079247434436
s1_91.tif,Canon120-1,300,2480,3508,0.7069555302166477,25495.0673828125,0.9862960577011108,0.08709696680307388,-7.259355545043945,53.04175567626953,-1765.7431100313433,0.0134217410894913
s1_92.tif,Canon120-1,300,2480,3508,0.7069555302166477,25495.0673828125,0.9664059281349182,0.13594576716423035,-4.325118064880371,17.674678802490234,-1662.1600360570533,0.03491179148122264
s1_93.tif,Canon120-1,300,2480,3508,0.7069555302166477,25495.0673828125,0.9385079145431519,0.1757688671350479,-2.9353599548339844,7.345510482788086,-1468.7229750107851,0.038301279103983524
s1_94.tif,Canon120-1,300,2480,3508,0.7069555302166477,25495.0673828125,0.9744731187820435,0.11652863770723343,-5.100854873657227,25.654300689697266,-1660.3395013775632,0.022804212491264207
s1_95.tif,Canon120-1,300,2480,3508,0.7069555302166477,25495.0673828125,0.9647487998008728,0.14509569108486176,-4.232012748718262,16.632102966308594,-1719.197960410785,0.018408039688086218
s1_96.tif,Canon120-1,300,2480,3508,0.7069555302166477,25495.0673828125,0.9596148729324341,0.14509305357933044,-3.869309186935425,14.071187973022461,-1602.0432349851098,0.03467856880126531
s1_97.tif,Canon120-1,300,2480,3508,0.7069555302166477,25495.0673828125,0.9729953408241272,0.12254177033901215,-4.926392078399658,23.446502685546875,-1692.1544151317232,0.02801764170375547
s1_98.tif,Canon120-1,300,2480,3508,0.7069555302166477,25495.0673828125,0.9629806876182556,0.14373311400413513,-4.130136013031006,16.077890396118164,-1633.4511352087275,0.02380135726634053
s1_99.tif,Canon120-1,300,2480,3508,0.7069555302166477,25495.0673828125,0.9490178823471069,0.17035457491874695,-3.4068844318389893,10.276448249816895,-1597.540810113467,0.030615160738588297
s2_1.tif,Canon120-2,150,1240,1752,0.7077625570776256,6366.8017578125,0.9636499285697937,0.1294846087694168,-3.9277896881103516,15.009775161743164,-1668.707637756344,0.06565676093680954
s2_10.tif,Canon120-2,150,1240,1752,0.7077625570776256,6366.8017578125,0.9581190347671509,0.13484151661396027,-3.7452287673950195,13.713523864746094,-1557.2715071099353,0.061774561791132714
s2_100.tif,Canon120-2,150,1240,1752,0.7077625570776256,6366.8017578125,0.9562764763832092,0.13611753284931183,-3.5717246532440186,12.209948539733887,-1521.632509930988,0.06597483060833702
s2_101.tif,Canon120-2,150,1240,1752,0.7077625570776256,6366.8017578125,0.9576812386512756,0.12677715718746185,-3.266179323196411,10.033353805541992,-1558.730189966663,0.1056373361319782
s2_102.tif,Canon120-2,150,1240,1752,0.7077625570776256,6366.8017578125,0.9228054285049438,0.18641024827957153,-2.470881462097168,4.956801891326904,-1434.3334310033752,0.0756867727205774
s2_103.tif,Canon120-2,150,1240,1752,0.7077625570776256,6366.8017578125,0.9721871018409729,0.11339928209781647,-4.735639572143555,22.61284065246582,-1716.7755882536853,0.04203260789512447
s2_104.tif,Canon120-2,150,1240,1752,0.7077625570776256,6366.8017578125,0.9784995913505554,0.10894191265106201,-5.4538493156433105,29.351276397705078,-1837.3584151053406,0.0317968404772426
s2_105.tif,Canon120-2,150,1240,1752,0.7077625570776256,6366.8017578125,0.954197883605957,0.14103908836841583,-3.3004841804504395,10.226166725158691,-1576.9513981935875,0.037650058918839296
s2_106.tif,Canon120-2,150,1240,1752,0.7077625570776256,6366.8017578125,0.9872225522994995,0.07853738963603973,-7.058592319488525,51.74919509887695,-1878.1974793844681,0.027037763293563118
s2_107.tif,Canon120-2,150,1240,1752,0.7077625570776256,6366.8017578125,0.9792302846908569,0.09825137257575989,-5.404449462890625,29.89342498779297,-1787.4609801516517,0.04190280232729415
s2_108.tif,Canon120-2,150,1240,1752,0.7077625570776256,6366.8017578125,0.9693025946617126,0.12380718439817429,-4.42940092086792,19.194217681884766,-1727.632446073848,0.05411741419944027
s2_11.tif,Canon120-2,150,1240,1752,0.7077625570776256,6366.8017578125,0.9268791675567627,0.1975865215063095,-2.6440107822418213,5.53849983215332,-1553.4877112547326,0.06018789586095154
s2_12.tif,Canon120-2,150,1240,1752,0.7077625570776256,6366.8017578125,0.9718808531761169,0.11980658024549484,-4.607771873474121,20.75084114074707,-1778.03687379475,0.04913278833406982
s2_13.tif,Canon120-2,150,1240,1752,0.7077625570776256,6366.8017578125,0.9730835556983948,0.11919975280761719,-4.7878804206848145,22.443958282470703,-1785.4335278141164,0.04438061570187067
s2_14.tif,Canon120-2,150,1240,1752,0.7077625570776256,6366.8017578125,0.9763744473457336,0.11069568991661072,-5.097894191741943,25.776134490966797,-1820.100513635295,0.040735933127117395
s2_15.tif,Canon120-2,150,1240,1752,0.7077625570776256,6366.8017578125,0.9448443651199341,0.15604257583618164,-3.015746593475342,8.248087882995605,-1533.4585471967391,0.06741005670938283
s2_16.tif,Canon120-2,150,1240,1752,0.7077625570776256,6366.8017578125,0.9642871618270874,0.1253395825624466,-4.002995014190674,15.800775527954102,-1603.7646726973226,0.05799178818677272
s2_17.tif,Canon120-2,150,1240,1752,0.7077625570776256,6366.8017578125,0.9328746795654297,0.19572041928768158,-2.8182783126831055,6.320815086364746,-1621.5472946998752,0.046832191780821916
s2_18.tif,Canon120-2,150,1240,1752,0.7077625570776256,6366.8017578125,0.911357581615448,0.19567373394966125,-2.193894863128662,3.5634350776672363,-1353.0483096855367,0.06505974738547651
s2_19.tif,Canon120-2,150,1240,1752,0.7077625570776256,6366.8017578125,0.9356948733329773,0.19193121790885925,-3.009915590286255,7.696460723876953,-1611.02642616451,0.048010568566799236
s2_2.tif,Canon120-2,150,1240,1752,0.7077625570776256,6366.8017578125,0.9690079092979431,0.12669844925403595,-4.413730621337891,18.89253807067871,-1749.0677186098299,0.05148493887170423
s2_20.tif,Canon120-2,150,1240,1752,0.7077625570776256,6366.8017578125,0.9423738718032837,0.16545075178146362,-2.9762754440307617,7.785933494567871,-1580.5829675100952,0.07041491751362498
s2_21.tif,Canon120-2,150,1240,1752,0.7077625570776256,6366.8017578125,0.9273545742034912,0.19973909854888916,-2.7417824268341064,6.133342742919922,-1531.1915099632,0.06699532331713065
s2_22.tif,Canon120-2,150,1240,1752,0.7077625570776256,6366.8017578125,0.9718790054321289,0.11990179866552353,-4.669022560119629,21.479246139526367,-1770.7190485001456,0.0448478236853734
s2_23.tif,Canon120-2,150,1240,1752,0.7077625570776256,6366.8017578125,0.9772262573242188,0.1006765067577362,-5.018733024597168,25.593048095703125,-1766.1277401789814,0.05148493887170423
s2_24.tif,Canon120-2,150,1240,1752,0.7077625570776256,6366.8017578125,0.9672702550888062,0.11642002314329147,-3.979961395263672,15.574686050415039,-1653.5849974344846,0.08089556635734275
s2_25.tif,Canon120-2,150,1240,1752,0.7077625570776256,6366.8017578125,0.9706870913505554,0.10973204672336578,-4.263644695281982,18.258756637573242,-1688.8211218453462,0.07514775740167919
s2_26.tif,Canon120-2,150,1240,1752,0.7077625570776256,6366.8017578125,0.9699275493621826,0.11901522427797318,-4.241612434387207,17.355257034301758,-1731.6712996299232,0.03401872514361467
s2_27.tif,Canon120-2,150,1240,1752,0.7077625570776256,6366.8017578125,0.9763075113296509,0.10067044198513031,-4.785424709320068,23.23566436767578,-1753.6891459843587,0.05422512520253351
s2_28.tif,Canon120-2,150,1240,1752,0.7077625570776256,6366.8017578125,0.9740087389945984,0.10361942648887634,-4.4314374923706055,19.551576614379883,-1736.5245606771155,0.04701907497422301
s2_29.tif,Canon120-2,150,1240,1752,0.7077625570776256,6366.8017578125,0.9612056016921997,0.12347830832004547,-3.4787893295288086,11.466401100158691,-1597.6866544065624,0.09683633451171011
s2_3.tif,Canon120-2,150,1240,1752,0.7077625570776256,6366.8017578125,0.9671382308006287,0.12813712656497955,-4.238687515258789,17.409326553344727,-1732.5292053056817,0.05888845927235233
s2_30.tif,Canon120-2,150,1240,1752,0.7077625570776256,6366.8017578125,0.9745982885360718,0.10077238082885742,-4.4452290534973145,19.816463470458984,-1721.499836822563,0.05885853954927088
s2_31.tif,Canon120-2,150,1240,1752,0.7077625570776256,6366.8017578125,0.9622353315353394,0.121365986764431,-3.534090518951416,11.945784568786621,-1608.3395097828297,0.09067793489468258
s2_32.tif,Canon120-2,150,1240,1752,0.7077625570776256,6366.8017578125,0.9667747020721436,0.11925460398197174,-4.159778118133545,17.38168716430664,-1658.6381228719124,0.06416261599646488
s2_33.tif,Canon120-2,150,1240,1752,0.7077625570776256,6366.8017578125,0.9683079719543457,0.11563486605882645,-4.074575901031494,16.4802188873291,-1678.1140127585163,0.07154542274267196
s2_34.tif,Canon120-2,150,1240,1752,0.7077625570776256,6366.8017578125,0.9731301069259644,0.10534299165010452,-4.364996910095215,18.992021560668945,-1730.871595246473,0.06603467005449992
s2_35.tif,Canon120-2,150,1240,1752,0.7077625570776256,6366.8017578125,0.9538629651069641,0.13324707746505737,-3.1448678970336914,9.231090545654297,-1531.989930508016,0.11132898806893504
s2_36.tif,Canon120-2,150,1240,1752,0.7077625570776256,6366.8017578125,0.9948924779891968,0.051758795976638794,-11.597061157226562,141.27236938476562,-1961.2239470978882,0.00839455368979231
s2_37.tif,Canon120-2,150,1240,1752,0.7077625570776256,6366.8017578125,0.9518475532531738,0.15066911280155182,-3.254960775375366,9.606632232666016,-1627.440827528405,0.056742524672263955
s2_38.tif,Canon120-2,150,1240,1752,0.7077625570776256,6366.8017578125,0.9565103054046631,0.13888326287269592,-3.509124994277954,11.758792877197266,-1603.4065310287078,0.06644295919870379
s2_39.tif,Canon120-2,150,1240,1752,0.7077625570776256,6366.8017578125,0.9630273580551147,0.13623453676700592,-3.926645040512085,14.566755294799805,-1706.922586080016,0.064699790101635
s2_4.tif,Canon120-2,150,1240,1752,0.7077625570776256,6366.8017578125,0.9475669860839844,0.14944002032279968,-2.859379291534424,7.10543155670166,-1610.4819400690249,0.0607278317867138
s2_40.tif,Canon120-2,150,1240,1752,0.7077625570776256,6366.8017578125,0.9806753396987915,0.09707505255937576,-5.615090847015381,31.969810485839844,-1819.0142654211402,0.0372841176903815
s2_41.tif,Canon120-2,150,1240,1752,0.7077625570776256,6366.8017578125,0.9755014777183533,0.10554780811071396,-4.791148662567139,23.010055541992188,-1774.3371239926707,0.05265871262336132
s2_42.tif,Canon120-2,150,1240,1752,0.7077625570776256,6366.8017578125,0.8864241242408752,0.24283373355865479,-1.874386191368103,1.796938419342041,-1393.5166960538152,0.06167835837384004
s2_43.tif,Canon120-2,150,1240,1752,0.7077625570776256,6366.8017578125,0.9731166958808899,0.11887664347887039,-4.781928062438965,22.384944915771484,-1789.2316363124185,0.044845061864781266
s2_44.tif,Canon120-2,150,1240,1752,0.7077625570776256,6366.8017578125,0.9321578145027161,0.19443288445472717,-2.778900146484375,6.146358489990234,-1599.8604865160842,0.057467042274267195
s2_45.tif,Canon120-2,150,1240,1752,0.7077625570776256,6366.8017578125,0.9760503172874451,0.11228615790605545,-5.089893817901611,25.54922866821289,-1808.2583306703177,0.03967999705405804
s2_46.tif,Canon120-2,150,1240,1752,0.7077625570776256,6366.8017578125,0.926551878452301,0.1897624433040619,-2.551107168197632,5.103537559509277,-1510.9811606507146,0.06896219988216232
s2_47.tif,Canon120-2,150,1240,1752,0.7077625570776256,6366.8017578125,0.9653316736221313,0.12773431837558746,-4.250438213348389,18.10468864440918,-1685.9225053569512,0.04998573059360731
s2_48.tif,Canon120-2,150,1240,1752,0.7077625570776256,6366.8017578125,0.9313927292823792,0.18068893253803253,-2.8516738414764404,7.1160383224487305,-1420.0438542957465,0.04524782736780086
s2_49.tif,Canon120-2,150,1240,1752,0.7077625570776256,6366.8017578125,0.9672479033470154,0.11665672063827515,-3.920316457748413,15.111526489257812,-1682.9429287015337,0.06865885992045957
s2_5.tif,Canon120-2,150,1240,1752,0.7077625570776256,6366.8017578125,0.9326421022415161,0.1695103794336319,-2.6592249870300293,6.112292289733887,-1454.045377079203,0.07910130357931949
s2_50.tif,Canon120-2,150,1240,1752,0.7077625570776256,6366.8017578125,0.9243002533912659,0.2147892862558365,-2.7639198303222656,6.043432235717773,-1604.504041040863,0.041681856679923406
s2_51.tif,Canon120-2,150,1240,1752,0.7077625570776256,6366.8017578125,0.9645174145698547,0.12721510231494904,-3.7342519760131836,13.301448822021484,-1733.4267398769805,0.03584751067903962
s2_52.tif,Canon120-2,150,1240,1752,0.7077625570776256,6366.8017578125,0.9536134004592896,0.16183489561080933,-3.5696349143981934,11.572897911071777,-1710.321956959957,0.03604221903078509
s2_53.tif,Canon120-2,150,1240,1752,0.7077625570776256,6366.8017578125,0.9543613195419312,0.1601749211549759,-3.5072174072265625,10.8983736038208,-1727.8420900201675,0.03413564221534836
s2_54.tif,Canon120-2,150,1240,1752,0.7077625570776256,6366.8017578125,0.9344772696495056,0.18239369988441467,-2.78825306892395,6.467451095581055,-1576.2841906526758,0.05042163794373251
s2_55.tif,Canon120-2,150,1240,1752,0.7077625570776256,6366.8017578125,0.9760351181030273,0.10038653016090393,-5.216820240020752,28.459177017211914,-1644.5312899526828,0.03219408233907792
s2_56.tif,Canon120-2,150,1240,1752,0.7077625570776256,6366.8017578125,0.9725515246391296,0.11444766074419022,-4.610617160797119,21.179153442382812,-1764.6213179877477,0.04280867948151421
s2_57.tif,Canon120-2,150,1240,1752,0.7077625570776256,6366.8017578125,0.9591493010520935,0.1334710419178009,-3.6732826232910156,12.963122367858887,-1539.4613162215285,0.05286953159522757
s2_58.tif,Canon120-2,150,1240,1752,0.7077625570776256,6366.8017578125,0.9607837200164795,0.13690631091594696,-3.7718019485473633,13.479532241821289,-1660.1248404666546,0.07545339888054205
s2_59.tif,Canon120-2,150,1240,1752,0.7077625570776256,6366.8017578125,0.9611864686012268,0.13175925612449646,-3.744521379470825,13.476320266723633,-1627.2697668996768,0.06623121961997348
s2_6.tif,Canon120-2,150,1240,1752,0.7077625570776256,6366.8017578125,0.9356524348258972,0.16795915365219116,-2.7662878036499023,6.654563903808594,-1439.2824350368462,0.05662376638680218
s2_60.tif,Canon120-2,150,1240,1752,0.7077625570776256,6366.8017578125,0.9371801614761353,0.1803118735551834,-2.859097480773926,6.82838249206543,-1577.9402180595373,0.056690510384445426
s2_61.tif,Canon120-2,150,1240,1752,0.7077625570776256,6366.8017578125,0.9823293089866638,0.09339246153831482,-5.824435710906982,34.597957611083984,-1839.778250968528,0.018142399469730446
s2_62.tif,Canon120-2,150,1240,1752,0.7077625570776256,6366.8017578125,0.9831005334854126,0.09475279599428177,-6.245296955108643,39.566959381103516,-1859.716992409518,0.026489541906024452
s2_63.tif,Canon120-2,150,1240,1752,0.7077625570776256,6366.8017578125,0.9659981727600098,0.12854191660881042,-4.033792495727539,15.634109497070312,-1743.486374840317,0.04472077993813522
s2_64.tif,Canon120-2,150,1240,1752,0.7077625570776256,6366.8017578125,0.9697033166885376,0.11158762872219086,-4.2642974853515625,18.55526351928711,-1672.6609049140231,0.03974075710708499
s2_65.tif,Canon120-2,150,1240,1752,0.7077625570776256,6366.8017578125,0.9729644060134888,0.1060086041688919,-4.496149063110352,20.8555850982666,-1741.8272785450827,0.0328104286345559
s2_66.tif,Canon120-2,150,1240,1752,0.7077625570776256,6366.8017578125,0.9547311067581177,0.1411147117614746,-3.1862406730651855,9.140724182128906,-1665.5453568618377,0.030244237001031078
s2_67.tif,Canon120-2,150,1240,1752,0.7077625570776256,6366.8017578125,0.9431973099708557,0.17373248934745789,-2.979646682739258,7.405369758605957,-1665.6910297705122,0.029933532184415967
s2_68.tif,Canon120-2,150,1240,1752,0.7077625570776256,6366.8017578125,0.984262228012085,0.09425820410251617,-6.518742084503174,42.62384796142578,-1877.5720229033848,0.019157368537339816
s2_69.tif,Canon120-2,150,1240,1752,0.7077625570776256,6366.8017578125,0.9658668041229248,0.13416004180908203,-4.1730499267578125,16.558307647705078,-1745.599002239386,0.0543194874060981
s2_7.tif,Canon120-2,150,1240,1752,0.7077625570776256,6366.8017578125,0.950668215751648,0.15321874618530273,-3.2511727809906006,9.56745433807373,-1631.056007566337,0.058885237148328176
s2_70.tif,Canon120-2,150,1240,1752,0.7077625570776256,6366.8017578125,0.9433164596557617,0.17715869843959808,-3.11635160446167,8.2559175491333,-1635.6781530904525,0.05233511931064958
s2_71.tif,Canon120-2,150,1240,1752,0.7077625570776256,6366.8017578125,0.9628888964653015,0.13425365090370178,-3.9566702842712402,14.890312194824219,-1671.2406841378677,0.04660894461629106
s2_72.tif,Canon120-2,150,1240,1752,0.7077625570776256,6366.8017578125,0.9643468260765076,0.15575748682022095,-4.351633548736572,17.369274139404297,-1837.7563612497731,0.01699670422742672
s2_73.tif,Canon120-2,150,1240,1752,0.7077625570776256,6366.8017578125,0.9627541303634644,0.1294105499982834,-3.9436182975769043,15.106950759887695,-1627.9435505305387,0.060488474002062156
s2_74.tif,Canon120-2,150,1240,1752,0.7077625570776256,6366.8017578125,0.9744348526000977,0.11591421812772751,-4.895895004272461,23.517112731933594,-1805.213184371813,0.04215965164236265
s2_75.tif,Canon120-2,150,1240,1752,0.7077625570776256,6366.8017578125,0.9691038727760315,0.12809880077838898,-4.425772190093994,18.809335708618164,-1760.357972052722,0.04840735012520253
s2_76.tif,Canon120-2,150,1240,1752,0.7077625570776256,6366.8017578125,0.9724625945091248,0.11805617064237595,-4.660626411437988,21.30026626586914,-1771.578632055456,0.04854267933421712
s2_77.tif,Canon120-2,150,1240,1752,0.7077625570776256,6366.8017578125,0.9770642518997192,0.10835234820842743,-5.194797039031982,26.86635398864746,-1780.6045234158096,0.03337107821475917
s2_78.tif,Canon120-2,150,1240,1752,0.7077625570776256,6366.8017578125,0.9673681855201721,0.1260044127702713,-4.270925521850586,17.868144989013672,-1718.3173510461963,0.05301222565915451
s2_79.tif,Canon120-2,150,1240,1752,0.7077625570776256,6366.8017578125,0.9761009216308594,0.1056690663099289,-5.174743175506592,27.375064849853516,-1767.487720248896,0.03600493445279128
s2_8.tif,Canon120-2,150,1240,1752,0.7077625570776256,6366.8017578125,0.9535161852836609,0.14042997360229492,-3.5953662395477295,12.432112693786621,-1480.9050096882106,0.054020750478715567
s2_80.tif,Canon120-2,150,1240,1752,0.7077625570776256,6366.8017578125,0.9755235910415649,0.1072765365242958,-4.881141662597656,23.959980010986328,-1781.8592809586,0.0475493445279128
s2_81.tif,Canon120-2,150,1240,1752,0.7077625570776256,6366.8017578125,0.9707058072090149,0.1049579530954361,-4.481703758239746,21.855979919433594,-1664.112295544284,0.0324486301369863
s2_82.tif,Canon120-2,150,1240,1752,0.7077625570776256,6366.8017578125,0.9760810136795044,0.11406884342432022,-5.128011226654053,25.81142234802246,-1816.2129837613875,0.03599849020474297
s2_83.tif,Canon120-2,150,1240,1752,0.7077625570776256,6366.8017578125,0.9795239567756653,0.10556118190288544,-5.588714599609375,31.050724029541016,-1848.2525874577154,0.03205783252319929
s2_84.tif,Canon120-2,150,1240,1752,0.7077625570776256,6366.8017578125,0.9754795432090759,0.11177635192871094,-4.988471508026123,24.645605087280273,-1796.9050470476138,0.043903741346295475
s2_85.tif,Canon120-2,150,1240,1752,0.7077625570776256,6366.8017578125,0.9594326615333557,0.13719181716442108,-3.617479085922241,12.467523574829102,-1683.3674795474235,0.04176931433200766
s2_86.tif,Canon120-2,150,1240,1752,0.7077625570776256,6366.8017578125,0.954937219619751,0.15212216973304749,-3.4222888946533203,10.457626342773438,-1704.4975115274083,0.03412367432611577
s2_87.tif,Canon120-2,150,1240,1752,0.7077625570776256,6366.8017578125,0.9264680743217468,0.17205671966075897,-2.449906826019287,5.098507881164551,-1430.8042640694705,0.068996722639564
s2_88.tif,Canon120-2,150,1240,1752,0.7077625570776256,6366.8017578125,0.9652027487754822,0.12427087128162384,-4.020100116729736,16.184099197387695,-1689.348893210011,0.041003369421122406
s2_89.tif,Canon120-2,150,1240,1752,0.7077625570776256,6366.8017578125,0.9738805294036865,0.11645413935184479,-4.852627754211426,23.259822845458984,-1788.574623413187,0.03978862866401532
s2_9.tif,Canon120-2,150,1240,1752,0.7077625570776256,6366.8017578125,0.9628775715827942,0.12545335292816162,-3.7881367206573486,14.29395866394043,-1608.5897326413303,0.042474959493297985
s2_90.tif,Canon120-2,150,1240,1752,0.7077625570776256,6366.8017578125,0.9527062177658081,0.14503604173660278,-3.3518848419189453,10.591727256774902,-1579.7365034062439,0.06220632641036972
s2_91.tif,Canon120-2,150,1240,1752,0.7077625570776256,6366.8017578125,0.9874995350837708,0.08032812923192978,-7.150199890136719,52.42912673950195,-1896.5548501863398,0.02270906981882457
s2_92.tif,Canon120-2,150,1240,1752,0.7077625570776256,6366.8017578125,0.967789351940155,0.12552674114704132,-4.218935489654541,17.224393844604492,-1732.560433881499,0.06010412063632346
s2_93.tif,Canon120-2,150,1240,1752,0.7077625570776256,6366.8017578125,0.9403111934661865,0.16792787611484528,-2.8842718601226807,7.137210845947266,-1569.7225483335974,0.05972391000147297
s2_94.tif,Canon120-2,150,1240,1752,0.7077625570776256,6366.8017578125,0.976132333278656,0.10902801901102066,-5.026777744293213,25.301082611083984,-1797.4898869599717,0.0358120673147739
s2_95.tif,Canon120-2,150,1240,1752,0.7077625570776256,6366.8017578125,0.9657398462295532,0.13949768245220184,-4.193443775177002,16.42583656311035,-1785.5175345969126,0.029765521431727796
s2_96.tif,Canon120-2,150,1240,1752,0.7077625570776256,6366.8017578125,0.9616389870643616,0.13497599959373474,-3.8042080402374268,13.849712371826172,-1691.5581148737156,0.056639416703490944
s2_97.tif,Canon120-2,150,1240,1752,0.7077625570776256,6366.8017578125,0.9741405248641968,0.11372491717338562,-4.80248498916626,22.766094207763672,-1779.747299172133,0.047771671085579615
s2_98.tif,Canon120-2,150,1240,1752,0.7077625570776256,6366.8017578125,0.9646578431129456,0.13626833260059357,-4.096773147583008,16.046051025390625,-1743.1568305462588,0.03919069450581823
s2_99.tif,Canon120-2,150,1240,1752,0.7077625570776256,6366.8017578125,0.9507819414138794,0.16156788170337677,-3.3801329135894775,10.283122062683105,-1662.8647775216339,0.05083222860509648
s2_1.tif,Canon120-2,300,2480,3508,0.7069555302166477,25495.0673828125,0.9619047045707703,0.13978879153728485,-4.0307817459106445,15.439128875732422,-1573.5730789647714,0.03886324346194873
s2_10.tif,Canon120-2,300,2480,3508,0.7069555302166477,25495.0673828125,0.9575565457344055,0.1418094038963318,-3.855855703353882,14.259992599487305,-1507.8437090310977,0.03719424725052415
s2_100.tif,Canon120-2,300,2480,3508,0.7069555302166477,25495.0673828125,0.9550498723983765,0.14487668871879578,-3.6739861965179443,12.709756851196289,-1470.8852649922194,0.04029131570235774
s2_101.tif,Canon120-2,300,2480,3508,0.7069555302166477,25495.0673828125,0.9561238884925842,0.14145642518997192,-3.5153355598449707,11.491623878479004,-1517.583206218472,0.06598167322617428
s2_102.tif,Canon120-2,300,2480,3508,0.7069555302166477,25495.0673828125,0.9218583703041077,0.192724347114563,-2.5100319385528564,5.062151908874512,-1395.803591007229,0.052499816088571745
s2_103.tif,Canon120-2,300,2480,3508,0.7069555302166477,25495.0673828125,0.9712731242179871,0.1200212612748146,-4.813460826873779,22.951519012451172,-1660.999550949056,0.024475507595541988
s2_104.tif,Canon120-2,300,2480,3508,0.7069555302166477,25495.0673828125,0.9775685667991638,0.11472044885158539,-5.504612922668457,29.407440185546875,-1742.416502725792,0.018031481038731745
s2_105.tif,Canon120-2,300,2480,3508,0.7069555302166477,25495.0673828125,0.9538908004760742,0.14510078728199005,-3.414492130279541,10.969117164611816,-1517.1179170201085,0.0226020248648251
s2_106.tif,Canon120-2,300,2480,3508,0.7069555302166477,25495.0673828125,0.986579418182373,0.08448376506567001,-7.1710991859436035,52.31394577026367,-1821.7647043874504,0.01575960017655497
s2_107.tif,Canon120-2,300,2480,3508,0.7069555302166477,25495.0673828125,0.978346049785614,0.1057395413517952,-5.545901298522949,30.72472381591797,-1713.34187444481,0.02447918582410711
s2_108.tif,Canon120-2,300,2480,3508,0.7069555302166477,25495.0673828125,0.9683366417884827,0.13275806605815887,-4.513173580169678,19.40924072265625,-1682.5133455639946,0.031530809762018615
s2_11.tif,Canon120-2,300,2480,3508,0.7069555302166477,25495.0673828125,0.9260872602462769,0.2031400501728058,-2.67000412940979,5.591657638549805,-1508.6413665549687,0.03817782855776658
s2_12.tif,Canon120-2,300,2480,3508,0.7069555302166477,25495.0673828125,0.971076488494873,0.12822988629341125,-4.706341743469238,21.158714294433594,-1741.0323360368484,0.02841569500128738
s2_13.tif,Canon120-2,300,2480,3508,0.7069555302166477,25495.0673828125,0.9724152684211731,0.12631414830684662,-4.880548000335693,22.838497161865234,-1734.4314909301038,0.02561644811858609
s2_14.tif,Canon120-2,300,2480,3508,0.7069555302166477,25495.0673828125,0.9754762053489685,0.11844243854284286,-5.186441898345947,26.09048843383789,-1762.0033065846956,0.02363480247912605
s2_15.tif,Canon120-2,300,2480,3508,0.7069555302166477,25495.0673828125,0.943681001663208,0.1630750447511673,-3.1045162677764893,8.67041015625,-1449.6237047175398,0.044373114907860375
s2_16.tif,Canon120-2,300,2480,3508,0.7069555302166477,25495.0673828125,0.9635598659515381,0.1322900801897049,-4.1355814933776855,16.61054229736328,-1547.9148677803921,0.03710137197925479
s2_17.tif,Canon120-2,300,2480,3508,0.7069555302166477,25495.0673828125,0.9321042895317078,0.20056335628032684,-2.8378169536590576,6.380117416381836,-1575.6315841235812,0.027332686578143965
s2_18.tif,Canon120-2,300,2480,3508,0.7069555302166477,25495.0673828125,0.910398542881012,0.2012479156255722,-2.243920087814331,3.7578091621398926,-1305.4424349645699,0.045001862103211096
s2_19.tif,Canon120-2,300,2480,3508,0.7069555302166477,25495.0673828125,0.9348428845405579,0.1967700719833374,-3.012615919113159,7.58756160736084,-1555.7701216883193,0.029559049361827343
s2_2.tif,Canon120-2,300,2480,3508,0.7069555302166477,25495.0673828125,0.968121349811554,0.13463978469371796,-4.490274429321289,19.111679077148438,-1690.6529251426696,0.030154922389377278
s2_20.tif,Canon120-2,300,2480,3508,0.7069555302166477,25495.0673828125,0.941440999507904,0.17392463982105255,-3.049065589904785,8.055551528930664,-1549.3119630521971,0.0424935401110825
s2_21.tif,Canon120-2,300,2480,3508,0.7069555302166477,25495.0673828125,0.9257062077522278,0.206624373793602,-2.7347424030303955,5.948328018188477,-1466.8688830962706,0.041528694780593664
s2_22.tif,Canon120-2,300,2480,3508,0.7069555302166477,25495.0673828125,0.9711688756942749,0.12654519081115723,-4.736717700958252,21.62325668334961,-1715.81442185737,0.026077146246367748
s2_23.tif,Canon120-2,300,2480,3508,0.7069555302166477,25495.0673828125,0.9759964346885681,0.11016052216291428,-5.216407299041748,27.029539108276367,-1680.3537134562218,0.03140345109795123
s2_24.tif,Canon120-2,300,2480,3508,0.7069555302166477,25495.0673828125,0.9660748839378357,0.1288701295852661,-4.22970724105835,17.215810775756836,-1595.6793427174905,0.04930240096369588
s2_25.tif,Canon120-2,300,2480,3508,0.7069555302166477,25495.0673828125,0.9695844054222107,0.12096881866455078,-4.477352619171143,19.6705265045166,-1648.5792368560205,0.04544750248280428
s2_26.tif,Canon120-2,300,2480,3508,0.7069555302166477,25495.0673828125,0.9690554141998291,0.1244758814573288,-4.339019775390625,18.131935119628906,-1673.3171929696214,0.021534304079155478
s2_27.tif,Canon120-2,300,2480,3508,0.7069555302166477,25495.0673828125,0.9754436612129211,0.11054734140634537,-5.044982433319092,25.208730697631836,-1700.053043875481,0.0333867059624085
s2_28.tif,Canon120-2,300,2480,3508,0.7069555302166477,25495.0673828125,0.9732334017753601,0.10983538627624512,-4.634316444396973,21.414535522460938,-1675.9553379870106,0.030337454481921506
s2_29.tif,Canon120-2,300,2480,3508,0.7069555302166477,25495.0673828125,0.9598069190979004,0.13856089115142822,-3.7587296962738037,13.201494216918945,-1556.7313841966045,0.060388351969691396
s2_3.tif,Canon120-2,300,2480,3508,0.7069555302166477,25495.0673828125,0.9661684632301331,0.13749942183494568,-4.3103461265563965,17.533279418945312,-1702.7995145176749,0.0352034060396513
s2_30.tif,Canon120-2,300,2480,3508,0.7069555302166477,25495.0673828125,0.9736019372940063,0.11153765767812729,-4.777642726898193,22.585268020629883,-1655.751142248743,0.037251144848640894
s2_31.tif,Canon120-2,300,2480,3508,0.7069555302166477,25495.0673828125,0.9609311819076538,0.13536836206912994,-3.80619740486145,13.675443649291992,-1573.5332225373338,0.05663150126898885
s2_32.tif,Canon120-2,300,2480,3508,0.7069555302166477,25495.0673828125,0.9657077789306641,0.12756867706775665,-4.2414469718933105,17.689237594604492,-1608.5524949684202,0.03938072424320447
s2_33.tif,Canon120-2,300,2480,3508,0.7069555302166477,25495.0673828125,0.9672788381576538,0.12721377611160278,-4.2941765785217285,17.8052978515625,-1631.0361758088352,0.043962762533563834
s2_34.tif,Canon120-2,300,2480,3508,0.7069555302166477,25495.0673828125,0.9721764922142029,0.11742808669805527,-4.650610446929932,21.074676513671875,-1698.887222118523,0.04095741990657299
s2_35.tif,Canon120-2,300,2480,3508,0.7069555302166477,25495.0673828125,0.9517524838447571,0.14862217009067535,-3.3364086151123047,10.189271926879883,-1484.9754498259542,0.07377101188067826
s2_36.tif,Canon120-2,300,2480,3508,0.7069555302166477,25495.0673828125,0.9944819808006287,0.05483248084783554,-11.72053337097168,141.550048828125,-1891.350706035406,0.005106530694817376
s2_37.tif,Canon120-2,300,2480,3508,0.7069555302166477,25495.0673828125,0.9505245685577393,0.15800903737545013,-3.321301221847534,9.898847579956055,-1560.6756566770248,0.03656791389266929
s2_38.tif,Canon120-2,300,2480,3508,0.7069555302166477,25495.0673828125,0.9553737640380859,0.14774763584136963,-3.6394362449645996,12.439929008483887,-1530.936947521217,0.039711419980137566
s2_39.tif,Canon120-2,300,2480,3508,0.7069555302166477,25495.0673828125,0.9621581435203552,0.14529988169670105,-4.020280361175537,14.94749641418457,-1670.1251350143298,0.03734516956633685
s2_4.tif,Canon120-2,300,2480,3508,0.7069555302166477,25495.0673828125,0.9461748600006104,0.15809157490730286,-2.992417573928833,7.880062103271484,-1536.3862463436544,0.036170665207636
s2_40.tif,Canon120-2,300,2480,3508,0.7069555302166477,25495.0673828125,0.9798972010612488,0.10461220890283585,-5.7549729347229,32.80406188964844,-1757.6653903661527,0.02273306175745761
s2_41.tif,Canon120-2,300,2480,3508,0.7069555302166477,25495.0673828125,0.9747251868247986,0.11510966718196869,-4.9880452156066895,24.33732795715332,-1736.4061837015718,0.03224312171258322
s2_42.tif,Canon120-2,300,2480,3508,0.7069555302166477,25495.0673828125,0.8855878710746765,0.24693085253238678,-1.893093228340149,1.8512544631958008,-1328.345841938988,0.0404331573914003
s2_43.tif,Canon120-2,300,2480,3508,0.7069555302166477,25495.0673828125,0.9721545577049255,0.12633772194385529,-4.851593494415283,22.581008911132812,-1723.6808252998012,0.026084272814212675
s2_44.tif,Canon120-2,300,2480,3508,0.7069555302166477,25495.0673828125,0.930759847164154,0.20062920451164246,-2.7922203540802,6.140973091125488,-1517.4509023838718,0.035298810093059185
s2_45.tif,Canon120-2,300,2480,3508,0.7069555302166477,25495.0673828125,0.9753028750419617,0.11933175474405289,-5.170328140258789,25.847606658935547,-1759.3304977730286,0.02346468440798911
s2_46.tif,Canon120-2,300,2480,3508,0.7069555302166477,25495.0673828125,0.925596296787262,0.19606585800647736,-2.581989288330078,5.168850898742676,-1457.3206683916542,0.045147152131533454
s2_47.tif,Canon120-2,300,2480,3508,0.7069555302166477,25495.0673828125,0.9640257358551025,0.13537448644638062,-4.283737659454346,17.924039840698242,-1613.8829336232654,0.02916409956964726
s2_48.tif,Canon120-2,300,2480,3508,0.7069555302166477,25495.0673828125,0.9307606816291809,0.1844368577003479,-2.8844871520996094,7.2204694747924805,-1337.5416349009706,0.02835661345496009
s2_49.tif,Canon120-2,300,2480,3508,0.7069555302166477,25495.0673828125,0.9657241702079773,0.1286686509847641,-4.11903715133667,16.30902671813965,-1619.13151580341,0.0449433552800971
s2_5.tif,Canon120-2,300,2480,3508,0.7069555302166477,25495.0673828125,0.9305418133735657,0.18022044003009796,-2.71077823638916,6.2289628982543945,-1426.6705593845375,0.05220141979622614
s2_50.tif,Canon120-2,300,2480,3508,0.7069555302166477,25495.0673828125,0.9236511588096619,0.2183208018541336,-2.7575831413269043,5.938129425048828,-1562.0164306423135,0.025918637584139478
s2_51.tif,Canon120-2,300,2480,3508,0.7069555302166477,25495.0673828125,0.9632458686828613,0.13368260860443115,-3.8356854915618896,13.998908996582031,-1640.8585157334112,0.022317996652812006
s2_52.tif,Canon120-2,300,2480,3508,0.7069555302166477,25495.0673828125,0.952589213848114,0.16642791032791138,-3.579542875289917,11.49570083618164,-1620.4682380650693,0.02130659874204583
s2_53.tif,Canon120-2,300,2480,3508,0.7069555302166477,25495.0673828125,0.9537121653556824,0.16462208330631256,-3.5495100021362305,11.13962173461914,-1674.2015417786274,0.021467521241769965
s2_54.tif,Canon120-2,300,2480,3508,0.7069555302166477,25495.0673828125,0.9337460994720459,0.1871231347322464,-2.823063373565674,6.608861923217773,-1532.9624141508382,0.03146873965498216
s2_55.tif,Canon120-2,300,2480,3508,0.7069555302166477,25495.0673828125,0.9752718210220337,0.10562752932310104,-5.395761013031006,29.912322998046875,-1558.7653158777293,0.019348861588259096
s2_56.tif,Canon120-2,300,2480,3508,0.7069555302166477,25495.0673828125,0.9715195894241333,0.12143147736787796,-4.714950084686279,21.79218292236328,-1691.6006995988869,0.025724381138043918
s2_57.tif,Canon120-2,300,2480,3508,0.7069555302166477,25495.0673828125,0.9584352374076843,0.13973678648471832,-3.7942981719970703,13.689386367797852,-1475.1464875538456,0.03165793853680068
s2_58.tif,Canon120-2,300,2480,3508,0.7069555302166477,25495.0673828125,0.9597751498222351,0.14718694984912872,-3.8972249031066895,14.079151153564453,-1613.9574424852367,0.04433391878471328
s2_59.tif,Canon120-2,300,2480,3508,0.7069555302166477,25495.0673828125,0.9600765109062195,0.14142531156539917,-3.8726966381073,14.090764999389648,-1559.409724514905,0.04379138007135763
s2_6.tif,Canon120-2,300,2480,3508,0.7069555302166477,25495.0673828125,0.9344090819358826,0.17352984845638275,-2.829012632369995,6.977217674255371,-1365.7790459567143,0.03886784124765513
s2_60.tif,Canon120-2,300,2480,3508,0.7069555302166477,25495.0673828125,0.9362738728523254,0.18580809235572815,-2.889878988265991,6.916342735290527,-1509.8329156650047,0.0375244832088866
s2_61.tif,Canon120-2,300,2480,3508,0.7069555302166477,25495.0673828125,0.9816575050354004,0.09710695594549179,-5.9292826652526855,35.588294982910156,-1756.7262423404875,0.011817803545812336
s2_62.tif,Canon120-2,300,2480,3508,0.7069555302166477,25495.0673828125,0.9825059771537781,0.10027924925088882,-6.3082170486450195,39.55442810058594,-1805.1668781638857,0.01704502611542281
s2_63.tif,Canon120-2,300,2480,3508,0.7069555302166477,25495.0673828125,0.9653574228286743,0.13409346342086792,-4.1355085372924805,16.350675582885742,-1698.5411757009479,0.03096033950049656
s2_64.tif,Canon120-2,300,2480,3508,0.7069555302166477,25495.0673828125,0.9692853093147278,0.11589092761278152,-4.426605701446533,19.88180923461914,-1605.9987923496758,0.02811488487144591
s2_65.tif,Canon120-2,300,2480,3508,0.7069555302166477,25495.0673828125,0.9726030826568604,0.11088480055332184,-4.68424129486084,22.398279190063477,-1688.312476627222,0.023636296759480636
s2_66.tif,Canon120-2,300,2480,3508,0.7069555302166477,25495.0673828125,0.9535242319107056,0.14615455269813538,-3.2638609409332275,9.670675277709961,-1569.485727073862,0.02026106227240961
s2_67.tif,Canon120-2,300,2480,3508,0.7069555302166477,25495.0673828125,0.942255973815918,0.177638441324234,-3.0240120887756348,7.690954208374023,-1591.6092630688395,0.02911973093758046
s2_68.tif,Canon120-2,300,2480,3508,0.7069555302166477,25495.0673828125,0.9837083220481873,0.097757987678051,-6.556432723999023,42.693668365478516,-1807.182848616467,0.011379059844778754
s2_69.tif,Canon120-2,300,2480,3508,0.7069555302166477,25495.0673828125,0.9651438593864441,0.1416255533695221,-4.246459484100342,16.812719345092773,-1705.7683632345122,0.030955052046934196
s2_7.tif,Canon120-2,300,2480,3508,0.7069555302166477,25495.0673828125,0.9499953985214233,0.15930317342281342,-3.3334457874298096,10.012396812438965,-1582.9288498593774,0.04003452937065509
s2_70.tif,Canon120-2,300,2480,3508,0.7069555302166477,25495.0673828125,0.9423850774765015,0.18227629363536835,-3.1433398723602295,8.334228515625,-1564.1489617975956,0.03237208960164785
s2_71.tif,Canon120-2,300,2480,3508,0.7069555302166477,25495.0673828125,0.9620001316070557,0.14106492698192596,-4.027308464050293,15.244443893432617,-1623.3481268082433,0.0285348925957259
s2_72.tif,Canon120-2,300,2480,3508,0.7069555302166477,25495.0673828125,0.9637247920036316,0.15802404284477234,-4.341895580291748,17.2070255279541,-1760.226801425831,0.009692247213741862
s2_73.tif,Canon120-2,300,2480,3508,0.7069555302166477,25495.0673828125,0.9611216187477112,0.13861145079135895,-4.024596691131592,15.442867279052734,-1557.162366489989,0.03612825063449443
s2_74.tif,Canon120-2,300,2480,3508,0.7069555302166477,25495.0673828125,0.9738340973854065,0.12253808230161667,-4.973077774047852,23.771522521972656,-1764.3412287286176,0.024193548387096774
s2_75.tif,Canon120-2,300,2480,3508,0.7069555302166477,25495.0673828125,0.9683474898338318,0.13529199361801147,-4.501700401306152,19.098262786865234,-1705.9405222067435,0.027576139331298048
s2_76.tif,Canon120-2,300,2480,3508,0.7069555302166477,25495.0673828125,0.971316933631897,0.12647396326065063,-4.748096942901611,21.59455108642578,-1687.2732622793687,0.028341555706771618
s2_77.tif,Canon120-2,300,2480,3508,0.7069555302166477,25495.0673828125,0.9762117266654968,0.11363136768341064,-5.2540483474731445,27.073823928833008,-1717.232601201029,0.019903354544451392
s2_78.tif,Canon120-2,300,2480,3508,0.7069555302166477,25495.0673828125,0.9666188359260559,0.13380825519561768,-4.374284744262695,18.35455894470215,-1680.1689348009716,0.030699759995586124
s2_79.tif,Canon120-2,300,2480,3508,0.7069555302166477,25495.0673828125,0.9754337072372437,0.11246166378259659,-5.293203830718994,28.028108596801758,-1717.7261425605773,0.02093095964983264
s2_8.tif,Canon120-2,300,2480,3508,0.7069555302166477,25495.0673828125,0.9522218108177185,0.14696559309959412,-3.660890579223633,12.765423774719238,-1400.3539984923952,0.034417414573141576
s2_80.tif,Canon120-2,300,2480,3508,0.7069555302166477,25495.0673828125,0.9748413562774658,0.11492471396923065,-5.030564308166504,24.92212677001953,-1739.198767143126,0.028359372126383932
s2_81.tif,Canon120-2,300,2480,3508,0.7069555302166477,25495.0673828125,0.9698168039321899,0.11014456301927567,-4.609492778778076,22.683984756469727,-1574.5228225275382,0.02152062566667893
s2_82.tif,Canon120-2,300,2480,3508,0.7069555302166477,25495.0673828125,0.9751369953155518,0.12041577696800232,-5.197958946228027,26.061317443847656,-1725.3924608788175,0.0206418738735425
s2_83.tif,Canon120-2,300,2480,3508,0.7069555302166477,25495.0673828125,0.9789652228355408,0.11165515333414078,-5.666487216949463,31.33895492553711,-1809.2203644683161,0.01831263563467834
s2_84.tif,Canon120-2,300,2480,3508,0.7069555302166477,25495.0673828125,0.9747722744941711,0.11909076571464539,-5.081249713897705,25.01310157775879,-1749.0816676785703,0.025649667120314856
s2_85.tif,Canon120-2,300,2480,3508,0.7069555302166477,25495.0673828125,0.9582718014717102,0.14296270906925201,-3.6860733032226562,12.864258766174316,-1600.996739627145,0.02890110622724096
s2_86.tif,Canon120-2,300,2480,3508,0.7069555302166477,25495.0673828125,0.9542903900146484,0.15627822279930115,-3.4773082733154297,10.817493438720703,-1651.308609467695,0.021139584176260714
s2_87.tif,Canon120-2,300,2480,3508,0.7069555302166477,25495.0673828125,0.9254536628723145,0.17920461297035217,-2.5155766010284424,5.325228691101074,-1383.8209402778082,0.04296124986206643
s2_88.tif,Canon120-2,300,2480,3508,0.7069555302166477,25495.0673828125,0.9639428853988647,0.13070203363895416,-4.086230278015137,16.47266960144043,-1611.1344009824904,0.025420582447493286
s2_89.tif,Canon120-2,300,2480,3508,0.7069555302166477,25495.0673828125,0.9732041954994202,0.12311483174562454,-4.928814888000488,23.494749069213867,-1744.5531097851701,0.023329739397506162
s2_9.tif,Canon120-2,300,2480,3508,0.7069555302166477,25495.0673828125,0.9628053307533264,0.13014104962348938,-3.947103977203369,15.39607048034668,-1577.2410212769128,0.026279333872806857
s2_90.tif,Canon120-2,300,2480,3508,0.7069555302166477,25495.0673828125,0.9517720341682434,0.15233881771564484,-3.421830415725708,10.845819473266602,-1536.726260366858,0.04309906848861588
s2_91.tif,Canon120-2,300,2480,3508,0.7069555302166477,25495.0673828125,0.9869434237480164,0.08589061349630356,-7.304046630859375,53.637969970703125,-1835.5123599549158,0.013296221539706478
s2_92.tif,Canon120-2,300,2480,3508,0.7069555302166477,25495.0673828125,0.9669346809387207,0.13467192649841309,-4.334257125854492,17.75989532470703,-1690.4641460459789,0.0349306424026189
s2_93.tif,Canon120-2,300,2480,3508,0.7069555302166477,25495.0673828125,0.9389117956161499,0.1748867779970169,-2.936742067337036,7.363836288452148,-1495.0704569903342,0.03819713925773348
s2_94.tif,Canon120-2,300,2480,3508,0.7069555302166477,25495.0673828125,0.975098729133606,0.11518777906894684,-5.119071006774902,25.856260299682617,-1704.8171922080026,0.022749154007430022
s2_95.tif,Canon120-2,300,2480,3508,0.7069555302166477,25495.0673828125,0.9651917815208435,0.14384180307388306,-4.236024856567383,16.663511276245117,-1740.8351870152378,0.018453557766579615
s2_96.tif,Canon120-2,300,2480,3508,0.7069555302166477,25495.0673828125,0.9604756236076355,0.14314953982830048,-3.8877663612365723,14.216096878051758,-1633.4230760550768,0.03470374167800787
s2_97.tif,Canon120-2,300,2480,3508,0.7069555302166477,25495.0673828125,0.973393976688385,0.1217438131570816,-4.92891263961792,23.45728874206543,-1726.3741180141028,0.02802683727516828
s2_98.tif,Canon120-2,300,2480,3508,0.7069555302166477,25495.0673828125,0.9636512398719788,0.1421840786933899,-4.141993522644043,16.17857551574707,-1667.1341265441247,0.02382250708058999
s2_99.tif,Canon120-2,300,2480,3508,0.7069555302166477,25495.0673828125,0.9499685168266296,0.16775810718536377,-3.4121718406677246,10.322790145874023,-1622.5387265026363,0.03054538934049362
s3_1.tif,Canon220,150,1240,1752,0.7077625570776256,6366.8017578125,0.9634180665016174,0.1298028826713562,-3.9774680137634277,15.295211791992188,-1584.3647819076755,0.06623029901310944
s3_10.tif,Canon220,150,1240,1752,0.7077625570776256,6366.8017578125,0.9579818248748779,0.13463251292705536,-3.7366034984588623,13.517772674560547,-1503.5287177088603,0.061944874060981
s3_100.tif,Canon220,150,1240,1752,0.7077625570776256,6366.8017578125,0.9556921124458313,0.13513703644275665,-3.5892112255096436,12.350545883178711,-1433.342094950694,0.06661925541316836
s3_101.tif,Canon220,150,1240,1752,0.7077625570776256,6366.8017578125,0.9590693712234497,0.12760505080223083,-3.4689137935638428,11.454648971557617,-1534.4607042425168,0.10520787302990131
s3_102.tif,Canon220,150,1240,1752,0.7077625570776256,6366.8017578125,0.9226365685462952,0.18523088097572327,-2.4169561862945557,4.59525728225708,-1378.837385425593,0.07640346516423627
s3_103.tif,Canon220,150,1240,1752,0.7077625570776256,6366.8017578125,0.9725057482719421,0.1125340685248375,-4.77476167678833,22.863178253173828,-1683.964087438711,0.04154836868463691
s3_104.tif,Canon220,150,1240,1752,0.7077625570776256,6366.8017578125,0.9787592887878418,0.1070166826248169,-5.525078773498535,29.902141571044922,-1735.5634854454618,0.03162146486964207
s3_105.tif,Canon220,150,1240,1752,0.7077625570776256,6366.8017578125,0.9542766213417053,0.13970759510993958,-3.286142587661743,10.024445533752441,-1502.4805812962998,0.03747928634555899
s3_106.tif,Canon220,150,1240,1752,0.7077625570776256,6366.8017578125,0.9875671863555908,0.07751496881246567,-7.2132649421691895,53.78829574584961,-1849.5662991628813,0.02647020916187951
s3_107.tif,Canon220,150,1240,1752,0.7077625570776256,6366.8017578125,0.9793643951416016,0.09814298152923584,-5.5491623878479,31.286670684814453,-1703.6320531065842,0.041548828988068935
s3_108.tif,Canon220,150,1240,1752,0.7077625570776256,6366.8017578125,0.9709026217460632,0.12210854142904282,-4.558084011077881,20.073802947998047,-1720.7164388919139,0.05389830976579761
s3_11.tif,Canon220,150,1240,1752,0.7077625570776256,6366.8017578125,0.929733157157898,0.19095362722873688,-2.6567564010620117,5.56706428527832,-1520.7969214680813,0.06027397260273973
s3_12.tif,Canon220,150,1240,1752,0.7077625570776256,6366.8017578125,0.9726365804672241,0.11855728924274445,-4.730208396911621,21.725828170776367,-1718.0483772079986,0.04936247974664899
s3_13.tif,Canon220,150,1240,1752,0.7077625570776256,6366.8017578125,0.9741396903991699,0.11618569493293762,-4.902648448944092,23.427173614501953,-1731.0934227364871,0.04433320444837237
s3_14.tif,Canon220,150,1240,1752,0.7077625570776256,6366.8017578125,0.9769710302352905,0.10954142361879349,-5.210562705993652,26.724571228027344,-1768.7480111397797,0.04073179039622919
s3_15.tif,Canon220,150,1240,1752,0.7077625570776256,6366.8017578125,0.9460734128952026,0.15306061506271362,-3.0212135314941406,8.196518898010254,-1490.2822417644456,0.06751224407129179
s3_16.tif,Canon220,150,1240,1752,0.7077625570776256,6366.8017578125,0.9643474817276001,0.12395364046096802,-4.039891242980957,16.02495574951172,-1511.401544115145,0.05868454485196642
s3_17.tif,Canon220,150,1240,1752,0.7077625570776256,6366.8017578125,0.9360461831092834,0.18843421339988708,-2.8470566272735596,6.466596603393555,-1610.2113927788748,0.046506296950950064
s3_18.tif,Canon220,150,1240,1752,0.7077625570776256,6366.8017578125,0.9116514325141907,0.19329166412353516,-2.147519826889038,3.301417827606201,-1315.1627029847323,0.0653331676240978
s3_19.tif,Canon220,150,1240,1752,0.7077625570776256,6366.8017578125,0.9375448226928711,0.1866358518600464,-2.9969491958618164,7.556388854980469,-1571.6253238860143,0.04819745176020032
s3_2.tif,Canon220,150,1240,1752,0.7077625570776256,6366.8017578125,0.9705692529678345,0.12360315024852753,-4.530027389526367,19.763370513916016,-1737.392078274745,0.05151946162910591
s3_20.tif,Canon220,150,1240,1752,0.7077625570776256,6366.8017578125,0.9436575770378113,0.16349536180496216,-2.990111827850342,7.781732559204102,-1554.4875550923264,0.0707753351008985
s3_21.tif,Canon220,150,1240,1752,0.7077625570776256,6366.8017578125,0.9291700720787048,0.1957031935453415,-2.7272138595581055,5.949466705322266,-1487.0367439693352,0.0671610325526587
s3_22.tif,Canon220,150,1240,1752,0.7077625570776256,6366.8017578125,0.9724894165992737,0.1180787980556488,-4.735870838165283,21.9028263092041,-1716.3867662237378,0.0447760163499779
s3_23.tif,Canon220,150,1240,1752,0.7077625570776256,6366.8017578125,0.977746844291687,0.09990587830543518,-5.195936679840088,27.36362075805664,-1702.507721223805,0.05153281042863456
s3_24.tif,Canon220,150,1240,1752,0.7077625570776256,6366.8017578125,0.9684712886810303,0.1158614233136177,-4.1905717849731445,17.330810546875,-1609.2107598013288,0.0812315878627191
s3_25.tif,Canon220,150,1240,1752,0.7077625570776256,6366.8017578125,0.9711624383926392,0.10859682410955429,-4.399813652038574,19.492393493652344,-1633.3573893865212,0.07513809102960671
s3_26.tif,Canon220,150,1240,1752,0.7077625570776256,6366.8017578125,0.9703949093818665,0.11870716512203217,-4.268383026123047,17.44023895263672,-1709.4316027243176,0.03410342097510679
s3_27.tif,Canon220,150,1240,1752,0.7077625570776256,6366.8017578125,0.9772818684577942,0.09955156594514847,-5.006567478179932,25.337738037109375,-1717.015319352508,0.05449762483429076
s3_28.tif,Canon220,150,1240,1752,0.7077625570776256,6366.8017578125,0.973513126373291,0.10498647391796112,-4.488286972045898,20.053869247436523,-1660.2190504039952,0.04707385108263367
s3_29.tif,Canon220,150,1240,1752,0.7077625570776256,6366.8017578125,0.9630022644996643,0.12323161959648132,-3.70742130279541,13.153488159179688,-1571.9255605500693,0.09735095374871115
s3_3.tif,Canon220,150,1240,1752,0.7077625570776256,6366.8017578125,0.9680591821670532,0.12677612900733948,-4.323130130767822,17.97151756286621,-1696.1097502057746,0.05982655766681396
s3_30.tif,Canon220,150,1240,1752,0.7077625570776256,6366.8017578125,0.9750174880027771,0.10061152279376984,-4.6693243980407715,21.96951675415039,-1633.724374943267,0.05909973854765061
s3_31.tif,Canon220,150,1240,1752,0.7077625570776256,6366.8017578125,0.9636563062667847,0.12086912989616394,-3.7320854663848877,13.427776336669922,-1573.8839544749083,0.09124134629547798
s3_32.tif,Canon220,150,1240,1752,0.7077625570776256,6366.8017578125,0.9672693014144897,0.11845126003026962,-4.187617778778076,17.488466262817383,-1617.9644697220942,0.06410323685373398
s3_33.tif,Canon220,150,1240,1752,0.7077625570776256,6366.8017578125,0.9695946574211121,0.1141555905342102,-4.248058795928955,17.85704803466797,-1634.2373280331672,0.07205866106937693
s3_34.tif,Canon220,150,1240,1752,0.7077625570776256,6366.8017578125,0.9737730622291565,0.10571189969778061,-4.57770299911499,20.8662052154541,-1676.3644356403374,0.06651430623066726
s3_35.tif,Canon220,150,1240,1752,0.7077625570776256,6366.8017578125,0.9556974768638611,0.1324716955423355,-3.318138599395752,10.372225761413574,-1496.1594821887006,0.11099941081160701
s3_36.tif,Canon220,150,1240,1752,0.7077625570776256,6366.8017578125,0.9942845106124878,0.05184819921851158,-11.526098251342773,139.629638671875,-1865.5572820808004,0.00849259832081308
s3_37.tif,Canon220,150,1240,1752,0.7077625570776256,6366.8017578125,0.9521322846412659,0.1482214629650116,-3.268137216567993,9.628893852233887,-1541.9136809515119,0.05659752909117691
s3_38.tif,Canon220,150,1240,1752,0.7077625570776256,6366.8017578125,0.9568576812744141,0.13900522887706757,-3.574127435684204,12.142908096313477,-1538.6650719495278,0.0666818566799234
s3_39.tif,Canon220,150,1240,1752,0.7077625570776256,6366.8017578125,0.9642848372459412,0.1343626230955124,-4.0254225730896,15.23453140258789,-1667.8529609327024,0.06472878921785241
s3_4.tif,Canon220,150,1240,1752,0.7077625570776256,6366.8017578125,0.9478303790092468,0.1507217288017273,-2.8982677459716797,7.207856178283691,-1567.468480009521,0.060898604359994106
s3_40.tif,Canon220,150,1240,1752,0.7077625570776256,6366.8017578125,0.9812669157981873,0.09550295770168304,-5.75620698928833,33.37598419189453,-1775.0068792201473,0.03733383046103992
s3_41.tif,Canon220,150,1240,1752,0.7077625570776256,6366.8017578125,0.9760530591011047,0.10529028624296188,-4.953720569610596,24.456117630004883,-1720.9650320925302,0.053543415819708354
s3_42.tif,Canon220,150,1240,1752,0.7077625570776256,6366.8017578125,0.8902563452720642,0.23467648029327393,-1.8766493797302246,1.7984914779663086,-1342.540792836095,0.06215293121225512
s3_43.tif,Canon220,150,1240,1752,0.7077625570776256,6366.8017578125,0.9738516807556152,0.11691642552614212,-4.866751670837402,23.0478515625,-1737.027591456621,0.04493896376491383
s3_44.tif,Canon220,150,1240,1752,0.7077625570776256,6366.8017578125,0.9344770908355713,0.1887502670288086,-2.7984020709991455,6.213863372802734,-1535.5555226749577,0.05727141331565768
s3_45.tif,Canon220,150,1240,1752,0.7077625570776256,6366.8017578125,0.9769278764724731,0.11033572256565094,-5.193288326263428,26.427221298217773,-1783.9068628691066,0.04011912652820739
s3_46.tif,Canon220,150,1240,1752,0.7077625570776256,6366.8017578125,0.9286594390869141,0.1851518601179123,-2.5489938259124756,5.033379554748535,-1468.8877251553076,0.06948372367064369
s3_47.tif,Canon220,150,1240,1752,0.7077625570776256,6366.8017578125,0.9653416872024536,0.12737368047237396,-4.23638916015625,17.779489517211914,-1628.6317529243622,0.05028953085874208
s3_48.tif,Canon220,150,1240,1752,0.7077625570776256,6366.8017578125,0.9326246976852417,0.17634828388690948,-2.8245344161987305,6.898896217346191,-1358.9814684702421,0.04509684784209751
s3_49.tif,Canon220,150,1240,1752,0.7077625570776256,6366.8017578125,0.9678940773010254,0.1171778067946434,-4.054352283477783,16.043476104736328,-1634.0319974763415,0.06918130431580498
s3_5.tif,Canon220,150,1240,1752,0.7077625570776256,6366.8017578125,0.931516706943512,0.17166776955127716,-2.6085050106048584,5.713482856750488,-1423.1635273553577,0.08065160553837089
s3_50.tif,Canon220,150,1240,1752,0.7077625570776256,6366.8017578125,0.9257484078407288,0.20897537469863892,-2.7426180839538574,5.906040191650391,-1541.916726448571,0.042304186920017674
s3_51.tif,Canon220,150,1240,1752,0.7077625570776256,6366.8017578125,0.9639925956726074,0.12920698523521423,-3.719756841659546,12.907885551452637,-1667.8467624646278,0.03615407276476654
s3_52.tif,Canon220,150,1240,1752,0.7077625570776256,6366.8017578125,0.9547454118728638,0.15794864296913147,-3.55777907371521,11.376384735107422,-1649.8207316932069,0.03599618868758286
s3_53.tif,Canon220,150,1240,1752,0.7077625570776256,6366.8017578125,0.9560192227363586,0.15542256832122803,-3.528071403503418,10.990494728088379,-1698.6952809970262,0.03409973854765061
s3_54.tif,Canon220,150,1240,1752,0.7077625570776256,6366.8017578125,0.9353007674217224,0.17954210937023163,-2.7662925720214844,6.284223556518555,-1523.6211629833492,0.05049712770658418
s3_55.tif,Canon220,150,1240,1752,0.7077625570776256,6366.8017578125,0.9760656952857971,0.09920784831047058,-5.2833404541015625,28.98810386657715,-1564.2825943746093,0.03211859257622625
s3_56.tif,Canon220,150,1240,1752,0.7077625570776256,6366.8017578125,0.9727286100387573,0.11395195871591568,-4.649342060089111,21.359729766845703,-1706.7679428170052,0.04287680438945353
s3_57.tif,Canon220,150,1240,1752,0.7077625570776256,6366.8017578125,0.9605827927589417,0.1296788603067398,-3.752614974975586,13.562305450439453,-1483.3302856686212,0.053671380173810575
s3_58.tif,Canon220,150,1240,1752,0.7077625570776256,6366.8017578125,0.9618196487426758,0.1354539543390274,-3.880856990814209,14.252456665039062,-1597.1094654831224,0.07537975033141847
s3_59.tif,Canon220,150,1240,1752,0.7077625570776256,6366.8017578125,0.9618182182312012,0.13040834665298462,-3.828256845474243,14.01449203491211,-1537.017566916418,0.06682869347473855
s3_6.tif,Canon220,150,1240,1752,0.7077625570776256,6366.8017578125,0.9351072311401367,0.16649499535560608,-2.7191314697265625,6.3409624099731445,-1364.261051601475,0.0576787818529975
s3_60.tif,Canon220,150,1240,1752,0.7077625570776256,6366.8017578125,0.9387162923812866,0.1769891232252121,-2.8639535903930664,6.779327392578125,-1536.1971988926668,0.05608106864044778
s3_61.tif,Canon220,150,1240,1752,0.7077625570776256,6366.8017578125,0.9822216033935547,0.09249184280633926,-5.824147701263428,34.29570770263672,-1757.3218274030105,0.019537118868758287
s3_62.tif,Canon220,150,1240,1752,0.7077625570776256,6366.8017578125,0.9837529063224792,0.09229223430156708,-6.356837272644043,40.720603942871094,-1829.9972436595044,0.02787643614670791
s3_63.tif,Canon220,150,1240,1752,0.7077625570776256,6366.8017578125,0.9662942886352539,0.12744250893592834,-4.0403923988342285,15.581478118896484,-1691.1391627652035,0.04489615554573575
s3_64.tif,Canon220,150,1240,1752,0.7077625570776256,6366.8017578125,0.9702101945877075,0.10998257249593735,-4.290675640106201,18.691389083862305,-1633.3540298265577,0.03986043599941081
s3_65.tif,Canon220,150,1240,1752,0.7077625570776256,6366.8017578125,0.9723142385482788,0.1073823869228363,-4.553430080413818,21.520692825317383,-1668.4818857231742,0.03367579908675799
s3_66.tif,Canon220,150,1240,1752,0.7077625570776256,6366.8017578125,0.9538089632987976,0.14143593609333038,-3.1410534381866455,8.76303482055664,-1579.3035630474028,0.03187233024009427
s3_67.tif,Canon220,150,1240,1752,0.7077625570776256,6366.8017578125,0.9441300630569458,0.17015081644058228,-2.960752010345459,7.237276077270508,-1614.9161256554933,0.03131122035645898
s3_68.tif,Canon220,150,1240,1752,0.7077625570776256,6366.8017578125,0.9845088124275208,0.09140007197856903,-6.564826965332031,43.1303596496582,-1804.2566207298119,0.018725603918102813
s3_69.tif,Canon220,150,1240,1752,0.7077625570776256,6366.8017578125,0.9667807221412659,0.13213035464286804,-4.243224620819092,17.004472732543945,-1689.929330822774,0.05434250257769922
s3_7.tif,Canon220,150,1240,1752,0.7077625570776256,6366.8017578125,0.9519770741462708,0.14995257556438446,-3.2539985179901123,9.516822814941406,-1614.0368252387573,0.059166022241861835
s3_70.tif,Canon220,150,1240,1752,0.7077625570776256,6366.8017578125,0.9455627799034119,0.1707078516483307,-3.136943817138672,8.351957321166992,-1583.0591263753784,0.05254133524819561
s3_71.tif,Canon220,150,1240,1752,0.7077625570776256,6366.8017578125,0.9636313319206238,0.13194099068641663,-3.9809253215789795,15.008964538574219,-1642.9110364436924,0.04657994550007365
s3_72.tif,Canon220,150,1240,1752,0.7077625570776256,6366.8017578125,0.9656460881233215,0.15010300278663635,-4.360728740692139,17.39476776123047,-1782.7338308975059,0.016991180586242452
s3_73.tif,Canon220,150,1240,1752,0.7077625570776256,6366.8017578125,0.9629396796226501,0.12876763939857483,-3.98960018157959,15.424789428710938,-1576.013444746162,0.06149423700103108
s3_74.tif,Canon220,150,1240,1752,0.7077625570776256,6366.8017578125,0.9752526879310608,0.11346551030874252,-4.985118389129639,24.210357666015625,-1749.3880779462665,0.04216931801443512
s3_75.tif,Canon220,150,1240,1752,0.7077625570776256,6366.8017578125,0.9699774980545044,0.12577329576015472,-4.520802021026611,19.53830909729004,-1690.58244651966,0.048215403594049196
s3_76.tif,Canon220,150,1240,1752,0.7077625570776256,6366.8017578125,0.9733025431632996,0.11609075218439102,-4.7664313316345215,22.108510971069336,-1706.7878431238403,0.048645326999558106
s3_77.tif,Canon220,150,1240,1752,0.7077625570776256,6366.8017578125,0.9776080846786499,0.10625866800546646,-5.242491722106934,27.1579532623291,-1747.4524627338967,0.033241732950360876
s3_78.tif,Canon220,150,1240,1752,0.7077625570776256,6366.8017578125,0.9681335091590881,0.12417822331190109,-4.35435152053833,18.51283836364746,-1663.3104800816748,0.05322948887906908
s3_79.tif,Canon220,150,1240,1752,0.7077625570776256,6366.8017578125,0.976559042930603,0.10417445003986359,-5.25332498550415,28.094017028808594,-1717.4515128969206,0.036102058476948
s3_8.tif,Canon220,150,1240,1752,0.7077625570776256,6366.8017578125,0.9537252187728882,0.1381377875804901,-3.5787320137023926,12.322967529296875,-1434.6389133338264,0.055087273530711446
s3_80.tif,Canon220,150,1240,1752,0.7077625570776256,6366.8017578125,0.9760684967041016,0.10611502826213837,-4.984947204589844,24.83798599243164,-1729.3248406520488,0.04772840256296951
s3_81.tif,Canon220,150,1240,1752,0.7077625570776256,6366.8017578125,0.9693448543548584,0.10643403977155685,-4.31010103225708,19.91327476501465,-1571.6108731575673,0.03335588820150243
s3_82.tif,Canon220,150,1240,1752,0.7077625570776256,6366.8017578125,0.9763677716255188,0.11168625205755234,-5.2198591232299805,26.64600372314453,-1707.0979364928698,0.03576143393725144
s3_83.tif,Canon220,150,1240,1752,0.7077625570776256,6366.8017578125,0.9796176552772522,0.1056525930762291,-5.652940273284912,31.617473602294922,-1808.8194653676467,0.03226266755044926
s3_84.tif,Canon220,150,1240,1752,0.7077625570776256,6366.8017578125,0.9761343002319336,0.11025439947843552,-5.089376449584961,25.453737258911133,-1741.9446547865014,0.04400684931506849
s3_85.tif,Canon220,150,1240,1752,0.7077625570776256,6366.8017578125,0.9589716196060181,0.13747133314609528,-3.5759999752044678,12.014015197753906,-1608.4816960570138,0.04214446162910591
s3_86.tif,Canon220,150,1240,1752,0.7077625570776256,6366.8017578125,0.9547768831253052,0.15025730431079865,-3.3904733657836914,10.198190689086914,-1632.7288943836595,0.03391423626454559
s3_87.tif,Canon220,150,1240,1752,0.7077625570776256,6366.8017578125,0.9246470332145691,0.17435960471630096,-2.3703863620758057,4.549644470214844,-1360.0147299360701,0.06885218736190897
s3_88.tif,Canon220,150,1240,1752,0.7077625570776256,6366.8017578125,0.9641587138175964,0.12551333010196686,-3.919790506362915,15.100675582885742,-1604.7832279021172,0.04148392620415378
s3_89.tif,Canon220,150,1240,1752,0.7077625570776256,6366.8017578125,0.9745182991027832,0.11522454768419266,-4.92070198059082,23.668514251708984,-1750.2745345511976,0.03988621299160407
s3_9.tif,Canon220,150,1240,1752,0.7077625570776256,6366.8017578125,0.9633063673973083,0.12376593798398972,-3.803677558898926,14.289453506469727,-1542.241959990539,0.04230925025776992
s3_90.tif,Canon220,150,1240,1752,0.7077625570776256,6366.8017578125,0.9530531764030457,0.1438882052898407,-3.342142343521118,10.38078784942627,-1525.507976701715,0.06275638901163647
s3_91.tif,Canon220,150,1240,1752,0.7077625570776256,6366.8017578125,0.987551212310791,0.07944311201572418,-7.28546142578125,54.088043212890625,-1819.0040095843267,0.02269802253645603
s3_92.tif,Canon220,150,1240,1752,0.7077625570776256,6366.8017578125,0.9682350158691406,0.12572349607944489,-4.333601951599121,18.122222900390625,-1678.1976702834559,0.06037477905435263
s3_93.tif,Canon220,150,1240,1752,0.7077625570776256,6366.8017578125,0.9409151673316956,0.16704189777374268,-2.8790955543518066,7.026902198791504,-1518.623805662717,0.058712623361319785
s3_94.tif,Canon220,150,1240,1752,0.7077625570776256,6366.8017578125,0.9761215448379517,0.10795701295137405,-5.046370506286621,25.31192970275879,-1709.0362547093896,0.03581390852850199
s3_95.tif,Canon220,150,1240,1752,0.7077625570776256,6366.8017578125,0.9665679335594177,0.13580939173698425,-4.215195655822754,16.585906982421875,-1749.4982345061474,0.029720871998821622
s3_96.tif,Canon220,150,1240,1752,0.7077625570776256,6366.8017578125,0.9611960649490356,0.13519299030303955,-3.8100502490997314,13.838495254516602,-1608.8912903652556,0.05745185226101046
s3_97.tif,Canon220,150,1240,1752,0.7077625570776256,6366.8017578125,0.9751420021057129,0.11153664439916611,-4.947813987731934,24.04671859741211,-1727.8626262176815,0.04780619384298129
s3_98.tif,Canon220,150,1240,1752,0.7077625570776256,6366.8017578125,0.9652177095413208,0.13369527459144592,-4.105008125305176,15.99384880065918,-1668.9464965075756,0.03933569008690529
s3_99.tif,Canon220,150,1240,1752,0.7077625570776256,6366.8017578125,0.9524009823799133,0.15798410773277283,-3.3929336071014404,10.24711799621582,-1645.6825360857,0.050765944910885256
s3_1.tif,Canon220,300,2480,3508,0.7069555302166477,25495.0673828125,0.9612897634506226,0.13810423016548157,-3.9401347637176514,14.662944793701172,-1515.9408654644772,0.03913163920256005
s3_10.tif,Canon220,300,2480,3508,0.7069555302166477,25495.0673828125,0.9564570188522339,0.14029522240161896,-3.724687099456787,13.217103958129883,-1456.4143963150966,0.03744045867510207
s3_100.tif,Canon220,300,2480,3508,0.7069555302166477,25495.0673828125,0.9529315233230591,0.14372317492961884,-3.5645201206207275,11.936559677124023,-1355.9099520103864,0.0411527108544525
s3_101.tif,Canon220,300,2480,3508,0.7069555302166477,25495.0673828125,0.9552453756332397,0.1409156769514084,-3.4383811950683594,10.882997512817383,-1466.7065620527937,0.06633236933093023
s3_102.tif,Canon220,300,2480,3508,0.7069555302166477,25495.0673828125,0.9198620319366455,0.19143909215927124,-2.401623487472534,4.457191467285156,-1310.8631339083865,0.05087288961636076
s3_103.tif,Canon220,300,2480,3508,0.7069555302166477,25495.0673828125,0.9708235859870911,0.11752648651599884,-4.670408248901367,21.576982498168945,-1612.8250085032478,0.02503563283922463
s3_104.tif,Canon220,300,2480,3508,0.7069555302166477,25495.0673828125,0.9771146178245544,0.1118655800819397,-5.444960594177246,28.75528335571289,-1635.5060173750096,0.017992169970941996
s3_105.tif,Canon220,300,2480,3508,0.7069555302166477,25495.0673828125,0.9529009461402893,0.14346900582313538,-3.295848846435547,10.038018226623535,-1450.1007534315975,0.02229937562070107
s3_106.tif,Canon220,300,2480,3508,0.7069555302166477,25495.0673828125,0.9863465428352356,0.08325094729661942,-7.061712741851807,50.743595123291016,-1780.988619916848,0.015824084121087285
s3_107.tif,Canon220,300,2480,3508,0.7069555302166477,25495.0673828125,0.9774044156074524,0.10430823266506195,-5.429627895355225,29.389236450195312,-1596.8839140337877,0.024619188398867106
s3_108.tif,Canon220,300,2480,3508,0.7069555302166477,25495.0673828125,0.9691691994667053,0.1301063597202301,-4.487804889678955,19.090457916259766,-1699.211504954701,0.03146322231213448
s3_11.tif,Canon220,300,2480,3508,0.7069555302166477,25495.0673828125,0.9270742535591125,0.19721125066280365,-2.6275808811187744,5.352588653564453,-1456.3428140885533,0.03718332750947144
s3_12.tif,Canon220,300,2480,3508,0.7069555302166477,25495.0673828125,0.9710814356803894,0.1252029836177826,-4.65731954574585,20.703758239746094,-1678.1451840327798,0.02853857082429102
s3_13.tif,Canon220,300,2480,3508,0.7069555302166477,25495.0673828125,0.9722414612770081,0.12337666749954224,-4.826206684112549,22.32280731201172,-1655.825837102555,0.025686104572038106
s3_14.tif,Canon220,300,2480,3508,0.7069555302166477,25495.0673828125,0.9752532243728638,0.11596055328845978,-5.128119468688965,25.48241424560547,-1684.7602340095038,0.0236438831058962
s3_15.tif,Canon220,300,2480,3508,0.7069555302166477,25495.0673828125,0.9431811571121216,0.1607707142829895,-3.0063695907592773,7.986577033996582,-1410.686697519048,0.04357045646816493
s3_16.tif,Canon220,300,2480,3508,0.7069555302166477,25495.0673828125,0.9625101089477539,0.13023565709590912,-4.025399208068848,15.665168762207031,-1453.631938597964,0.03702378434545923
s3_17.tif,Canon220,300,2480,3508,0.7069555302166477,25495.0673828125,0.9338197708129883,0.19420631229877472,-2.8175833225250244,6.256363868713379,-1560.7003158330192,0.027188775885533527
s3_18.tif,Canon220,300,2480,3508,0.7069555302166477,25495.0673828125,0.9088901281356812,0.1986161470413208,-2.138521432876587,3.2250428199768066,-1242.63247334091,0.04330171589362563
s3_19.tif,Canon220,300,2480,3508,0.7069555302166477,25495.0673828125,0.9354168772697449,0.19148048758506775,-2.958791732788086,7.256138801574707,-1497.81634429691,0.02900869441277081
s3_2.tif,Canon220,300,2480,3508,0.7069555302166477,25495.0673828125,0.9685931205749512,0.13133051991462708,-4.4418840408325195,18.64777183532715,-1686.8784228449574,0.03025618861956082
s3_20.tif,Canon220,300,2480,3508,0.7069555302166477,25495.0673828125,0.9409075975418091,0.171340674161911,-2.9617197513580322,7.484947204589844,-1489.5102544224899,0.04198617445838084
s3_21.tif,Canon220,300,2480,3508,0.7069555302166477,25495.0673828125,0.9261970520019531,0.20256894826889038,-2.688278913497925,5.656882286071777,-1414.6683945472605,0.04105121473498363
s3_22.tif,Canon220,300,2480,3508,0.7069555302166477,25495.0673828125,0.9706894755363464,0.12387756258249283,-4.655567169189453,20.84428596496582,-1632.067415706117,0.026145308419465184
s3_23.tif,Canon220,300,2480,3508,0.7069555302166477,25495.0673828125,0.975431501865387,0.10889317840337753,-5.116781711578369,25.94310188293457,-1612.199955283337,0.03149494703350866
s3_24.tif,Canon220,300,2480,3508,0.7069555302166477,25495.0673828125,0.9652607440948486,0.12780193984508514,-4.151239395141602,16.53157615661621,-1521.7678149599674,0.04948619744730937
s3_25.tif,Canon220,300,2480,3508,0.7069555302166477,25495.0673828125,0.9683138132095337,0.12031812965869904,-4.366662502288818,18.679988861083984,-1571.926662306688,0.045582562437929894
s3_26.tif,Canon220,300,2480,3508,0.7069555302166477,25495.0673828125,0.9688054323196411,0.12330545485019684,-4.252736568450928,17.2105655670166,-1622.0348535157643,0.021209815352926032
s3_27.tif,Canon220,300,2480,3508,0.7069555302166477,25495.0673828125,0.9750071167945862,0.10938435047864914,-4.962823867797852,24.328590393066406,-1641.502417907604,0.033519926803251554
s3_28.tif,Canon220,300,2480,3508,0.7069555302166477,25495.0673828125,0.9722310900688171,0.11012251675128937,-4.506266117095947,20.057058334350586,-1608.2016825139851,0.03034469599440909
s3_29.tif,Canon220,300,2480,3508,0.7069555302166477,25495.0673828125,0.9591343402862549,0.13806037604808807,-3.69802188873291,12.71095085144043,-1506.4710188759418,0.060626977047853754
s3_3.tif,Canon220,300,2480,3508,0.7069555302166477,25495.0673828125,0.965874195098877,0.13507187366485596,-4.243404388427734,16.939355850219727,-1635.258462180736,0.03537812189649465
s3_30.tif,Canon220,300,2480,3508,0.7069555302166477,25495.0673828125,0.9729812145233154,0.11044829338788986,-4.693901538848877,21.765947341918945,-1589.5946508449172,0.037359307757384046
s3_31.tif,Canon220,300,2480,3508,0.7069555302166477,25495.0673828125,0.9607555866241455,0.13433244824409485,-3.752149820327759,13.226472854614258,-1559.4403909269508,0.05672322709383161
s3_32.tif,Canon220,300,2480,3508,0.7069555302166477,25495.0673828125,0.9650837182998657,0.1255606859922409,-4.140507698059082,16.787015914916992,-1534.4781456842352,0.03917796189355206
s3_33.tif,Canon220,300,2480,3508,0.7069555302166477,25495.0673828125,0.9666659235954285,0.12566660344600677,-4.216302394866943,17.11399269104004,-1559.6966272236039,0.04418690458675102
s3_34.tif,Canon220,300,2480,3508,0.7069555302166477,25495.0673828125,0.9711688756942749,0.1164902001619339,-4.557947158813477,20.219789505004883,-1597.5595036630539,0.04130731139883032
s3_35.tif,Canon220,300,2480,3508,0.7069555302166477,25495.0673828125,0.9514307379722595,0.14719520509243011,-3.2877848148345947,9.802467346191406,-1434.899841486097,0.07063980486997462
s3_36.tif,Canon220,300,2480,3508,0.7069555302166477,25495.0673828125,0.993799090385437,0.054124318063259125,-11.336856842041016,133.4573211669922,-1817.296781493116,0.005190325339316585
s3_37.tif,Canon220,300,2480,3508,0.7069555302166477,25495.0673828125,0.9495742917060852,0.1552111953496933,-3.2447009086608887,9.355218887329102,-1463.970597439073,0.03586376301173355
s3_38.tif,Canon220,300,2480,3508,0.7069555302166477,25495.0673828125,0.954830527305603,0.14635738730430603,-3.5559473037719727,11.789039611816406,-1494.8543367114025,0.03989602107624968
s3_39.tif,Canon220,300,2480,3508,0.7069555302166477,25495.0673828125,0.9618459939956665,0.14331293106079102,-3.963416814804077,14.474658966064453,-1609.4691246458526,0.03754827674991724
s3_4.tif,Canon220,300,2480,3508,0.7069555302166477,25495.0673828125,0.9449650049209595,0.1591687947511673,-2.906022310256958,7.191338539123535,-1501.224446681456,0.036230206532533935
s3_40.tif,Canon220,300,2480,3508,0.7069555302166477,25495.0673828125,0.9795362949371338,0.10264105349779129,-5.664992809295654,31.75518798828125,-1691.5845215164147,0.02280547688233347
s3_41.tif,Canon220,300,2480,3508,0.7069555302166477,25495.0673828125,0.9737305641174316,0.11485300213098526,-4.889176845550537,23.306516647338867,-1638.9765815938665,0.03249795398536065
s3_42.tif,Canon220,300,2480,3508,0.7069555302166477,25495.0673828125,0.8872386813163757,0.24005074799060822,-1.8661022186279297,1.7445197105407715,-1267.224111503409,0.03922968698274911
s3_43.tif,Canon220,300,2480,3508,0.7069555302166477,25495.0673828125,0.972009003162384,0.1234554797410965,-4.788017749786377,21.954341888427734,-1653.3846282369686,0.026198412844374148
s3_44.tif,Canon220,300,2480,3508,0.7069555302166477,25495.0673828125,0.9319313764572144,0.19407455623149872,-2.7644097805023193,5.973110198974609,-1446.6083338920262,0.03471558097620186
s3_45.tif,Canon220,300,2480,3508,0.7069555302166477,25495.0673828125,0.9756571650505066,0.11645293235778809,-5.123391151428223,25.349763870239258,-1750.6641212096893,0.023556640122117188
s3_46.tif,Canon220,300,2480,3508,0.7069555302166477,25495.0673828125,0.9253989458084106,0.19198083877563477,-2.5248546600341797,4.85757303237915,-1381.7542699528844,0.04485139956596903
s3_47.tif,Canon220,300,2480,3508,0.7069555302166477,25495.0673828125,0.9632588624954224,0.13372400403022766,-4.164117813110352,16.859960556030273,-1547.0931050561107,0.02944594383344981
s3_48.tif,Canon220,300,2480,3508,0.7069555302166477,25495.0673828125,0.9308440685272217,0.18015742301940918,-2.8044488430023193,6.725996971130371,-1300.9351136455011,0.02818638043918049
s3_49.tif,Canon220,300,2480,3508,0.7069555302166477,25495.0673828125,0.9650558829307556,0.12787538766860962,-4.034994125366211,15.531538009643555,-1559.2675315353451,0.04500404605142164
s3_5.tif,Canon220,300,2480,3508,0.7069555302166477,25495.0673828125,0.9285951256752014,0.17910976707935333,-2.59311842918396,5.534658432006836,-1359.1854651857045,0.051944288630595505
s3_50.tif,Canon220,300,2480,3508,0.7069555302166477,25495.0673828125,0.923999011516571,0.21199531853199005,-2.7132809162139893,5.711788177490234,-1461.0324849154863,0.025864383712803914
s3_51.tif,Canon220,300,2480,3508,0.7069555302166477,25495.0673828125,0.9621283411979675,0.13440726697444916,-3.718548059463501,12.836857795715332,-1576.6312581870811,0.022107992790672014
s3_52.tif,Canon220,300,2480,3508,0.7069555302166477,25495.0673828125,0.9529855251312256,0.1619512140750885,-3.5261197090148926,11.07572078704834,-1558.5355589971812,0.020933718321256484
s3_53.tif,Canon220,300,2480,3508,0.7069555302166477,25495.0673828125,0.9546869993209839,0.1600489318370819,-3.5137224197387695,10.84792709350586,-1666.325524218818,0.020778428109022695
s3_54.tif,Canon220,300,2480,3508,0.7069555302166477,25495.0673828125,0.9330024719238281,0.18455815315246582,-2.7425966262817383,6.101445198059082,-1443.5508569863932,0.029713764850847833
s3_55.tif,Canon220,300,2480,3508,0.7069555302166477,25495.0673828125,0.9746467471122742,0.10411270707845688,-5.247586727142334,28.286584854125977,-1512.2811496011377,0.019340930407915548
s3_56.tif,Canon220,300,2480,3508,0.7069555302166477,25495.0673828125,0.9709884524345398,0.11986081302165985,-4.607057571411133,20.704742431640625,-1627.71453625014,0.025791853643285394
s3_57.tif,Canon220,300,2480,3508,0.7069555302166477,25495.0673828125,0.9587625861167908,0.1360062211751938,-3.7472167015075684,13.3519287109375,-1442.4968948013952,0.03175299775628058
s3_58.tif,Canon220,300,2480,3508,0.7069555302166477,25495.0673828125,0.9588240385055542,0.1453840285539627,-3.8228979110717773,13.486347198486328,-1510.4558580501719,0.044545416927207857
s3_59.tif,Canon220,300,2480,3508,0.7069555302166477,25495.0673828125,0.9595713019371033,0.1391322761774063,-3.800194025039673,13.501249313354492,-1493.7709504623012,0.04353942141464671
s3_6.tif,Canon220,300,2480,3508,0.7069555302166477,25495.0673828125,0.9322812557220459,0.17185023427009583,-2.7067463397979736,6.218934059143066,-1268.910344955746,0.03760471456946335
s3_60.tif,Canon220,300,2480,3508,0.7069555302166477,25495.0673828125,0.936299204826355,0.18253464996814728,-2.8363659381866455,6.556562423706055,-1452.8201370300746,0.03596376485084783
s3_61.tif,Canon220,300,2480,3508,0.7069555302166477,25495.0673828125,0.9808933138847351,0.09592391550540924,-5.790655612945557,33.71683120727539,-1655.1161359353362,0.011830907235075587
s3_62.tif,Canon220,300,2480,3508,0.7069555302166477,25495.0673828125,0.9824774861335754,0.09782806783914566,-6.2219109535217285,38.42795181274414,-1764.2498030703816,0.0172452596829367
s3_63.tif,Canon220,300,2480,3508,0.7069555302166477,25495.0673828125,0.9646844267845154,0.13239775598049164,-4.023712635040283,15.323202133178711,-1612.2644672191045,0.03064401184389598
s3_64.tif,Canon220,300,2480,3508,0.7069555302166477,25495.0673828125,0.9682811498641968,0.11543407291173935,-4.268510341644287,18.28068733215332,-1540.3239290884733,0.027880972523632617
s3_65.tif,Canon220,300,2480,3508,0.7069555302166477,25495.0673828125,0.9712197184562683,0.11144454777240753,-4.547366142272949,21.14483070373535,-1614.9390659897208,0.023732850259315114
s3_66.tif,Canon220,300,2480,3508,0.7069555302166477,25495.0673828125,0.9518598914146423,0.1462825983762741,-3.150064706802368,8.798194885253906,-1493.5899995087618,0.019640935925258396
s3_67.tif,Canon220,300,2480,3508,0.7069555302166477,25495.0673828125,0.9424886703491211,0.17386813461780548,-2.958397388458252,7.212064743041992,-1535.458475576656,0.023591698238128518
s3_68.tif,Canon220,300,2480,3508,0.7069555302166477,25495.0673828125,0.983158528804779,0.09586722403764725,-6.450100421905518,41.289405822753906,-1708.9553061734143,0.011354116857321513
s3_69.tif,Canon220,300,2480,3508,0.7069555302166477,25495.0673828125,0.9648117423057556,0.13816992938518524,-4.180902481079102,16.261430740356445,-1606.3194710501966,0.03103149023430316
s3_7.tif,Canon220,300,2480,3508,0.7069555302166477,25495.0673828125,0.9498616456985474,0.1566358208656311,-3.2424280643463135,9.343117713928223,-1562.1097526128483,0.03965992478022584
s3_70.tif,Canon220,300,2480,3508,0.7069555302166477,25495.0673828125,0.9424135684967041,0.1773253083229065,-3.098743200302124,8.050763130187988,-1453.0718030310811,0.03187345974178835
s3_71.tif,Canon220,300,2480,3508,0.7069555302166477,25495.0673828125,0.9617751240730286,0.1377987563610077,-3.9426918029785156,14.552791595458984,-1573.0569267757767,0.02800396329127892
s3_72.tif,Canon220,300,2480,3508,0.7069555302166477,25495.0673828125,0.9647824764251709,0.15148048102855682,-4.331395626068115,17.121131896972656,-1702.8641917821785,0.009562014933607975
s3_73.tif,Canon220,300,2480,3508,0.7069555302166477,25495.0673828125,0.9605200886726379,0.1353183537721634,-3.9339780807495117,14.767295837402344,-1484.8812243105992,0.036339403943061024
s3_74.tif,Canon220,300,2480,3508,0.7069555302166477,25495.0673828125,0.9734458327293396,0.12023966014385223,-4.909132480621338,23.131752014160156,-1673.692608672344,0.02432182660830544
s3_75.tif,Canon220,300,2480,3508,0.7069555302166477,25495.0673828125,0.9678431153297424,0.13199551403522491,-4.442696571350098,18.590394973754883,-1591.1177322165602,0.027704647441792032
s3_76.tif,Canon220,300,2480,3508,0.7069555302166477,25495.0673828125,0.9711423516273499,0.12390702217817307,-4.694611549377441,21.08479881286621,-1623.6383919678062,0.028541904218928164
s3_77.tif,Canon220,300,2480,3508,0.7069555302166477,25495.0673828125,0.97603440284729,0.11070045083761215,-5.161009788513184,26.057518005371094,-1664.3008647955328,0.01992232041049031
s3_78.tif,Canon220,300,2480,3508,0.7069555302166477,25495.0673828125,0.9659067392349243,0.13198009133338928,-4.288389682769775,17.59988021850586,-1586.10114605182,0.03078723286865046
s3_79.tif,Canon220,300,2480,3508,0.7069555302166477,25495.0673828125,0.974875271320343,0.11002013087272644,-5.174652099609375,26.85376739501953,-1634.2701215559725,0.021107859454886527
s3_8.tif,Canon220,300,2480,3508,0.7069555302166477,25495.0673828125,0.9519340395927429,0.1439441442489624,-3.554483652114868,11.982696533203125,-1388.71280515424,0.034209709603854783
s3_80.tif,Canon220,300,2480,3508,0.7069555302166477,25495.0673828125,0.9740976691246033,0.11382131278514862,-4.9223761558532715,23.785812377929688,-1651.912288354265,0.028545927281421267
s3_81.tif,Canon220,300,2480,3508,0.7069555302166477,25495.0673828125,0.9682019352912903,0.11034958064556122,-4.314458847045898,19.642183303833008,-1516.3261184886678,0.02157039669695075
s3_82.tif,Canon220,300,2480,3508,0.7069555302166477,25495.0673828125,0.9750571250915527,0.11722389608621597,-5.150508403778076,25.591459274291992,-1662.0524480450124,0.02066440302350388
s3_83.tif,Canon220,300,2480,3508,0.7069555302166477,25495.0673828125,0.9787613153457642,0.10976564139127731,-5.588992595672607,30.498462677001953,-1773.9507518293542,0.01848321348438592
s3_84.tif,Canon220,300,2480,3508,0.7069555302166477,25495.0673828125,0.9743101000785828,0.11733502149581909,-5.007134914398193,24.24772834777832,-1667.9160697081047,0.025721622466620075
s3_85.tif,Canon220,300,2480,3508,0.7069555302166477,25495.0673828125,0.9570344686508179,0.14220698177814484,-3.5640366077423096,11.83301830291748,-1507.3929649483607,0.02762947364549233
s3_86.tif,Canon220,300,2480,3508,0.7069555302166477,25495.0673828125,0.9530485272407532,0.15491405129432678,-3.385143756866455,10.127405166625977,-1559.4938278106677,0.020208302681428623
s3_87.tif,Canon220,300,2480,3508,0.7069555302166477,25495.0673828125,0.9227883219718933,0.1794174760580063,-2.377251625061035,4.52955436706543,-1313.7328502438452,0.04161973093758046
s3_88.tif,Canon220,300,2480,3508,0.7069555302166477,25495.0673828125,0.9621445536613464,0.13124701380729675,-3.899528741836548,14.764543533325195,-1522.7671988419004,0.025305637804833192
s3_89.tif,Canon220,300,2480,3508,0.7069555302166477,25495.0673828125,0.9732879996299744,0.12067097425460815,-4.865004062652588,22.822982788085938,-1715.9878488691797,0.023355831831390002
s3_9.tif,Canon220,300,2480,3508,0.7069555302166477,25495.0673828125,0.9616484045982361,0.1294860541820526,-3.813727855682373,14.192750930786133,-1492.56988382369,0.025964615441203518
s3_90.tif,Canon220,300,2480,3508,0.7069555302166477,25495.0673828125,0.9503322243690491,0.1516057699918747,-3.3067264556884766,9.964456558227539,-1452.8213849860078,0.04284055798727333
s3_91.tif,Canon220,300,2480,3508,0.7069555302166477,25495.0673828125,0.9865960478782654,0.08407550305128098,-7.201765537261963,52.181190490722656,-1760.4615153314435,0.013400706219884503
s3_92.tif,Canon220,300,2480,3508,0.7069555302166477,25495.0673828125,0.9655670523643494,0.13453716039657593,-4.2391533851623535,16.960689544677734,-1595.450963146661,0.0352915685805716
s3_93.tif,Canon220,300,2480,3508,0.7069555302166477,25495.0673828125,0.9385433197021484,0.1721823364496231,-2.85648250579834,6.830151557922363,-1424.82830215053,0.035811003420752566
s3_94.tif,Canon220,300,2480,3508,0.7069555302166477,25495.0673828125,0.9743840098381042,0.11348535120487213,-5.00424861907959,24.604976654052734,-1611.2336450218493,0.022704555486077905
s3_95.tif,Canon220,300,2480,3508,0.7069555302166477,25495.0673828125,0.9652869701385498,0.14007568359375,-4.176191806793213,16.156635284423828,-1699.3928824172476,0.017834350976569685
s3_96.tif,Canon220,300,2480,3508,0.7069555302166477,25495.0673828125,0.9587743282318115,0.1429121047258377,-3.7682387828826904,13.28396987915039,-1535.049233114265,0.034548106631846105
s3_97.tif,Canon220,300,2480,3508,0.7069555302166477,25495.0673828125,0.9731605648994446,0.11883312463760376,-4.8765339851379395,22.96505355834961,-1641.8837769956695,0.028119482657152316
s3_98.tif,Canon220,300,2480,3508,0.7069555302166477,25495.0673828125,0.9632490873336792,0.13948218524456024,-4.0597147941589355,15.452564239501953,-1584.1493394213799,0.023433879243756207
s3_99.tif,Canon220,300,2480,3508,0.7069555302166477,25495.0673828125,0.9502202272415161,0.16456599533557892,-3.3505098819732666,9.848222732543945,-1596.7202025325723,0.030322856512303674
s4_1.tif,Canon9000-1,150,1240,1754,0.7069555302166477,6374.0791015625,0.9652804136276245,0.12274283915758133,-3.981771469116211,15.68592643737793,-1663.2746135541129,0.0653432706808401
s4_10.tif,Canon9000-1,150,1240,1754,0.7069555302166477,6374.0791015625,0.9595621228218079,0.12842799723148346,-3.749192237854004,13.986993789672852,-1586.361224133455,0.0609946849597234
s4_100.tif,Canon9000-1,150,1240,1754,0.7069555302166477,6374.0791015625,0.9573726058006287,0.13025665283203125,-3.5904362201690674,12.513981819152832,-1533.247919952986,0.06557729797329606
s4_101.tif,Canon9000-1,150,1240,1754,0.7069555302166477,6374.0791015625,0.961637556552887,0.11401136964559555,-3.3152313232421875,10.553091049194336,-1560.8206340679626,0.10580516423290544
s4_102.tif,Canon9000-1,150,1240,1754,0.7069555302166477,6374.0791015625,0.9212284088134766,0.18819178640842438,-2.427819013595581,4.7132673263549805,-1434.553806667217,0.07372825247360872
s4_103.tif,Canon9000-1,150,1240,1754,0.7069555302166477,6374.0791015625,0.9721909761428833,0.10963646322488785,-4.70987606048584,22.919883728027344,-1695.730083030479,0.04259480634126605
s4_104.tif,Canon9000-1,150,1240,1754,0.7069555302166477,6374.0791015625,0.9803066253662109,0.09983843564987183,-5.623700141906738,31.656429290771484,-1820.44304461934,0.03190541435244786
s4_105.tif,Canon9000-1,150,1240,1754,0.7069555302166477,6374.0791015625,0.9534385800361633,0.14166444540023804,-3.2089040279388428,9.419593811035156,-1598.285586851607,0.037852650163681174
s4_106.tif,Canon9000-1,150,1240,1754,0.7069555302166477,6374.0791015625,0.9879273772239685,0.07332490384578705,-7.172553062438965,53.89710998535156,-1866.1303711411913,0.027001416117997574
s4_107.tif,Canon9000-1,150,1240,1754,0.7069555302166477,6374.0791015625,0.9808530807495117,0.08987580239772797,-5.480039119720459,31.18020248413086,-1788.5546266930726,0.04207111854930665
s4_108.tif,Canon9000-1,150,1240,1754,0.7069555302166477,6374.0791015625,0.9723200798034668,0.11404626071453094,-4.628687381744385,21.377735137939453,-1743.5833542883752,0.05281062640232464
s4_11.tif,Canon9000-1,150,1240,1754,0.7069555302166477,6374.0791015625,0.9278594851493835,0.19503003358840942,-2.6765971183776855,5.738330841064453,-1539.3576994027121,0.058971199470335085
s4_12.tif,Canon9000-1,150,1240,1754,0.7069555302166477,6374.0791015625,0.9739758372306824,0.11138008534908295,-4.793400764465332,22.94847297668457,-1768.0827784940298,0.0485516975024828
s4_13.tif,Canon9000-1,150,1240,1754,0.7069555302166477,6374.0791015625,0.9754700064659119,0.10949035733938217,-4.977144718170166,24.734010696411133,-1781.291398966343,0.04404310883878324
s4_14.tif,Canon9000-1,150,1240,1754,0.7069555302166477,6374.0791015625,0.9781312346458435,0.10273817926645279,-5.290712356567383,28.29443359375,-1806.5936830523126,0.040345109795122666
s4_15.tif,Canon9000-1,150,1240,1754,0.7069555302166477,6374.0791015625,0.945168673992157,0.1540534943342209,-2.99033260345459,8.096182823181152,-1543.787333134643,0.06663111045720381
s4_16.tif,Canon9000-1,150,1240,1754,0.7069555302166477,6374.0791015625,0.9655947685241699,0.11998098343610764,-4.032976150512695,16.25580596923828,-1623.4235798484094,0.058107735314672455
s4_17.tif,Canon9000-1,150,1240,1754,0.7069555302166477,6374.0791015625,0.933840811252594,0.1941690593957901,-2.88004469871521,6.712368011474609,-1613.4538423196962,0.046049582521057855
s4_18.tif,Canon9000-1,150,1240,1754,0.7069555302166477,6374.0791015625,0.9081637859344482,0.19922369718551636,-2.1273353099823,3.2311525344848633,-1348.5151637723848,0.06416531798285946
s4_19.tif,Canon9000-1,150,1240,1754,0.7069555302166477,6374.0791015625,0.9367033243179321,0.18892081081867218,-3.0362792015075684,7.901273727416992,-1607.112492017663,0.047534207525655646
s4_2.tif,Canon9000-1,150,1240,1754,0.7069555302166477,6374.0791015625,0.9712181091308594,0.11802118271589279,-4.586109161376953,20.866329193115234,-1736.7399189057444,0.05084921101997278
s4_20.tif,Canon9000-1,150,1240,1754,0.7069555302166477,6374.0791015625,0.9439216256141663,0.16083355247974396,-3.0135445594787598,8.115209579467773,-1573.8872089995136,0.06910425938867841
s4_21.tif,Canon9000-1,150,1240,1754,0.7069555302166477,6374.0791015625,0.9289321303367615,0.19665905833244324,-2.776909589767456,6.325213432312012,-1538.9743901964,0.06588580939419575
s4_22.tif,Canon9000-1,150,1240,1754,0.7069555302166477,6374.0791015625,0.973781943321228,0.11235947161912918,-4.818205833435059,23.27239418029785,-1768.358956733974,0.04455714128075919
s4_23.tif,Canon9000-1,150,1240,1754,0.7069555302166477,6374.0791015625,0.9791507720947266,0.09105632454156876,-5.127447128295898,27.37815284729004,-1756.8021719231672,0.0514289917975503
s4_24.tif,Canon9000-1,150,1240,1754,0.7069555302166477,6374.0791015625,0.9705163836479187,0.10404660552740097,-4.105415344238281,17.140226364135742,-1648.1259667595673,0.08058125206900357
s4_25.tif,Canon9000-1,150,1240,1754,0.7069555302166477,6374.0791015625,0.9725332856178284,0.10090737044811249,-4.3321990966796875,19.34355926513672,-1669.4188717864479,0.07536184573509398
s4_26.tif,Canon9000-1,150,1240,1754,0.7069555302166477,6374.0791015625,0.9696038365364075,0.12131033092737198,-4.278792858123779,17.626081466674805,-1746.7458017603121,0.03396476257034612
s4_27.tif,Canon9000-1,150,1240,1754,0.7069555302166477,6374.0791015625,0.9784220457077026,0.0914091169834137,-4.9518351554870605,25.552213668823242,-1750.2835795006797,0.054120995328649724
s4_28.tif,Canon9000-1,150,1240,1754,0.7069555302166477,6374.0791015625,0.9735768437385559,0.1032278835773468,-4.370657444000244,19.044797897338867,-1732.2477699927272,0.04725742082613014
s4_29.tif,Canon9000-1,150,1240,1754,0.7069555302166477,6374.0791015625,0.9641014337539673,0.11448556929826736,-3.7046706676483154,14.03835678100586,-1594.9292080021244,0.096845919005407
s4_3.tif,Canon9000-1,150,1240,1754,0.7069555302166477,6374.0791015625,0.9691051840782166,0.12016826868057251,-4.379745006561279,18.994651794433594,-1711.8263001785062,0.05890269246330967
s4_30.tif,Canon9000-1,150,1240,1754,0.7069555302166477,6374.0791015625,0.9769113063812256,0.09098003804683685,-4.55827522277832,21.364376068115234,-1719.3074174420856,0.058724758156471844
s4_31.tif,Canon9000-1,150,1240,1754,0.7069555302166477,6374.0791015625,0.9651241898536682,0.11022982746362686,-3.6130504608154297,12.901248931884766,-1584.0340470410106,0.09052672233052562
s4_32.tif,Canon9000-1,150,1240,1754,0.7069555302166477,6374.0791015625,0.967933177947998,0.11430808156728745,-4.240911483764648,18.444154739379883,-1652.5997837769007,0.06408853496156251
s4_33.tif,Canon9000-1,150,1240,1754,0.7069555302166477,6374.0791015625,0.9712600708007812,0.10423170775175095,-4.19414758682251,18.007810592651367,-1671.6230360377356,0.07125740243498731
s4_34.tif,Canon9000-1,150,1240,1754,0.7069555302166477,6374.0791015625,0.9755687713623047,0.09500127285718918,-4.509942054748535,20.903268814086914,-1718.5699056216442,0.06585040644425645
s4_35.tif,Canon9000-1,150,1240,1754,0.7069555302166477,6374.0791015625,0.9584341645240784,0.11881320178508759,-3.1917665004730225,9.745030403137207,-1526.6641950731134,0.11171239930849303
s4_36.tif,Canon9000-1,150,1240,1754,0.7069555302166477,6374.0791015625,0.9942819476127625,0.05454574152827263,-11.31943416595459,136.69984436035156,-1943.8953479792938,0.00878223047780189
s4_37.tif,Canon9000-1,150,1240,1754,0.7069555302166477,6374.0791015625,0.952720046043396,0.1483800709247589,-3.3142216205596924,10.041253089904785,-1620.499527722171,0.05583091183286129
s4_38.tif,Canon9000-1,150,1240,1754,0.7069555302166477,6374.0791015625,0.9587140083312988,0.13132208585739136,-3.5365469455718994,12.140162467956543,-1613.4756092793782,0.06554971125905763
s4_39.tif,Canon9000-1,150,1240,1754,0.7069555302166477,6374.0791015625,0.9659143090248108,0.12576156854629517,-4.071231365203857,16.0556583404541,-1689.2669788878052,0.06432210247544783
s4_4.tif,Canon9000-1,150,1240,1754,0.7069555302166477,6374.0791015625,0.9465637803077698,0.15154384076595306,-2.8184726238250732,6.612619400024414,-1584.2776572487587,0.06002960973994924
s4_40.tif,Canon9000-1,150,1240,1754,0.7069555302166477,6374.0791015625,0.9824753999710083,0.08808346837759018,-5.819860458374023,35.14341735839844,-1814.4177791263628,0.03710964799352632
s4_41.tif,Canon9000-1,150,1240,1754,0.7069555302166477,6374.0791015625,0.9775305986404419,0.09635347872972488,-4.965669631958008,25.382307052612305,-1761.4867583116372,0.05248326406002869
s4_42.tif,Canon9000-1,150,1240,1754,0.7069555302166477,6374.0791015625,0.885732114315033,0.24528749287128448,-1.8912935256958008,1.8529243469238281,-1402.3384653147468,0.06012202523264796
s4_43.tif,Canon9000-1,150,1240,1754,0.7069555302166477,6374.0791015625,0.9752529859542847,0.10958509147167206,-4.962368488311768,24.66558265686035,-1778.0777339567467,0.04424449185272373
s4_44.tif,Canon9000-1,150,1240,1754,0.7069555302166477,6374.0791015625,0.9336645603179932,0.1919027864933014,-2.860079288482666,6.657133102416992,-1585.3546869172515,0.056926104388126675
s4_45.tif,Canon9000-1,150,1240,1754,0.7069555302166477,6374.0791015625,0.9778119921684265,0.10410349816083908,-5.271820545196533,27.951261520385742,-1794.0143269534572,0.039190146025674034
s4_46.tif,Canon9000-1,150,1240,1754,0.7069555302166477,6374.0791015625,0.9273852109909058,0.18811869621276855,-2.5890300273895264,5.331380844116211,-1509.7818107780754,0.06828907198293302
s4_47.tif,Canon9000-1,150,1240,1754,0.7069555302166477,6374.0791015625,0.9659842252731323,0.12237831950187683,-4.216148376464844,18.084716796875,-1674.5431111208477,0.049848732850259314
s4_48.tif,Canon9000-1,150,1240,1754,0.7069555302166477,6374.0791015625,0.9321537613868713,0.17884483933448792,-2.839881658554077,7.07586669921875,-1492.057192510907,0.04494979218008607
s4_49.tif,Canon9000-1,150,1240,1754,0.7069555302166477,6374.0791015625,0.9690608382225037,0.10943976789712906,-4.0178542137146,16.269657135009766,-1667.4277618083265,0.06879528818920808
s4_5.tif,Canon9000-1,150,1240,1754,0.7069555302166477,6374.0791015625,0.9309950470924377,0.17130789160728455,-2.6149208545684814,5.861562728881836,-1452.8245166257616,0.07830075035862728
s4_50.tif,Canon9000-1,150,1240,1754,0.7069555302166477,6374.0791015625,0.9256030917167664,0.21075965464115143,-2.786694288253784,6.20411491394043,-1602.260642440336,0.040583275094714384
s4_51.tif,Canon9000-1,150,1240,1754,0.7069555302166477,6374.0791015625,0.9636805653572083,0.129503533244133,-3.6575050354003906,12.294059753417969,-1721.063702544964,0.035513296796262916
s4_52.tif,Canon9000-1,150,1240,1754,0.7069555302166477,6374.0791015625,0.9540206789970398,0.1604171246290207,-3.5843660831451416,11.673247337341309,-1698.4189443419732,0.0359275572884099
s4_53.tif,Canon9000-1,150,1240,1754,0.7069555302166477,6374.0791015625,0.9547102451324463,0.1598626673221588,-3.567517042160034,11.364269256591797,-1717.2183231746833,0.033664527163717956
s4_54.tif,Canon9000-1,150,1240,1754,0.7069555302166477,6374.0791015625,0.9332402348518372,0.18492817878723145,-2.773940086364746,6.373354911804199,-1569.1968676389179,0.049459760179497554
s4_55.tif,Canon9000-1,150,1240,1754,0.7069555302166477,6374.0791015625,0.9773910641670227,0.09503060579299927,-5.217685222625732,28.880355834960938,-1725.2630237678704,0.03178541214551072
s4_56.tif,Canon9000-1,150,1240,1754,0.7069555302166477,6374.0791015625,0.9732837677001953,0.11002922058105469,-4.633651256561279,21.63418197631836,-1752.8852305482715,0.042626990841210875
s4_57.tif,Canon9000-1,150,1240,1754,0.7069555302166477,6374.0791015625,0.9613447785377502,0.1279473751783371,-3.741180419921875,13.585346221923828,-1610.125228079177,0.051979346746606835
s4_58.tif,Canon9000-1,150,1240,1754,0.7069555302166477,6374.0791015625,0.9642685651779175,0.12487639486789703,-3.90694260597229,14.869218826293945,-1653.2866318511037,0.07553932026336116
s4_59.tif,Canon9000-1,150,1240,1754,0.7069555302166477,6374.0791015625,0.9640429615974426,0.12319296598434448,-3.9153950214385986,15.162357330322266,-1638.6108471120879,0.06578649722293743
s4_6.tif,Canon9000-1,150,1240,1754,0.7069555302166477,6374.0791015625,0.9334568381309509,0.16988012194633484,-2.6932742595672607,6.226000785827637,-1434.2068194605897,0.05669805421708905
s4_60.tif,Canon9000-1,150,1240,1754,0.7069555302166477,6374.0791015625,0.9376174211502075,0.18028785288333893,-2.9041481018066406,7.077266693115234,-1578.358194993463,0.055312741383749586
s4_61.tif,Canon9000-1,150,1240,1754,0.7069555302166477,6374.0791015625,0.9824533462524414,0.09227591007947922,-5.755014896392822,33.30928039550781,-1839.6815360320247,0.01819297826166918
s4_62.tif,Canon9000-1,150,1240,1754,0.7069555302166477,6374.0791015625,0.9842767119407654,0.08780592679977417,-6.415548324584961,42.36711502075195,-1847.0503920668993,0.02648876301173355
s4_63.tif,Canon9000-1,150,1240,1754,0.7069555302166477,6374.0791015625,0.9653534889221191,0.12955622375011444,-4.008005142211914,15.440778732299805,-1731.5007833820714,0.04523807334387759
s4_64.tif,Canon9000-1,150,1240,1754,0.7069555302166477,6374.0791015625,0.9698194265365601,0.10993616282939911,-4.155357360839844,17.42985725402832,-1702.741517229252,0.03920301982565197
s4_65.tif,Canon9000-1,150,1240,1754,0.7069555302166477,6374.0791015625,0.9733675718307495,0.10331849753856659,-4.38275146484375,19.641935348510742,-1755.5908437946048,0.03258864530841946
s4_66.tif,Canon9000-1,150,1240,1754,0.7069555302166477,6374.0791015625,0.9522756934165955,0.14693686366081238,-3.1006276607513428,8.39003849029541,-1652.8259367318176,0.030807463125758636
s4_67.tif,Canon9000-1,150,1240,1754,0.7069555302166477,6374.0791015625,0.9413740038871765,0.17879575490951538,-2.963644027709961,7.2437639236450195,-1660.2358082068758,0.028615238900945306
s4_68.tif,Canon9000-1,150,1240,1754,0.7069555302166477,6374.0791015625,0.9848899245262146,0.09082852303981781,-6.666451454162598,44.99362564086914,-1876.9218299902977,0.019325412881156436
s4_69.tif,Canon9000-1,150,1240,1754,0.7069555302166477,6374.0791015625,0.9683912396430969,0.12429453432559967,-4.3078932762146,18.0176944732666,-1730.3852273651605,0.05459134880641483
s4_7.tif,Canon9000-1,150,1240,1754,0.7069555302166477,6374.0791015625,0.9506503343582153,0.15158650279045105,-3.2353010177612305,9.47846794128418,-1616.5225877717771,0.058232795085886635
s4_70.tif,Canon9000-1,150,1240,1754,0.7069555302166477,6374.0791015625,0.9445164799690247,0.1743653565645218,-3.1777257919311523,8.693411827087402,-1633.5860747202928,0.05104047890535918
s4_71.tif,Canon9000-1,150,1240,1754,0.7069555302166477,6374.0791015625,0.9632759690284729,0.13043616712093353,-3.988909959793091,15.35690689086914,-1654.5278214070854,0.0460546400853349
s4_72.tif,Canon9000-1,150,1240,1754,0.7069555302166477,6374.0791015625,0.9651775360107422,0.15292516350746155,-4.421782970428467,18.053869247436523,-1832.0823916606132,0.016572718578732482
s4_73.tif,Canon9000-1,150,1240,1754,0.7069555302166477,6374.0791015625,0.9635738730430603,0.1225423738360405,-3.9475107192993164,15.493209838867188,-1606.6564727732973,0.06122963180932063
s4_74.tif,Canon9000-1,150,1240,1754,0.7069555302166477,6374.0791015625,0.976576566696167,0.1069498062133789,-5.087915420532227,25.902509689331055,-1800.18592476037,0.041672950307132084
s4_75.tif,Canon9000-1,150,1240,1754,0.7069555302166477,6374.0791015625,0.9717461466789246,0.11800496280193329,-4.583538055419922,20.563875198364258,-1757.5102198982052,0.048104792731820355
s4_76.tif,Canon9000-1,150,1240,1754,0.7069555302166477,6374.0791015625,0.9745532274246216,0.10924053937196732,-4.826421737670898,23.308855056762695,-1755.76586747254,0.048265255452973846
s4_77.tif,Canon9000-1,150,1240,1754,0.7069555302166477,6374.0791015625,0.9781026840209961,0.10272157192230225,-5.305633544921875,28.384851455688477,-1766.8900251944567,0.03340337293559422
s4_78.tif,Canon9000-1,150,1240,1754,0.7069555302166477,6374.0791015625,0.9691644906997681,0.11785275489091873,-4.33856725692749,18.806034088134766,-1706.5173682068494,0.05288373119505646
s4_79.tif,Canon9000-1,150,1240,1754,0.7069555302166477,6374.0791015625,0.9770379662513733,0.09863721579313278,-5.168275356292725,28.008989334106445,-1754.806627818862,0.035657667267444
s4_8.tif,Canon9000-1,150,1240,1754,0.7069555302166477,6374.0791015625,0.9538519382476807,0.1364244967699051,-3.5588998794555664,12.350118637084961,-1511.0542627512402,0.054328355464008535
s4_80.tif,Canon9000-1,150,1240,1754,0.7069555302166477,6374.0791015625,0.9768977165222168,0.10027968138456345,-4.973702907562256,25.34679412841797,-1772.616134883349,0.04716914334056718
s4_81.tif,Canon9000-1,150,1240,1754,0.7069555302166477,6374.0791015625,0.9691648483276367,0.10557545721530914,-4.111419677734375,18.154619216918945,-1669.0933805632449,0.03242956192297789
s4_82.tif,Canon9000-1,150,1240,1754,0.7069555302166477,6374.0791015625,0.9778605103492737,0.10602448880672455,-5.295902729034424,27.957637786865234,-1806.1812954749648,0.0359036488027366
s4_83.tif,Canon9000-1,150,1240,1754,0.7069555302166477,6374.0791015625,0.9808337688446045,0.09863221645355225,-5.751871109008789,33.392276763916016,-1828.2666261322042,0.031958748666642146
s4_84.tif,Canon9000-1,150,1240,1754,0.7069555302166477,6374.0791015625,0.9773380756378174,0.10361627489328384,-5.175635814666748,27.069881439208984,-1789.4091885481607,0.04317504689741421
s4_85.tif,Canon9000-1,150,1240,1754,0.7069555302166477,6374.0791015625,0.9584508538246155,0.1390664428472519,-3.5612740516662598,11.972835540771484,-1676.5590495785766,0.04119570015080737
s4_86.tif,Canon9000-1,150,1240,1754,0.7069555302166477,6374.0791015625,0.9542061686515808,0.154615581035614,-3.422090768814087,10.409259796142578,-1708.5697992053888,0.033428660756979436
s4_87.tif,Canon9000-1,150,1240,1754,0.7069555302166477,6374.0791015625,0.9232772588729858,0.17578183114528656,-2.3412935733795166,4.4519429206848145,-1420.8309905405583,0.06808309118328613
s4_88.tif,Canon9000-1,150,1240,1754,0.7069555302166477,6374.0791015625,0.9637673497200012,0.12540386617183685,-3.851392984390259,14.634513854980469,-1660.8630190894603,0.0412039761650789
s4_89.tif,Canon9000-1,150,1240,1754,0.7069555302166477,6374.0791015625,0.9752364158630371,0.11036362498998642,-4.966658592224121,24.64076805114746,-1774.597775044019,0.03952256593224703
s4_9.tif,Canon9000-1,150,1240,1754,0.7069555302166477,6374.0791015625,0.9634074568748474,0.12362261116504669,-3.712491512298584,13.565963745117188,-1654.704332399248,0.04198651929230882
s4_90.tif,Canon9000-1,150,1240,1754,0.7069555302166477,6374.0791015625,0.9526606202125549,0.14309313893318176,-3.354515790939331,10.708776473999023,-1569.6143176728933,0.062013094493691835
s4_91.tif,Canon9000-1,150,1240,1754,0.7069555302166477,6374.0791015625,0.9884801506996155,0.07392071187496185,-7.40603494644165,57.2728157043457,-1889.9763524738114,0.022352135211682053
s4_92.tif,Canon9000-1,150,1240,1754,0.7069555302166477,6374.0791015625,0.9703465700149536,0.11582756787538528,-4.377128601074219,18.98867416381836,-1722.4336378628032,0.05938500018391143
s4_93.tif,Canon9000-1,150,1240,1754,0.7069555302166477,6374.0791015625,0.9404231905937195,0.16764695942401886,-2.88132381439209,7.117511749267578,-1578.8712926168935,0.05633390958914187
s4_94.tif,Canon9000-1,150,1240,1754,0.7069555302166477,6374.0791015625,0.9768085479736328,0.10497097671031952,-5.039292812347412,25.543106079101562,-1788.8423137763336,0.03555053886048479
s4_95.tif,Canon9000-1,150,1240,1754,0.7069555302166477,6374.0791015625,0.9663248062133789,0.13768233358860016,-4.265787124633789,17.111835479736328,-1778.699429705785,0.028943980578953175
s4_96.tif,Canon9000-1,150,1240,1754,0.7069555302166477,6374.0791015625,0.9623730778694153,0.13077808916568756,-3.8289010524749756,14.249906539916992,-1670.7750186876185,0.0561293081252069
s4_97.tif,Canon9000-1,150,1240,1754,0.7069555302166477,6374.0791015625,0.9763492345809937,0.10422307997941971,-4.991024494171143,25.13921546936035,-1767.4358860245236,0.047098337440688566
s4_98.tif,Canon9000-1,150,1240,1754,0.7069555302166477,6374.0791015625,0.9654672741889954,0.13291296362876892,-4.139128684997559,16.49991798400879,-1735.523468937738,0.03866278000514952
s4_99.tif,Canon9000-1,150,1240,1754,0.7069555302166477,6374.0791015625,0.9517487287521362,0.1591072678565979,-3.439161777496338,10.7349214553833,-1655.8550528734604,0.0499498841358002
s4_1.tif,Canon9000-1,300,2480,3508,0.7069555302166477,25495.0712890625,0.96298748254776,0.1345437914133072,-3.9643239974975586,15.018390655517578,-1657.1934679069432,0.039083132563357485
s4_10.tif,Canon9000-1,300,2480,3508,0.7069555302166477,25495.0712890625,0.9576069712638855,0.13779817521572113,-3.737764596939087,13.478923797607422,-1575.0623947612946,0.037203787655864934
s4_100.tif,Canon9000-1,300,2480,3508,0.7069555302166477,25495.0712890625,0.9551038146018982,0.14107176661491394,-3.5814154148101807,12.075108528137207,-1532.4956433299462,0.04007774855629529
s4_101.tif,Canon9000-1,300,2480,3508,0.7069555302166477,25495.0712890625,0.9583250880241394,0.13135984539985657,-3.4470396041870117,11.130322456359863,-1564.3866516534079,0.06639650844153455
s4_102.tif,Canon9000-1,300,2480,3508,0.7069555302166477,25495.0712890625,0.9190785884857178,0.19511708617210388,-2.407822847366333,4.499468803405762,-1429.0397908197117,0.04878480523779748
s4_103.tif,Canon9000-1,300,2480,3508,0.7069555302166477,25495.0712890625,0.9707643985748291,0.11720140278339386,-4.6604719161987305,21.790515899658203,-1677.9305163951722,0.024895400375179313
s4_104.tif,Canon9000-1,300,2480,3508,0.7069555302166477,25495.0712890625,0.9791115522384644,0.10719838738441467,-5.538307189941406,30.015533447265625,-1803.9163302706456,0.01795078989958436
s4_105.tif,Canon9000-1,300,2480,3508,0.7069555302166477,25495.0712890625,0.9520523548126221,0.1474907100200653,-3.2226979732513428,9.408647537231445,-1582.4746141746566,0.021991094089086696
s4_106.tif,Canon9000-1,300,2480,3508,0.7069555302166477,25495.0712890625,0.9870110154151917,0.0804474875330925,-7.124598503112793,51.956459045410156,-1847.490823055309,0.015566378232243352
s4_107.tif,Canon9000-1,300,2480,3508,0.7069555302166477,25495.0712890625,0.9793766140937805,0.09973590075969696,-5.477870941162109,30.18533706665039,-1773.2395510023498,0.024537002979365136
s4_108.tif,Canon9000-1,300,2480,3508,0.7069555302166477,25495.0712890625,0.9703485369682312,0.1250574141740799,-4.5547990798950195,19.971921920776367,-1736.779807245695,0.03154230422628462
s4_11.tif,Canon9000-1,300,2480,3508,0.7069555302166477,25495.0712890625,0.925751805305481,0.20172476768493652,-2.63590407371521,5.406216621398926,-1529.1507868404046,0.03619353919152536
s4_12.tif,Canon9000-1,300,2480,3508,0.7069555302166477,25495.0712890625,0.972175121307373,0.12167391180992126,-4.7171149253845215,21.51530647277832,-1762.3682487085232,0.02865811325265752
s4_13.tif,Canon9000-1,300,2480,3508,0.7069555302166477,25495.0712890625,0.9738036394119263,0.11921897530555725,-4.900599479675293,23.28179359436035,-1774.0545390483373,0.025758979475484608
s4_14.tif,Canon9000-1,300,2480,3508,0.7069555302166477,25495.0712890625,0.976631760597229,0.11191989481449127,-5.2059454917907715,26.581605911254883,-1795.5787394102636,0.023762735866406738
s4_15.tif,Canon9000-1,300,2480,3508,0.7069555302166477,25495.0712890625,0.9431806802749634,0.16207367181777954,-2.99057936668396,7.912636756896973,-1530.5416136335073,0.04252710394673925
s4_16.tif,Canon9000-1,300,2480,3508,0.7069555302166477,25495.0712890625,0.9636306166648865,0.12911821901798248,-4.021054267883301,15.731239318847656,-1598.009894645168,0.036661363887151945
s4_17.tif,Canon9000-1,300,2480,3508,0.7069555302166477,25495.0712890625,0.9320105910301208,0.2000652402639389,-2.8341879844665527,6.356597900390625,-1606.8299246131494,0.027053371096479935
s4_18.tif,Canon9000-1,300,2480,3508,0.7069555302166477,25495.0712890625,0.9061801433563232,0.20525260269641876,-2.124439001083374,3.1542677879333496,-1339.4976414432108,0.04201468072976055
s4_19.tif,Canon9000-1,300,2480,3508,0.7069555302166477,25495.0712890625,0.9349972605705261,0.1944267898797989,-2.9840269088745117,7.455014228820801,-1592.838709202245,0.02841730422628462
s4_2.tif,Canon9000-1,300,2480,3508,0.7069555302166477,25495.0712890625,0.9693349599838257,0.12816661596298218,-4.5015082359313965,19.437362670898438,-1725.8020836054418,0.030301821642696878
s4_20.tif,Canon9000-1,300,2480,3508,0.7069555302166477,25495.0712890625,0.9414225816726685,0.1707610934972763,-2.9803552627563477,7.669726371765137,-1577.0836774040863,0.041722836282046566
s4_21.tif,Canon9000-1,300,2480,3508,0.7069555302166477,25495.0712890625,0.9266474843025208,0.2039756029844284,-2.715967893600464,5.839940071105957,-1538.9372525751332,0.04033683378085114
s4_22.tif,Canon9000-1,300,2480,3508,0.7069555302166477,25495.0712890625,0.9722545742988586,0.12089743465185165,-4.739543914794922,21.87741470336914,-1759.469925565882,0.026200826681870012
s4_23.tif,Canon9000-1,300,2480,3508,0.7069555302166477,25495.0712890625,0.9773815274238586,0.10265137255191803,-5.1613688468933105,26.765960693359375,-1741.0139802861852,0.031461613087137234
s4_24.tif,Canon9000-1,300,2480,3508,0.7069555302166477,25495.0712890625,0.9678796529769897,0.11946142464876175,-4.186028957366943,17.121355056762695,-1642.7963847875853,0.04935516055467687
s4_25.tif,Canon9000-1,300,2480,3508,0.7069555302166477,25495.0712890625,0.9702710509300232,0.11438092589378357,-4.392924785614014,19.16485023498535,-1662.4346451270212,0.045387846213263694
s4_26.tif,Canon9000-1,300,2480,3508,0.7069555302166477,25495.0712890625,0.9684978127479553,0.12673844397068024,-4.253140926361084,17.206764221191406,-1733.0786485892777,0.020882682899915402
s4_27.tif,Canon9000-1,300,2480,3508,0.7069555302166477,25495.0712890625,0.9766148328781128,0.10343073308467865,-4.997098445892334,25.048128128051758,-1742.1015162187718,0.0334310745944753
s4_28.tif,Canon9000-1,300,2480,3508,0.7069555302166477,25495.0712890625,0.9722713232040405,0.11077457666397095,-4.440573692321777,19.446250915527344,-1715.492587684532,0.030170554860779047
s4_29.tif,Canon9000-1,300,2480,3508,0.7069555302166477,25495.0712890625,0.9609852433204651,0.1313793808221817,-3.7296946048736572,13.320100784301758,-1596.6681888682351,0.060703300290580055
s4_3.tif,Canon9000-1,300,2480,3508,0.7069555302166477,25495.0712890625,0.9670460820198059,0.13131064176559448,-4.307818412780762,17.723316192626953,-1710.7844482800397,0.03533777632692096
s4_30.tif,Canon9000-1,300,2480,3508,0.7069555302166477,25495.0712890625,0.9749593138694763,0.1037774533033371,-4.7001118659973145,22.113773345947266,-1707.0167610038702,0.03717160315592011
s4_31.tif,Canon9000-1,300,2480,3508,0.7069555302166477,25495.0712890625,0.9621055126190186,0.12678122520446777,-3.73579478263855,13.346687316894531,-1577.3531279029346,0.05677759590980984
s4_32.tif,Canon9000-1,300,2480,3508,0.7069555302166477,25495.0712890625,0.9661555886268616,0.12347252666950226,-4.187983512878418,17.384248733520508,-1648.7203003777613,0.03861450325523228
s4_33.tif,Canon9000-1,300,2480,3508,0.7069555302166477,25495.0712890625,0.9688102602958679,0.11862862855195999,-4.24891471862793,17.692508697509766,-1665.6369578094286,0.044108742229742155
s4_34.tif,Canon9000-1,300,2480,3508,0.7069555302166477,25495.0712890625,0.9733423590660095,0.1094578355550766,-4.609673023223877,21.03257942199707,-1717.303473503694,0.041245701070364515
s4_35.tif,Canon9000-1,300,2480,3508,0.7069555302166477,25495.0712890625,0.9549645185470581,0.13639433681964874,-3.303520917892456,10.117341041564941,-1531.8648887540394,0.07080210670541068
s4_36.tif,Canon9000-1,300,2480,3508,0.7069555302166477,25495.0712890625,0.9939563274383545,0.057413775473833084,-11.103522300720215,128.42462158203125,-1914.923104332379,0.00531733916945599
s4_37.tif,Canon9000-1,300,2480,3508,0.7069555302166477,25495.0712890625,0.9508752822875977,0.1558694988489151,-3.273860216140747,9.544354438781738,-1616.9444977844826,0.035035242027439586
s4_38.tif,Canon9000-1,300,2480,3508,0.7069555302166477,25495.0712890625,0.9563925862312317,0.14237059652805328,-3.5507960319519043,11.87486457824707,-1605.40006377309,0.039555325155405156
s4_39.tif,Canon9000-1,300,2480,3508,0.7069555302166477,25495.0712890625,0.9636154770851135,0.13756676018238068,-4.022378444671631,15.143564224243164,-1686.8554698687244,0.03751873597675359
s4_4.tif,Canon9000-1,300,2480,3508,0.7069555302166477,25495.0712890625,0.9443290829658508,0.1605427861213684,-2.8506102561950684,6.753416061401367,-1564.9115562757474,0.03618526317725383
s4_40.tif,Canon9000-1,300,2480,3508,0.7069555302166477,25495.0712890625,0.9810730814933777,0.09773731976747513,-5.765755653381348,33.3525276184082,-1801.172127519933,0.022721337403906278
s4_41.tif,Canon9000-1,300,2480,3508,0.7069555302166477,25495.0712890625,0.9756620526313782,0.10846304148435593,-4.968425273895264,24.476449966430664,-1755.5217381148293,0.03253519604958252
s4_42.tif,Canon9000-1,300,1240,1754,0.7069555302166477,6374.0791015625,0.8856935501098633,0.24537259340286255,-1.8914786577224731,1.8537402153015137,-1401.8366911777625,0.06012892191120756
s4_43.tif,Canon9000-1,300,2480,3508,0.7069555302166477,25495.0712890625,0.9736389517784119,0.11908208578824997,-4.8771138191223145,23.089468002319336,-1772.4490540617155,0.026257839224629417
s4_44.tif,Canon9000-1,300,2480,3508,0.7069555302166477,25495.0712890625,0.931607723236084,0.19842882454395294,-2.803964376449585,6.22194766998291,-1574.6328704201437,0.03419131846102917
s4_45.tif,Canon9000-1,300,2480,3508,0.7069555302166477,25495.0712890625,0.9763213992118835,0.11302562057971954,-5.1860880851745605,26.2933292388916,-1781.3509544824503,0.023556640122117188
s4_46.tif,Canon9000-1,300,2480,3508,0.7069555302166477,25495.0712890625,0.9252309203147888,0.19518829882144928,-2.5488474369049072,4.996983528137207,-1505.139980332777,0.04374505738036562
s4_47.tif,Canon9000-1,300,2480,3508,0.7069555302166477,25495.0712890625,0.964307963848114,0.13089562952518463,-4.169995307922363,17.121919631958008,-1663.618038956513,0.029416632949571486
s4_48.tif,Canon9000-1,300,2480,3508,0.7069555302166477,25495.0712890625,0.9306772947311401,0.18383298814296722,-2.8099491596221924,6.7752180099487305,-1473.4205661877504,0.02767924467576415
s4_49.tif,Canon9000-1,300,2480,3508,0.7069555302166477,25495.0712890625,0.9668601751327515,0.12209509313106537,-4.054572105407715,15.932271957397461,-1663.8093127561403,0.04468220105197337
s4_5.tif,Canon9000-1,300,2480,3508,0.7069555302166477,25495.0712890625,0.9284690618515015,0.18046341836452484,-2.5992109775543213,5.598299980163574,-1452.162262715837,0.05064081638283003
s4_50.tif,Canon9000-1,300,2480,3508,0.7069555302166477,25495.0712890625,0.9245337247848511,0.21440544724464417,-2.7476603984832764,5.912659645080566,-1601.9546986460043,0.025349891492257328
s4_51.tif,Canon9000-1,300,2480,3508,0.7069555302166477,25495.0712890625,0.9623551368713379,0.1356949359178543,-3.6728622913360596,12.335192680358887,-1704.9635489016575,0.021916839849928274
s4_52.tif,Canon9000-1,300,2480,3508,0.7069555302166477,25495.0712890625,0.9526979923248291,0.16547729074954987,-3.5383219718933105,11.182887077331543,-1681.1246387303747,0.020720151175194025
s4_53.tif,Canon9000-1,300,2480,3508,0.7069555302166477,25495.0712890625,0.9533683061599731,0.16503383219242096,-3.526430130004883,10.946063041687012,-1702.5762586014177,0.02031623570088645
s4_54.tif,Canon9000-1,300,2480,3508,0.7069555302166477,25495.0712890625,0.9316298365592957,0.19021755456924438,-2.7491233348846436,6.141797065734863,-1556.8297336868764,0.028970992569978298
s4_55.tif,Canon9000-1,300,2480,3508,0.7069555302166477,25495.0712890625,0.9762393236160278,0.10223042964935303,-5.250886917114258,28.51712989807129,-1700.6486057424856,0.0192344916688123
s4_56.tif,Canon9000-1,300,2480,3508,0.7069555302166477,25495.0712890625,0.971847414970398,0.11810047179460526,-4.61971378326416,20.997575759887695,-1740.0926129795596,0.025791508809357412
s4_57.tif,Canon9000-1,300,2480,3508,0.7069555302166477,25495.0712890625,0.9589813947677612,0.13692733645439148,-3.710061550140381,13.033384323120117,-1569.2747100603754,0.031790124875859783
s4_58.tif,Canon9000-1,300,2480,3508,0.7069555302166477,25495.0712890625,0.9615217447280884,0.13883911073207855,-3.8820993900299072,14.125391006469727,-1652.9480322068753,0.04436828723286865
s4_59.tif,Canon9000-1,300,2480,3508,0.7069555302166477,25495.0712890625,0.9617977738380432,0.13457417488098145,-3.8629150390625,14.161567687988281,-1636.9350234492024,0.042827454298010076
s4_6.tif,Canon9000-1,300,2480,3508,0.7069555302166477,25495.0712890625,0.9316273927688599,0.17606841027736664,-2.6943094730377197,6.139068603515625,-1411.1425238638346,0.03627790855923787
s4_60.tif,Canon9000-1,300,2480,3508,0.7069555302166477,25495.0712890625,0.9358102083206177,0.18631276488304138,-2.8537850379943848,6.654613494873047,-1566.9324111320668,0.035033747747085
s4_61.tif,Canon9000-1,300,2480,3508,0.7069555302166477,25495.0712890625,0.9816817045211792,0.09678743779659271,-5.7360029220581055,32.73390579223633,-1818.5930662547455,0.011389749696546143
s4_62.tif,Canon9000-1,300,2480,3508,0.7069555302166477,25495.0712890625,0.9832121133804321,0.09495475888252258,-6.296767711639404,39.75205612182617,-1831.3551839371642,0.01709111891712951
s4_63.tif,Canon9000-1,300,2480,3508,0.7069555302166477,25495.0712890625,0.9641725420951843,0.13559739291667938,-4.003056526184082,15.172040939331055,-1720.6355508700842,0.030064575900246443
s4_64.tif,Canon9000-1,300,2480,3508,0.7069555302166477,25495.0712890625,0.9686980247497559,0.11594509333372116,-4.204322814941406,17.63421630859375,-1684.0583077931421,0.02737602070842682
s4_65.tif,Canon9000-1,300,2480,3508,0.7069555302166477,25495.0712890625,0.9722444415092468,0.10988065600395203,-4.457498073577881,20.0395450592041,-1739.7585303903916,0.023553076838194725
s4_66.tif,Canon9000-1,300,2480,3508,0.7069555302166477,25495.0712890625,0.9511981010437012,0.15135407447814941,-3.116877555847168,8.455857276916504,-1631.4862814902729,0.01925874498841358
s4_67.tif,Canon9000-1,300,2480,3508,0.7069555302166477,25495.0712890625,0.940236508846283,0.18263019621372223,-2.9541451930999756,7.153667449951172,-1645.6501037764851,0.02172764096810976
s4_68.tif,Canon9000-1,300,2480,3508,0.7069555302166477,25495.0712890625,0.9839767217636108,0.09572215378284454,-6.543276786804199,42.704566955566406,-1840.0493306445753,0.011161239746937874
s4_69.tif,Canon9000-1,300,2480,3508,0.7069555302166477,25495.0712890625,0.9664808511734009,0.13421103358268738,-4.2490363121032715,17.012704849243164,-1722.3037367675245,0.03116884908228197
s4_7.tif,Canon9000-1,300,2480,3508,0.7069555302166477,25495.0712890625,0.9488476514816284,0.15892091393470764,-3.2233901023864746,9.243302345275879,-1601.8956388328797,0.03856415750174716
s4_70.tif,Canon9000-1,300,2480,3508,0.7069555302166477,25495.0712890625,0.9427603483200073,0.18052400648593903,-3.128795862197876,8.251338005065918,-1618.9033516888367,0.030804934343620114
s4_71.tif,Canon9000-1,300,2480,3508,0.7069555302166477,25495.0712890625,0.9616733193397522,0.13815423846244812,-3.948209285736084,14.696651458740234,-1641.1733729811929,0.027546943392062383
s4_72.tif,Canon9000-1,300,2480,3508,0.7069555302166477,25495.0712890625,0.9644913077354431,0.15552257001399994,-4.369202613830566,17.493446350097656,-1812.4805628025338,0.009246836723433995
s4_73.tif,Canon9000-1,300,2480,3508,0.7069555302166477,25495.0712890625,0.9614747762680054,0.13308334350585938,-3.9333128929138184,14.889097213745117,-1594.6673022478676,0.03625101151285541
s4_74.tif,Canon9000-1,300,2480,3508,0.7069555302166477,25495.0712890625,0.9750722050666809,0.11579382419586182,-4.995702266693115,24.254533767700195,-1794.054077608918,0.024410678817081692
s4_75.tif,Canon9000-1,300,2480,3508,0.7069555302166477,25495.0712890625,0.9699272513389587,0.12792015075683594,-4.5171122550964355,19.41355323791504,-1751.0575324195945,0.02760522032589105
s4_76.tif,Canon9000-1,300,2480,3508,0.7069555302166477,25495.0712890625,0.9727908968925476,0.11933297663927078,-4.761584281921387,21.974348068237305,-1741.7198174823677,0.028637768050906683
s4_77.tif,Canon9000-1,300,2480,3508,0.7069555302166477,25495.0712890625,0.9769022464752197,0.10898612439632416,-5.220190525054932,26.89764976501465,-1752.5539798041543,0.019711167101923714
s4_78.tif,Canon9000-1,300,2480,3508,0.7069555302166477,25495.0712890625,0.9676642417907715,0.12752385437488556,-4.326004981994629,18.114675521850586,-1716.793952041863,0.030724473093758045
s4_79.tif,Canon9000-1,300,2480,3508,0.7069555302166477,25495.0712890625,0.9756650924682617,0.10728612542152405,-5.163471221923828,27.09995460510254,-1739.220035301564,0.021036823665722588
s4_8.tif,Canon9000-1,300,2480,3508,0.7069555302166477,25495.0712890625,0.9521085023880005,0.1442333459854126,-3.548922538757324,12.016820907592773,-1502.0146324210295,0.03360096277632692
s4_80.tif,Canon9000-1,300,2480,3508,0.7069555302166477,25495.0712890625,0.9756200313568115,0.10943223536014557,-4.966233253479004,24.50326919555664,-1778.48160926945,0.0284648913083459
s4_81.tif,Canon9000-1,300,2480,3508,0.7069555302166477,25495.0712890625,0.9681140184402466,0.11119984835386276,-4.1800336837768555,18.421321868896484,-1644.2736150380365,0.020946017398021113
s4_82.tif,Canon9000-1,300,2480,3508,0.7069555302166477,25495.0712890625,0.9764480590820312,0.114369697868824,-5.218418121337891,26.487943649291992,-1790.8594519472415,0.02065003494317137
s4_83.tif,Canon9000-1,300,2480,3508,0.7069555302166477,25495.0712890625,0.9797828197479248,0.10621501505374908,-5.676139831542969,31.711387634277344,-1828.4041947764047,0.01838711976312208
s4_84.tif,Canon9000-1,300,2480,3508,0.7069555302166477,25495.0712890625,0.975805401802063,0.11300276964902878,-5.093041896820068,25.41012954711914,-1782.0718349459517,0.02586001581638283
s4_85.tif,Canon9000-1,300,2480,3508,0.7069555302166477,25495.0712890625,0.9571549892425537,0.1448020339012146,-3.5570857524871826,11.77401065826416,-1661.8788991737551,0.026869229778938464
s4_86.tif,Canon9000-1,300,2480,3508,0.7069555302166477,25495.0712890625,0.9530297517776489,0.1591624766588211,-3.4024152755737305,10.19104290008545,-1695.1323681830297,0.020085656747710304
s4_87.tif,Canon9000-1,300,2480,3508,0.7069555302166477,25495.0712890625,0.9210233092308044,0.18350981175899506,-2.3474926948547363,4.365524768829346,-1408.1128749343645,0.041397083164747855
s4_88.tif,Canon9000-1,300,2480,3508,0.7069555302166477,25495.0712890625,0.9623253345489502,0.13182705640792847,-3.8560683727264404,14.425945281982422,-1633.2772748504474,0.02503436844815537
s4_89.tif,Canon9000-1,300,2480,3508,0.7069555302166477,25495.0712890625,0.9737676978111267,0.11862286180257797,-4.8953166007995605,23.328075408935547,-1764.3330544694288,0.023345486813550594
s4_9.tif,Canon9000-1,300,2480,3508,0.7069555302166477,25495.0712890625,0.9619628190994263,0.13051237165927887,-3.747838020324707,13.618896484375,-1630.1763052765507,0.02584725696104756
s4_90.tif,Canon9000-1,300,2480,3508,0.7069555302166477,25495.0712890625,0.9507017135620117,0.15155379474163055,-3.3177127838134766,10.130722999572754,-1561.980335735027,0.041685134439254055
s4_91.tif,Canon9000-1,300,2480,3508,0.7069555302166477,25495.0712890625,0.98758864402771,0.08109435439109802,-7.3043365478515625,54.20130920410156,-1874.1361211592694,0.013480132967962629
s4_92.tif,Canon9000-1,300,2480,3508,0.7069555302166477,25495.0712890625,0.9685452580451965,0.12697048485279083,-4.345787525177002,18.083099365234375,-1733.58393361678,0.03531271839482105
s4_93.tif,Canon9000-1,300,2480,3508,0.7069555302166477,25495.0712890625,0.9384865760803223,0.17481771111488342,-2.861628293991089,6.870508193969727,-1569.6987533678891,0.0347347767315261
s4_94.tif,Canon9000-1,300,2480,3508,0.7069555302166477,25495.0712890625,0.9755639433860779,0.11197851598262787,-5.015246391296387,24.814847946166992,-1766.666623760192,0.02245650494721742
s4_95.tif,Canon9000-1,300,2480,3508,0.7069555302166477,25495.0712890625,0.965182363986969,0.14285501837730408,-4.207205772399902,16.40282440185547,-1767.3255699152253,0.01719721282230478
s4_96.tif,Canon9000-1,300,2480,3508,0.7069555302166477,25495.0712890625,0.9605023264884949,0.139966681599617,-3.8002700805664062,13.626667022705078,-1664.587401737128,0.03414614521646375
s4_97.tif,Canon9000-1,300,2480,3508,0.7069555302166477,25495.0712890625,0.974603533744812,0.11474665254354477,-4.933724880218506,23.77912139892578,-1757.1513068656284,0.0282730486997462
s4_98.tif,Canon9000-1,300,2480,3508,0.7069555302166477,25495.0712890625,0.964042067527771,0.13951845467090607,-4.08424186706543,15.720369338989258,-1722.18382435596,0.023070884062235626
s4_99.tif,Canon9000-1,300,2480,3508,0.7069555302166477,25495.0712890625,0.9499531984329224,0.16605068743228912,-3.3774008750915527,10.0916748046875,-1647.0905469971674,0.030022621105675506
s5_1.tif,Canon9000-2,150,1240,1754,0.7069555302166477,6374.0791015625,0.9651303887367249,0.12316316366195679,-3.9820523262023926,15.679830551147461,-1649.6415990649093,0.06541177768786552
s5_10.tif,Canon9000-2,150,1240,1754,0.7069555302166477,6374.0791015625,0.9592556953430176,0.12926389276981354,-3.749469757080078,13.992059707641602,-1580.6950501628392,0.060929396402692466
s5_100.tif,Canon9000-2,150,1240,1754,0.7069555302166477,6374.0791015625,0.9573737382888794,0.1300651878118515,-3.590749740600586,12.532073020935059,-1529.2874065041358,0.06524717695957627
s5_101.tif,Canon9000-2,150,1240,1754,0.7069555302166477,6374.0791015625,0.9614661335945129,0.11429152637720108,-3.312704563140869,10.52969741821289,-1551.8036166668453,0.10571964541876633
s5_102.tif,Canon9000-2,150,1240,1754,0.7069555302166477,6374.0791015625,0.9212636947631836,0.18815875053405762,-2.426421880722046,4.702826499938965,-1434.0661190291933,0.07370572332364733
s5_103.tif,Canon9000-2,150,1240,1754,0.7069555302166477,6374.0791015625,0.9725216627120972,0.10917899012565613,-4.738280773162842,23.173484802246094,-1705.5948328204013,0.042354801927391765
s5_104.tif,Canon9000-2,150,1240,1754,0.7069555302166477,6374.0791015625,0.9803485870361328,0.0999331995844841,-5.626830577850342,31.674598693847656,-1819.4507015218867,0.031808860852613384
s5_105.tif,Canon9000-2,150,1240,1754,0.7069555302166477,6374.0791015625,0.9534949660301208,0.14110571146011353,-3.196585178375244,9.317543029785156,-1585.860931469402,0.03768391142825615
s5_106.tif,Canon9000-2,150,1240,1754,0.7069555302166477,6374.0791015625,0.9879400134086609,0.07321856170892715,-7.171267986297607,53.83829879760742,-1860.3146846942373,0.02674164122558576
s5_107.tif,Canon9000-2,150,1240,1754,0.7069555302166477,6374.0791015625,0.9807981252670288,0.09002330899238586,-5.479794979095459,31.146610260009766,-1776.9843061904473,0.041984680178026264
s5_108.tif,Canon9000-2,150,1240,1754,0.7069555302166477,6374.0791015625,0.9720684289932251,0.11480531841516495,-4.622288227081299,21.315204620361328,-1740.698315598252,0.05308833265899143
s5_11.tif,Canon9000-2,150,1240,1754,0.7069555302166477,6374.0791015625,0.9275519847869873,0.19571608304977417,-2.6765284538269043,5.741503715515137,-1530.6444980255155,0.05905028138448523
s5_12.tif,Canon9000-2,150,1240,1754,0.7069555302166477,6374.0791015625,0.973819375038147,0.11184895038604736,-4.792555809020996,22.944852828979492,-1760.7458834375457,0.048550777945341524
s5_13.tif,Canon9000-2,150,1240,1754,0.7069555302166477,6374.0791015625,0.9753153920173645,0.10996438562870026,-4.9794135093688965,24.767934799194336,-1772.5173335290642,0.04400678633170265
s5_14.tif,Canon9000-2,150,1240,1754,0.7069555302166477,6374.0791015625,0.9782529473304749,0.10267259180545807,-5.311277389526367,28.52202796936035,-1811.7065207860996,0.040089932688417255
s5_15.tif,Canon9000-2,150,1240,1754,0.7069555302166477,6374.0791015625,0.9449462294578552,0.15447144210338593,-2.9901108741760254,8.093984603881836,-1532.9387257048338,0.06665961672858352
s5_16.tif,Canon9000-2,150,1240,1754,0.7069555302166477,6374.0791015625,0.9652605056762695,0.12034821510314941,-4.018091678619385,16.13149070739746,-1603.411272950227,0.05839003935704565
s5_17.tif,Canon9000-2,150,1240,1754,0.7069555302166477,6374.0791015625,0.9337796568870544,0.19397981464862823,-2.879375457763672,6.71406364440918,-1600.706856833474,0.046097399492404455
s5_18.tif,Canon9000-2,150,1240,1754,0.7069555302166477,6374.0791015625,0.9082196354866028,0.199186310172081,-2.1283981800079346,3.2367711067199707,-1347.6716957706685,0.06390094530474123
s5_19.tif,Canon9000-2,150,1240,1754,0.7069555302166477,6374.0791015625,0.9366573095321655,0.18896716833114624,-3.0363924503326416,7.901897430419922,-1600.4017808263934,0.04729512266892265
s5_2.tif,Canon9000-2,150,1240,1754,0.7069555302166477,6374.0791015625,0.9708874821662903,0.11913639307022095,-4.579117774963379,20.795698165893555,-1731.7330379382709,0.050955879648361346
s5_20.tif,Canon9000-2,150,1240,1754,0.7069555302166477,6374.0791015625,0.9438016414642334,0.16100360453128815,-3.0104758739471436,8.099407196044922,-1570.8349680520923,0.06913046676720491
s5_21.tif,Canon9000-2,150,1240,1754,0.7069555302166477,6374.0791015625,0.9287478923797607,0.19650378823280334,-2.775569438934326,6.322090148925781,-1509.7131117671556,0.06574235848015596
s5_22.tif,Canon9000-2,150,1240,1754,0.7069555302166477,6374.0791015625,0.9737175703048706,0.11262951791286469,-4.823784351348877,23.337087631225586,-1763.583780131164,0.04459208445212785
s5_23.tif,Canon9000-2,150,1240,1754,0.7069555302166477,6374.0791015625,0.9790291786193848,0.09147683531045914,-5.129752159118652,27.423938751220703,-1748.7307722399562,0.051275885533527056
s5_24.tif,Canon9000-2,150,1240,1754,0.7069555302166477,6374.0791015625,0.9704278707504272,0.10449722409248352,-4.115967273712158,17.237886428833008,-1644.4644164859715,0.08065205796888218
s5_25.tif,Canon9000-2,150,1240,1754,0.7069555302166477,6374.0791015625,0.9723972082138062,0.1013692170381546,-4.33677864074707,19.389259338378906,-1662.326820985647,0.07532506344944274
s5_26.tif,Canon9000-2,150,1240,1754,0.7069555302166477,6374.0791015625,0.9695758819580078,0.121442049741745,-4.279586315155029,17.638275146484375,-1740.874496249306,0.033939934527531544
s5_27.tif,Canon9000-2,150,1240,1754,0.7069555302166477,6374.0791015625,0.9783341884613037,0.09165463596582413,-4.952192783355713,25.546403884887695,-1741.9842516449526,0.0541458233714643
s5_28.tif,Canon9000-2,150,1240,1754,0.7069555302166477,6374.0791015625,0.9734948873519897,0.1035887598991394,-4.374770164489746,19.080429077148438,-1727.6654966214294,0.04711764814065546
s5_29.tif,Canon9000-2,150,1240,1754,0.7069555302166477,6374.0791015625,0.9654162526130676,0.11008351296186447,-3.6223907470703125,12.939139366149902,-1594.805918727298,0.09629556405635047
s5_3.tif,Canon9000-2,150,1240,1754,0.7069555302166477,6374.0791015625,0.9694153070449829,0.11979594081640244,-4.41188907623291,19.298643112182617,-1720.0843547773657,0.05872981572074889
s5_30.tif,Canon9000-2,150,1240,1754,0.7069555302166477,6374.0791015625,0.976779580116272,0.0914982408285141,-4.567376613616943,21.480302810668945,-1713.9267910600774,0.0588893588847611
s5_31.tif,Canon9000-2,150,1240,1754,0.7069555302166477,6374.0791015625,0.9650217890739441,0.11051052808761597,-3.6124184131622314,12.903053283691406,-1579.9421193060798,0.09063706918747931
s5_32.tif,Canon9000-2,150,1240,1754,0.7069555302166477,6374.0791015625,0.9679040312767029,0.1144697293639183,-4.247737407684326,18.503870010375977,-1650.0551113913357,0.0645188877036819
s5_33.tif,Canon9000-2,150,1240,1754,0.7069555302166477,6374.0791015625,0.9711925983428955,0.10460256040096283,-4.201312065124512,18.0422306060791,-1666.9032506653805,0.07126843712068268
s5_34.tif,Canon9000-2,150,1240,1754,0.7069555302166477,6374.0791015625,0.9754750728607178,0.09521263092756271,-4.501813888549805,20.80936050415039,-1713.6353276281861,0.06589730385846176
s5_35.tif,Canon9000-2,150,1240,1754,0.7069555302166477,6374.0791015625,0.9583391547203064,0.119182288646698,-3.1989316940307617,9.801506996154785,-1522.3920136029853,0.11136618604480082
s5_36.tif,Canon9000-2,150,1240,1754,0.7069555302166477,6374.0791015625,0.9952249526977539,0.04752625152468681,-11.894538879394531,150.76956176757812,-1941.9265761368292,0.008329808364291758
s5_37.tif,Canon9000-2,150,1240,1754,0.7069555302166477,6374.0791015625,0.9527108669281006,0.14836587011814117,-3.315589427947998,10.057390213012695,-1618.5195744615603,0.0557899915400743
s5_38.tif,Canon9000-2,150,1240,1754,0.7069555302166477,6374.0791015625,0.9581285119056702,0.13229000568389893,-3.5196447372436523,12.01095962524414,-1589.3710841413401,0.06566373634457645
s5_39.tif,Canon9000-2,150,1240,1754,0.7069555302166477,6374.0791015625,0.9661760330200195,0.12550751864910126,-4.088545322418213,16.19793128967285,-1696.2289666429879,0.06415612241144665
s5_4.tif,Canon9000-2,150,1240,1754,0.7069555302166477,6374.0791015625,0.946415364742279,0.15229204297065735,-2.8286240100860596,6.683510780334473,-1583.269514968522,0.0600530584470519
s5_40.tif,Canon9000-2,150,1240,1754,0.7069555302166477,6374.0791015625,0.9824594259262085,0.08807972818613052,-5.819970607757568,35.163719177246094,-1811.5718414328073,0.037131717364917056
s5_41.tif,Canon9000-2,150,1240,1754,0.7069555302166477,6374.0791015625,0.977776050567627,0.09596004337072372,-4.981210231781006,25.51276969909668,-1768.204621273682,0.052444182881524255
s5_42.tif,Canon9000-2,150,1240,1754,0.7069555302166477,6374.0791015625,0.8859514594078064,0.24460682272911072,-1.8920543193817139,1.858506202697754,-1390.182080106598,0.060155129289734065
s5_43.tif,Canon9000-2,150,1240,1754,0.7069555302166477,6374.0791015625,0.975227952003479,0.10965556651353836,-4.965163230895996,24.69814682006836,-1773.7611558143237,0.04416127193143782
s5_44.tif,Canon9000-2,150,1240,1754,0.7069555302166477,6374.0791015625,0.9336517453193665,0.19183194637298584,-2.8594326972961426,6.651782989501953,-1578.3778853744395,0.05643735976753596
s5_45.tif,Canon9000-2,150,1240,1754,0.7069555302166477,6374.0791015625,0.9777478575706482,0.10420969873666763,-5.269670009613037,27.931299209594727,-1787.5605584496107,0.039190605804244674
s5_46.tif,Canon9000-2,150,1240,1754,0.7069555302166477,6374.0791015625,0.9279609322547913,0.18716904520988464,-2.5961785316467285,5.369378089904785,-1516.7548082014425,0.06832401515430168
s5_47.tif,Canon9000-2,150,1240,1754,0.7069555302166477,6374.0791015625,0.965870201587677,0.12249965965747833,-4.210475444793701,18.04676628112793,-1667.809776200604,0.049639993379188584
s5_48.tif,Canon9000-2,150,1240,1754,0.7069555302166477,6374.0791015625,0.9321195483207703,0.1786336898803711,-2.8354008197784424,7.0474138259887695,-1484.050340108217,0.04526703939382793
s5_49.tif,Canon9000-2,150,1240,1754,0.7069555302166477,6374.0791015625,0.9692167043685913,0.10874336957931519,-4.01010799407959,16.178905487060547,-1659.2993997228432,0.06847344318975981
s5_5.tif,Canon9000-2,150,1240,1754,0.7069555302166477,6374.0791015625,0.9305410981178284,0.17219144105911255,-2.610865831375122,5.841080665588379,-1447.9410848455213,0.07848144333688896
s5_50.tif,Canon9000-2,150,1240,1754,0.7069555302166477,6374.0791015625,0.9261057376861572,0.20971304178237915,-2.7925806045532227,6.238425254821777,-1602.8320094819533,0.040553389487622764
s5_51.tif,Canon9000-2,150,1240,1754,0.7069555302166477,6374.0791015625,0.9635416269302368,0.1298014521598816,-3.6511991024017334,12.232487678527832,-1711.9195709557262,0.03555283775333799
s5_52.tif,Canon9000-2,150,1240,1754,0.7069555302166477,6374.0791015625,0.9538363218307495,0.16061821579933167,-3.585223913192749,11.681639671325684,-1673.136385649451,0.035437433332107256
s5_53.tif,Canon9000-2,150,1240,1754,0.7069555302166477,6374.0791015625,0.9548027515411377,0.15947392582893372,-3.5703933238983154,11.387271881103516,-1711.6123971340708,0.03364981424945746
s5_54.tif,Canon9000-2,150,1240,1754,0.7069555302166477,6374.0791015625,0.9332903027534485,0.18449650704860687,-2.771507501602173,6.358649253845215,-1557.381375105899,0.04952872696509361
s5_55.tif,Canon9000-2,150,1240,1754,0.7069555302166477,6374.0791015625,0.9773803949356079,0.0950513631105423,-5.219930171966553,28.867279052734375,-1717.7024947997002,0.03179552727406481
s5_56.tif,Canon9000-2,150,1240,1754,0.7069555302166477,6374.0791015625,0.9735743403434753,0.1092984601855278,-4.6488728523254395,21.783666610717773,-1758.278359631773,0.04256492073417442
s5_57.tif,Canon9000-2,150,1240,1754,0.7069555302166477,6374.0791015625,0.9609240293502808,0.1282006949186325,-3.7240793704986572,13.461971282958984,-1584.8824264578009,0.05233429580314121
s5_58.tif,Canon9000-2,150,1240,1754,0.7069555302166477,6374.0791015625,0.9642180800437927,0.12503622472286224,-3.9124419689178467,14.919925689697266,-1647.8589919511014,0.07559357413469674
s5_59.tif,Canon9000-2,150,1240,1754,0.7069555302166477,6374.0791015625,0.9640594720840454,0.12317086011171341,-3.915168285369873,15.157356262207031,-1635.685099737436,0.06579247434435576
s5_6.tif,Canon9000-2,150,1240,1754,0.7069555302166477,6374.0791015625,0.9331655502319336,0.17064736783504486,-2.6973156929016113,6.250947952270508,-1428.0893012468464,0.056809320631184025
s5_60.tif,Canon9000-2,150,1240,1754,0.7069555302166477,6374.0791015625,0.9376359581947327,0.1802079826593399,-2.9039299488067627,7.073548316955566,-1572.4022799129489,0.055144002648324565
s5_61.tif,Canon9000-2,150,1240,1754,0.7069555302166477,6374.0791015625,0.9821776151657104,0.09288646280765533,-5.7405290603637695,33.128082275390625,-1815.608269541925,0.01869045867510207
s5_62.tif,Canon9000-2,150,1240,1754,0.7069555302166477,6374.0791015625,0.9842662811279297,0.08784958720207214,-6.426088809967041,42.52387619018555,-1843.834586802424,0.02648002721889138
s5_63.tif,Canon9000-2,150,1240,1754,0.7069555302166477,6374.0791015625,0.9659493565559387,0.1279277503490448,-4.0296220779418945,15.610794067382812,-1727.9128415667635,0.04455668150218855
s5_64.tif,Canon9000-2,150,1240,1754,0.7069555302166477,6374.0791015625,0.9698465466499329,0.10986281931400299,-4.161931991577148,17.503833770751953,-1698.3715783493585,0.038999337918858276
s5_65.tif,Canon9000-2,150,1240,1754,0.7069555302166477,6374.0791015625,0.9733943343162537,0.1032409742474556,-4.390374660491943,19.723237991333008,-1751.8004337146388,0.032784051200941626
s5_66.tif,Canon9000-2,150,1240,1754,0.7069555302166477,6374.0791015625,0.9525823593139648,0.14635030925273895,-3.1073429584503174,8.42597770690918,-1649.2803440102157,0.030496193033435096
s5_67.tif,Canon9000-2,150,1240,1754,0.7069555302166477,6374.0791015625,0.9414675235748291,0.1783800721168518,-2.961967706680298,7.232661247253418,-1654.176675917076,0.029015246257402434
s5_68.tif,Canon9000-2,150,1240,1754,0.7069555302166477,6374.0791015625,0.9847350120544434,0.09105943888425827,-6.656015872955322,44.856956481933594,-1857.0665505959064,0.01933139000257476
s5_69.tif,Canon9000-2,150,1240,1754,0.7069555302166477,6374.0791015625,0.968265175819397,0.12478314340114594,-4.314831733703613,18.09288215637207,-1722.9588427651456,0.05464376356346783
s5_7.tif,Canon9000-2,150,1240,1754,0.7069555302166477,6374.0791015625,0.9503227472305298,0.15239913761615753,-3.2320547103881836,9.457426071166992,-1605.890197662481,0.05838222312134476
s5_70.tif,Canon9000-2,150,1240,1754,0.7069555302166477,6374.0791015625,0.9445098638534546,0.17453980445861816,-3.182199478149414,8.722402572631836,-1628.8733580567025,0.05100553573399051
s5_71.tif,Canon9000-2,150,1240,1754,0.7069555302166477,6374.0791015625,0.9626920819282532,0.13182292878627777,-3.972517490386963,15.235679626464844,-1646.942551951708,0.04635441571339243
s5_72.tif,Canon9000-2,150,1240,1754,0.7069555302166477,6374.0791015625,0.9648477435112,0.1542159616947174,-4.41322660446167,17.96068000793457,-1823.8020443060539,0.016535016735939972
s5_73.tif,Canon9000-2,150,1240,1754,0.7069555302166477,6374.0791015625,0.9634374380111694,0.12322084605693817,-3.955920934677124,15.571123123168945,-1605.3481052404975,0.06118135505940339
s5_74.tif,Canon9000-2,150,1240,1754,0.7069555302166477,6374.0791015625,0.9762454032897949,0.1080089658498764,-5.0749335289001465,25.763599395751953,-1790.7203195005923,0.04170605436421819
s5_75.tif,Canon9000-2,150,1240,1754,0.7069555302166477,6374.0791015625,0.9712582230567932,0.11920150369405746,-4.576253890991211,20.50739860534668,-1734.793188947049,0.048283186817228825
s5_76.tif,Canon9000-2,150,1240,1754,0.7069555302166477,6374.0791015625,0.9745004773139954,0.10971418768167496,-4.842371940612793,23.458642959594727,-1752.2163521013738,0.04800272188913819
s5_77.tif,Canon9000-2,150,1240,1754,0.7069555302166477,6374.0791015625,0.9779782295227051,0.10303065180778503,-5.308345794677734,28.419151306152344,-1758.9306409994383,0.03339739581417589
s5_78.tif,Canon9000-2,150,1240,1754,0.7069555302166477,6374.0791015625,0.9694549441337585,0.1177980899810791,-4.369845867156982,19.082538604736328,-1718.7787282295274,0.052710394673925035
s5_79.tif,Canon9000-2,150,1240,1754,0.7069555302166477,6374.0791015625,0.9769176244735718,0.09901048243045807,-5.174307823181152,28.08826446533203,-1746.619724544688,0.0357293927244639
s5_8.tif,Canon9000-2,150,1240,1754,0.7069555302166477,6374.0791015625,0.9533538222312927,0.1371675282716751,-3.5502676963806152,12.30208969116211,-1499.7424134826417,0.05458031412071946
s5_80.tif,Canon9000-2,150,1240,1754,0.7069555302166477,6374.0791015625,0.9770994782447815,0.0999026820063591,-4.991053581237793,25.5191593170166,-1778.1799562639692,0.047070750726450145
s5_81.tif,Canon9000-2,150,1240,1754,0.7069555302166477,6374.0791015625,0.9690078496932983,0.10594755411148071,-4.1062517166137695,18.113229751586914,-1663.2021746830646,0.032329789973148934
s5_82.tif,Canon9000-2,150,1240,1754,0.7069555302166477,6374.0791015625,0.9777962565422058,0.10613308846950531,-5.296847820281982,27.97441291809082,-1798.2137147716203,0.035825486445727736
s5_83.tif,Canon9000-2,150,1240,1754,0.7069555302166477,6374.0791015625,0.9809927344322205,0.09831083565950394,-5.769029140472412,33.58004379272461,-1835.5719448858608,0.031885184095339685
s5_84.tif,Canon9000-2,150,1240,1754,0.7069555302166477,6374.0791015625,0.9772653579711914,0.10370299220085144,-5.172878265380859,27.067401885986328,-1782.8068499824424,0.043262404825835876
s5_85.tif,Canon9000-2,150,1240,1754,0.7069555302166477,6374.0791015625,0.9581648111343384,0.13941623270511627,-3.5445377826690674,11.839775085449219,-1665.5334754237376,0.04138880715047633
s5_86.tif,Canon9000-2,150,1240,1754,0.7069555302166477,6374.0791015625,0.9541757702827454,0.15468861162662506,-3.420884609222412,10.399653434753418,-1704.8636059078156,0.03334038327141649
s5_87.tif,Canon9000-2,150,1240,1754,0.7069555302166477,6374.0791015625,0.9231653213500977,0.1758769303560257,-2.3376197814941406,4.433187961578369,-1415.4678290960173,0.06774331481958289
s5_88.tif,Canon9000-2,150,1240,1754,0.7069555302166477,6374.0791015625,0.9636396169662476,0.1255723536014557,-3.844538688659668,14.572526931762695,-1651.0350584824776,0.04125593114356126
s5_89.tif,Canon9000-2,150,1240,1754,0.7069555302166477,6374.0791015625,0.9751565456390381,0.11056067794561386,-4.970142841339111,24.695796966552734,-1769.2631171643418,0.03949819766800309
s5_9.tif,Canon9000-2,150,1240,1754,0.7069555302166477,6374.0791015625,0.9632211923599243,0.1241363063454628,-3.7110323905944824,13.547994613647461,-1644.781671372003,0.042059624085040645
s5_90.tif,Canon9000-2,150,1240,1754,0.7069555302166477,6374.0791015625,0.9531158804893494,0.14245903491973877,-3.368593454360962,10.806973457336426,-1578.1626110954503,0.06151377496597638
s5_91.tif,Canon9000-2,150,1240,1754,0.7069555302166477,6374.0791015625,0.9884719848632812,0.07408121973276138,-7.415627956390381,57.40705108642578,-1887.8717511748032,0.02236271011880678
s5_92.tif,Canon9000-2,150,1240,1754,0.7069555302166477,6374.0791015625,0.9706413149833679,0.11544681340456009,-4.403786659240723,19.239816665649414,-1731.5819661575617,0.0591376393129069
s5_93.tif,Canon9000-2,150,1240,1754,0.7069555302166477,6374.0791015625,0.9398165941238403,0.16873474419116974,-2.8728270530700684,7.0696916580200195,-1560.81605298091,0.05639092213190128
s5_94.tif,Canon9000-2,150,1240,1754,0.7069555302166477,6374.0791015625,0.9767571687698364,0.10498245805501938,-5.038314342498779,25.556245803833008,-1781.6147883138324,0.03549766432486115
s5_95.tif,Canon9000-2,150,1240,1754,0.7069555302166477,6374.0791015625,0.9663384556770325,0.1377483755350113,-4.2683610916137695,17.12554359436035,-1776.2528623729324,0.028931106778975247
s5_96.tif,Canon9000-2,150,1240,1754,0.7069555302166477,6374.0791015625,0.9623653888702393,0.13074687123298645,-3.827237606048584,14.235057830810547,-1666.423962982008,0.05595643138264612
s5_97.tif,Canon9000-2,150,1240,1754,0.7069555302166477,6374.0791015625,0.9758692383766174,0.10559215396642685,-4.958864212036133,24.811153411865234,-1758.5577281141848,0.04760685253981682
s5_98.tif,Canon9000-2,150,1240,1754,0.7069555302166477,6374.0791015625,0.9652170538902283,0.1333090364933014,-4.128843784332275,16.4101505279541,-1720.7602623082118,0.038668757126567845
s5_99.tif,Canon9000-2,150,1240,1754,0.7069555302166477,6374.0791015625,0.9516929388046265,0.15909674763679504,-3.4378879070281982,10.726469993591309,-1650.2594994686608,0.050057472321330045
s5_1.tif,Canon9000-2,300,2480,3508,0.7069555302166477,25495.0712890625,0.9627658724784851,0.13507556915283203,-3.9702367782592773,15.071767807006836,-1637.5243308922513,0.038997153970647735
s5_10.tif,Canon9000-2,300,2480,3508,0.7069555302166477,25495.0712890625,0.9572782516479492,0.13868336379528046,-3.7379300594329834,13.480257034301758,-1567.5097731409662,0.037081256666789277
s5_100.tif,Canon9000-2,300,2480,3508,0.7069555302166477,25495.0712890625,0.9550502300262451,0.1408410221338272,-3.5811195373535156,12.089061737060547,-1523.8152526682397,0.0400255636885276
s5_101.tif,Canon9000-2,300,2480,3508,0.7069555302166477,25495.0712890625,0.9581604599952698,0.13158871233463287,-3.4467999935150146,11.132542610168457,-1552.2294224972104,0.06636282966123515
s5_102.tif,Canon9000-2,300,2480,3508,0.7069555302166477,25495.0712890625,0.9191203117370605,0.1950315684080124,-2.4070208072662354,4.492432117462158,-1426.8052809002813,0.04884997885018575
s5_103.tif,Canon9000-2,300,2480,3508,0.7069555302166477,25495.0712890625,0.9710948467254639,0.11677422374486923,-4.681185245513916,21.967336654663086,-1691.3608113822572,0.02482712325743922
s5_104.tif,Canon9000-2,300,2480,3508,0.7069555302166477,25495.0712890625,0.9791004061698914,0.10731872171163559,-5.545554161071777,30.08864974975586,-1795.1716318893084,0.017916651340714313
s5_105.tif,Canon9000-2,300,2480,3508,0.7069555302166477,25495.0712890625,0.9520875811576843,0.14680342376232147,-3.2203755378723145,9.397019386291504,-1561.0972365721932,0.021917299628498914
s5_106.tif,Canon9000-2,300,2480,3508,0.7069555302166477,25495.0712890625,0.98719722032547,0.07999829202890396,-7.157800197601318,52.44502258300781,-1856.176874561235,0.01552982583587744
s5_107.tif,Canon9000-2,300,2480,3508,0.7069555302166477,25495.0712890625,0.9792975783348083,0.09973454475402832,-5.480733394622803,30.22409439086914,-1754.5690310041139,0.024492404458013022
s5_108.tif,Canon9000-2,300,2480,3508,0.7069555302166477,25495.0712890625,0.9698842763900757,0.12588493525981903,-4.531152248382568,19.752220153808594,-1714.7037916666238,0.03171529591348807
s5_11.tif,Canon9000-2,300,2480,3508,0.7069555302166477,25495.0712890625,0.9253668785095215,0.20256349444389343,-2.6370625495910645,5.41341495513916,-1515.7147097044601,0.03625273568249531
s5_12.tif,Canon9000-2,300,2480,3508,0.7069555302166477,25495.0712890625,0.9720343351364136,0.1221582368016243,-4.72105073928833,21.554533004760742,-1753.998931374605,0.028712367123993086
s5_13.tif,Canon9000-2,300,2480,3508,0.7069555302166477,25495.0712890625,0.9736241102218628,0.1197616457939148,-4.90292501449585,23.309003829956055,-1760.7793349724725,0.025650356788170816
s5_14.tif,Canon9000-2,300,2480,3508,0.7069555302166477,25495.0712890625,0.9764904975891113,0.11239385604858398,-5.206735610961914,26.592525482177734,-1787.1181204849986,0.023846300621620627
s5_15.tif,Canon9000-2,300,2480,3508,0.7069555302166477,25495.0712890625,0.9429278373718262,0.16243915259838104,-2.9902844429016113,7.913325309753418,-1513.5880902207982,0.042593656894839446
s5_16.tif,Canon9000-2,300,2480,3508,0.7069555302166477,25495.0712890625,0.963384747505188,0.12939196825027466,-4.016845703125,15.704174041748047,-1579.7001287853132,0.03671469820134623
s5_17.tif,Canon9000-2,300,2480,3508,0.7069555302166477,25495.0712890625,0.9319254159927368,0.19982899725437164,-2.83461594581604,6.362980842590332,-1584.6637620951374,0.027087624599992643
s5_18.tif,Canon9000-2,300,2480,3508,0.7069555302166477,25495.0712890625,0.9062319397926331,0.2051950991153717,-2.1255548000335693,3.1587634086608887,-1336.0686968031966,0.04210261338139552
s5_19.tif,Canon9000-2,300,2480,3508,0.7069555302166477,25495.0712890625,0.9349977374076843,0.19434063136577606,-2.984328508377075,7.454982757568359,-1583.7224046754732,0.028358337624599994
s5_2.tif,Canon9000-2,300,2480,3508,0.7069555302166477,25495.0712890625,0.9690320491790771,0.12910369038581848,-4.496257305145264,19.3891658782959,-1717.6844989427063,0.03037802994078052
s5_20.tif,Canon9000-2,300,2480,3508,0.7069555302166477,25495.0712890625,0.9412631392478943,0.17105655372142792,-2.979172945022583,7.662981986999512,-1569.0197284478832,0.041671456026777506
s5_21.tif,Canon9000-2,300,2480,3508,0.7069555302166477,25495.0712890625,0.9264281392097473,0.20368444919586182,-2.7152132987976074,5.8394269943237305,-1497.1876767383812,0.04037867363077942
s5_22.tif,Canon9000-2,300,2480,3508,0.7069555302166477,25495.0712890625,0.9721472859382629,0.12125171720981598,-4.742051124572754,21.90321922302246,-1750.745815203405,0.026253471328208336
s5_23.tif,Canon9000-2,300,2480,3508,0.7069555302166477,25495.0712890625,0.977258563041687,0.10316284745931625,-5.168392658233643,26.851293563842773,-1732.9120333106034,0.03149954481921507
s5_24.tif,Canon9000-2,300,2480,3508,0.7069555302166477,25495.0712890625,0.9677565097808838,0.12007270008325577,-4.193249225616455,17.182621002197266,-1638.7757380097614,0.0492502160959282
s5_25.tif,Canon9000-2,300,2480,3508,0.7069555302166477,25495.0712890625,0.9700831174850464,0.11495994031429291,-4.3974504470825195,19.207242965698242,-1651.2305980203869,0.04532324732408872
s5_26.tif,Canon9000-2,300,2480,3508,0.7069555302166477,25495.0712890625,0.9684545993804932,0.12689146399497986,-4.256245136260986,17.233797073364258,-1725.646299438449,0.02089636131239195
s5_27.tif,Canon9000-2,300,2480,3508,0.7069555302166477,25495.0712890625,0.976507842540741,0.10368743538856506,-4.998907566070557,25.069637298583984,-1729.9933229184724,0.03347004082833707
s5_28.tif,Canon9000-2,300,2480,3508,0.7069555302166477,25495.0712890625,0.9721733927726746,0.11120182275772095,-4.446686744689941,19.507747650146484,-1709.5073223266409,0.03025871740169934
s5_29.tif,Canon9000-2,300,2480,3508,0.7069555302166477,25495.0712890625,0.96211838722229,0.1282435953617096,-3.7394087314605713,13.286537170410156,-1594.8674820039985,0.06047456045168647
s5_3.tif,Canon9000-2,300,2480,3508,0.7069555302166477,25495.0712890625,0.9672791957855225,0.13116253912448883,-4.326086521148682,17.87931251525879,-1717.3317679536283,0.035249268952072685
s5_30.tif,Canon9000-2,300,2480,3508,0.7069555302166477,25495.0712890625,0.9748240113258362,0.10429808497428894,-4.704261779785156,22.153406143188477,-1700.141022995035,0.037229190421892815
s5_31.tif,Canon9000-2,300,2480,3508,0.7069555302166477,25495.0712890625,0.9625166058540344,0.12667115032672882,-3.757995128631592,13.515815734863281,-1598.6932386564074,0.05668161713318866
s5_32.tif,Canon9000-2,300,2480,3508,0.7069555302166477,25495.0712890625,0.9665994048118591,0.12294657528400421,-4.214721202850342,17.606782913208008,-1662.0357581876117,0.03853174311251701
s5_33.tif,Canon9000-2,300,2480,3508,0.7069555302166477,25495.0712890625,0.9687545895576477,0.1188146099448204,-4.25128173828125,17.713035583496094,-1659.2746156013702,0.0441400071725457
s5_34.tif,Canon9000-2,300,2480,3508,0.7069555302166477,25495.0712890625,0.9732217192649841,0.10973222553730011,-4.611332893371582,21.052446365356445,-1707.084476748291,0.04118592985618126
s5_35.tif,Canon9000-2,300,2480,3508,0.7069555302166477,25495.0712890625,0.9548377394676208,0.13690435886383057,-3.3102691173553467,10.167698860168457,-1526.7800850736583,0.07070095541986979
s5_36.tif,Canon9000-2,300,2480,3508,0.7069555302166477,25495.0712890625,0.9947624206542969,0.051587868481874466,-11.699371337890625,142.51303100585938,-1908.949046217497,0.005101358185897672
s5_37.tif,Canon9000-2,300,2480,3508,0.7069555302166477,25495.0712890625,0.9504027962684631,0.1564987301826477,-3.267578363418579,9.507079124450684,-1593.9779658940822,0.035232257144958985
s5_38.tif,Canon9000-2,300,2480,3508,0.7069555302166477,25495.0712890625,0.9557827115058899,0.14323456585407257,-3.5386080741882324,11.784372329711914,-1570.8381002552171,0.039577739360723875
s5_39.tif,Canon9000-2,300,2480,3508,0.7069555302166477,25495.0712890625,0.9639012813568115,0.13737772405147552,-4.036970615386963,15.255451202392578,-1700.8556663272523,0.03744517140545114
s5_4.tif,Canon9000-2,300,2480,3508,0.7069555302166477,25495.0712890625,0.944092333316803,0.16158288717269897,-2.8587424755096436,6.802290916442871,-1562.7092304947494,0.03618917129510428
s5_40.tif,Canon9000-2,300,2480,3508,0.7069555302166477,25495.0712890625,0.9810686111450195,0.0977056697010994,-5.769559860229492,33.405513763427734,-1797.3946187552322,0.022721567293191598
s5_41.tif,Canon9000-2,300,2480,3508,0.7069555302166477,25495.0712890625,0.9756074547767639,0.10843759775161743,-4.96690034866333,24.45918083190918,-1745.367141276443,0.032649451024386655
s5_42.tif,Canon9000-2,300,2480,3508,0.7069555302166477,25495.0712890625,0.8839475512504578,0.24937009811401367,-1.8712389469146729,1.743779182434082,-1376.4624432646915,0.037668968624710336
s5_43.tif,Canon9000-2,300,2480,3508,0.7069555302166477,25495.0712890625,0.9735977649688721,0.11910702288150787,-4.878472328186035,23.103164672851562,-1763.192211618704,0.02622611450325523
s5_44.tif,Canon9000-2,300,2480,3508,0.7069555302166477,25495.0712890625,0.9316137433052063,0.19831816852092743,-2.8039419651031494,6.220351219177246,-1567.3492044794093,0.034203042814580496
s5_5.tif,Canon9000-2,300,2480,3508,0.7069555302166477,25495.0712890625,0.9279694557189941,0.1814497858285904,-2.5962984561920166,5.583465576171875,-1446.1759225573364,0.05056897598116747
s5_54.tif,Canon9000-2,300,2480,3508,0.7069555302166477,25495.0712890625,0.9317240118980408,0.1897602081298828,-2.748055934906006,6.13469123840332,-1545.9172495970877,0.02893558962003899
s5_55.tif,Canon9000-2,300,2480,3508,0.7069555302166477,25495.0712890625,0.97618567943573,0.10210611671209335,-5.250588893890381,28.520587921142578,-1686.5163273386065,0.01922322709383161
s5_56.tif,Canon9000-2,300,2480,3508,0.7069555302166477,25495.0712890625,0.9718294739723206,0.1178872138261795,-4.618549346923828,20.990705490112305,-1730.0124999000166,0.02570300143450914
s5_57.tif,Canon9000-2,300,2480,3508,0.7069555302166477,25495.0712890625,0.9595706462860107,0.13610203564167023,-3.7311666011810303,13.197586059570312,-1584.4875096544124,0.031682996468900576
s5_58.tif,Canon9000-2,300,2480,3508,0.7069555302166477,25495.0712890625,0.9614915251731873,0.1389671117067337,-3.88501238822937,14.146379470825195,-1647.9870833344655,0.044303458454408355
s5_59.tif,Canon9000-2,300,2480,3508,0.7069555302166477,25495.0712890625,0.9618391394615173,0.13444362580776215,-3.8651037216186523,14.179731369018555,-1632.835736421222,0.04281055743553904
s5_6.tif,Canon9000-2,300,2480,3508,0.7069555302166477,25495.0712890625,0.9313808083534241,0.17651696503162384,-2.6950182914733887,6.144021987915039,-1400.5626203005156,0.036314805789531765
s5_60.tif,Canon9000-2,300,2480,3508,0.7069555302166477,25495.0712890625,0.9358745813369751,0.18606555461883545,-2.8542122840881348,6.655324935913086,-1559.4604487022211,0.03495788428292934
s5_61.tif,Canon9000-2,300,2480,3508,0.7069555302166477,25495.0712890625,0.9813418388366699,0.09735520929098129,-5.723137378692627,32.59626388549805,-1782.3850255140344,0.011454348585721117
s5_62.tif,Canon9000-2,300,2480,3508,0.7069555302166477,25495.0712890625,0.9831794500350952,0.09496495872735977,-6.3015947341918945,39.81617736816406,-1822.0780661992098,0.0171029582153235
s5_63.tif,Canon9000-2,300,2480,3508,0.7069555302166477,25495.0712890625,0.964644730091095,0.13431796431541443,-4.024145126342773,15.343084335327148,-1712.6706665730956,0.029802961893552065
s5_64.tif,Canon9000-2,300,2480,3508,0.7069555302166477,25495.0712890625,0.9682867527008057,0.11645469814538956,-4.18867826461792,17.508188247680664,-1652.3268542942315,0.027243949314010373
s5_65.tif,Canon9000-2,300,2480,3508,0.7069555302166477,25495.0712890625,0.9722752571105957,0.10980317741632462,-4.467905044555664,20.149887084960938,-1733.5515084931744,0.023418246772354434
s5_66.tif,Canon9000-2,300,2480,3508,0.7069555302166477,25495.0712890625,0.9513863325119019,0.15088413655757904,-3.122274160385132,8.487003326416016,-1620.4374632870088,0.01895540607643359
s5_67.tif,Canon9000-2,300,2480,3508,0.7069555302166477,25495.0712890625,0.9403557181358337,0.18211863934993744,-2.952331781387329,7.1393280029296875,-1636.8097496351938,0.021373956302644645
s5_68.tif,Canon9000-2,300,2480,3508,0.7069555302166477,25495.0712890625,0.983951210975647,0.0956026166677475,-6.547845363616943,42.76100540161133,-1826.2215701972625,0.011160435134439255
s5_69.tif,Canon9000-2,300,2480,3508,0.7069555302166477,25495.0712890625,0.9662930369377136,0.13495758175849915,-4.255460739135742,17.068572998046875,-1711.3263482811524,0.03131321955346305
s5_7.tif,Canon9000-2,300,2480,3508,0.7069555302166477,25495.0712890625,0.9489378333091736,0.15920840203762054,-3.2347021102905273,9.319633483886719,-1607.3966484508703,0.03865048092838489
s5_70.tif,Canon9000-2,300,2480,3508,0.7069555302166477,25495.0712890625,0.9423133730888367,0.18127815425395966,-3.128018379211426,8.248361587524414,-1588.3852230378138,0.030821831206091145
s5_71.tif,Canon9000-2,300,2480,3508,0.7069555302166477,25495.0712890625,0.9611576795578003,0.13926401734352112,-3.933967351913452,14.592866897583008,-1630.2596651377164,0.02779533876485085
s5_72.tif,Canon9000-2,300,2480,3508,0.7069555302166477,25495.0712890625,0.9641531705856323,0.1567891240119934,-4.365032196044922,17.446897506713867,-1803.1471267087918,0.009297067532276456
s5_73.tif,Canon9000-2,300,2480,3508,0.7069555302166477,25495.0712890625,0.9612604379653931,0.13417427241802216,-3.9437108039855957,14.974620819091797,-1595.4575822446852,0.036259632361054915
s5_74.tif,Canon9000-2,300,2480,3508,0.7069555302166477,25495.0712890625,0.9746927618980408,0.11703679710626602,-4.991354465484619,24.21086883544922,-1778.730710765733,0.024423667561702285
s5_75.tif,Canon9000-2,300,2480,3508,0.7069555302166477,25495.0712890625,0.9697278141975403,0.12864409387111664,-4.519782543182373,19.437429428100586,-1742.4096059041556,0.027733958325670358
s5_76.tif,Canon9000-2,300,2480,3508,0.7069555302166477,25495.0712890625,0.9726929664611816,0.11992362141609192,-4.772233963012695,22.074705123901367,-1736.5928241048982,0.028530639643947475
s5_77.tif,Canon9000-2,300,2480,3508,0.7069555302166477,25495.0712890625,0.9767897129058838,0.10932289808988571,-5.222943305969238,26.931228637695312,-1744.8208108957713,0.0197195580608379
s5_78.tif,Canon9000-2,300,2480,3508,0.7069555302166477,25495.0712890625,0.9675443172454834,0.12813888490200043,-4.332808494567871,18.173919677734375,-1714.460206998421,0.030711484349137456
s5_79.tif,Canon9000-2,300,2480,3508,0.7069555302166477,25495.0712890625,0.9755311608314514,0.10767366737127304,-5.162430763244629,27.09117317199707,-1730.502816129242,0.021047398572847317
s5_8.tif,Canon9000-2,300,2480,3508,0.7069555302166477,25495.0712890625,0.9515692591667175,0.14489489793777466,-3.537923574447632,11.953826904296875,-1485.4800453930386,0.033711884356493915
s5_80.tif,Canon9000-2,300,2480,3508,0.7069555302166477,25495.0712890625,0.9755575060844421,0.10955917090177536,-4.967564105987549,24.520177841186523,-1772.729416933063,0.028576617501011512
s5_81.tif,Canon9000-2,300,2480,3508,0.7069555302166477,25495.0712890625,0.9678993821144104,0.11168597638607025,-4.178579807281494,18.418184280395508,-1634.283827006485,0.0209077408320153
s5_82.tif,Canon9000-2,300,2480,3508,0.7069555302166477,25495.0712890625,0.9763845205307007,0.11443039774894714,-5.222170352935791,26.534101486206055,-1779.158971723774,0.020633942693198955
s5_83.tif,Canon9000-2,300,2480,3508,0.7069555302166477,25495.0712890625,0.9797476530075073,0.10633445531129837,-5.680335998535156,31.763954162597656,-1823.5755429966773,0.018367234339941883
s5_84.tif,Canon9000-2,300,2480,3508,0.7069555302166477,25495.0712890625,0.9756995439529419,0.11315841972827911,-5.092474460601807,25.405427932739258,-1769.4274141201854,0.0258238082539449
s5_85.tif,Canon9000-2,300,2480,3508,0.7069555302166477,25495.0712890625,0.9569184184074402,0.14496585726737976,-3.545938730239868,11.685343742370605,-1644.441867565227,0.027001646007282894
s5_86.tif,Canon9000-2,300,2480,3508,0.7069555302166477,25495.0712890625,0.9526623487472534,0.15982891619205475,-3.3989813327789307,10.173503875732422,-1674.847963741592,0.02033692573656527
s5_87.tif,Canon9000-2,300,2480,3508,0.7069555302166477,25495.0712890625,0.9209061861038208,0.18360498547554016,-2.3437163829803467,4.34248685836792,-1400.5390318309417,0.04132455309522934
s5_88.tif,Canon9000-2,300,2480,3508,0.7069555302166477,25495.0712890625,0.962216317653656,0.13210608065128326,-3.854811429977417,14.407344818115234,-1626.5324252003586,0.024991034317872512
s5_89.tif,Canon9000-2,300,2480,3508,0.7069555302166477,25495.0712890625,0.9737226366996765,0.11867592483758926,-4.89707612991333,23.344684600830078,-1757.5030354964094,0.023342038474270792
s5_9.tif,Canon9000-2,300,2480,3508,0.7069555302166477,25495.0712890625,0.9617321491241455,0.1311098337173462,-3.752493381500244,13.666282653808594,-1616.6709507719072,0.02600703001434509
s5_90.tif,Canon9000-2,300,2480,3508,0.7069555302166477,25495.0712890625,0.9511425495147705,0.15093699097633362,-3.3288893699645996,10.203673362731934,-1571.2948736518858,0.04164248997682716
s5_91.tif,Canon9000-2,300,2480,3508,0.7069555302166477,25495.0712890625,0.9875404834747314,0.08120933920145035,-7.310847759246826,54.290950775146484,-1864.5507203487043,0.013366107882443815
s5_92.tif,Canon9000-2,300,2480,3508,0.7069555302166477,25495.0712890625,0.9685110449790955,0.127205029129982,-4.34952449798584,18.1123104095459,-1732.7134838715303,0.03506305863096333
s5_93.tif,Canon9000-2,300,2480,3508,0.7069555302166477,25495.0712890625,0.9378324747085571,0.17598311603069305,-2.8556721210479736,6.835705757141113,-1542.9418186854298,0.03477696141538235
s5_94.tif,Canon9000-2,300,2480,3508,0.7069555302166477,25495.0712890625,0.9755025506019592,0.11221905797719955,-5.01989221572876,24.86298942565918,-1759.7041470213962,0.022427883731195055
s5_95.tif,Canon9000-2,300,2480,3508,0.7069555302166477,25495.0712890625,0.9652279615402222,0.14267830550670624,-4.212389945983887,16.451143264770508,-1761.4741452416158,0.01724790340971788
s5_96.tif,Canon9000-2,300,2480,3508,0.7069555302166477,25495.0712890625,0.960422158241272,0.1401413232088089,-3.8027846813201904,13.646682739257812,-1654.2865611757895,0.034127294295067494
s5_97.tif,Canon9000-2,300,2480,3508,0.7069555302166477,25495.0712890625,0.974237322807312,0.11577816307544708,-4.915367603302002,23.593822479248047,-1746.22714288694,0.028415005333431418
s5_98.tif,Canon9000-2,300,2480,3508,0.7069555302166477,25495.0712890625,0.9637699127197266,0.1400119811296463,-4.080280780792236,15.68928337097168,-1702.305444878466,0.023089045315775922
s5_99.tif,Canon9000-2,300,2480,3508,0.7069555302166477,25495.0712890625,0.9498794674873352,0.16617654263973236,-3.3761987686157227,10.079017639160156,-1640.770774801204,0.03001756354139846
s6_1.tif,EpsonV370-1,150,1236,1754,0.7046750285062714,6353.5263671875,0.9538413882255554,0.12965597212314606,-3.517348527908325,11.967120170593262,-1161.741313240184,0.0690792751104272
s6_10.tif,EpsonV370-1,150,1236,1754,0.7046750285062714,6353.5263671875,0.9473415017127991,0.13704940676689148,-3.2772793769836426,10.535855293273926,-1171.2910303663457,0.06394860752860775
s6_100.tif,EpsonV370-1,150,1236,1754,0.7046750285062714,6353.5263671875,0.9427574872970581,0.13880230486392975,-3.079190731048584,9.055146217346191,-1093.309952795094,0.07041510297313953
s6_101.tif,EpsonV370-1,150,1236,1754,0.7046750285062714,6353.5263671875,0.9496163725852966,0.12239468842744827,-2.8993446826934814,7.828804016113281,-1146.8494388061927,0.11031696390681678
s6_102.tif,EpsonV370-1,150,1236,1754,0.7046750285062714,6353.5263671875,0.9057161808013916,0.20076283812522888,-2.1968610286712646,3.5726571083068848,-1039.2274239163673,0.07567215758340622
s6_103.tif,EpsonV370-1,150,1236,1754,0.7046750285062714,6353.5263671875,0.9646716117858887,0.11623081564903259,-4.262001991271973,18.733640670776367,-1345.438107492193,0.04531159476444041
s6_104.tif,EpsonV370-1,150,1236,1754,0.7046750285062714,6353.5263671875,0.9723287224769592,0.1072997972369194,-5.081328392028809,26.027118682861328,-1367.5001178470718,0.0344672187104464
s6_105.tif,EpsonV370-1,150,1236,1754,0.7046750285062714,6353.5263671875,0.9430250525474548,0.1498662829399109,-2.974961757659912,7.8440752029418945,-1152.7087827629832,0.03975702324414284
s6_106.tif,EpsonV370-1,150,1236,1754,0.7046750285062714,6353.5263671875,0.9822549819946289,0.07982705533504486,-6.373786926269531,43.12683868408203,-1499.3436882633096,0.029244759089718183
s6_107.tif,EpsonV370-1,150,1236,1754,0.7046750285062714,6353.5263671875,0.9727262258529663,0.0979124903678894,-4.889092445373535,24.87822723388672,-1339.2418188645129,0.04487246903056537
s6_108.tif,EpsonV370-1,150,1236,1754,0.7046750285062714,6353.5263671875,0.9655894637107849,0.11936860531568527,-4.181959629058838,17.328472137451172,-1417.5719362042614,0.056063256246471314
s6_11.tif,EpsonV370-1,150,1236,1754,0.7046750285062714,6353.5263671875,0.9188300371170044,0.20192961394786835,-2.5319371223449707,4.999354839324951,-1240.0260159273782,0.061130730314067155
s6_12.tif,EpsonV370-1,150,1236,1754,0.7046750285062714,6353.5263671875,0.9650829434394836,0.11688077449798584,-4.296703815460205,18.4175968170166,-1295.8850462219211,0.05157190407132287
s6_13.tif,EpsonV370-1,150,1236,1754,0.7046750285062714,6353.5263671875,0.9690410494804382,0.1139378547668457,-4.543599605560303,20.61602783203125,-1418.093146151461,0.04664188742882657
s6_14.tif,EpsonV370-1,150,1236,1754,0.7046750285062714,6353.5263671875,0.9694835543632507,0.10905929654836655,-4.70712423324585,22.43982696533203,-1346.4323577209746,0.043262648850708324
s6_15.tif,EpsonV370-1,150,1236,1754,0.7046750285062714,6353.5263671875,0.9319384098052979,0.16386020183563232,-2.6900994777679443,6.241828918457031,-1092.9128690671025,0.06883019118575019
s6_16.tif,EpsonV370-1,150,1236,1754,0.7046750285062714,6353.5263671875,0.9536784291267395,0.12833616137504578,-3.5452826023101807,12.378055572509766,-1163.1697146871259,0.06157631377932271
s6_17.tif,EpsonV370-1,150,1236,1754,0.7046750285062714,6353.5263671875,0.9261457920074463,0.19904573261737823,-2.7643134593963623,6.136008262634277,-1286.0847657958516,0.04877709018314126
s6_18.tif,EpsonV370-1,150,1236,1754,0.7046750285062714,6353.5263671875,0.8912681341171265,0.21105752885341644,-1.9070369005203247,2.2640857696533203,-971.7119195051815,0.06620189451388044
s6_19.tif,EpsonV370-1,150,1236,1754,0.7046750285062714,6353.5263671875,0.9263507127761841,0.19595448672771454,-2.855774402618408,6.881937026977539,-1191.5750358560733,0.049505430029557956
s6_2.tif,EpsonV370-1,150,1236,1754,0.7046750285062714,6353.5263671875,0.9635821580886841,0.12293361872434616,-4.180596351623535,17.31300163269043,-1349.4503395326524,0.05357656839844572
s6_20.tif,EpsonV370-1,150,1236,1754,0.7046750285062714,6353.5263671875,0.9316757321357727,0.1697710156440735,-2.7329649925231934,6.407709121704102,-1152.217596380696,0.07261073164251475
s6_21.tif,EpsonV370-1,150,1236,1754,0.7046750285062714,6353.5263671875,0.9174989461898804,0.2035849690437317,-2.634021520614624,5.616449356079102,-1110.3672464252911,0.06837353732384231
s6_22.tif,EpsonV370-1,150,1236,1754,0.7046750285062714,6353.5263671875,0.9652727842330933,0.11821902543306351,-4.3638482093811035,19.115177154541016,-1323.2334098493623,0.04741081872963508
s6_23.tif,EpsonV370-1,150,1236,1754,0.7046750285062714,6353.5263671875,0.9700472950935364,0.09777043014764786,-4.4767656326293945,20.892414093017578,-1288.9321398709362,0.05418175008210544
s6_24.tif,EpsonV370-1,150,1236,1754,0.7046750285062714,6353.5263671875,0.9596102833747864,0.11190420389175415,-3.5532310009002686,12.607662200927734,-1193.0898511623207,0.08437579568475939
s6_25.tif,EpsonV370-1,150,1236,1754,0.7046750285062714,6353.5263671875,0.9642012715339661,0.10788947343826294,-3.7909069061279297,14.597492218017578,-1335.765814258212,0.07850433406028938
s6_26.tif,EpsonV370-1,150,1236,1754,0.7046750285062714,6353.5263671875,0.9610512852668762,0.12945282459259033,-3.9703590869903564,15.089881896972656,-1329.6214916375704,0.03637593959991586
s6_27.tif,EpsonV370-1,150,1236,1754,0.7046750285062714,6353.5263671875,0.9714758396148682,0.09807822853326797,-4.4004693031311035,20.00863265991211,-1392.4130342048297,0.056711796983685926
s6_28.tif,EpsonV370-1,150,1236,1754,0.7046750285062714,6353.5263671875,0.9641032814979553,0.1122475266456604,-3.891582727432251,14.865325927734375,-1310.3966297095008,0.049763278018251395
s6_29.tif,EpsonV370-1,150,1236,1754,0.7046750285062714,6353.5263671875,0.95426344871521,0.1174834817647934,-3.129595994949341,9.32590389251709,-1183.7541110082275,0.10008330473480864
s6_3.tif,EpsonV370-1,150,1236,1754,0.7046750285062714,6353.5263671875,0.959226667881012,0.12611545622348785,-3.9362735748291016,15.349666595458984,-1241.223475484637,0.06276130748764729
s6_30.tif,EpsonV370-1,150,1236,1754,0.7046750285062714,6353.5263671875,0.9672777056694031,0.09926777333021164,-3.954766273498535,15.821117401123047,-1267.6471023776623,0.0616787149483566
s6_31.tif,EpsonV370-1,150,1236,1754,0.7046750285062714,6353.5263671875,0.9559869766235352,0.11740018427371979,-3.1775636672973633,9.657676696777344,-1260.93120355687,0.09384605875428517
s6_32.tif,EpsonV370-1,150,1236,1754,0.7046750285062714,6353.5263671875,0.9564502239227295,0.12407665699720383,-3.7566492557525635,14.458322525024414,-1195.5765281165998,0.06722682873727366
s6_33.tif,EpsonV370-1,150,1236,1754,0.7046750285062714,6353.5263671875,0.9627054929733276,0.1115986555814743,-3.7087159156799316,13.832460403442383,-1309.621670306659,0.07433540718763954
s6_34.tif,EpsonV370-1,150,1236,1754,0.7046750285062714,6353.5263671875,0.96568763256073,0.1022227481007576,-3.8611207008361816,15.047979354858398,-1279.6402863076935,0.06901331399704051
s6_35.tif,EpsonV370-1,150,1236,1754,0.7046750285062714,6353.5263671875,0.9439202547073364,0.12918700277805328,-2.767885208129883,7.077070236206055,-1073.6759121817986,0.11636647441077813
s6_36.tif,EpsonV370-1,150,1236,1754,0.7046750285062714,6353.5263671875,0.9892259836196899,0.05495905131101608,-9.696449279785156,103.21350860595703,-1484.0138607603872,0.010362813799618441
s6_37.tif,EpsonV370-1,150,1236,1754,0.7046750285062714,6353.5263671875,0.9399508237838745,0.1585262268781662,-3.042712688446045,8.319791793823242,-1165.327589040238,0.05844293026019122
s6_38.tif,EpsonV370-1,150,1236,1754,0.7046750285062714,6353.5263671875,0.9472424387931824,0.1402004510164261,-3.132817029953003,9.199461936950684,-1180.1232302884487,0.06876330753930913
s6_39.tif,EpsonV370-1,150,1236,1754,0.7046750285062714,6353.5263671875,0.9559289216995239,0.13117793202400208,-3.6755869388580322,13.010614395141602,-1223.3405845510156,0.0677429859811877
s6_4.tif,EpsonV370-1,150,1236,1754,0.7046750285062714,6353.5263671875,0.9338690638542175,0.16404369473457336,-2.6045665740966797,5.317282676696777,-1163.9512257287786,0.0630399124700638
s6_40.tif,EpsonV370-1,150,1236,1754,0.7046750285062714,6353.5263671875,0.9753097891807556,0.09369209408760071,-5.158193588256836,27.72498893737793,-1383.6739324792732,0.03966984387050588
s6_41.tif,EpsonV370-1,150,1236,1754,0.7046750285062714,6353.5263671875,0.9681776762008667,0.10285285115242004,-4.314373016357422,19.016748428344727,-1293.0150635233374,0.05584046451384353
s6_42.tif,EpsonV370-1,150,1236,1754,0.7046750285062714,6353.5263671875,0.8727566003799438,0.2516210377216339,-1.7908076047897339,1.505025863647461,-1000.4344628354705,0.06162982069647555
s6_43.tif,EpsonV370-1,150,1236,1754,0.7046750285062714,6353.5263671875,0.966752290725708,0.11495961993932724,-4.447127342224121,19.82044792175293,-1318.122618532225,0.04731303022587299
s6_44.tif,EpsonV370-1,150,1236,1754,0.7046750285062714,6353.5263671875,0.9228551983833313,0.19794021546840668,-2.7219810485839844,5.962675094604492,-1132.1577061208338,0.059553660057639866
s6_45.tif,EpsonV370-1,150,1236,1754,0.7046750285062714,6353.5263671875,0.9720138311386108,0.1087823137640953,-4.801076412200928,23.19255828857422,-1469.5776218203566,0.042295372943212554
s6_46.tif,EpsonV370-1,150,1236,1754,0.7046750285062714,6353.5263671875,0.9152071475982666,0.19768255949020386,-2.416788339614868,4.482263565063477,-1138.8690493059457,0.07096447140701051
s6_47.tif,EpsonV370-1,150,1236,1754,0.7046750285062714,6353.5263671875,0.9551330804824829,0.13065257668495178,-3.7040340900421143,13.86793327331543,-1230.368689651161,0.05280533076500131
s6_48.tif,EpsonV370-1,150,1236,1754,0.7046750285062714,6353.5263671875,0.9180813431739807,0.18891669809818268,-2.5787770748138428,5.645051956176758,-1065.928990959729,0.04748646644009255
s6_49.tif,EpsonV370-1,150,1236,1754,0.7046750285062714,6353.5263671875,0.9603270888328552,0.11685004830360413,-3.574012517929077,12.6152925491333,-1297.3389874084462,0.07109039716893056
s6_5.tif,EpsonV370-1,150,1236,1754,0.7046750285062714,6353.5263671875,0.9156529903411865,0.18324793875217438,-2.3199474811553955,4.285666465759277,-1071.0168444256744,0.08138724985516231
s6_50.tif,EpsonV370-1,150,1236,1754,0.7046750285062714,6353.5263671875,0.9155993461608887,0.21792849898338318,-2.65463924407959,5.559268951416016,-1230.7107637786073,0.04375666530131775
s6_51.tif,EpsonV370-1,150,1236,1754,0.7046750285062714,6353.5263671875,0.9545645117759705,0.14091692864894867,-3.4013381004333496,10.289663314819336,-1332.1191155446447,0.03826067462997199
s6_52.tif,EpsonV370-1,150,1236,1754,0.7046750285062714,6353.5263671875,0.9447942972183228,0.16700135171413422,-3.3773999214172363,10.269139289855957,-1251.939602172479,0.03802081603583857
s6_53.tif,EpsonV370-1,150,1236,1754,0.7046750285062714,6353.5263671875,0.9476668834686279,0.16670842468738556,-3.393800735473633,10.193684577941895,-1391.410557891967,0.03576061005265819
s6_54.tif,EpsonV370-1,150,1236,1754,0.7046750285062714,6353.5263671875,0.9218035936355591,0.19342449307441711,-2.5826661586761475,5.326944351196289,-1158.7510205193598,0.050767455247921534
s6_55.tif,EpsonV370-1,150,1236,1754,0.7046750285062714,6353.5263671875,0.9690244793891907,0.10297466069459915,-4.516895294189453,21.602453231811523,-1332.1184569418244,0.03419461019288321
s6_56.tif,EpsonV370-1,150,1236,1754,0.7046750285062714,6353.5263671875,0.9641475677490234,0.11731721460819244,-4.1341423988342285,16.98548698425293,-1307.064815414942,0.04537571081171839
s6_57.tif,EpsonV370-1,150,1236,1754,0.7046750285062714,6353.5263671875,0.9509326815605164,0.1353464275598526,-3.3559343814849854,10.718186378479004,-1198.7836490835775,0.05561767278121575
s6_58.tif,EpsonV370-1,150,1236,1754,0.7046750285062714,6353.5263671875,0.953887403011322,0.13145719468593597,-3.478329658508301,11.659269332885742,-1219.0896859695283,0.07944577904226309
s6_59.tif,EpsonV370-1,150,1236,1754,0.7046750285062714,6353.5263671875,0.9542679786682129,0.131099134683609,-3.538940906524658,12.346506118774414,-1248.6274282675963,0.06905021531921489
s6_6.tif,EpsonV370-1,150,1236,1754,0.7046750285062714,6353.5263671875,0.9188347458839417,0.18122512102127075,-2.4326188564300537,4.792842864990234,-1043.8923245511128,0.05884746100452779
s6_60.tif,EpsonV370-1,150,1236,1754,0.7046750285062714,6353.5263671875,0.926192045211792,0.19008272886276245,-2.7513813972473145,6.242339134216309,-1153.8494467176306,0.05635247035901296
s6_61.tif,EpsonV370-1,150,1236,1754,0.7046750285062714,6353.5263671875,0.9744539260864258,0.0990934893488884,-5.266355037689209,28.00794219970703,-1344.0074746141306,0.02176993501677165
s6_62.tif,EpsonV370-1,150,1236,1754,0.7046750285062714,6353.5263671875,0.9792872667312622,0.0929451435804367,-5.810284614562988,35.09550476074219,-1541.2067198422274,0.030761864697612114
s6_63.tif,EpsonV370-1,150,1236,1754,0.7046750285062714,6353.5263671875,0.9579481482505798,0.13531866669654846,-3.7438783645629883,13.31651496887207,-1324.6750902616518,0.047061639968560075
s6_64.tif,EpsonV370-1,150,1236,1754,0.7046750285062714,6353.5263671875,0.9605492353439331,0.11983750760555267,-3.7558372020721436,13.967264175415039,-1271.5155494149965,0.042516319609731616
s6_65.tif,EpsonV370-1,150,1236,1754,0.7046750285062714,6353.5263671875,0.9652383327484131,0.11192076653242111,-3.9725067615509033,15.861797332763672,-1350.399643452631,0.03530856885602211
s6_66.tif,EpsonV370-1,150,1236,1754,0.7046750285062714,6353.5263671875,0.9445706009864807,0.15578413009643555,-2.938873291015625,7.317848205566406,-1331.4906660859763,0.03423289531463913
s6_67.tif,EpsonV370-1,150,1236,1754,0.7046750285062714,6353.5263671875,0.9322416186332703,0.1861637383699417,-2.8250982761383057,6.434604644775391,-1240.3865166552398,0.03166779215699299
s6_68.tif,EpsonV370-1,150,1236,1754,0.7046750285062714,6353.5263671875,0.9773125052452087,0.0980541929602623,-5.99547815322876,36.85074234008789,-1403.4139025942457,0.02157620307535619
s6_69.tif,EpsonV370-1,150,1236,1754,0.7046750285062714,6353.5263671875,0.9596905708312988,0.12980957329273224,-3.982649564743042,15.449485778808594,-1282.4914342420516,0.057315594867764115
s6_7.tif,EpsonV370-1,150,1236,1754,0.7046750285062714,6353.5263671875,0.9419569373130798,0.16014164686203003,-2.9912869930267334,7.879754066467285,-1315.1556818585964,0.06010302849151085
s6_70.tif,EpsonV370-1,150,1236,1754,0.7046750285062714,6353.5263671875,0.9345699548721313,0.18057207763195038,-2.9964842796325684,7.642848968505859,-1201.0424551454066,0.05340405471728052
s6_71.tif,EpsonV370-1,150,1236,1754,0.7046750285062714,6353.5263671875,0.9556695818901062,0.13753344118595123,-3.6610026359558105,12.879837989807129,-1366.1313004678336,0.04882782950113103
s6_72.tif,EpsonV370-1,150,1236,1754,0.7046750285062714,6353.5263671875,0.9575329422950745,0.1577238291501999,-4.228279113769531,16.53420639038086,-1349.0208304732664,0.018732033668766353
s6_73.tif,EpsonV370-1,150,1236,1754,0.7046750285062714,6353.5263671875,0.9531888365745544,0.12947292625904083,-3.4795711040496826,11.940970420837402,-1203.554900538096,0.06479226400681937
s6_74.tif,EpsonV370-1,150,1236,1754,0.7046750285062714,6353.5263671875,0.9685080647468567,0.11333858221769333,-4.559843063354492,20.84925079345703,-1380.7308394237002,0.04452882546781651
s6_75.tif,EpsonV370-1,150,1236,1754,0.7046750285062714,6353.5263671875,0.9645375609397888,0.1227915957570076,-4.205684661865234,17.263078689575195,-1360.0174648436796,0.051017000439125736
s6_76.tif,EpsonV370-1,150,1236,1754,0.7046750285062714,6353.5263671875,0.9670959115028381,0.11358557641506195,-4.3673787117004395,19.046741485595703,-1332.4431047549303,0.0509542681914293
s6_77.tif,EpsonV370-1,150,1236,1754,0.7046750285062714,6353.5263671875,0.971405029296875,0.10859988629817963,-4.889036178588867,24.224485397338867,-1401.3477629814315,0.035898990010812086
s6_78.tif,EpsonV370-1,150,1236,1754,0.7046750285062714,6353.5263671875,0.9597265720367432,0.12400752305984497,-3.846223831176758,14.591997146606445,-1268.0853123881318,0.056085397039775935
s6_79.tif,EpsonV370-1,150,1236,1754,0.7046750285062714,6353.5263671875,0.9693894386291504,0.10519251227378845,-4.528862476348877,21.437366485595703,-1354.1790674206093,0.038085854616170894
s6_8.tif,EpsonV370-1,150,1236,1754,0.7046750285062714,6353.5263671875,0.9392344355583191,0.1464129537343979,-3.0736606121063232,9.148344993591309,-1091.7434856075868,0.05857854261918204
s6_80.tif,EpsonV370-1,150,1236,1754,0.7046750285062714,6353.5263671875,0.968252420425415,0.10704115033149719,-4.371155738830566,19.39238739013672,-1336.609170388282,0.0503440125759706
s6_81.tif,EpsonV370-1,150,1236,1754,0.7046750285062714,6353.5263671875,0.9586941003799438,0.11650453507900238,-3.607419490814209,13.524532318115234,-1225.4262191037867,0.03555626898111759
s6_82.tif,EpsonV370-1,150,1236,1754,0.7046750285062714,6353.5263671875,0.9703773260116577,0.11101847141981125,-4.8024091720581055,23.0797061920166,-1360.769122742391,0.03860016679397623
s6_83.tif,EpsonV370-1,150,1236,1754,0.7046750285062714,6353.5263671875,0.9758819937705994,0.1028934046626091,-5.231830596923828,27.690380096435547,-1537.2322248185812,0.03443908145228843
s6_84.tif,EpsonV370-1,150,1236,1754,0.7046750285062714,6353.5263671875,0.9679412841796875,0.11002915352582932,-4.591897487640381,21.313329696655273,-1281.1745009067633,0.04674613366396918
s6_85.tif,EpsonV370-1,150,1236,1754,0.7046750285062714,6353.5263671875,0.9494532942771912,0.1496029496192932,-3.275190591812134,9.80438232421875,-1313.76422041058,0.04218697530932533
s6_86.tif,EpsonV370-1,150,1236,1754,0.7046750285062714,6353.5263671875,0.9443666338920593,0.16397470235824585,-3.1939611434936523,8.886053085327148,-1294.77456933992,0.03493771056816966
s6_87.tif,EpsonV370-1,150,1236,1754,0.7046750285062714,6353.5263671875,0.9088281989097595,0.18872615694999695,-2.0922327041625977,3.1994829177856445,-1085.100088192409,0.0701752443790061
s6_88.tif,EpsonV370-1,150,1236,1754,0.7046750285062714,6353.5263671875,0.9521917104721069,0.13646605610847473,-3.4212961196899414,11.150080680847168,-1215.4224842625392,0.04400482669294041
s6_89.tif,EpsonV370-1,150,1236,1754,0.7046750285062714,6353.5263671875,0.9688694477081299,0.11607860773801804,-4.534862995147705,20.481462478637695,-1440.388894708632,0.04214961272062378
s6_9.tif,EpsonV370-1,150,1236,1754,0.7046750285062714,6353.5263671875,0.9536985754966736,0.13353663682937622,-3.3248424530029297,10.385204315185547,-1270.1011465621182,0.04416442491134458
s6_90.tif,EpsonV370-1,150,1236,1754,0.7046750285062714,6353.5263671875,0.9409871101379395,0.15384607017040253,-3.0657238960266113,8.769450187683105,-1166.8487854276852,0.06408006848885396
s6_91.tif,EpsonV370-1,150,1236,1754,0.7046750285062714,6353.5263671875,0.9811720252037048,0.08022376894950867,-6.388675689697266,43.021881103515625,-1403.8880235186925,0.024784773038417966
s6_92.tif,EpsonV370-1,150,1236,1754,0.7046750285062714,6353.5263671875,0.9604674577713013,0.12200932204723358,-3.8902652263641357,14.863164901733398,-1261.916982847554,0.06286647625584425
s6_93.tif,EpsonV370-1,150,1236,1754,0.7046750285062714,6353.5263671875,0.9272559285163879,0.17914383113384247,-2.64856219291687,5.791776657104492,-1130.333658144506,0.05631925916905603
s6_94.tif,EpsonV370-1,150,1236,1754,0.7046750285062714,6353.5263671875,0.9693934917449951,0.11172128468751907,-4.574902057647705,20.88532066345215,-1365.739123789383,0.037820626363042585
s6_95.tif,EpsonV370-1,150,1236,1754,0.7046750285062714,6353.5263671875,0.9602137207984924,0.14399775862693787,-4.029109001159668,15.219989776611328,-1461.168669657146,0.030832438476270606
s6_96.tif,EpsonV370-1,150,1236,1754,0.7046750285062714,6353.5263671875,0.9525542259216309,0.13824722170829773,-3.4596445560455322,11.400904655456543,-1241.809212946421,0.05877642595934212
s6_97.tif,EpsonV370-1,150,1236,1754,0.7046750285062714,6353.5263671875,0.969193160533905,0.10863738507032394,-4.506706714630127,20.47433853149414,-1352.1743401307758,0.04969593310528316
s6_98.tif,EpsonV370-1,150,1236,1754,0.7046750285062714,6353.5263671875,0.9583186507225037,0.1390896737575531,-3.8618857860565186,14.261428833007812,-1359.4728690689337,0.0408128623248571
s6_99.tif,EpsonV370-1,150,1236,1754,0.7046750285062714,6353.5263671875,0.9432873725891113,0.16663524508476257,-3.2192940711975098,9.293463706970215,-1331.1319706839558,0.052862989080898766
s6_1.tif,EpsonV370-1,300,2480,3508,0.7069555302166477,25495.0732421875,0.9471337795257568,0.13987237215042114,-3.5253124237060547,11.763581275939941,-1017.1331983458017,0.040705116415934085
s6_10.tif,EpsonV370-1,300,2480,3508,0.7069555302166477,25495.0732421875,0.9434693455696106,0.1443607658147812,-3.300361394882202,10.435872077941895,-1068.9639234914803,0.03813621859712363
s6_100.tif,EpsonV370-1,300,2480,3508,0.7069555302166477,25495.0732421875,0.9388328790664673,0.14686647057533264,-3.1105308532714844,9.037936210632324,-1009.5944625207874,0.043939428771103836
s6_101.tif,EpsonV370-1,300,2480,3508,0.7069555302166477,25495.0732421875,0.9436007738113403,0.1359914243221283,-3.0105223655700684,8.270454406738281,-1027.70182790422,0.0692123073527789
s6_102.tif,EpsonV370-1,300,2480,3508,0.7069555302166477,25495.0732421875,0.9021811485290527,0.2054467797279358,-2.187345266342163,3.4486794471740723,-952.9583456576372,0.047872259719718986
s6_103.tif,EpsonV370-1,300,2480,3508,0.7069555302166477,25495.0732421875,0.961341142654419,0.12235900014638901,-4.2317705154418945,18.05120086669922,-1234.793312162998,0.026290828337072865
s6_104.tif,EpsonV370-1,300,2480,3508,0.7069555302166477,25495.0732421875,0.9673897624015808,0.11381249874830246,-5.008481025695801,24.892187118530273,-1203.5903330727267,0.019105523779747672
s6_105.tif,EpsonV370-1,300,2480,3508,0.7069555302166477,25495.0732421875,0.9395108819007874,0.15452907979488373,-2.9840662479400635,7.849942207336426,-1072.044008631864,0.022549610107772098
s6_106.tif,EpsonV370-1,300,2480,3508,0.7069555302166477,25495.0732421875,0.9781494736671448,0.08548300713300705,-6.279938697814941,41.37455368041992,-1326.7888844666934,0.01637351951300254
s6_107.tif,EpsonV370-1,300,2480,3508,0.7069555302166477,25495.0732421875,0.9681921601295471,0.10448834300041199,-4.924692630767822,24.813791275024414,-1181.6243043631648,0.025867257328870415
s6_108.tif,EpsonV370-1,300,2480,3508,0.7069555302166477,25495.0732421875,0.9610016942024231,0.12820330262184143,-4.164584636688232,16.74769401550293,-1251.6940695450617,0.03295888200242763
s6_11.tif,EpsonV370-1,300,2480,3508,0.7069555302166477,25495.0732421875,0.914177656173706,0.2070615142583847,-2.4970285892486572,4.733654022216797,-1091.7136730668924,0.03635492146982013
s6_12.tif,EpsonV370-1,300,2480,3508,0.7069555302166477,25495.0732421875,0.9613962769508362,0.12492179125547409,-4.298097610473633,17.97983169555664,-1197.8165306494827,0.029992045830727922
s6_13.tif,EpsonV370-1,300,2480,3508,0.7069555302166477,25495.0732421875,0.964229941368103,0.1224970892071724,-4.492985725402832,19.720611572265625,-1251.0031810664836,0.026993484937654025
s6_14.tif,EpsonV370-1,300,2480,3508,0.7069555302166477,25495.0732421875,0.9655295014381409,0.11608602851629257,-4.6984100341796875,21.900360107421875,-1216.12766883668,0.025052874535623642
s6_15.tif,EpsonV370-1,300,2480,3508,0.7069555302166477,25495.0732421875,0.9282236099243164,0.16962574422359467,-2.700345993041992,6.187986373901367,-1016.8160314094184,0.04233733034170743
s6_16.tif,EpsonV370-1,300,2480,3508,0.7069555302166477,25495.0732421875,0.9495468139648438,0.13489419221878052,-3.558885097503662,12.239262580871582,-1059.359149569139,0.037937709199249645
s6_17.tif,EpsonV370-1,300,2480,3508,0.7069555302166477,25495.0732421875,0.9218935966491699,0.20315779745578766,-2.7235312461853027,5.833383560180664,-1141.2031434697271,0.02813637951962335
s6_18.tif,EpsonV370-1,300,2480,3508,0.7069555302166477,25495.0732421875,0.8875830769538879,0.21498018503189087,-1.9053727388381958,2.211472511291504,-882.477292453291,0.041452831316438
s6_19.tif,EpsonV370-1,300,2480,3508,0.7069555302166477,25495.0732421875,0.923401415348053,0.19986706972122192,-2.8199381828308105,6.572003364562988,-1117.0835763796338,0.028374544819215065
s6_2.tif,EpsonV370-1,300,2480,3508,0.7069555302166477,25495.0732421875,0.9596464037895203,0.13114804029464722,-4.1420512199401855,16.52955436706543,-1235.1717021972663,0.031525177474528265
s6_20.tif,EpsonV370-1,300,2480,3508,0.7069555302166477,25495.0732421875,0.9269441962242126,0.17726151645183563,-2.7200253009796143,6.175188064575195,-1040.6606345504435,0.042811706881965644
s6_21.tif,EpsonV370-1,300,2480,3508,0.7069555302166477,25495.0732421875,0.9120718836784363,0.20915105938911438,-2.584984302520752,5.241292953491211,-979.9606363316153,0.041063398867105604
s6_22.tif,EpsonV370-1,300,2480,3508,0.7069555302166477,25495.0732421875,0.9612342715263367,0.12526027858257294,-4.330997467041016,18.383790969848633,-1200.9607137780886,0.02731475521388899
s6_23.tif,EpsonV370-1,300,2480,3508,0.7069555302166477,25495.0732421875,0.9641347527503967,0.1076999306678772,-4.512367248535156,20.711294174194336,-1125.3067630732235,0.03298290543274359
s6_24.tif,EpsonV370-1,300,2480,3508,0.7069555302166477,25495.0732421875,0.9537131786346436,0.12388989329338074,-3.652772903442383,12.961445808410645,-1058.1799932780855,0.05158370728657079
s6_25.tif,EpsonV370-1,300,2480,3508,0.7069555302166477,25495.0732421875,0.9586499929428101,0.11872150003910065,-3.8568115234375,14.719169616699219,-1157.1610252164373,0.04717006289770846
s6_26.tif,EpsonV370-1,300,2480,3508,0.7069555302166477,25495.0732421875,0.9574598073959351,0.13332802057266235,-3.934718608856201,14.662010192871094,-1198.0476333116267,0.021901322323169162
s6_27.tif,EpsonV370-1,300,2480,3508,0.7069555302166477,25495.0732421875,0.9665229320526123,0.10759999603033066,-4.430130481719971,19.711578369140625,-1221.7742492036264,0.03520823371464303
s6_28.tif,EpsonV370-1,300,2480,3508,0.7069555302166477,25495.0732421875,0.9587140083312988,0.11808797717094421,-3.9368109703063965,15.19279670715332,-1121.239134045218,0.031285288005296646
s6_29.tif,EpsonV370-1,300,2480,3508,0.7069555302166477,25495.0732421875,0.9478395581245422,0.1311599761247635,-3.2454493045806885,9.811335563659668,-1045.336726039028,0.0632941525361386
s6_3.tif,EpsonV370-1,300,2480,3508,0.7069555302166477,25495.0732421875,0.9553301930427551,0.13486157357692719,-3.9307796955108643,14.849136352539062,-1148.6180388887906,0.03679768823334682
s6_30.tif,EpsonV370-1,300,2480,3508,0.7069555302166477,25495.0732421875,0.9617143869400024,0.1089591532945633,-4.061122894287109,16.43931007385254,-1111.2034484402043,0.03913520248648251
s6_31.tif,EpsonV370-1,300,2480,3508,0.7069555302166477,25495.0732421875,0.9515507221221924,0.13029779493808746,-3.3029391765594482,10.198155403137207,-1157.741788428173,0.059245572332364736
s6_32.tif,EpsonV370-1,300,2480,3508,0.7069555302166477,25495.0732421875,0.9530774354934692,0.1300813853740692,-3.722309112548828,13.769304275512695,-1107.9657385513315,0.03967785614448082
s6_33.tif,EpsonV370-1,300,2480,3508,0.7069555302166477,25495.0732421875,0.957233726978302,0.12245017290115356,-3.7488558292388916,13.664161682128906,-1148.0788253098517,0.04611510096737411
s6_34.tif,EpsonV370-1,300,2480,3508,0.7069555302166477,25495.0732421875,0.9616897106170654,0.11295424401760101,-4.004836559295654,15.813140869140625,-1172.3927746258228,0.04324642752050612
s6_35.tif,EpsonV370-1,300,2480,3508,0.7069555302166477,25495.0732421875,0.9372432231903076,0.14384692907333374,-2.8776402473449707,7.4454851150512695,-956.8359440033729,0.07373733310037886
s6_36.tif,EpsonV370-1,300,2480,3508,0.7069555302166477,25495.0732421875,0.9863256216049194,0.057999756187200546,-9.455822944641113,97.93359375,-1355.987195506449,0.006130917350204141
s6_37.tif,EpsonV370-1,300,2480,3508,0.7069555302166477,25495.0732421875,0.9363000392913818,0.16386674344539642,-3.0141475200653076,7.974525451660156,-1069.8076082899165,0.03610859510059955
s6_38.tif,EpsonV370-1,300,2480,3508,0.7069555302166477,25495.0732421875,0.9411910176277161,0.14951519668102264,-3.1542649269104004,9.144200325012207,-1036.4060905719025,0.04099868503328797
s6_39.tif,EpsonV370-1,300,2480,3508,0.7069555302166477,25495.0732421875,0.9516006708145142,0.1405772715806961,-3.684598207473755,12.726164817810059,-1124.923571642606,0.03906612075624379
s6_4.tif,EpsonV370-1,300,2480,3508,0.7069555302166477,25495.0732421875,0.9300051331520081,0.17098121345043182,-2.619281530380249,5.347355842590332,-1083.4343530540505,0.03741953875013793
s6_40.tif,EpsonV370-1,300,2480,3508,0.7069555302166477,25495.0732421875,0.9704030156135559,0.10159842669963837,-5.125401496887207,26.775835037231445,-1216.917675908688,0.02415446720859234
s6_41.tif,EpsonV370-1,300,2480,3508,0.7069555302166477,25495.0732421875,0.9641984105110168,0.11201462149620056,-4.391941547393799,19.246973037719727,-1185.4116431194982,0.03404361459521095
s6_42.tif,EpsonV370-1,300,2480,3508,0.7069555302166477,25495.0732421875,0.8680347204208374,0.2545953691005707,-1.7737621068954468,1.4172425270080566,-880.9972411051413,0.03704137087578622
s6_43.tif,EpsonV370-1,300,2480,3508,0.7069555302166477,25495.0732421875,0.962933361530304,0.12274737656116486,-4.433600902557373,19.236915588378906,-1211.1083548431852,0.02762843914370839
s6_44.tif,EpsonV370-1,300,2480,3508,0.7069555302166477,25495.0732421875,0.9171592593193054,0.20268556475639343,-2.670442819595337,5.591981887817383,-992.6820379562005,0.035204095707507266
s6_45.tif,EpsonV370-1,300,2480,3508,0.7069555302166477,25495.0732421875,0.9676731824874878,0.11611019819974899,-4.758289813995361,22.3387508392334,-1292.9599316728625,0.02494965424651488
s6_46.tif,EpsonV370-1,300,2480,3508,0.7069555302166477,25495.0732421875,0.9102873802185059,0.20238451659679413,-2.3826959133148193,4.22833251953125,-998.3293018145273,0.04433840162577703
s6_47.tif,EpsonV370-1,300,2480,3508,0.7069555302166477,25495.0732421875,0.9513580203056335,0.13721831142902374,-3.6985039710998535,13.466041564941406,-1123.3860772714488,0.030916315702357745
s6_48.tif,EpsonV370-1,300,2480,3508,0.7069555302166477,25495.0732421875,0.9154139757156372,0.19219043850898743,-2.5675342082977295,5.499015808105469,-996.3877731901225,0.02833040607643359
s6_49.tif,EpsonV370-1,300,2480,3508,0.7069555302166477,25495.0732421875,0.9551034569740295,0.1266462504863739,-3.597761869430542,12.384783744812012,-1142.0310437259136,0.04627924191709273
s6_5.tif,EpsonV370-1,300,2480,3508,0.7069555302166477,25495.0732421875,0.9121535420417786,0.1896529495716095,-2.319875478744507,4.163923263549805,-1004.3618966837021,0.050527940743737815
s6_50.tif,EpsonV370-1,300,2480,3508,0.7069555302166477,25495.0732421875,0.910593569278717,0.2208707630634308,-2.618748426437378,5.324013710021973,-1055.0808101371217,0.026373588479788133
s6_51.tif,EpsonV370-1,300,2480,3508,0.7069555302166477,25495.0732421875,0.9499924182891846,0.14584055542945862,-3.3897621631622314,10.173019409179688,-1172.1162432626306,0.022862029646522234
s6_52.tif,EpsonV370-1,300,2480,3508,0.7069555302166477,25495.0732421875,0.9398029446601868,0.17099601030349731,-3.3300862312316895,9.851544380187988,-1096.121986504891,0.021598902968330454
s6_53.tif,EpsonV370-1,300,2480,3508,0.7069555302166477,25495.0732421875,0.9439073801040649,0.17002984881401062,-3.355358600616455,9.848733901977539,-1232.0264668012128,0.02100601850148968
s6_54.tif,EpsonV370-1,300,2480,3508,0.7069555302166477,25495.0732421875,0.9180946350097656,0.19712987542152405,-2.564293146133423,5.1651153564453125,-1045.724078767025,0.028205231360576746
s6_55.tif,EpsonV370-1,300,2480,3508,0.7069555302166477,25495.0732421875,0.9639019966125488,0.10916442424058914,-4.517353534698486,21.290916442871094,-1151.4130222587162,0.02031405175267591
s6_56.tif,EpsonV370-1,300,2480,3508,0.7069555302166477,25495.0732421875,0.9605265855789185,0.12353228032588959,-4.162312030792236,16.99452781677246,-1188.7335693322793,0.026727273145253246
s6_57.tif,EpsonV370-1,300,2480,3508,0.7069555302166477,25495.0732421875,0.9478498101234436,0.1416541337966919,-3.372810125350952,10.666671752929688,-1130.0930404806995,0.03286589178651561
s6_58.tif,EpsonV370-1,300,2480,3508,0.7069555302166477,25495.0732421875,0.9475547671318054,0.14301429688930511,-3.4926364421844482,11.405878067016602,-1067.8609402649727,0.04612268731378968
s6_59.tif,EpsonV370-1,300,2480,3508,0.7069555302166477,25495.0732421875,0.9487646222114563,0.13962142169475555,-3.4926223754882812,11.590822219848633,-1091.0965283992505,0.044445874866664216
s6_6.tif,EpsonV370-1,300,2480,3508,0.7069555302166477,25495.0732421875,0.9135889410972595,0.18562491238117218,-2.420475721359253,4.680009841918945,-912.1900228018135,0.035689966712031486
s6_60.tif,EpsonV370-1,300,2480,3508,0.7069555302166477,25495.0732421875,0.9211166501045227,0.19423946738243103,-2.7014505863189697,5.874336242675781,-1014.3944969513866,0.03481937598852393
s6_61.tif,EpsonV370-1,300,2480,3508,0.7069555302166477,25495.0732421875,0.9710868000984192,0.10289215296506882,-5.223334312438965,27.40355682373047,-1231.7589020947648,0.012384480634126605
s6_62.tif,EpsonV370-1,300,2480,3508,0.7069555302166477,25495.0732421875,0.9756041765213013,0.0987291932106018,-5.726310729980469,33.46934127807617,-1364.9705266447609,0.018463328061205722
s6_63.tif,EpsonV370-1,300,2480,3508,0.7069555302166477,25495.0732421875,0.9548182487487793,0.13974106311798096,-3.738971710205078,13.139596939086914,-1215.2069299111324,0.03000009195571413
s6_64.tif,EpsonV370-1,300,2480,3508,0.7069555302166477,25495.0732421875,0.9574142694473267,0.12416099011898041,-3.7935168743133545,14.192718505859375,-1171.4341723718537,0.02774683212564829
s6_65.tif,EpsonV370-1,300,2480,3508,0.7069555302166477,25495.0732421875,0.9616654515266418,0.11653514206409454,-4.0233635902404785,16.21792221069336,-1211.746872885825,0.023983774414242102
s6_66.tif,EpsonV370-1,300,2480,3508,0.7069555302166477,25495.0732421875,0.9404839873313904,0.15914741158485413,-2.9277360439300537,7.23193359375,-1164.636368495957,0.019302768786552398
s6_67.tif,EpsonV370-1,300,2480,3508,0.7069555302166477,25495.0732421875,0.9292640686035156,0.18829654157161713,-2.8156824111938477,6.35871696472168,-1135.579429999657,0.019211157906352302
s6_68.tif,EpsonV370-1,300,2480,3508,0.7069555302166477,25495.0732421875,0.9741992950439453,0.10123730450868607,-5.925684452056885,35.67630386352539,-1276.9823170913517,0.01214895906131607
s6_69.tif,EpsonV370-1,300,2480,3508,0.7069555302166477,25495.0732421875,0.9556711316108704,0.1379603147506714,-3.950881242752075,14.798851013183594,-1180.737143156966,0.032108406591385585
s6_7.tif,EpsonV370-1,300,2480,3508,0.7069555302166477,25495.0732421875,0.9372902512550354,0.1661553978919983,-2.972175359725952,7.650959014892578,-1153.0931092243857,0.038328061205723324
s6_70.tif,EpsonV370-1,300,2480,3508,0.7069555302166477,25495.0732421875,0.9294458627700806,0.1849851906299591,-2.9598398208618164,7.33236026763916,-1048.5761376371763,0.03117632048405488
s6_71.tif,EpsonV370-1,300,2480,3508,0.7069555302166477,25495.0732421875,0.9527041912078857,0.14370600879192352,-3.6415393352508545,12.475972175598145,-1262.6153682683214,0.028444546106595064
s6_72.tif,EpsonV370-1,300,2480,3508,0.7069555302166477,25495.0732421875,0.9544888138771057,0.15935194492340088,-4.187958240509033,16.157695770263672,-1237.898894843725,0.010285246625225291
s6_73.tif,EpsonV370-1,300,2480,3508,0.7069555302166477,25495.0732421875,0.9496272206306458,0.1378277987241745,-3.512854814529419,11.866764068603516,-1126.508282842186,0.03767000312649428
s6_74.tif,EpsonV370-1,300,2480,3508,0.7069555302166477,25495.0732421875,0.9648668169975281,0.12016675621271133,-4.542708396911621,20.22417640686035,-1250.5094320546623,0.025693690918453672
s6_75.tif,EpsonV370-1,300,2480,3508,0.7069555302166477,25495.0732421875,0.9594616889953613,0.1312519609928131,-4.171498775482178,16.64994239807129,-1198.6887335548904,0.028831104939860963
s6_76.tif,EpsonV370-1,300,2480,3508,0.7069555302166477,25495.0732421875,0.9617975354194641,0.12214311212301254,-4.347509860992432,18.457763671875,-1165.601328532703,0.029909860411225953
s6_77.tif,EpsonV370-1,300,2480,3508,0.7069555302166477,25495.0732421875,0.9682144522666931,0.113922119140625,-4.827556133270264,23.20097541809082,-1287.664952894554,0.020691874793099644
s6_78.tif,EpsonV370-1,300,2480,3508,0.7069555302166477,25495.0732421875,0.9562858939170837,0.13141068816184998,-3.8914313316345215,14.672578811645508,-1171.1400425085687,0.03212116544672086
s6_79.tif,EpsonV370-1,300,2480,3508,0.7069555302166477,25495.0732421875,0.9662682414054871,0.11203166097402573,-4.5557661056518555,21.233474731445312,-1259.2167881242488,0.022251673593997132
s6_8.tif,EpsonV370-1,300,2480,3508,0.7069555302166477,25495.0732421875,0.9356062412261963,0.15246644616127014,-3.0847272872924805,9.029807090759277,-1004.8365788449556,0.035251567844925884
s6_80.tif,EpsonV370-1,300,2480,3508,0.7069555302166477,25495.0732421875,0.9646013975143433,0.11439195275306702,-4.4124298095703125,19.375459671020508,-1218.453824398177,0.02977572001324162
s6_81.tif,EpsonV370-1,300,2480,3508,0.7069555302166477,25495.0732421875,0.95562744140625,0.12055794894695282,-3.6577212810516357,13.80665397644043,-1133.1404072067041,0.0215846498326406
s6_82.tif,EpsonV370-1,300,2480,3508,0.7069555302166477,25495.0732421875,0.9654064774513245,0.11789318174123764,-4.762160301208496,22.33331298828125,-1195.3741778918106,0.021830631367933204
s6_83.tif,EpsonV370-1,300,2480,3508,0.7069555302166477,25495.0732421875,0.9735631942749023,0.10932126641273499,-5.222784996032715,27.060989379882812,-1437.115782867965,0.019558290727185786
s6_84.tif,EpsonV370-1,300,2480,3508,0.7069555302166477,25495.0732421875,0.9646608233451843,0.11695466190576553,-4.596200466156006,20.907548904418945,-1200.7570884649651,0.0271822240409019
s6_85.tif,EpsonV370-1,300,2480,3508,0.7069555302166477,25495.0732421875,0.9450950622558594,0.15363813936710358,-3.259000062942505,9.616128921508789,-1147.5824142506253,0.026205539412219075
s6_86.tif,EpsonV370-1,300,2480,3508,0.7069555302166477,25495.0732421875,0.9412438273429871,0.16697344183921814,-3.1800365447998047,8.74413013458252,-1178.7820739199467,0.020003126494280356
s6_87.tif,EpsonV370-1,300,2480,3508,0.7069555302166477,25495.0732421875,0.9051702618598938,0.19410283863544464,-2.0948705673217773,3.130526542663574,-987.4982171921936,0.041298460661345494
s6_88.tif,EpsonV370-1,300,2480,3508,0.7069555302166477,25495.0732421875,0.9473125338554382,0.141220822930336,-3.421764373779297,11.070513725280762,-1064.246630511653,0.025878521903851107
s6_89.tif,EpsonV370-1,300,2480,3508,0.7069555302166477,25495.0732421875,0.9659044146537781,0.12255866825580597,-4.509507656097412,19.844120025634766,-1332.043569488567,0.02447826626696583
s6_9.tif,EpsonV370-1,300,2480,3508,0.7069555302166477,25495.0732421875,0.9485154747962952,0.1389167755842209,-3.3370068073272705,10.405656814575195,-1098.0637749962716,0.026323472615588334
s6_90.tif,EpsonV370-1,300,2480,3508,0.7069555302166477,25495.0732421875,0.9373860359191895,0.15956023335456848,-3.0357344150543213,8.352398872375488,-1071.0306692902109,0.042859983631882884
s6_91.tif,EpsonV370-1,300,2480,3508,0.7069555302166477,25495.0732421875,0.9783235192298889,0.08561182767152786,-6.407711982727051,42.64079284667969,-1303.0047061826383,0.014563716114319343
s6_92.tif,EpsonV370-1,300,2480,3508,0.7069555302166477,25495.0732421875,0.9568999409675598,0.130631223320961,-3.9248461723327637,14.766324996948242,-1169.5765848705357,0.036676191746055097
s6_93.tif,EpsonV370-1,300,2480,3508,0.7069555302166477,25495.0732421875,0.9241506457328796,0.18390671908855438,-2.6429905891418457,5.666256904602051,-1060.034910510152,0.03336624581601501
s6_94.tif,EpsonV370-1,300,2480,3508,0.7069555302166477,25495.0732421875,0.9649064540863037,0.11731398850679398,-4.552227020263672,20.459976196289062,-1203.2551762635312,0.02322042704233641
s6_95.tif,EpsonV370-1,300,2480,3508,0.7069555302166477,25495.0732421875,0.9580252766609192,0.14742732048034668,-4.001103401184082,14.840669631958008,-1358.877091087479,0.01775733806598742
s6_96.tif,EpsonV370-1,300,2480,3508,0.7069555302166477,25495.0732421875,0.9489431381225586,0.14533330500125885,-3.4579780101776123,11.136862754821777,-1149.3960530079435,0.03514328999154007
s6_97.tif,EpsonV370-1,300,2480,3508,0.7069555302166477,25495.0732421875,0.9660082459449768,0.11727839708328247,-4.516294956207275,20.033334732055664,-1273.2222467686563,0.029482496229815722
s6_98.tif,EpsonV370-1,300,2480,3508,0.7069555302166477,25495.0732421875,0.9539220929145813,0.14424389600753784,-3.818132162094116,13.709365844726562,-1196.5600823116602,0.02373170081288851
s6_99.tif,EpsonV370-1,300,2480,3508,0.7069555302166477,25495.0732421875,0.9403719305992126,0.17183846235275269,-3.180229425430298,8.863698959350586,-1235.5664290513766,0.03115356144480818
s7_1.tif,EpsonV370-2,150,1236,1754,0.7046750285062714,6353.5263671875,0.9561492204666138,0.12833857536315918,-3.5480360984802246,12.189114570617676,-1262.0435042572842,0.06924994372548368
s7_10.tif,EpsonV370-2,150,1236,1754,0.7046750285062714,6353.5263671875,0.9478659629821777,0.13744013011455536,-3.270287036895752,10.476109504699707,-1216.5570144393296,0.0641538711332027
s7_100.tif,EpsonV370-2,150,1236,1754,0.7046750285062714,6353.5263671875,0.9434353709220886,0.13945429027080536,-3.0879087448120117,9.086260795593262,-1138.9579874418068,0.07026703641791486
s7_101.tif,EpsonV370-2,150,1236,1754,0.7046750285062714,6353.5263671875,0.9512994885444641,0.12199454754590988,-2.9396233558654785,8.07918930053711,-1209.2469328978755,0.10987460930725147
s7_102.tif,EpsonV370-2,150,1236,1754,0.7046750285062714,6353.5263671875,0.9069724082946777,0.20084260404109955,-2.208474636077881,3.6218953132629395,-1094.4602956249414,0.07559697113947593
s7_103.tif,EpsonV370-2,150,1236,1754,0.7046750285062714,6353.5263671875,0.9662026762962341,0.1159246489405632,-4.300868511199951,19.0664119720459,-1442.1444597043073,0.045263623045613724
s7_104.tif,EpsonV370-2,150,1236,1754,0.7046750285062714,6353.5263671875,0.973358154296875,0.10710924118757248,-5.133052349090576,26.53972625732422,-1422.3573610738424,0.03448659190458794
s7_105.tif,EpsonV370-2,150,1236,1754,0.7046750285062714,6353.5263671875,0.943284809589386,0.15102754533290863,-2.9655113220214844,7.771350860595703,-1202.6456070541865,0.0400028783031296
s7_106.tif,EpsonV370-2,150,1236,1754,0.7046750285062714,6353.5263671875,0.9826093316078186,0.0805697962641716,-6.330843448638916,42.39378356933594,-1548.9170747992252,0.029608237113135764
s7_107.tif,EpsonV370-2,150,1236,1754,0.7046750285062714,6353.5263671875,0.9740506410598755,0.09638699889183044,-4.957780361175537,25.680421829223633,-1393.5225077013185,0.04472255740923197
s7_108.tif,EpsonV370-2,150,1236,1754,0.7046750285062714,6353.5263671875,0.9663393497467041,0.11917834728956223,-4.210635185241699,17.576622009277344,-1468.696537455962,0.05603604152136771
s7_11.tif,EpsonV370-2,150,1236,1754,0.7046750285062714,6353.5263671875,0.9191339612007141,0.20256973803043365,-2.5313541889190674,4.992402076721191,-1288.0852777291823,0.061136726778920486
s7_12.tif,EpsonV370-2,150,1236,1754,0.7046750285062714,6353.5263671875,0.9660841822624207,0.11713165044784546,-4.303960800170898,18.46367835998535,-1371.891207192437,0.051672921440775225
s7_13.tif,EpsonV370-2,150,1236,1754,0.7046750285062714,6353.5263671875,0.9682596921920776,0.11496587097644806,-4.506031513214111,20.277713775634766,-1391.6347781788365,0.04702981257818468
s7_14.tif,EpsonV370-2,150,1236,1754,0.7046750285062714,6353.5263671875,0.9708355069160461,0.10865727066993713,-4.745277404785156,22.802818298339844,-1422.1535358941596,0.04330646917079039
s7_15.tif,EpsonV370-2,150,1236,1754,0.7046750285062714,6353.5263671875,0.9335103631019592,0.16388705372810364,-2.701798439025879,6.302504539489746,-1173.8188049949747,0.0688343425844948
s7_16.tif,EpsonV370-2,150,1236,1754,0.7046750285062714,6353.5263671875,0.953565776348114,0.13005128502845764,-3.529172420501709,12.231093406677246,-1194.9235657223894,0.06175713025797714
s7_17.tif,EpsonV370-2,150,1236,1754,0.7046750285062714,6353.5263671875,0.9264376163482666,0.1995105892419815,-2.7588329315185547,6.10459041595459,-1345.9731391638709,0.048953755263051076
s7_18.tif,EpsonV370-2,150,1236,1754,0.7046750285062714,6353.5263671875,0.892038881778717,0.21117302775382996,-1.9101601839065552,2.274606227874756,-1017.4701663501203,0.06634304207119741
s7_19.tif,EpsonV370-2,150,1236,1754,0.7046750285062714,6353.5263671875,0.927059531211853,0.1961107850074768,-2.860246419906616,6.9031171798706055,-1239.7109565147323,0.04972545416302266
s7_2.tif,EpsonV370-2,150,1236,1754,0.7046750285062714,6353.5263671875,0.9653537273406982,0.12222783267498016,-4.222339630126953,17.636775970458984,-1443.0439361056156,0.05346171303317798
s7_20.tif,EpsonV370-2,150,1236,1754,0.7046750285062714,6353.5263671875,0.9312618970870972,0.17017173767089844,-2.72652006149292,6.38436222076416,-1160.0631497899806,0.07277955519146251
s7_21.tif,EpsonV370-2,150,1236,1754,0.7046750285062714,6353.5263671875,0.9177582859992981,0.20391352474689484,-2.6253662109375,5.569507598876953,-1149.1588319239802,0.06867843449830807
s7_22.tif,EpsonV370-2,150,1236,1754,0.7046750285062714,6353.5263671875,0.9660093784332275,0.11853006482124329,-4.369266986846924,19.096147537231445,-1373.4082205765635,0.0472765901702258
s7_23.tif,EpsonV370-2,150,1236,1754,0.7046750285062714,6353.5263671875,0.9704745411872864,0.09886039793491364,-4.4724650382995605,20.825233459472656,-1337.8123623695947,0.054318746240677805
s7_24.tif,EpsonV370-2,150,1236,1754,0.7046750285062714,6353.5263671875,0.9602360725402832,0.11208715289831161,-3.5673036575317383,12.738296508789062,-1241.829824499767,0.08446482012450506
s7_25.tif,EpsonV370-2,150,1236,1754,0.7046750285062714,6353.5263671875,0.9649050831794739,0.10803883522748947,-3.822801351547241,14.836307525634766,-1381.2885588312224,0.07858505570254583
s7_26.tif,EpsonV370-2,150,1236,1754,0.7046750285062714,6353.5263671875,0.961105465888977,0.129912868142128,-3.9746041297912598,15.11955451965332,-1337.9609185671527,0.03649264003129232
s7_27.tif,EpsonV370-2,150,1236,1754,0.7046750285062714,6353.5263671875,0.9712501764297485,0.09877172857522964,-4.345528602600098,19.437070846557617,-1417.7560112040032,0.05693551124936806
s7_28.tif,EpsonV370-2,150,1236,1754,0.7046750285062714,6353.5263671875,0.964652955532074,0.11233610659837723,-3.9001870155334473,14.94314193725586,-1350.8926030184487,0.049778499813648326
s7_29.tif,EpsonV370-2,150,1236,1754,0.7046750285062714,6353.5263671875,0.9544690847396851,0.11816267669200897,-3.1289703845977783,9.32756233215332,-1218.0279078247102,0.09984113980803933
s7_3.tif,EpsonV370-2,150,1236,1754,0.7046750285062714,6353.5263671875,0.961724042892456,0.12500444054603577,-3.9850711822509766,15.739391326904297,-1374.6570171628787,0.06242688925544202
s7_30.tif,EpsonV370-2,150,1236,1754,0.7046750285062714,6353.5263671875,0.9665281772613525,0.10039917379617691,-3.9342918395996094,15.693511962890625,-1260.113198105586,0.061979921990604925
s7_31.tif,EpsonV370-2,150,1236,1754,0.7046750285062714,6353.5263671875,0.9559995532035828,0.11786089837551117,-3.188831329345703,9.769611358642578,-1281.1580863271429,0.09384836508692107
s7_32.tif,EpsonV370-2,150,1236,1754,0.7046750285062714,6353.5263671875,0.9571049213409424,0.12416277080774307,-3.755303144454956,14.423648834228516,-1238.5680669709602,0.06754464137450045
s7_33.tif,EpsonV370-2,150,1236,1754,0.7046750285062714,6353.5263671875,0.9615761041641235,0.11262711882591248,-3.668151378631592,13.50352668762207,-1275.6829069749922,0.07469750141147558
s7_34.tif,EpsonV370-2,150,1236,1754,0.7046750285062714,6353.5263671875,0.9662079811096191,0.1029588133096695,-3.890608072280884,15.30341911315918,-1323.9372424355802,0.06917291221544468
s7_35.tif,EpsonV370-2,150,1236,1754,0.7046750285062714,6353.5263671875,0.9456188082695007,0.12828482687473297,-2.8018178939819336,7.279623985290527,-1126.8953165260439,0.11629866823128272
s7_36.tif,EpsonV370-2,150,1236,1754,0.7046750285062714,6353.5263671875,0.9904437065124512,0.05463620275259018,-9.9595947265625,108.09053802490234,-1558.5494734547408,0.010353588469074847
s7_37.tif,EpsonV370-2,150,1236,1754,0.7046750285062714,6353.5263671875,0.9406269788742065,0.15929847955703735,-3.0348970890045166,8.250268936157227,-1224.7513824911011,0.058525496968556384
s7_38.tif,EpsonV370-2,150,1236,1754,0.7046750285062714,6353.5263671875,0.9479288458824158,0.14058859646320343,-3.1327781677246094,9.171480178833008,-1235.3961904939144,0.06884218411545685
s7_39.tif,EpsonV370-2,150,1236,1754,0.7046750285062714,6353.5263671875,0.9559851884841919,0.1320572942495346,-3.6611881256103516,12.876235961914062,-1250.2519142597566,0.06772176772093744
s7_4.tif,EpsonV370-2,150,1236,1754,0.7046750285062714,6353.5263671875,0.9349502921104431,0.164602130651474,-2.6095681190490723,5.336343765258789,-1239.0502194130504,0.06329084146084954
s7_40.tif,EpsonV370-2,150,1236,1754,0.7046750285062714,6353.5263671875,0.9756709337234497,0.09496035426855087,-5.134789943695068,27.383100509643555,-1438.102167627593,0.03998119877635216
s7_41.tif,EpsonV370-2,150,1236,1754,0.7046750285062714,6353.5263671875,0.9694181680679321,0.10344137251377106,-4.362676620483398,19.451433181762695,-1373.1509610310159,0.05592995022011639
s7_42.tif,EpsonV370-2,150,1236,1754,0.7046750285062714,6353.5263671875,0.8719621300697327,0.2527974247932434,-1.7858529090881348,1.4867329597473145,-1004.6735447816673,0.06196562272826235
s7_43.tif,EpsonV370-2,150,1236,1754,0.7046750285062714,6353.5263671875,0.967237651348114,0.11574450135231018,-4.458652973175049,19.911178588867188,-1365.9331070310664,0.04726782610620939
s7_44.tif,EpsonV370-2,150,1236,1754,0.7046750285062714,6353.5263671875,0.9238514304161072,0.19891133904457092,-2.7266602516174316,5.973085403442383,-1196.4168262012363,0.05928474167229412
s7_45.tif,EpsonV370-2,150,1236,1754,0.7046750285062714,6353.5263671875,0.9723588228225708,0.1094142273068428,-4.803173065185547,23.182926177978516,-1516.4781750804414,0.042616875712656786
s7_46.tif,EpsonV370-2,150,1236,1754,0.7046750285062714,6353.5263671875,0.914742648601532,0.19836820662021637,-2.4108169078826904,4.457485675811768,-1149.126037528461,0.0707831936618289
s7_47.tif,EpsonV370-2,150,1236,1754,0.7046750285062714,6353.5263671875,0.9550558924674988,0.13178524374961853,-3.6942391395568848,13.765050888061523,-1253.5837276783202,0.05288928127294801
s7_48.tif,EpsonV370-2,150,1236,1754,0.7046750285062714,6353.5263671875,0.9205764532089233,0.18917645514011383,-2.6010844707489014,5.7533464431762695,-1191.2156204737855,0.04742834685766791
s7_49.tif,EpsonV370-2,150,1236,1754,0.7046750285062714,6353.5263671875,0.9612204432487488,0.11712824553251266,-3.6139378547668457,12.919042587280273,-1350.6744192051146,0.07124768905469883
s7_5.tif,EpsonV370-2,150,1236,1754,0.7046750285062714,6353.5263671875,0.9170452952384949,0.18301565945148468,-2.333292245864868,4.349210739135742,-1139.654024067277,0.08116676445517043
s7_50.tif,EpsonV370-2,150,1236,1754,0.7046750285062714,6353.5263671875,0.9147536158561707,0.2190912365913391,-2.647137403488159,5.523256301879883,-1227.0866481626958,0.04404080548206042
s7_51.tif,EpsonV370-2,150,1236,1754,0.7046750285062714,6353.5263671875,0.95521479845047,0.14054527878761292,-3.4400529861450195,10.57259750366211,-1338.0701107064317,0.038118604539600656
s7_52.tif,EpsonV370-2,150,1236,1754,0.7046750285062714,6353.5263671875,0.9453944563865662,0.16792109608650208,-3.3767764568328857,10.243074417114258,-1307.2754257613824,0.03790688320362519
s7_53.tif,EpsonV370-2,150,1236,1754,0.7046750285062714,6353.5263671875,0.9486552476882935,0.16682979464530945,-3.406991481781006,10.266977310180664,-1466.9132458763715,0.035601473100781204
s7_54.tif,EpsonV370-2,150,1236,1754,0.7046750285062714,6353.5263671875,0.9232597947120667,0.1942676603794098,-2.5857865810394287,5.327388763427734,-1266.7682195712196,0.05089107467720568
s7_55.tif,EpsonV370-2,150,1236,1754,0.7046750285062714,6353.5263671875,0.970024824142456,0.10298728197813034,-4.570387840270996,22.081398010253906,-1385.8278226111981,0.03402394157782673
s7_56.tif,EpsonV370-2,150,1236,1754,0.7046750285062714,6353.5263671875,0.9643181562423706,0.11818373948335648,-4.124098777770996,16.90174674987793,-1348.4875711736943,0.045442133191632254
s7_57.tif,EpsonV370-2,150,1236,1754,0.7046750285062714,6353.5263671875,0.9516631364822388,0.13558164238929749,-3.36405873298645,10.76805305480957,-1242.4459250897396,0.055566010930171626
s7_58.tif,EpsonV370-2,150,1236,1754,0.7046750285062714,6353.5263671875,0.954639196395874,0.1317187398672104,-3.4902889728546143,11.730842590332031,-1270.39170268143,0.0793526032037728
s7_59.tif,EpsonV370-2,150,1236,1754,0.7046750285062714,6353.5263671875,0.9543721675872803,0.13176476955413818,-3.5407309532165527,12.350519180297852,-1273.3745145613545,0.06896718734432254
s7_6.tif,EpsonV370-2,150,1236,1754,0.7046750285062714,6353.5263671875,0.919080376625061,0.1813492625951767,-2.4324095249176025,4.79280424118042,-1070.8415053130154,0.058858070134652926
s7_60.tif,EpsonV370-2,150,1236,1754,0.7046750285062714,6353.5263671875,0.9261470437049866,0.19085600972175598,-2.7398431301116943,6.171730995178223,-1187.4724253638508,0.056227005863620096
s7_61.tif,EpsonV370-2,150,1236,1754,0.7046750285062714,6353.5263671875,0.9754660129547119,0.10041298717260361,-5.235799312591553,27.553987503051758,-1435.0817479702132,0.021911543840615808
s7_62.tif,EpsonV370-2,150,1236,1754,0.7046750285062714,6353.5263671875,0.9794949889183044,0.0936005637049675,-5.816326141357422,35.121009826660156,-1578.8832037378688,0.031144254648644062
s7_63.tif,EpsonV370-2,150,1236,1754,0.7046750285062714,6353.5263671875,0.9579294919967651,0.13591396808624268,-3.7309274673461914,13.216287612915039,-1349.3556607815206,0.04714928060872421
s7_64.tif,EpsonV370-2,150,1236,1754,0.7046750285062714,6353.5263671875,0.9613249897956848,0.120221808552742,-3.755697727203369,13.939422607421875,-1337.096302421367,0.04258412578922703
s7_65.tif,EpsonV370-2,150,1236,1754,0.7046750285062714,6353.5263671875,0.9654024243354797,0.11264832317829132,-3.9784657955169678,15.91703987121582,-1378.5215684313987,0.03563053289199352
s7_66.tif,EpsonV370-2,150,1236,1754,0.7046750285062714,6353.5263671875,0.9431536197662354,0.15693317353725433,-2.9186973571777344,7.198329925537109,-1276.5550849118947,0.03454240515437668
s7_67.tif,EpsonV370-2,150,1236,1754,0.7046750285062714,6353.5263671875,0.9327520728111267,0.18672171235084534,-2.8293869495391846,6.453500747680664,-1285.513187961183,0.03198099212894798
s7_68.tif,EpsonV370-2,150,1236,1754,0.7046750285062714,6353.5263671875,0.9777562022209167,0.0983726903796196,-5.980556964874268,36.61469650268555,-1445.4832784626885,0.02174548789083113
s7_69.tif,EpsonV370-2,150,1236,1754,0.7046750285062714,6353.5263671875,0.9595992565155029,0.13135920464992523,-3.953669309616089,15.176103591918945,-1325.7205052301176,0.05766892502758374
s7_7.tif,EpsonV370-2,150,1236,1754,0.7046750285062714,6353.5263671875,0.9421946406364441,0.16041649878025055,-2.9962968826293945,7.904343605041504,-1337.3304462198519,0.06027415837309451
s7_70.tif,EpsonV370-2,150,1236,1754,0.7046750285062714,6353.5263671875,0.934901237487793,0.1810610294342041,-2.9949047565460205,7.631446838378906,-1236.943920555193,0.05315358699302196
s7_71.tif,EpsonV370-2,150,1236,1754,0.7046750285062714,6353.5263671875,0.9559776782989502,0.13793078064918518,-3.6736292839050293,12.965036392211914,-1397.7237571827725,0.0487784739827228
s7_72.tif,EpsonV370-2,150,1236,1754,0.7046750285062714,6353.5263671875,0.9588330388069153,0.15809868276119232,-4.231125831604004,16.550445556640625,-1455.9210469824689,0.01870666400977147
s7_73.tif,EpsonV370-2,150,1236,1754,0.7046750285062714,6353.5263671875,0.9532902240753174,0.13028986752033234,-3.47825288772583,11.922375679016113,-1232.3883454249174,0.06483654559342861
s7_74.tif,EpsonV370-2,150,1236,1754,0.7046750285062714,6353.5263671875,0.969122588634491,0.11371868848800659,-4.582080841064453,20.999818801879883,-1420.8962167106909,0.044606779510909876
s7_75.tif,EpsonV370-2,150,1236,1754,0.7046750285062714,6353.5263671875,0.9642907977104187,0.12399033457040787,-4.167230606079102,16.939294815063477,-1391.2386094336437,0.05122041897761197
s7_76.tif,EpsonV370-2,150,1236,1754,0.7046750285062714,6353.5263671875,0.9674633145332336,0.1143631637096405,-4.393608093261719,19.28927993774414,-1362.5579017992825,0.0507545397851605
s7_77.tif,EpsonV370-2,150,1236,1754,0.7046750285062714,6353.5263671875,0.9718115329742432,0.10986358672380447,-4.8607611656188965,23.880823135375977,-1471.853006198131,0.036044288966873686
s7_78.tif,EpsonV370-2,150,1236,1754,0.7046750285062714,6353.5263671875,0.960026741027832,0.12463751435279846,-3.8571882247924805,14.709211349487305,-1301.4328399448382,0.05591472842471946
s7_79.tif,EpsonV370-2,150,1236,1754,0.7046750285062714,6353.5263671875,0.9688654541969299,0.10689827054738998,-4.477045059204102,20.850465774536133,-1368.1593840815078,0.038398593321598715
s7_8.tif,EpsonV370-2,150,1236,1754,0.7046750285062714,6353.5263671875,0.9405941963195801,0.14643535017967224,-3.095283031463623,9.26482105255127,-1156.7269843176402,0.05890511932042525
s7_80.tif,EpsonV370-2,150,1236,1754,0.7046750285062714,6353.5263671875,0.9684855937957764,0.10823439806699753,-4.36659049987793,19.290468215942383,-1380.1653481892274,0.0503712273010742
s7_81.tif,EpsonV370-2,150,1236,1754,0.7046750285062714,6353.5263671875,0.9587560892105103,0.11734528094530106,-3.592048168182373,13.370025634765625,-1256.8170704352178,0.035761071319185364
s7_82.tif,EpsonV370-2,150,1236,1754,0.7046750285062714,6353.5263671875,0.9706615805625916,0.11188258230686188,-4.7745184898376465,22.79358673095703,-1421.3073787271371,0.03862138505422649
s7_83.tif,EpsonV370-2,150,1236,1754,0.7046750285062714,6353.5263671875,0.9760785102844238,0.10349614173173904,-5.238882541656494,27.73963737487793,-1573.3297197864479,0.034554859350610534
s7_84.tif,EpsonV370-2,150,1236,1754,0.7046750285062714,6353.5263671875,0.9699183702468872,0.10992491990327835,-4.645954608917236,21.796085357666016,-1391.23589687605,0.04666033808991376
s7_85.tif,EpsonV370-2,150,1236,1754,0.7046750285062714,6353.5263671875,0.9495401978492737,0.15006360411643982,-3.2674105167388916,9.76221752166748,-1344.7128968372826,0.04257628425826497
s7_86.tif,EpsonV370-2,150,1236,1754,0.7046750285062714,6353.5263671875,0.9449567794799805,0.1644497811794281,-3.192715644836426,8.861845970153809,-1348.942950220245,0.03529795972589698
s7_87.tif,EpsonV370-2,150,1236,1754,0.7046750285062714,6353.5263671875,0.9085876941680908,0.1894620954990387,-2.0867063999176025,3.167891502380371,-1113.9226134066892,0.07023567029406663
s7_88.tif,EpsonV370-2,150,1236,1754,0.7046750285062714,6353.5263671875,0.9525641202926636,0.13596372306346893,-3.4453835487365723,11.340106010437012,-1221.3858425399376,0.04409431239921326
s7_89.tif,EpsonV370-2,150,1236,1754,0.7046750285062714,6353.5263671875,0.9690148830413818,0.11683409661054611,-4.531725883483887,20.428373336791992,-1477.7319980446016,0.042172676046982764
s7_9.tif,EpsonV370-2,150,1236,1754,0.7046750285062714,6353.5263671875,0.9543070197105408,0.133494570851326,-3.328937292098999,10.416316032409668,-1317.104560123915,0.0442386888222205
s7_90.tif,EpsonV370-2,150,1236,1754,0.7046750285062714,6353.5263671875,0.9408591985702515,0.1549094021320343,-3.0520482063293457,8.663602828979492,-1196.0587443197028,0.0643808142645751
s7_91.tif,EpsonV370-2,150,1236,1754,0.7046750285062714,6353.5263671875,0.982397735118866,0.0799645259976387,-6.485572814941406,44.273582458496094,-1472.8386396396213,0.024749716782352313
s7_92.tif,EpsonV370-2,150,1236,1754,0.7046750285062714,6353.5263671875,0.9614726901054382,0.12241914868354797,-3.9063587188720703,14.987483978271484,-1330.0737217583328,0.06288400438387708
s7_93.tif,EpsonV370-2,150,1236,1754,0.7046750285062714,6353.5263671875,0.9290828704833984,0.1790570169687271,-2.6571950912475586,5.830592155456543,-1235.8124610934794,0.05640367094352991
s7_94.tif,EpsonV370-2,150,1236,1754,0.7046750285062714,6353.5263671875,0.9702305793762207,0.111961230635643,-4.605462551116943,21.17416000366211,-1419.593325848786,0.037726527991497935
s7_95.tif,EpsonV370-2,150,1236,1754,0.7046750285062714,6353.5263671875,0.9611718058586121,0.14343808591365814,-4.06650447845459,15.536731719970703,-1511.5604790159202,0.030756790765813138
s7_96.tif,EpsonV370-2,150,1236,1754,0.7046750285062714,6353.5263671875,0.9530426263809204,0.13863705098628998,-3.456912040710449,11.373454093933105,-1284.4352314215519,0.05888943625850114
s7_97.tif,EpsonV370-2,150,1236,1754,0.7046750285062714,6353.5263671875,0.9695272445678711,0.10968391597270966,-4.487003326416016,20.19348907470703,-1397.062856135236,0.04996023882535711
s7_98.tif,EpsonV370-2,150,1236,1754,0.7046750285062714,6353.5263671875,0.9565723538398743,0.14081014692783356,-3.8089210987091064,13.83704948425293,-1311.2075347968325,0.041374223688434755
s7_99.tif,EpsonV370-2,150,1236,1754,0.7046750285062714,6353.5263671875,0.9445276260375977,0.16676294803619385,-3.2322378158569336,9.361687660217285,-1418.9357755041644,0.05288097847545878
s7_1.tif,EpsonV370-2,300,2480,3508,0.7069555302166477,25495.0732421875,0.9518226385116577,0.13746248185634613,-3.5936591625213623,12.247539520263672,-1142.1625102691987,0.04055534354654798
s7_10.tif,EpsonV370-2,300,2480,3508,0.7069555302166477,25495.0732421875,0.9440633654594421,0.1449386179447174,-3.299755811691284,10.416199684143066,-1100.4940807382823,0.03829001452900283
s7_100.tif,EpsonV370-2,300,2480,3508,0.7069555302166477,25495.0732421875,0.9395774006843567,0.14758478105068207,-3.1244735717773438,9.102622985839844,-1037.8959891136521,0.04406264942803546
s7_101.tif,EpsonV370-2,300,2480,3508,0.7069555302166477,25495.0732421875,0.9453907012939453,0.13607388734817505,-3.053331136703491,8.524184226989746,-1073.2550068076225,0.06897644094604038
s7_102.tif,EpsonV370-2,300,2480,3508,0.7069555302166477,25495.0732421875,0.9034048318862915,0.2058376520872116,-2.1973509788513184,3.4880528450012207,-997.6279326524907,0.048129850663920254
s7_103.tif,EpsonV370-2,300,2480,3508,0.7069555302166477,25495.0732421875,0.9624139070510864,0.12253792583942413,-4.259029388427734,18.259931564331055,-1285.6526305719792,0.02636830102622577
s7_104.tif,EpsonV370-2,300,2480,3508,0.7069555302166477,25495.0732421875,0.9686086177825928,0.11363481730222702,-5.054947853088379,25.30433464050293,-1243.1117420208627,0.019143915290396146
s7_105.tif,EpsonV370-2,300,2480,3508,0.7069555302166477,25495.0732421875,0.9402037858963013,0.1554277390241623,-2.9833459854125977,7.829584121704102,-1115.823225834152,0.022701337036083423
s7_106.tif,EpsonV370-2,300,2480,3508,0.7069555302166477,25495.0732421875,0.9799281358718872,0.08598364144563675,-6.310089588165283,41.45557403564453,-1417.318378691745,0.016548580203773863
s7_107.tif,EpsonV370-2,300,2480,3508,0.7069555302166477,25495.0732421875,0.9692017436027527,0.10481729358434677,-4.9432477951049805,24.940120697021484,-1222.154939908492,0.025874268952072683
s7_108.tif,EpsonV370-2,300,2480,3508,0.7069555302166477,25495.0732421875,0.9622054100036621,0.1282060742378235,-4.196164131164551,16.994150161743164,-1305.1441591547477,0.032998422959502706
s7_11.tif,EpsonV370-2,300,2480,3508,0.7069555302166477,25495.0732421875,0.9146915674209595,0.20784884691238403,-2.4977166652679443,4.730343341827393,-1127.4748737294894,0.03657986813550594
s7_12.tif,EpsonV370-2,300,2480,3508,0.7069555302166477,25495.0732421875,0.9627264738082886,0.12537634372711182,-4.308650970458984,18.045190811157227,-1267.2728936575356,0.03010112829661235
s7_13.tif,EpsonV370-2,300,2480,3508,0.7069555302166477,25495.0732421875,0.9650424718856812,0.12305264174938202,-4.50044059753418,19.754608154296875,-1299.2194168117255,0.027007623128701218
s7_14.tif,EpsonV370-2,300,2480,3508,0.7069555302166477,25495.0732421875,0.9666884541511536,0.11611360311508179,-4.731996059417725,22.181991577148438,-1258.1219877114388,0.025040115680288372
s7_15.tif,EpsonV370-2,300,2480,3508,0.7069555302166477,25495.0732421875,0.9300947785377502,0.16975735127925873,-2.7151236534118652,6.261690139770508,-1082.4336154162277,0.04246376944863354
s7_16.tif,EpsonV370-2,300,2480,3508,0.7069555302166477,25495.0732421875,0.9493734836578369,0.1365782618522644,-3.5499749183654785,12.157564163208008,-1075.9536149999951,0.03819081730238717
s7_17.tif,EpsonV370-2,300,2480,3508,0.7069555302166477,25495.0732421875,0.9223731756210327,0.203957200050354,-2.7202160358428955,5.813417434692383,-1185.1563468720597,0.028251439106926103
s7_18.tif,EpsonV370-2,300,2480,3508,0.7069555302166477,25495.0732421875,0.8886460065841675,0.2152567058801651,-1.911011815071106,2.2316818237304688,-921.9890921824781,0.041610075587597016
s7_19.tif,EpsonV370-2,300,2480,3508,0.7069555302166477,25495.0732421875,0.9242456555366516,0.20023588836193085,-2.8270602226257324,6.60793399810791,-1158.3373644456901,0.0285366167653658
s7_2.tif,EpsonV370-2,300,2480,3508,0.7069555302166477,25495.0732421875,0.9611198306083679,0.13105009496212006,-4.163723945617676,16.675899505615234,-1295.892829664038,0.031545292786993785
s7_20.tif,EpsonV370-2,300,2480,3508,0.7069555302166477,25495.0732421875,0.9272946715354919,0.1775107979774475,-2.722287178039551,6.188687324523926,-1058.8356091694825,0.04281722422481333
s7_21.tif,EpsonV370-2,300,2480,3508,0.7069555302166477,25495.0732421875,0.9142048954963684,0.20937928557395935,-2.5814366340637207,5.2128095626831055,-1072.1214695774174,0.04104604222606393
s7_22.tif,EpsonV370-2,300,2480,3508,0.7069555302166477,25495.0732421875,0.9625791311264038,0.12536534667015076,-4.343075752258301,18.421613693237305,-1253.40856838452,0.027270731415750173
s7_23.tif,EpsonV370-2,300,2480,3508,0.7069555302166477,25495.0732421875,0.9671838879585266,0.10745527595281601,-4.553511619567871,20.98948097229004,-1245.2287136096702,0.033011296759480634
s7_24.tif,EpsonV370-2,300,2480,3508,0.7069555302166477,25495.0732421875,0.9536118507385254,0.1243223026394844,-3.6405999660491943,12.884088516235352,-1065.629607563589,0.051644283113252656
s7_25.tif,EpsonV370-2,300,2480,3508,0.7069555302166477,25495.0732421875,0.9616380929946899,0.11814083904027939,-3.9038050174713135,15.030210494995117,-1279.0426661104484,0.047090521204987676
s7_26.tif,EpsonV370-2,300,2480,3508,0.7069555302166477,25495.0732421875,0.9580734968185425,0.13377729058265686,-3.9362292289733887,14.651546478271484,-1230.4874618289618,0.02197097877662118
s7_27.tif,EpsonV370-2,300,2480,3508,0.7069555302166477,25495.0732421875,0.9669905304908752,0.10821884125471115,-4.409020900726318,19.477827072143555,-1259.532768697797,0.03525800474491485
s7_28.tif,EpsonV370-2,300,2480,3508,0.7069555302166477,25495.0732421875,0.9596439003944397,0.11853107064962387,-3.9392201900482178,15.18416976928711,-1159.198782120717,0.03138758873726413
s7_29.tif,EpsonV370-2,300,2480,3508,0.7069555302166477,25495.0732421875,0.9501208662986755,0.13142029941082,-3.269639015197754,9.936358451843262,-1121.1527600275078,0.06328415235222717
s7_3.tif,EpsonV370-2,300,2480,3508,0.7069555302166477,25495.0732421875,0.9559987187385559,0.13433408737182617,-3.9473965167999268,14.992990493774414,-1173.911857675143,0.036827918674366425
s7_30.tif,EpsonV370-2,300,2480,3508,0.7069555302166477,25495.0732421875,0.9626756310462952,0.1098131388425827,-4.061079978942871,16.387575149536133,-1156.8669723485127,0.03917003071320852
s7_31.tif,EpsonV370-2,300,2480,3508,0.7069555302166477,25495.0732421875,0.952229380607605,0.1303723156452179,-3.309494733810425,10.231136322021484,-1192.6341674503522,0.05924315849486887
s7_32.tif,EpsonV370-2,300,2480,3508,0.7069555302166477,25495.0732421875,0.953260600566864,0.13083307445049286,-3.71444034576416,13.682937622070312,-1128.4205615274352,0.03983176702100268
s7_33.tif,EpsonV370-2,300,2480,3508,0.7069555302166477,25495.0732421875,0.9577756524085999,0.12352750450372696,-3.746387243270874,13.618549346923828,-1188.2836878597877,0.046219700592194796
s7_34.tif,EpsonV370-2,300,2480,3508,0.7069555302166477,25495.0732421875,0.9604098796844482,0.11407806724309921,-3.988405704498291,15.702472686767578,-1139.4250756917745,0.04327550851509913
s7_35.tif,EpsonV370-2,300,2480,3508,0.7069555302166477,25495.0732421875,0.9393557906150818,0.14217063784599304,-2.8988027572631836,7.568197250366211,-1003.0151914881873,0.07363020469341965
s7_36.tif,EpsonV370-2,300,2480,3508,0.7069555302166477,25495.0732421875,0.9877545833587646,0.05778889358043671,-9.751039505004883,102.89476013183594,-1416.767278772805,0.006103330635965719
s7_37.tif,EpsonV370-2,300,2480,3508,0.7069555302166477,25495.0732421875,0.9368531703948975,0.16450418531894684,-3.0079612731933594,7.9246826171875,-1105.0088643716417,0.03620078070401295
s7_38.tif,EpsonV370-2,300,2480,3508,0.7069555302166477,25495.0732421875,0.9424517750740051,0.14941510558128357,-3.1622984409332275,9.184462547302246,-1081.2375677180921,0.040966845367271125
s7_39.tif,EpsonV370-2,300,2480,3508,0.7069555302166477,25495.0732421875,0.9518624544143677,0.14177219569683075,-3.6700687408447266,12.590540885925293,-1155.1892001639853,0.03914520267039394
s7_4.tif,EpsonV370-2,300,2480,3508,0.7069555302166477,25495.0732421875,0.9295157790184021,0.17192329466342926,-2.620492696762085,5.364971160888672,-1073.2916568590583,0.03749114926251517
s7_40.tif,EpsonV370-2,300,2480,3508,0.7069555302166477,25495.0732421875,0.970565915107727,0.10290393978357315,-5.104701995849609,26.472023010253906,-1237.709354948555,0.024196536947805936
s7_41.tif,EpsonV370-2,300,2480,3508,0.7069555302166477,25495.0732421875,0.9651423692703247,0.11303339153528214,-4.404500484466553,19.282899856567383,-1229.8559735012077,0.03412511034685695
s7_42.tif,EpsonV370-2,300,2480,3508,0.7069555302166477,25495.0732421875,0.8681541085243225,0.2558155655860901,-1.7729920148849487,1.4114727973937988,-905.6573280769103,0.03717539632912789
s7_43.tif,EpsonV370-2,300,2480,3508,0.7069555302166477,25495.0732421875,0.9637535214424133,0.12343595176935196,-4.442191123962402,19.28542137145996,-1253.631068056913,0.02761740445801302
s7_44.tif,EpsonV370-2,300,2480,3508,0.7069555302166477,25495.0732421875,0.9186103343963623,0.20361630618572235,-2.6800131797790527,5.6280317306518555,-1041.24433145643,0.035227889248537904
s7_45.tif,EpsonV370-2,300,2480,3508,0.7069555302166477,25495.0732421875,0.9682999849319458,0.1171308159828186,-4.755392074584961,22.24875831604004,-1339.6975178989467,0.024913216794791627
s7_46.tif,EpsonV370-2,300,2480,3508,0.7069555302166477,25495.0732421875,0.9110143184661865,0.20333203673362732,-2.3854615688323975,4.233468055725098,-1036.0427564887423,0.04448576065766727
s7_47.tif,EpsonV370-2,300,2480,3508,0.7069555302166477,25495.0732421875,0.9518688321113586,0.13826915621757507,-3.700451135635376,13.449363708496094,-1157.3831443932033,0.03089528083275095
s7_48.tif,EpsonV370-2,300,2480,3508,0.7069555302166477,25495.0732421875,0.9165921211242676,0.1926627904176712,-2.5774600505828857,5.542367935180664,-1040.221238320455,0.028311210321109354
s7_49.tif,EpsonV370-2,300,2480,3508,0.7069555302166477,25495.0732421875,0.9566990733146667,0.12692375481128693,-3.643059730529785,12.69509220123291,-1199.43228993536,0.04611992864236584
s7_5.tif,EpsonV370-2,300,2480,3508,0.7069555302166477,25495.0732421875,0.9113177061080933,0.18999142944812775,-2.3201425075531006,4.169341087341309,-972.2536910026101,0.0505556424026189
s7_50.tif,EpsonV370-2,300,2480,3508,0.7069555302166477,25495.0732421875,0.9111969470977783,0.2218024730682373,-2.6161513328552246,5.302651405334473,-1091.7151981636346,0.026387381836907347
s7_51.tif,EpsonV370-2,300,2480,3508,0.7069555302166477,25495.0732421875,0.9520649909973145,0.14517243206501007,-3.4369328022003174,10.491552352905273,-1237.1548881819776,0.0227466252252915
s7_52.tif,EpsonV370-2,300,2480,3508,0.7069555302166477,25495.0732421875,0.9407257437705994,0.17177057266235352,-3.3323802947998047,9.846084594726562,-1139.2394834344227,0.021496487291720306
s7_53.tif,EpsonV370-2,300,2480,3508,0.7069555302166477,25495.0732421875,0.9452245831489563,0.17044667899608612,-3.3696444034576416,9.92138671875,-1296.8890456240483,0.02095406352300732
s7_54.tif,EpsonV370-2,300,2480,3508,0.7069555302166477,25495.0732421875,0.9187137484550476,0.19837145507335663,-2.565070867538452,5.155333518981934,-1088.279782813897,0.028299485967558023
s7_55.tif,EpsonV370-2,300,2480,3508,0.7069555302166477,25495.0732421875,0.9654943346977234,0.10906168818473816,-4.5834856033325195,21.90015983581543,-1204.606582258665,0.020233475558171184
s7_56.tif,EpsonV370-2,300,2480,3508,0.7069555302166477,25495.0732421875,0.9607565402984619,0.12462862581014633,-4.146470069885254,16.839366912841797,-1220.7459258175331,0.026751756354139847
s7_57.tif,EpsonV370-2,300,2480,3508,0.7069555302166477,25495.0732421875,0.9465348124504089,0.14261670410633087,-3.3647871017456055,10.610921859741211,-1083.906684625122,0.03303129712730349
s7_58.tif,EpsonV370-2,300,2480,3508,0.7069555302166477,25495.0732421875,0.9491069912910461,0.14279206097126007,-3.51125431060791,11.520953178405762,-1121.4893516200195,0.04606774377459815
s7_59.tif,EpsonV370-2,300,2480,3508,0.7069555302166477,25495.0732421875,0.94905024766922,0.14076243340969086,-3.4932515621185303,11.572991371154785,-1117.5789550629784,0.04441736859528451
s7_6.tif,EpsonV370-2,300,2480,3508,0.7069555302166477,25495.0732421875,0.9140953421592712,0.1857309639453888,-2.4258577823638916,4.7077107429504395,-927.7240144177588,0.03571261080663552
s7_60.tif,EpsonV370-2,300,2480,3508,0.7069555302166477,25495.0732421875,0.9209060072898865,0.19504234194755554,-2.692473888397217,5.820008277893066,-1024.8442690297284,0.03502880512745062
s7_61.tif,EpsonV370-2,300,2480,3508,0.7069555302166477,25495.0732421875,0.9709210991859436,0.10415423661470413,-5.175013542175293,26.85401153564453,-1242.465116655655,0.012437814948320889
s7_62.tif,EpsonV370-2,300,2480,3508,0.7069555302166477,25495.0732421875,0.9758370518684387,0.09974183887243271,-5.71732759475708,33.287960052490234,-1389.9259173291878,0.01843562640232464
s7_63.tif,EpsonV370-2,300,2480,3508,0.7069555302166477,25495.0732421875,0.9547440409660339,0.14064021408557892,-3.725799560546875,13.032228469848633,-1231.49269073482,0.03004744914849009
s7_64.tif,EpsonV370-2,300,2480,3508,0.7069555302166477,25495.0732421875,0.9585490822792053,0.1246451810002327,-3.7930476665496826,14.141782760620117,-1232.493670995752,0.027906145400375178
s7_65.tif,EpsonV370-2,300,2480,3508,0.7069555302166477,25495.0732421875,0.9602336883544922,0.11781854927539825,-4.000309944152832,16.03508758544922,-1169.3215058411763,0.02410136278368338
s7_66.tif,EpsonV370-2,300,2480,3508,0.7069555302166477,25495.0732421875,0.9404953122138977,0.1599542796611786,-2.9229683876037598,7.197792053222656,-1184.0592995956597,0.019383689814985103
s7_67.tif,EpsonV370-2,300,2480,3508,0.7069555302166477,25495.0732421875,0.9296273589134216,0.18912090361118317,-2.8187077045440674,6.370883941650391,-1163.204290985936,0.01930874590797072
s7_68.tif,EpsonV370-2,300,2480,3508,0.7069555302166477,25495.0732421875,0.9748549461364746,0.10167212039232254,-5.908912181854248,35.41153335571289,-1316.2550707846851,0.01217183304520543
s7_69.tif,EpsonV370-2,300,2480,3508,0.7069555302166477,25495.0732421875,0.9556636810302734,0.1391334980726242,-3.9341230392456055,14.644060134887695,-1200.2449885885826,0.03218162632876007
s7_7.tif,EpsonV370-2,300,2480,3508,0.7069555302166477,25495.0732421875,0.9386909008026123,0.16625061631202698,-2.9906575679779053,7.753659248352051,-1208.8531706803699,0.03846990289476588
s7_70.tif,EpsonV370-2,300,2480,3508,0.7069555302166477,25495.0732421875,0.9298389554023743,0.1858506202697754,-2.9578351974487305,7.311849594116211,-1074.823314500785,0.031293564019568176
s7_71.tif,EpsonV370-2,300,2480,3508,0.7069555302166477,25495.0732421875,0.9518219232559204,0.14429132640361786,-3.636390209197998,12.447575569152832,-1228.9671683122199,0.028470753485121566
s7_72.tif,EpsonV370-2,300,2480,3508,0.7069555302166477,25495.0732421875,0.9550644159317017,0.15995149314403534,-4.178955078125,16.07687759399414,-1276.1430292589441,0.01035605252510391
s7_73.tif,EpsonV370-2,300,2480,3508,0.7069555302166477,25495.0732421875,0.9482276439666748,0.13894982635974884,-3.495722770690918,11.757527351379395,-1086.7630108841092,0.037783798322727775
s7_74.tif,EpsonV370-2,300,2480,3508,0.7069555302166477,25495.0732421875,0.9637966752052307,0.12109748274087906,-4.539806365966797,20.205747604370117,-1212.5357032969705,0.025679437782763822
s7_75.tif,EpsonV370-2,300,2480,3508,0.7069555302166477,25495.0732421875,0.9595727920532227,0.13238778710365295,-4.148067474365234,16.43692398071289,-1228.269417574796,0.02891604903078677
s7_76.tif,EpsonV370-2,300,2480,3508,0.7069555302166477,25495.0732421875,0.9624524712562561,0.12278379499912262,-4.377599239349365,18.698606491088867,-1191.0638628083268,0.02982238753816162
s7_77.tif,EpsonV370-2,300,2480,3508,0.7069555302166477,25495.0732421875,0.967943549156189,0.11536023765802383,-4.782309532165527,22.71075439453125,-1303.8694684351556,0.020803715930407914
s7_78.tif,EpsonV370-2,300,2480,3508,0.7069555302166477,25495.0732421875,0.9564653038978577,0.1327429860830307,-3.8879401683807373,14.620555877685547,-1196.9560778967375,0.03215541895023357
s7_79.tif,EpsonV370-2,300,2480,3508,0.7069555302166477,25495.0732421875,0.9658769369125366,0.11353661864995956,-4.5303473472595215,20.940401077270508,-1267.4919432372658,0.022319950711737226
s7_8.tif,EpsonV370-2,300,2480,3508,0.7069555302166477,25495.0732421875,0.9372131824493408,0.15226542949676514,-3.1074881553649902,9.159255027770996,-1055.7367840659456,0.03532398296980174
s7_80.tif,EpsonV370-2,300,2480,3508,0.7069555302166477,25495.0732421875,0.9648234844207764,0.11554157733917236,-4.405113697052002,19.264413833618164,-1242.849089973343,0.029753650641850884
s7_81.tif,EpsonV370-2,300,2480,3508,0.7069555302166477,25495.0732421875,0.9557346105575562,0.12175420671701431,-3.6410481929779053,13.628387451171875,-1159.4823608919266,0.021714077500275868
s7_82.tif,EpsonV370-2,300,2480,3508,0.7069555302166477,25495.0732421875,0.9663581252098083,0.11873246729373932,-4.757612228393555,22.257362365722656,-1248.2375148932376,0.021949714017729063
s7_83.tif,EpsonV370-2,300,2480,3508,0.7069555302166477,25495.0732421875,0.9735961556434631,0.11020674556493759,-5.217041969299316,26.976652145385742,-1454.0429170551567,0.019547026152205098
s7_84.tif,EpsonV370-2,300,2480,3508,0.7069555302166477,25495.0732421875,0.9647251963615417,0.11799345165491104,-4.605457305908203,20.970054626464844,-1213.7301652659808,0.027133947290984662
s7_85.tif,EpsonV370-2,300,2480,3508,0.7069555302166477,25495.0732421875,0.9454400539398193,0.15438829362392426,-3.255228281021118,9.584493637084961,-1176.7116513665471,0.026567385147313053
s7_86.tif,EpsonV370-2,300,2480,3508,0.7069555302166477,25495.0732421875,0.9405087828636169,0.16767732799053192,-3.173628091812134,8.701817512512207,-1159.398987075559,0.020056575753117298
s7_87.tif,EpsonV370-2,300,2480,3508,0.7069555302166477,25495.0732421875,0.9039306640625,0.19502294063568115,-2.0876386165618896,3.0960822105407715,-972.6354517555637,0.041508004744914846
s7_88.tif,EpsonV370-2,300,1236,1754,0.7046750285062714,6353.5263671875,0.9525612592697144,0.1369723528623581,-3.4265990257263184,11.180373191833496,-1245.770646288394,0.04425852328288923
s7_89.tif,EpsonV370-2,300,2480,3508,0.7069555302166477,25495.0732421875,0.9663410186767578,0.1235162764787674,-4.508361339569092,19.795272827148438,-1371.607358426908,0.024475967374112628
s7_9.tif,EpsonV370-2,300,2480,3508,0.7069555302166477,25495.0732421875,0.9499602913856506,0.1389828473329544,-3.352418899536133,10.50430965423584,-1155.6064880334688,0.02643968164931769
s7_90.tif,EpsonV370-2,300,2480,3508,0.7069555302166477,25495.0732421875,0.9359578490257263,0.16099220514297485,-3.013296127319336,8.20557689666748,-1052.506697276136,0.0430235498583882
s7_91.tif,EpsonV370-2,300,2480,3508,0.7069555302166477,25495.0732421875,0.9775480031967163,0.08605551719665527,-6.411975383758545,42.74728775024414,-1268.884165169807,0.014574635855372053
s7_92.tif,EpsonV370-2,300,2480,3508,0.7069555302166477,25495.0732421875,0.9572834968566895,0.13187696039676666,-3.923661470413208,14.727441787719727,-1203.7835215363464,0.0366790653621216
s7_93.tif,EpsonV370-2,300,2480,3508,0.7069555302166477,25495.0732421875,0.9243870973587036,0.1844203621149063,-2.6384060382843018,5.636552810668945,-1083.3508523216929,0.03361923897450988
s7_94.tif,EpsonV370-2,300,2480,3508,0.7069555302166477,25495.0732421875,0.9657688140869141,0.11770569533109665,-4.580714225769043,20.694232940673828,-1237.9132091122124,0.023232381285173062
s7_95.tif,EpsonV370-2,300,2480,3508,0.7069555302166477,25495.0732421875,0.9575052857398987,0.14782525599002838,-4.00937032699585,14.913705825805664,-1327.3725992370944,0.017814580498032147
s7_96.tif,EpsonV370-2,300,2480,3508,0.7069555302166477,25495.0732421875,0.948241651058197,0.1460905224084854,-3.452683210372925,11.102282524108887,-1136.0724410945065,0.03512489884871446
s7_97.tif,EpsonV370-2,300,2480,3508,0.7069555302166477,25495.0732421875,0.9647685289382935,0.1186332106590271,-4.488018989562988,19.773361206054688,-1232.0208257233207,0.029495829808364293
s7_98.tif,EpsonV370-2,300,2480,3508,0.7069555302166477,25495.0732421875,0.9534547328948975,0.14566439390182495,-3.7837600708007812,13.426433563232422,-1210.853580572457,0.023877565564424174
s7_99.tif,EpsonV370-2,300,2480,3508,0.7069555302166477,25495.0732421875,0.9408532977104187,0.1726006716489792,-3.185587167739868,8.881793975830078,-1266.7310325382778,0.031110572148453305
s8_1.tif,EpsonV39-1,150,1240,1754,0.7069555302166477,6374.0810546875,0.9609847664833069,0.1313851922750473,-3.8513965606689453,14.518291473388672,-1524.6495665374564,0.06669180122852834
s8_10.tif,EpsonV39-1,150,1240,1754,0.7069555302166477,6374.0810546875,0.9554358720779419,0.13654838502407074,-3.6251869201660156,12.945062637329102,-1508.9102669737435,0.06202780740795233
s8_100.tif,EpsonV39-1,150,1240,1754,0.7069555302166477,6374.0810546875,0.9526730179786682,0.13779906928539276,-3.4639134407043457,11.63011646270752,-1436.4834822481866,0.0668347923639975
s8_101.tif,EpsonV39-1,150,1240,1754,0.7069555302166477,6374.0810546875,0.9550123810768127,0.1285136193037033,-3.2019994258880615,9.66191291809082,-1454.073788590847,0.10711415382351859
s8_102.tif,EpsonV39-1,150,1240,1754,0.7069555302166477,6374.0810546875,0.9167994856834412,0.19319185614585876,-2.3481152057647705,4.300478935241699,-1352.4932397581017,0.07503586272850996
s8_103.tif,EpsonV39-1,150,1240,1754,0.7069555302166477,6374.0810546875,0.9698231220245361,0.11544208973646164,-4.5472283363342285,21.030742645263672,-1633.0865040934248,0.04310929856181263
s8_104.tif,EpsonV39-1,150,1240,1754,0.7069555302166477,6374.0810546875,0.9774307608604431,0.10861505568027496,-5.454205513000488,29.581836700439453,-1698.9184208030788,0.03233760620884982
s8_105.tif,EpsonV39-1,150,1240,1754,0.7069555302166477,6374.0810546875,0.950607419013977,0.14639349281787872,-3.158254623413086,9.118815422058105,-1515.4819509532158,0.03775425754956413
s8_106.tif,EpsonV39-1,150,1240,1754,0.7069555302166477,6374.0810546875,0.9865575432777405,0.07894234359264374,-6.990803241729736,51.13037109375,-1819.5496960152348,0.027354066281678743
s8_107.tif,EpsonV39-1,150,1240,1754,0.7069555302166477,6374.0810546875,0.9777202606201172,0.0992385521531105,-5.3021745681762695,28.954946517944336,-1671.8587016832125,0.042677566483981313
s8_108.tif,EpsonV39-1,150,1240,1754,0.7069555302166477,6374.0810546875,0.968684732913971,0.12365657836198807,-4.4556427001953125,19.551776885986328,-1649.8300060596657,0.0540980064001177
s8_11.tif,EpsonV39-1,150,1240,1754,0.7069555302166477,6374.0810546875,0.9244983196258545,0.19960278272628784,-2.6104164123535156,5.3643035888671875,-1469.643640644567,0.05986914701879575
s8_12.tif,EpsonV39-1,150,1240,1754,0.7069555302166477,6374.0810546875,0.9708328247070312,0.12021417170763016,-4.623371601104736,21.112071990966797,-1696.9632519718493,0.04960596976496119
s8_13.tif,EpsonV39-1,150,1240,1754,0.7069555302166477,6374.0810546875,0.9723778963088989,0.11835033446550369,-4.803269863128662,22.814903259277344,-1702.1076675181857,0.044844962665980065
s8_14.tif,EpsonV39-1,150,1240,1754,0.7069555302166477,6374.0810546875,0.9753902554512024,0.11115603893995285,-5.099803447723389,26.027362823486328,-1740.640799944642,0.04120995328649722
s8_15.tif,EpsonV39-1,150,1240,1754,0.7069555302166477,6374.0810546875,0.941087007522583,0.16054104268550873,-2.899670362472534,7.487195014953613,-1447.3693599554085,0.06730146761319748
s8_16.tif,EpsonV39-1,150,1240,1754,0.7069555302166477,6374.0810546875,0.9616343975067139,0.12734036147594452,-3.887094020843506,14.944616317749023,-1500.679468127686,0.05913671975576562
s8_17.tif,EpsonV39-1,150,1240,1754,0.7069555302166477,6374.0810546875,0.9311469197273254,0.19718380272388458,-2.809213876724243,6.295868873596191,-1537.8051337117986,0.04681327472689153
s8_18.tif,EpsonV39-1,150,1240,1754,0.7069555302166477,6374.0810546875,0.9044491648674011,0.20288407802581787,-2.0678441524505615,2.9544129371643066,-1288.341621344925,0.06434187295398536
s8_19.tif,EpsonV39-1,150,1240,1754,0.7069555302166477,6374.0810546875,0.9335852265357971,0.19379208981990814,-2.9617059230804443,7.412485122680664,-1534.9368257367291,0.04784501783940854
s8_2.tif,EpsonV39-1,150,1240,1754,0.7069555302166477,6374.0810546875,0.9682738780975342,0.125925213098526,-4.430548191070557,19.238752365112305,-1672.9240445141265,0.05186670099679994
s8_20.tif,EpsonV39-1,150,1240,1754,0.7069555302166477,6374.0810546875,0.9398112893104553,0.16804459691047668,-2.911282539367676,7.4025774002075195,-1514.1191996116381,0.07060635597896053
s8_21.tif,EpsonV39-1,150,1240,1754,0.7069555302166477,6374.0810546875,0.925010621547699,0.20253808796405792,-2.7088053226470947,5.927849769592285,-1460.9461107022287,0.06697134659947769
s8_22.tif,EpsonV39-1,150,1240,1754,0.7069555302166477,6374.0810546875,0.9707751870155334,0.12050740420818329,-4.639394760131836,21.321828842163086,-1698.1896967829819,0.04533508662228271
s8_23.tif,EpsonV39-1,150,1240,1754,0.7069555302166477,6374.0810546875,0.9757241606712341,0.10061465203762054,-4.935710430145264,25.085742950439453,-1650.8292480248776,0.052093371832125646
s8_24.tif,EpsonV39-1,150,1240,1754,0.7069555302166477,6374.0810546875,0.965514063835144,0.11614125221967697,-3.943584680557251,15.560100555419922,-1539.3494896131094,0.08215875234487072
s8_25.tif,EpsonV39-1,150,1240,1754,0.7069555302166477,6374.0810546875,0.9688698649406433,0.11065665632486343,-4.192504405975342,17.85373306274414,-1597.4206864505943,0.07612231949093316
s8_26.tif,EpsonV39-1,150,1240,1754,0.7069555302166477,6374.0810546875,0.9678614735603333,0.12459991872310638,-4.171994686126709,16.64278221130371,-1685.9559514047485,0.03433488431971163
s8_27.tif,EpsonV39-1,150,1240,1754,0.7069555302166477,6374.0810546875,0.975071132183075,0.1009916365146637,-4.7491374015808105,23.146137237548828,-1666.055091970474,0.054885147313054036
s8_28.tif,EpsonV39-1,150,1240,1754,0.7069555302166477,6374.0810546875,0.9717296957969666,0.10767851769924164,-4.28773307800293,18.2305908203125,-1674.5445347737211,0.04736960679736639
s8_29.tif,EpsonV39-1,150,1240,1754,0.7069555302166477,6374.0810546875,0.9595881700515747,0.12319154292345047,-3.4737601280212402,11.671826362609863,-1497.0067986331921,0.09778984441093169
s8_3.tif,EpsonV39-1,150,1240,1754,0.7069555302166477,6374.0810546875,0.9657002687454224,0.12862925231456757,-4.217653751373291,17.40343475341797,-1643.028028810412,0.060317431125170115
s8_30.tif,EpsonV39-1,150,1240,1754,0.7069555302166477,6374.0810546875,0.9725416898727417,0.10161398351192474,-4.352306842803955,19.207090377807617,-1583.0431003729489,0.05976293816897782
s8_31.tif,EpsonV39-1,150,1240,1754,0.7069555302166477,6374.0810546875,0.9600929021835327,0.12192743271589279,-3.494724750518799,11.877199172973633,-1500.7988394333631,0.09185456284253503
s8_32.tif,EpsonV39-1,150,1240,1754,0.7069555302166477,6374.0810546875,0.9643620848655701,0.12140773981809616,-4.0202717781066895,16.337949752807617,-1581.241381561656,0.0650687828741678
s8_33.tif,EpsonV39-1,150,1240,1754,0.7069555302166477,6374.0810546875,0.9669182300567627,0.11528685688972473,-4.035504341125488,16.370864868164062,-1582.6112948323932,0.07232960606172067
s8_34.tif,EpsonV39-1,150,1240,1754,0.7069555302166477,6374.0810546875,0.9715617895126343,0.10609255731105804,-4.334059715270996,19.001136779785156,-1642.512615181652,0.06685686173538824
s8_35.tif,EpsonV39-1,150,1240,1754,0.7069555302166477,6374.0810546875,0.9518955945968628,0.13337396085262299,-3.0891144275665283,8.927291870117188,-1449.1645889343786,0.1124521830286534
s8_36.tif,EpsonV39-1,150,1240,1754,0.7069555302166477,6374.0810546875,0.9944638013839722,0.05164926126599312,-11.473591804504395,139.37850952148438,-1889.3099252579777,0.008449810571228896
s8_37.tif,EpsonV39-1,150,1240,1754,0.7069555302166477,6374.0810546875,0.9487916827201843,0.15455470979213715,-3.1872119903564453,9.137028694152832,-1534.198623151589,0.056677364181410235
s8_38.tif,EpsonV39-1,150,1240,1754,0.7069555302166477,6374.0810546875,0.9544597268104553,0.1403101235628128,-3.437767267227173,11.32236099243164,-1524.0620682123715,0.06665915695001287
s8_39.tif,EpsonV39-1,150,1240,1754,0.7069555302166477,6374.0810546875,0.9619495868682861,0.13591164350509644,-3.938011884689331,14.829507827758789,-1620.7178438606336,0.0652407400595873
s8_4.tif,EpsonV39-1,150,1240,1754,0.7069555302166477,6374.0810546875,0.943634569644928,0.15685831010341644,-2.7886886596679688,6.521083831787109,-1530.6778354968815,0.06121951668076654
s8_40.tif,EpsonV39-1,150,1240,1754,0.7069555302166477,6374.0810546875,0.9795814752578735,0.09678686410188675,-5.573215484619141,31.908084869384766,-1712.0675773177538,0.037834718799426195
s8_41.tif,EpsonV39-1,150,1240,1754,0.7069555302166477,6374.0810546875,0.9743372201919556,0.10579143464565277,-4.766539096832275,23.06337547302246,-1696.965335941443,0.05365753852944422
s8_42.tif,EpsonV39-1,150,1240,1754,0.7069555302166477,6374.0810546875,0.8830686807632446,0.24569083750247955,-1.8494758605957031,1.7024097442626953,-1304.15909176118,0.06087330341707434
s8_43.tif,EpsonV39-1,150,1240,1754,0.7069555302166477,6374.0810546875,0.9720555543899536,0.11856447160243988,-4.776538372039795,22.595088958740234,-1696.5540396949386,0.04530382167947916
s8_44.tif,EpsonV39-1,150,1240,1754,0.7069555302166477,6374.0810546875,0.9300454258918762,0.19621002674102783,-2.7685093879699707,6.1085920333862305,-1491.555041556398,0.05774634935814912
s8_45.tif,EpsonV39-1,150,1240,1754,0.7069555302166477,6374.0810546875,0.9753697514533997,0.111960269510746,-5.114560604095459,26.0733585357666,-1737.4196229860333,0.04090833854415713
s8_46.tif,EpsonV39-1,150,1240,1754,0.7069555302166477,6374.0810546875,0.9231838583946228,0.1930738240480423,-2.4981470108032227,4.829367637634277,-1423.576540500198,0.06916908816713871
s8_47.tif,EpsonV39-1,150,1240,1754,0.7069555302166477,6374.0810546875,0.9626350998878479,0.13013295829296112,-4.083913326263428,16.801902770996094,-1600.7386992689517,0.05078989958436017
s8_48.tif,EpsonV39-1,150,1240,1754,0.7069555302166477,6374.0810546875,0.9284195899963379,0.18314021825790405,-2.7539243698120117,6.562813758850098,-1394.2856646577368,0.04530014345091404
s8_49.tif,EpsonV39-1,150,1240,1754,0.7069555302166477,6374.0810546875,0.965106725692749,0.11847105622291565,-3.8413896560668945,14.55807876586914,-1584.2362324628614,0.06959990068782874
s8_5.tif,EpsonV39-1,150,1240,1754,0.7069555302166477,6374.0810546875,0.9263688325881958,0.17738261818885803,-2.5210795402526855,5.315382957458496,-1382.32936467731,0.07982583587744142
s8_50.tif,EpsonV39-1,150,1240,1754,0.7069555302166477,6374.0810546875,0.9225865602493286,0.2156755030155182,-2.7366368770599365,5.921907424926758,-1552.2373619465907,0.04241733181299886
s8_51.tif,EpsonV39-1,150,1240,1754,0.7069555302166477,6374.0810546875,0.9619097113609314,0.13297949731349945,-3.630666971206665,12.253232955932617,-1661.4959039901883,0.0367689520726818
s8_52.tif,EpsonV39-1,150,1240,1754,0.7069555302166477,6374.0810546875,0.9511577486991882,0.16484814882278442,-3.506716012954712,11.087423324584961,-1568.6546127124118,0.03620756243792989
s8_53.tif,EpsonV39-1,150,1240,1754,0.7069555302166477,6374.0810546875,0.9529332518577576,0.1626562774181366,-3.4916880130767822,10.792412757873535,-1666.5052445020112,0.0340112002059808
s8_54.tif,EpsonV39-1,150,1240,1754,0.7069555302166477,6374.0810546875,0.9306206703186035,0.1879262924194336,-2.7057688236236572,5.975510597229004,-1507.052819351236,0.04964551072203627
s8_55.tif,EpsonV39-1,150,1240,1754,0.7069555302166477,6374.0810546875,0.9750403165817261,0.10102840512990952,-5.076570987701416,27.153858184814453,-1637.8460629655551,0.03234358333026814
s8_56.tif,EpsonV39-1,150,1240,1754,0.7069555302166477,6374.0810546875,0.9705278277397156,0.11693638563156128,-4.494654178619385,20.163854598999023,-1672.8670768016477,0.04326102549012396
s8_57.tif,EpsonV39-1,150,1240,1754,0.7069555302166477,6374.0810546875,0.9580475091934204,0.13331148028373718,-3.641010046005249,12.8543119430542,-1506.1760862991064,0.05372604553646964
s8_58.tif,EpsonV39-1,150,1240,1754,0.7069555302166477,6374.0810546875,0.9594926238059998,0.13591867685317993,-3.7705113887786865,13.65611457824707,-1554.481270534587,0.07653198219737374
s8_59.tif,EpsonV39-1,150,1240,1754,0.7069555302166477,6374.0810546875,0.9595869779586792,0.13210253417491913,-3.7146475315093994,13.391592025756836,-1547.7696907476839,0.06725181152756832
s8_6.tif,EpsonV39-1,150,1240,1754,0.7069555302166477,6374.0810546875,0.9301971197128296,0.1741272658109665,-2.6280815601348877,5.838510513305664,-1364.011505421138,0.05719231618052746
s8_60.tif,EpsonV39-1,150,1240,1754,0.7069555302166477,6374.0810546875,0.9344906210899353,0.18390299379825592,-2.825183868408203,6.612009048461914,-1484.407421916974,0.05576654283297164
s8_61.tif,EpsonV39-1,150,1240,1754,0.7069555302166477,6374.0810546875,0.9806278944015503,0.09599732607603073,-5.677788734436035,32.716251373291016,-1714.596518538285,0.019993471144296907
s8_62.tif,EpsonV39-1,150,1240,1754,0.7069555302166477,6374.0810546875,0.9825283885002136,0.09423017501831055,-6.2258620262146,39.6370964050293,-1798.5834405888097,0.029061683893037114
s8_63.tif,EpsonV39-1,150,1240,1754,0.7069555302166477,6374.0810546875,0.9632481336593628,0.1335648000240326,-3.899245500564575,14.45185661315918,-1651.6141183777586,0.04531255747232133
s8_64.tif,EpsonV39-1,150,1240,1754,0.7069555302166477,6374.0810546875,0.9667044281959534,0.116447813808918,-4.026337146759033,16.311317443847656,-1599.3623319827163,0.04046281310920661
s8_65.tif,EpsonV39-1,150,1240,1754,0.7069555302166477,6374.0810546875,0.9711276292800903,0.10953735560178757,-4.28878927230835,18.716073989868164,-1707.8264517085233,0.03351509912825983
s8_66.tif,EpsonV39-1,150,1240,1754,0.7069555302166477,6374.0810546875,0.9500386118888855,0.15059798955917358,-3.0432510375976562,8.014760971069336,-1571.785876515522,0.032955088829219846
s8_67.tif,EpsonV39-1,150,1240,1754,0.7069555302166477,6374.0810546875,0.9393776655197144,0.18091532588005066,-2.9124200344085693,6.928057670593262,-1572.6973987757076,0.0304984919262883
s8_68.tif,EpsonV39-1,150,1240,1754,0.7069555302166477,6374.0810546875,0.9832950830459595,0.09495570510625839,-6.462151527404785,42.078548431396484,-1772.9011289076109,0.01955024460219958
s8_69.tif,EpsonV39-1,150,1240,1754,0.7069555302166477,6374.0810546875,0.9647768139839172,0.1338808834552765,-4.171603679656982,16.698162078857422,-1657.701841579041,0.05503181667708831
s8_7.tif,EpsonV39-1,150,1240,1754,0.7069555302166477,6374.0810546875,0.9475566148757935,0.1571432203054428,-3.152103900909424,8.898492813110352,-1548.2519563036612,0.05905993673446868
s8_70.tif,EpsonV39-1,150,1240,1754,0.7069555302166477,6374.0810546875,0.9417706727981567,0.17826607823371887,-3.098572254180908,8.167780876159668,-1553.0321407737556,0.05209107293927245
s8_71.tif,EpsonV39-1,150,1240,1754,0.7069555302166477,6374.0810546875,0.9601150751113892,0.13685090839862823,-3.859650135040283,14.228403091430664,-1570.8729390158362,0.04678292934122926
s8_72.tif,EpsonV39-1,150,1240,1754,0.7069555302166477,6374.0810546875,0.9634984135627747,0.1567915678024292,-4.342780113220215,17.314037322998047,-1762.8936711940912,0.016914793835288926
s8_73.tif,EpsonV39-1,150,1240,1754,0.7069555302166477,6374.0810546875,0.9591166377067566,0.13158538937568665,-3.8129913806915283,14.328226089477539,-1502.092938508307,0.061974013315187405
s8_74.tif,EpsonV39-1,150,1240,1754,0.7069555302166477,6374.0810546875,0.9735345840454102,0.11574696004390717,-4.898160934448242,23.766544342041016,-1723.2996074585747,0.04243572295582448
s8_75.tif,EpsonV39-1,150,1240,1754,0.7069555302166477,6374.0810546875,0.9678513407707214,0.1276901215314865,-4.426235675811768,19.00434684753418,-1636.1073390728648,0.048956302644646336
s8_76.tif,EpsonV39-1,150,1240,1754,0.7069555302166477,6374.0810546875,0.9713263511657715,0.11797197163105011,-4.6593708992004395,21.491445541381836,-1661.002559032703,0.04901975208739471
s8_77.tif,EpsonV39-1,150,1240,1754,0.7069555302166477,6374.0810546875,0.9753942489624023,0.10963214188814163,-5.119593143463135,26.180553436279297,-1679.2899947519993,0.033797403170633025
s8_78.tif,EpsonV39-1,150,1240,1754,0.7069555302166477,6374.0810546875,0.9659214615821838,0.12646448612213135,-4.2216925621032715,17.63534927368164,-1638.3277903153519,0.05357385882958767
s8_79.tif,EpsonV39-1,150,1240,1754,0.7069555302166477,6374.0810546875,0.9744396209716797,0.10623690485954285,-5.020947456359863,26.183340072631836,-1682.3345998671052,0.03630411593776437
s8_8.tif,EpsonV39-1,150,1240,1754,0.7069555302166477,6374.0810546875,0.9498891830444336,0.14281471073627472,-3.4401557445526123,11.469021797180176,-1440.0416402199048,0.055200095633942695
s8_80.tif,EpsonV39-1,150,1240,1754,0.7069555302166477,6374.0810546875,0.9740311503410339,0.10859639942646027,-4.808130264282227,23.414539337158203,-1700.1739142477686,0.04824916320300143
s8_81.tif,EpsonV39-1,150,1240,1754,0.7069555302166477,6374.0810546875,0.9662526845932007,0.11185741424560547,-4.015448570251465,17.246315002441406,-1582.1688632865644,0.033523375142531356
s8_82.tif,EpsonV39-1,150,1240,1754,0.7069555302166477,6374.0810546875,0.9748234152793884,0.11414500325918198,-5.122513771057129,25.987079620361328,-1682.2857319767231,0.03644572773752161
s8_83.tif,EpsonV39-1,150,1240,1754,0.7069555302166477,6374.0810546875,0.9787991642951965,0.10561828315258026,-5.595699310302734,31.38500213623047,-1770.8387476492237,0.03241852723728252
s8_84.tif,EpsonV39-1,150,1240,1754,0.7069555302166477,6374.0810546875,0.974274218082428,0.11219813674688339,-4.976010322570801,24.771045684814453,-1696.8400488166608,0.044577371537867366
s8_85.tif,EpsonV39-1,150,1240,1754,0.7069555302166477,6374.0810546875,0.9560813903808594,0.1435200572013855,-3.474121570587158,11.280799865722656,-1614.3854188983516,0.041271103836392396
s8_86.tif,EpsonV39-1,150,1240,1754,0.7069555302166477,6374.0810546875,0.9522247910499573,0.15758442878723145,-3.3488688468933105,9.899415969848633,-1645.124205623409,0.033570272556736676
s8_87.tif,EpsonV39-1,150,1240,1754,0.7069555302166477,6374.0810546875,0.9195968508720398,0.18007497489452362,-2.294149160385132,4.234075546264648,-1332.7733430368853,0.06868034354654798
s8_88.tif,EpsonV39-1,150,1240,1754,0.7069555302166477,6374.0810546875,0.9613694548606873,0.130141019821167,-3.79066801071167,14.157114028930664,-1576.3713052792643,0.041803987199764595
s8_89.tif,EpsonV39-1,150,1240,1754,0.7069555302166477,6374.0810546875,0.9730100631713867,0.11708736419677734,-4.839468955993652,23.21208953857422,-1727.391487130247,0.04008073711700445
s8_9.tif,EpsonV39-1,150,1240,1754,0.7069555302166477,6374.0810546875,0.9608108401298523,0.12872453033924103,-3.6670567989349365,13.247974395751953,-1562.4109991760731,0.04245503365579137
s8_90.tif,EpsonV39-1,150,1240,1754,0.7069555302166477,6374.0810546875,0.9483937621116638,0.15022845566272736,-3.2210166454315186,9.697002410888672,-1480.6568063702466,0.06266230183543606
s8_91.tif,EpsonV39-1,150,1240,1754,0.7069555302166477,6374.0810546875,0.9866833090782166,0.0801166519522667,-7.1346917152404785,52.787784576416016,-1785.205717717924,0.022887317467907457
s8_92.tif,EpsonV39-1,150,1240,1754,0.7069555302166477,6374.0810546875,0.9667614698410034,0.12540709972381592,-4.227550029754639,17.49105453491211,-1654.4583833024096,0.06056525177474528
s8_93.tif,EpsonV39-1,150,1240,1754,0.7069555302166477,6374.0810546875,0.9366323947906494,0.17307518422603607,-2.800868511199951,6.628199577331543,-1469.5384950203645,0.05721714422334204
s8_94.tif,EpsonV39-1,150,1240,1754,0.7069555302166477,6374.0810546875,0.9742258191108704,0.11130209267139435,-4.908559799194336,24.133991241455078,-1671.6558893630247,0.03610733070953029
s8_95.tif,EpsonV39-1,150,1240,1754,0.7069555302166477,6374.0810546875,0.9649471640586853,0.1405344009399414,-4.180328369140625,16.340896606445312,-1740.8484484277728,0.02941065582815316
s8_96.tif,EpsonV39-1,150,1240,1754,0.7069555302166477,6374.0810546875,0.9586969017982483,0.138254314661026,-3.695528030395508,13.070539474487305,-1575.6597238338563,0.05723047780189061
s8_97.tif,EpsonV39-1,150,1240,1754,0.7069555302166477,6374.0810546875,0.9732885956764221,0.11304892599582672,-4.815810203552246,23.165254592895508,-1683.4388458459698,0.04807996468900577
s8_98.tif,EpsonV39-1,150,1240,1754,0.7069555302166477,6374.0810546875,0.9625996351242065,0.13857465982437134,-4.021148204803467,15.436094284057617,-1627.7937850985438,0.03930555044690477
s8_99.tif,EpsonV39-1,150,1240,1754,0.7069555302166477,6374.0810546875,0.949056088924408,0.1638151854276657,-3.3436965942382812,10.017148971557617,-1598.4039312344478,0.05092461470555781
s8_1.tif,EpsonV39-1,300,2480,3508,0.7069555302166477,25495.0732421875,0.958046555519104,0.14373274147510529,-3.8382186889648438,13.89794921875,-1469.20878638598,0.03949865744657373
s8_10.tif,EpsonV39-1,300,2480,3508,0.7069555302166477,25495.0732421875,0.953277587890625,0.14620113372802734,-3.629603862762451,12.559086799621582,-1460.910301134479,0.03746379243756207
s8_100.tif,EpsonV39-1,300,2480,3508,0.7069555302166477,25495.0732421875,0.9493101239204407,0.14964193105697632,-3.46086049079895,11.242008209228516,-1360.1786385810956,0.0432148177437746
s8_101.tif,EpsonV39-1,300,2480,3508,0.7069555302166477,25495.0732421875,0.9502997994422913,0.14781922101974487,-3.2923009395599365,9.886566162109375,-1383.939503589432,0.06727790396145217
s8_102.tif,EpsonV39-1,300,2480,3508,0.7069555302166477,25495.0732421875,0.9134286046028137,0.20125989615917206,-2.3319950103759766,4.114598751068115,-1273.3768770895308,0.05002827638209438
s8_103.tif,EpsonV39-1,300,2480,3508,0.7069555302166477,25495.0732421875,0.9675768613815308,0.12428586184978485,-4.511183738708496,20.14105796813965,-1557.532934969493,0.025322419722661565
s8_104.tif,EpsonV39-1,300,2480,3508,0.7069555302166477,25495.0732421875,0.9749310612678528,0.11653691530227661,-5.347498893737793,27.80961036682129,-1575.362161201869,0.018196656490234303
s8_105.tif,EpsonV39-1,300,2480,3508,0.7069555302166477,25495.0732421875,0.9490077495574951,0.15212346613407135,-3.193419933319092,9.272926330566406,-1459.1164908860574,0.022140522124544818
s8_106.tif,EpsonV39-1,300,2480,3508,0.7069555302166477,25495.0732421875,0.9850255846977234,0.08680266886949539,-6.899969577789307,48.636016845703125,-1741.2347183110162,0.015754772501563246
s8_107.tif,EpsonV39-1,300,2480,3508,0.7069555302166477,25495.0732421875,0.9755520820617676,0.1094970554113388,-5.286002159118652,27.857852935791016,-1597.657716048644,0.02481781274138375
s8_108.tif,EpsonV39-1,300,2480,3508,0.7069555302166477,25495.0732421875,0.9658606648445129,0.13562169671058655,-4.377669811248779,18.20581817626953,-1578.2662777608443,0.03184644775076323
s8_11.tif,EpsonV39-1,300,2480,3508,0.7069555302166477,25495.0732421875,0.9215809106826782,0.207035094499588,-2.5749430656433105,5.067252159118652,-1397.5156274187013,0.036768837128039134
s8_12.tif,EpsonV39-1,300,2480,3508,0.7069555302166477,25495.0732421875,0.9682058691978455,0.13132868707180023,-4.543453693389893,19.719829559326172,-1613.57945778823,0.02893800345753485
s8_13.tif,EpsonV39-1,300,2480,3508,0.7069555302166477,25495.0732421875,0.9698728919029236,0.12885236740112305,-4.717531204223633,21.34552574157715,-1618.7992714021111,0.02597990307867731
s8_14.tif,EpsonV39-1,300,2480,3508,0.7069555302166477,25495.0732421875,0.9729827046394348,0.12130316346883774,-5.010788440704346,24.36871910095215,-1645.5768607841032,0.023953888807150478
s8_15.tif,EpsonV39-1,300,2480,3508,0.7069555302166477,25495.0732421875,0.9388623833656311,0.1688365638256073,-2.9178707599639893,7.424474716186523,-1402.202233135291,0.043115045793945636
s8_16.tif,EpsonV39-1,300,2480,3508,0.7069555302166477,25495.0732421875,0.9594245553016663,0.13685671985149384,-3.90146803855896,14.660369873046875,-1451.9309010548873,0.037394365873395376
s8_17.tif,EpsonV39-1,300,2480,3508,0.7069555302166477,25495.0732421875,0.9284484386444092,0.20387309789657593,-2.768786907196045,5.9803466796875,-1458.5288819938198,0.027283375326442785
s8_18.tif,EpsonV39-1,300,2480,3508,0.7069555302166477,25495.0732421875,0.9014037251472473,0.20971648395061493,-2.0686302185058594,2.899563789367676,-1213.9898692670931,0.0423671010041564
s8_19.tif,EpsonV39-1,300,2480,3508,0.7069555302166477,25495.0732421875,0.9310367107391357,0.1999434232711792,-2.91312313079834,6.995151519775391,-1447.9673089213118,0.028590755692058704
s8_2.tif,EpsonV39-1,300,2480,3508,0.7069555302166477,25495.0732421875,0.9655618667602539,0.1369239091873169,-4.342735767364502,17.863210678100586,-1595.209417575079,0.030613551513591054
s8_20.tif,EpsonV39-1,300,2480,3508,0.7069555302166477,25495.0732421875,0.9364043474197388,0.17925886809825897,-2.889965772628784,7.056923866271973,-1448.2539102281814,0.04205192279398242
s8_21.tif,EpsonV39-1,300,2480,3508,0.7069555302166477,25495.0732421875,0.9218446612358093,0.2106742560863495,-2.6489994525909424,5.456299781799316,-1399.8473638238283,0.04093776437267812
s8_22.tif,EpsonV39-1,300,2480,3508,0.7069555302166477,25495.0732421875,0.9683566689491272,0.12975546717643738,-4.559421062469482,19.988679885864258,-1603.511315353681,0.026351519108397396
s8_23.tif,EpsonV39-1,300,2480,3508,0.7069555302166477,25495.0732421875,0.9734809994697571,0.11316384375095367,-4.976802825927734,24.594635009765625,-1600.908888028497,0.03184242468827013
s8_24.tif,EpsonV39-1,300,2480,3508,0.7069555302166477,25495.0732421875,0.9615026116371155,0.1334008276462555,-3.9972994327545166,15.317611694335938,-1449.8188695792533,0.050139887630117334
s8_25.tif,EpsonV39-1,300,2480,3508,0.7069555302166477,25495.0732421875,0.9662221670150757,0.12537480890750885,-4.248233795166016,17.637094497680664,-1566.8540577418044,0.04587613105528378
s8_26.tif,EpsonV39-1,300,2480,3508,0.7069555302166477,25495.0732421875,0.9659701585769653,0.13075201213359833,-4.157095909118652,16.346975326538086,-1597.161688236871,0.021274069408173023
s8_27.tif,EpsonV39-1,300,2480,3508,0.7069555302166477,25495.0732421875,0.972877562046051,0.11418194323778152,-4.807332992553711,22.838932037353516,-1630.406200172936,0.03398361349174238
s8_28.tif,EpsonV39-1,300,2480,3508,0.7069555302166477,25495.0732421875,0.9696274995803833,0.11578569561243057,-4.358339786529541,18.666851043701172,-1578.2528276033954,0.030501135653069483
s8_29.tif,EpsonV39-1,300,2480,3508,0.7069555302166477,25495.0732421875,0.9556689858436584,0.14324381947517395,-3.576594352722168,11.865188598632812,-1467.8454697355348,0.061389060028690184
s8_3.tif,EpsonV39-1,300,2480,3508,0.7069555302166477,25495.0732421875,0.9626361727714539,0.1409510374069214,-4.141549587249756,16.155899047851562,-1559.818420236408,0.03573847335123405
s8_30.tif,EpsonV39-1,300,2480,3508,0.7069555302166477,25495.0732421875,0.9701082110404968,0.115727499127388,-4.511224746704102,20.074615478515625,-1540.6286347097082,0.037836902747636736
s8_31.tif,EpsonV39-1,300,2480,3508,0.7069555302166477,25495.0732421875,0.9566075801849365,0.1403672993183136,-3.6050705909729004,12.166764259338379,-1479.3706209271916,0.057614967631588625
s8_32.tif,EpsonV39-1,300,2480,3508,0.7069555302166477,25495.0732421875,0.9617564082145691,0.13213065266609192,-3.991534948348999,15.57236099243164,-1516.3381355597728,0.03915347868466546
s8_33.tif,EpsonV39-1,300,2480,3508,0.7069555302166477,25495.0732421875,0.9641194939613342,0.13089540600776672,-4.088052749633789,16.064481735229492,-1558.1261416504985,0.04462771729135249
s8_34.tif,EpsonV39-1,300,2480,3508,0.7069555302166477,25495.0732421875,0.9689143896102905,0.1218232661485672,-4.425044059753418,19.04160499572754,-1605.567851654139,0.04169754846066134
s8_35.tif,EpsonV39-1,300,2480,3508,0.7069555302166477,25495.0732421875,0.9469702243804932,0.1533624678850174,-3.1594064235687256,8.96536636352539,-1384.42916091707,0.07154545370949351
s8_36.tif,EpsonV39-1,300,2480,3508,0.7069555302166477,25495.0732421875,0.993389904499054,0.056204020977020264,-11.217449188232422,130.5446014404297,-1788.1569413800187,0.005267223305256189
s8_37.tif,EpsonV39-1,300,2480,3508,0.7069555302166477,25495.0732421875,0.9466772079467773,0.1630200743675232,-3.1798720359802246,8.88769245147705,-1497.31948347502,0.035581688858645676
s8_38.tif,EpsonV39-1,300,2480,3508,0.7069555302166477,25495.0732421875,0.9509710669517517,0.15260472893714905,-3.4471018314361572,11.023686408996582,-1436.0629490818835,0.04005751829918711
s8_39.tif,EpsonV39-1,300,2480,3508,0.7069555302166477,25495.0732421875,0.9585890173912048,0.14883171021938324,-3.877448081970215,13.862556457519531,-1537.1922545873576,0.03784851215654541
s8_4.tif,EpsonV39-1,300,2480,3508,0.7069555302166477,25495.0732421875,0.9405574798583984,0.1671917587518692,-2.825058698654175,6.661114692687988,-1457.579904091435,0.03661021352116821
s8_40.tif,EpsonV39-1,300,2480,3508,0.7069555302166477,25495.0732421875,0.9773457646369934,0.10724657028913498,-5.51998233795166,30.27954864501953,-1624.3379096086644,0.02313421856034134
s8_41.tif,EpsonV39-1,300,2480,3508,0.7069555302166477,25495.0732421875,0.9722452163696289,0.11829254031181335,-4.7780585289001465,22.33502769470215,-1660.7194647991346,0.03280451134733512
s8_42.tif,EpsonV39-1,300,2480,3508,0.7069555302166477,25495.0732421875,0.8800776600837708,0.2511143386363983,-1.8321627378463745,1.604234218597412,-1228.4878058826066,0.038118402177511314
s8_43.tif,EpsonV39-1,300,2480,3508,0.7069555302166477,25495.0732421875,0.9695195555686951,0.12871596217155457,-4.6906819343566895,21.128480911254883,-1602.3769245547005,0.026530832750947145
s8_44.tif,EpsonV39-1,300,2480,3508,0.7069555302166477,25495.0732421875,0.9268974661827087,0.20389720797538757,-2.7216224670410156,5.738269805908203,-1406.758166554142,0.034732247949387576
s8_45.tif,EpsonV39-1,300,2480,3508,0.7069555302166477,25495.0732421875,0.9732236266136169,0.1216249093413353,-5.014064788818359,24.347293853759766,-1668.3454123640267,0.02385124324125501
s8_46.tif,EpsonV39-1,300,2480,3508,0.7069555302166477,25495.0732421875,0.9210198521614075,0.20052950084209442,-2.476808547973633,4.600357532501221,-1395.0975239233737,0.044313113804391804
s8_47.tif,EpsonV39-1,300,2480,3508,0.7069555302166477,25495.0732421875,0.960101306438446,0.13956931233406067,-4.035242080688477,15.858768463134766,-1521.508058361826,0.029726983484753743
s8_48.tif,EpsonV39-1,300,2480,3508,0.7069555302166477,25495.0732421875,0.9259365797042847,0.18883749842643738,-2.7288947105407715,6.303875923156738,-1305.3737759111164,0.028031205171589364
s8_49.tif,EpsonV39-1,300,2480,3508,0.7069555302166477,25495.0732421875,0.9620328545570374,0.1328735649585724,-3.895707130432129,14.46592903137207,-1527.1229704575555,0.04537888053113621
s8_5.tif,EpsonV39-1,300,2480,3508,0.7069555302166477,25495.0732421875,0.9228731393814087,0.18751691281795502,-2.513972043991089,5.116307258605957,-1314.9786977403226,0.05121243609077868
s8_50.tif,EpsonV39-1,300,2480,3508,0.7069555302166477,25495.0732421875,0.920518159866333,0.22035352885723114,-2.6929025650024414,5.608587265014648,-1481.862653919259,0.025693231139883033
s8_51.tif,EpsonV39-1,300,2480,3508,0.7069555302166477,25495.0732421875,0.9597988724708557,0.14002548158168793,-3.6552717685699463,12.345497131347656,-1572.6814771315119,0.02222650071725457
s8_52.tif,EpsonV39-1,300,2480,3508,0.7069555302166477,25495.0732421875,0.9494920969009399,0.1700248271226883,-3.4711973667144775,10.689160346984863,-1519.3310456644915,0.02085659046603156
s8_53.tif,EpsonV39-1,300,2480,3508,0.7069555302166477,25495.0732421875,0.9509375095367432,0.16862116754055023,-3.457718849182129,10.438286781311035,-1588.4451293535003,0.02058842461470556
s8_54.tif,EpsonV39-1,300,2480,3508,0.7069555302166477,25495.0732421875,0.9285213947296143,0.19384166598320007,-2.6904408931732178,5.806293487548828,-1447.9365886785188,0.02898616526280943
s8_55.tif,EpsonV39-1,300,2480,3508,0.7069555302166477,25495.0732421875,0.9729745388031006,0.10876872390508652,-5.095583438873291,26.71344566345215,-1538.046038428788,0.019543347923639976
s8_56.tif,EpsonV39-1,300,2480,3508,0.7069555302166477,25495.0732421875,0.9689182639122009,0.12542802095413208,-4.500735759735107,19.735660552978516,-1634.4786736946899,0.02591128112700923
s8_57.tif,EpsonV39-1,300,2480,3508,0.7069555302166477,25495.0732421875,0.9552929997444153,0.14280590415000916,-3.6389169692993164,12.529308319091797,-1428.5868909892029,0.032076681870011406
s8_58.tif,EpsonV39-1,300,2480,3508,0.7069555302166477,25495.0732421875,0.955595850944519,0.15094605088233948,-3.7308056354522705,12.838330268859863,-1474.7801451363202,0.04492186063191967
s8_59.tif,EpsonV39-1,300,2480,3508,0.7069555302166477,25495.0732421875,0.9562757015228271,0.14501866698265076,-3.6907284259796143,12.711308479309082,-1470.8539407813403,0.043788621399933794
s8_6.tif,EpsonV39-1,300,2480,3508,0.7069555302166477,25495.0732421875,0.9274718761444092,0.1808648258447647,-2.633898973464966,5.792186737060547,-1283.0558687915154,0.03704654338470593
s8_60.tif,EpsonV39-1,300,2480,3508,0.7069555302166477,25495.0732421875,0.9315302968025208,0.19115443527698517,-2.786153554916382,6.2666015625,-1393.3787446525873,0.03561571247287306
s8_61.tif,EpsonV39-1,300,2480,3508,0.7069555302166477,25495.0732421875,0.978836178779602,0.1009688526391983,-5.661233901977539,32.1998405456543,-1599.0334665661828,0.01178492937801155
s8_62.tif,EpsonV39-1,300,2480,3508,0.7069555302166477,25495.0732421875,0.9807721972465515,0.10229853540658951,-6.091388702392578,36.954715728759766,-1713.9740071199872,0.01747526391289955
s8_63.tif,EpsonV39-1,300,2480,3508,0.7069555302166477,25495.0732421875,0.9617127180099487,0.14021192491054535,-3.9158880710601807,14.400293350219727,-1605.4540955926466,0.030189750616103284
s8_64.tif,EpsonV39-1,300,2480,3508,0.7069555302166477,25495.0732421875,0.9649326801300049,0.12286120653152466,-4.084715843200684,16.602622985839844,-1519.2473041804421,0.027632232316916173
s8_65.tif,EpsonV39-1,300,2480,3508,0.7069555302166477,25495.0732421875,0.9691606760025024,0.11667829006910324,-4.3585896492004395,19.07773208618164,-1600.728074729962,0.023587445286350095
s8_66.tif,EpsonV39-1,300,2480,3508,0.7069555302166477,25495.0732421875,0.9487240314483643,0.15490873157978058,-3.0741190910339355,8.198219299316406,-1514.9229320063444,0.018997130981719203
s8_67.tif,EpsonV39-1,300,2480,3508,0.7069555302166477,25495.0732421875,0.9380630254745483,0.18452881276607513,-2.91233491897583,6.9027252197265625,-1518.7314604672617,0.021545568654136166
s8_68.tif,EpsonV39-1,300,2480,3508,0.7069555302166477,25495.0732421875,0.9816932082176208,0.10005836933851242,-6.353499412536621,40.119258880615234,-1669.7687622886274,0.011354806525177475
s8_69.tif,EpsonV39-1,300,2480,3508,0.7069555302166477,25495.0732421875,0.9619520902633667,0.1445954591035843,-4.103939533233643,15.679069519042969,-1575.4924854439573,0.03117735498583882
s8_7.tif,EpsonV39-1,300,2480,3508,0.7069555302166477,25495.0732421875,0.9455378651618958,0.1649388074874878,-3.1570680141448975,8.776507377624512,-1506.3399641356395,0.03917807683819473
s8_70.tif,EpsonV39-1,300,2480,3508,0.7069555302166477,25495.0732421875,0.9391546845436096,0.18529653549194336,-3.0591847896575928,7.802485466003418,-1472.7277757130469,0.03141724445507044
s8_71.tif,EpsonV39-1,300,2480,3508,0.7069555302166477,25495.0732421875,0.9581868052482605,0.14503434300422668,-3.8353984355926514,13.724937438964844,-1526.6281932799611,0.028013388751977047
s8_72.tif,EpsonV39-1,300,2480,3508,0.7069555302166477,25495.0732421875,0.9620665907859802,0.1595245748758316,-4.290890216827393,16.78359031677246,-1654.4222643713822,0.009498680435502262
s8_73.tif,EpsonV39-1,300,2480,3508,0.7069555302166477,25495.0732421875,0.9569842219352722,0.14262469112873077,-3.8167717456817627,13.872148513793945,-1477.541934628073,0.03681286092617795
s8_74.tif,EpsonV39-1,300,2480,3508,0.7069555302166477,25495.0732421875,0.9711616635322571,0.12547388672828674,-4.809995651245117,22.256805419921875,-1634.2559048361472,0.024631602420274394
s8_75.tif,EpsonV39-1,300,2480,3508,0.7069555302166477,25495.0732421875,0.9656133651733398,0.13795006275177002,-4.363245010375977,17.930322647094727,-1592.7939844124498,0.027916260528929267
s8_76.tif,EpsonV39-1,300,2480,3508,0.7069555302166477,25495.0732421875,0.9684879183769226,0.1291073113679886,-4.587847709655762,20.1729793548584,-1563.1421303534544,0.028869496450509433
s8_77.tif,EpsonV39-1,300,2480,3508,0.7069555302166477,25495.0732421875,0.9734476804733276,0.1168016716837883,-5.0366129875183105,24.801942825317383,-1604.8283283658777,0.02005692058704528
s8_78.tif,EpsonV39-1,300,2480,3508,0.7069555302166477,25495.0732421875,0.9632636904716492,0.13755685091018677,-4.182300090789795,16.75119972229004,-1568.4628163637317,0.031074134696730055
s8_79.tif,EpsonV39-1,300,2480,3508,0.7069555302166477,25495.0732421875,0.9722662568092346,0.11559564620256424,-4.9950385093688965,25.126192092895508,-1596.2937903066684,0.0213182081509545
s8_8.tif,EpsonV39-1,300,2480,3508,0.7069555302166477,25495.0732421875,0.9471535682678223,0.15137434005737305,-3.4223930835723877,11.08468246459961,-1357.7326934907078,0.034599486887115165
s8_80.tif,EpsonV39-1,300,2480,3508,0.7069555302166477,25495.0732421875,0.9715909957885742,0.11922354251146317,-4.780096530914307,22.43956756591797,-1611.7095915510854,0.028861680214808547
s8_81.tif,EpsonV39-1,300,2480,3508,0.7069555302166477,25495.0732421875,0.9649266004562378,0.11732760816812515,-4.108210563659668,17.73363494873047,-1513.4150606945993,0.02134303619376908
s8_82.tif,EpsonV39-1,300,2480,3508,0.7069555302166477,25495.0732421875,0.9723368287086487,0.12293040752410889,-5.038127422332764,24.537673950195312,-1576.725631262905,0.02087992422849156
s8_83.tif,EpsonV39-1,300,2480,3508,0.7069555302166477,25495.0732421875,0.9773838520050049,0.11391810327768326,-5.510603904724121,29.68484878540039,-1743.0358300748017,0.018612181373450547
s8_84.tif,EpsonV39-1,300,2480,3508,0.7069555302166477,25495.0732421875,0.9716855883598328,0.12252180278301239,-4.893416881561279,23.222925186157227,-1596.0277425015568,0.026062778166035236
s8_85.tif,EpsonV39-1,300,2480,3508,0.7069555302166477,25495.0732421875,0.954070508480072,0.14991694688796997,-3.4800944328308105,11.18083667755127,-1533.2790747354309,0.02740682587265973
s8_86.tif,EpsonV39-1,300,2480,3508,0.7069555302166477,25495.0732421875,0.9502544403076172,0.16274413466453552,-3.3356544971466064,9.739137649536133,-1553.6473502269814,0.019928412476551294
s8_87.tif,EpsonV39-1,300,2480,3508,0.7069555302166477,25495.0732421875,0.9164246320724487,0.1885932832956314,-2.3094675540924072,4.195305824279785,-1252.086236375724,0.041683755103542136
s8_88.tif,EpsonV39-1,300,2480,3508,0.7069555302166477,25495.0732421875,0.9590732455253601,0.13746879994869232,-3.8011112213134766,13.9783935546875,-1483.951057364117,0.02537759315113841
s8_89.tif,EpsonV39-1,300,2480,3508,0.7069555302166477,25495.0732421875,0.9710072875022888,0.12599483132362366,-4.763677597045898,21.916122436523438,-1668.605169471856,0.02359618107919226
s8_9.tif,EpsonV39-1,300,2480,3508,0.7069555302166477,25495.0732421875,0.9593487977981567,0.13560625910758972,-3.7243571281433105,13.464120864868164,-1523.7805349120542,0.025938752896604994
s8_90.tif,EpsonV39-1,300,2480,3508,0.7069555302166477,25495.0732421875,0.9453686475753784,0.16001878678798676,-3.2058136463165283,9.308934211730957,-1394.0439941731115,0.042735728473167325
s8_91.tif,EpsonV39-1,300,2480,3508,0.7069555302166477,25495.0732421875,0.9854635000228882,0.08756309747695923,-7.055144786834717,50.27445983886719,-1739.17115205533,0.01361369864273366
s8_92.tif,EpsonV39-1,300,2480,3508,0.7069555302166477,25495.0732421875,0.963641345500946,0.13818521797657013,-4.169987201690674,16.40750503540039,-1568.7310991305505,0.035515020965902824
s8_93.tif,EpsonV39-1,300,2480,3508,0.7069555302166477,25495.0732421875,0.9336093068122864,0.18110843002796173,-2.7941884994506836,6.473024368286133,-1376.6936039580937,0.03549237687129878
s8_94.tif,EpsonV39-1,300,2480,3508,0.7069555302166477,25495.0732421875,0.9720613360404968,0.11886487901210785,-4.886396884918213,23.47683334350586,-1572.2306120454296,0.022802258432338986
s8_95.tif,EpsonV39-1,300,2480,3508,0.7069555302166477,25495.0732421875,0.9633622169494629,0.14648285508155823,-4.134768486022949,15.776298522949219,-1685.3488154243191,0.01756308161989186
s8_96.tif,EpsonV39-1,300,2480,3508,0.7069555302166477,25495.0732421875,0.9565293192863464,0.14817403256893158,-3.6925947666168213,12.689513206481934,-1539.0221011809379,0.034509140397984334
s8_97.tif,EpsonV39-1,300,2480,3508,0.7069555302166477,25495.0732421875,0.9706581830978394,0.12467934191226959,-4.7520647048950195,21.809404373168945,-1603.8450496615042,0.02852167396181999
s8_98.tif,EpsonV39-1,300,2480,3508,0.7069555302166477,25495.0732421875,0.9602658152580261,0.1459558755159378,-3.981208086013794,14.825206756591797,-1534.2116502071256,0.023408936256298966
s8_99.tif,EpsonV39-1,300,2480,3508,0.7069555302166477,25495.0732421875,0.9464707374572754,0.17208461463451385,-3.2914674282073975,9.460976600646973,-1534.8979528131515,0.030473778828116378
s9_1.tif,EpsonV39-2,150,1240,1754,0.7069555302166477,6374.0810546875,0.9611249566078186,0.13095925748348236,-3.851271152496338,14.525453567504883,-1531.7741371564523,0.06669547945709346
s9_10.tif,EpsonV39-2,150,1240,1754,0.7069555302166477,6374.0810546875,0.9551422595977783,0.13643912971019745,-3.6112496852874756,12.843290328979492,-1490.7087271712662,0.062057693015043956
s9_100.tif,EpsonV39-2,150,1240,1754,0.7069555302166477,6374.0810546875,0.9527513980865479,0.13722726702690125,-3.4540324211120605,11.564399719238281,-1443.7698355594598,0.066662835178578
s9_101.tif,EpsonV39-2,150,1240,1754,0.7069555302166477,6374.0810546875,0.9550041556358337,0.1280367523431778,-3.19545578956604,9.62171459197998,-1445.087284481595,0.1070925442306985
s9_102.tif,EpsonV39-2,150,1240,1754,0.7069555302166477,6374.0810546875,0.916937530040741,0.1929343342781067,-2.3492815494537354,4.310086727142334,-1359.2227036540319,0.07507448412844374
s9_103.tif,EpsonV39-2,150,1240,1754,0.7069555302166477,6374.0810546875,0.9700340628623962,0.11498361080884933,-4.556025505065918,21.10918617248535,-1644.7164983322334,0.04298469856916909
s9_104.tif,EpsonV39-2,150,1240,1754,0.7069555302166477,6374.0810546875,0.9773653149604797,0.10843862593173981,-5.443657875061035,29.475955963134766,-1692.4144052900813,0.032263122080406076
s9_105.tif,EpsonV39-2,150,1240,1754,0.7069555302166477,6374.0810546875,0.9508940577507019,0.145394429564476,-3.1658849716186523,9.191102027893066,-1510.1357409853028,0.03780851142089969
s9_106.tif,EpsonV39-2,150,1240,1754,0.7069555302166477,6374.0810546875,0.9865620732307434,0.07894852012395859,-6.981597423553467,50.95378112792969,-1824.0034340074924,0.027400963695884063
s9_107.tif,EpsonV39-2,150,1240,1754,0.7069555302166477,6374.0810546875,0.9775272011756897,0.09897980093955994,-5.2912726402282715,28.84872055053711,-1648.0783735849666,0.04278515466951116
s9_108.tif,EpsonV39-2,150,1240,1754,0.7069555302166477,6374.0810546875,0.9689005613327026,0.12318048626184464,-4.457911968231201,19.574113845825195,-1663.981276271928,0.05413065067863317
s9_11.tif,EpsonV39-2,150,1240,1754,0.7069555302166477,6374.0810546875,0.9245825409889221,0.19926176965236664,-2.611464262008667,5.371520042419434,-1463.0758505649205,0.05977075440467871
s9_12.tif,EpsonV39-2,150,1240,1754,0.7069555302166477,6374.0810546875,0.9709176421165466,0.11957215517759323,-4.61243200302124,21.001258850097656,-1693.1578441368144,0.04951769227939824
s9_13.tif,EpsonV39-2,150,1240,1754,0.7069555302166477,6374.0810546875,0.972115695476532,0.11810434609651566,-4.789532661437988,22.68600082397461,-1670.3280171346798,0.045004505829992276
s9_14.tif,EpsonV39-2,150,1240,1754,0.7069555302166477,6374.0810546875,0.9752570390701294,0.11083265393972397,-5.087893486022949,25.89564323425293,-1720.652117092225,0.04117041232942215
s9_15.tif,EpsonV39-2,150,1240,1754,0.7069555302166477,6374.0810546875,0.9413583278656006,0.1597285121679306,-2.900048017501831,7.487491607666016,-1446.5621110155469,0.06705364696362232
s9_16.tif,EpsonV39-2,150,1240,1754,0.7069555302166477,6374.0810546875,0.9615408778190613,0.12697674334049225,-3.879595994949341,14.882856369018555,-1488.9930688715053,0.059112811270092325
s9_17.tif,EpsonV39-2,150,1240,1754,0.7069555302166477,6374.0810546875,0.9312766790390015,0.196958988904953,-2.8136019706726074,6.323101043701172,-1536.9936769160404,0.0468266083054401
s9_18.tif,EpsonV39-2,150,1240,1754,0.7069555302166477,6374.0810546875,0.9044391512870789,0.20235200226306915,-2.0680747032165527,2.964203357696533,-1280.1447886563597,0.06420807738992901
s9_19.tif,EpsonV39-2,150,1240,1754,0.7069555302166477,6374.0810546875,0.9333779811859131,0.19376865029335022,-2.960866689682007,7.41242790222168,-1514.4857101451282,0.047839960275131495
s9_2.tif,EpsonV39-2,150,1240,1754,0.7069555302166477,6374.0810546875,0.9681732058525085,0.12569008767604828,-4.421569347381592,19.147977828979492,-1659.2359783711738,0.05182945893257807
s9_20.tif,EpsonV39-2,150,1240,1754,0.7069555302166477,6374.0810546875,0.9392668008804321,0.1683083176612854,-2.9046967029571533,7.367278099060059,-1474.5880416389225,0.07053371096479935
s9_21.tif,EpsonV39-2,150,1240,1754,0.7069555302166477,6374.0810546875,0.9240742325782776,0.2026621699333191,-2.7010111808776855,5.892670631408691,-1394.3695199641184,0.06698927796373266
s9_22.tif,EpsonV39-2,150,1240,1754,0.7069555302166477,6374.0810546875,0.970517635345459,0.12061689049005508,-4.624911785125732,21.1832332611084,-1679.036313542083,0.04535117887225512
s9_23.tif,EpsonV39-2,150,1240,1754,0.7069555302166477,6374.0810546875,0.9754988551139832,0.10053247958421707,-4.9211273193359375,24.921283721923828,-1630.7320729866765,0.05218026998197668
s9_24.tif,EpsonV39-2,150,1240,1754,0.7069555302166477,6374.0810546875,0.9652565121650696,0.11591006070375443,-3.947131633758545,15.59425163269043,-1504.1839113365863,0.0822474896090043
s9_25.tif,EpsonV39-2,150,1240,1754,0.7069555302166477,6374.0810546875,0.968677818775177,0.11048471927642822,-4.185044288635254,17.79155921936035,-1574.1370967844557,0.07632002427630853
s9_26.tif,EpsonV39-2,150,1240,1754,0.7069555302166477,6374.0810546875,0.9674516916275024,0.12436800450086594,-4.15983772277832,16.5541934967041,-1633.748820684329,0.03431511384117409
s9_27.tif,EpsonV39-2,150,1240,1754,0.7069555302166477,6374.0810546875,0.9750528931617737,0.1006077378988266,-4.740939140319824,23.05678939819336,-1653.5700370660823,0.05497986169860595
s9_28.tif,EpsonV39-2,150,1240,1754,0.7069555302166477,6374.0810546875,0.9718919992446899,0.1068120226264,-4.28721809387207,18.231521606445312,-1666.6834406244634,0.04756731158274175
s9_29.tif,EpsonV39-2,150,1240,1754,0.7069555302166477,6374.0810546875,0.9594047665596008,0.12318041175603867,-3.4716384410858154,11.651564598083496,-1476.1420706598362,0.09788869680361938
s9_3.tif,EpsonV39-2,150,1240,1754,0.7069555302166477,6374.0810546875,0.965711772441864,0.12838856875896454,-4.217520236968994,17.40259552001953,-1639.052225277538,0.06028156839666017
s9_30.tif,EpsonV39-2,150,1240,1754,0.7069555302166477,6374.0810546875,0.9723569750785828,0.10149680078029633,-4.3573808670043945,19.284286499023438,-1559.7252443416255,0.059861790561665504
s9_31.tif,EpsonV39-2,150,1240,1754,0.7069555302166477,6374.0810546875,0.9602101445198059,0.12147966027259827,-3.497687578201294,11.900782585144043,-1493.8516613202708,0.09200491043513444
s9_32.tif,EpsonV39-2,150,1240,1754,0.7069555302166477,6374.0810546875,0.9646526575088501,0.12098981440067291,-4.036050319671631,16.476198196411133,-1596.570056387723,0.06474785743186082
s9_33.tif,EpsonV39-2,150,1240,1754,0.7069555302166477,6374.0810546875,0.966865599155426,0.11512135714292526,-4.031164169311523,16.31344223022461,-1570.9020013186764,0.07242202155441939
s9_34.tif,EpsonV39-2,150,1240,1754,0.7069555302166477,6374.0810546875,0.9714193344116211,0.10588973760604858,-4.322607040405273,18.887964248657227,-1622.7423268344726,0.06695479457093464
s9_35.tif,EpsonV39-2,150,1240,1754,0.7069555302166477,6374.0810546875,0.9505392909049988,0.13393543660640717,-3.0630903244018555,8.761646270751953,-1364.9156458625762,0.11286046639938206
s9_36.tif,EpsonV39-2,150,1240,1754,0.7069555302166477,6374.0810546875,0.9943785071372986,0.05108138918876648,-11.510295867919922,140.4379119873047,-1858.3878281563664,0.008485213521168206
s9_37.tif,EpsonV39-2,150,1240,1754,0.7069555302166477,6374.0810546875,0.948698103427887,0.1543412208557129,-3.1864397525787354,9.133724212646484,-1517.1353900010758,0.056670467502850624
s9_38.tif,EpsonV39-2,150,1240,1754,0.7069555302166477,6374.0810546875,0.9542580246925354,0.1400572657585144,-3.4332501888275146,11.297426223754883,-1500.0716938181997,0.06684720638540478
s9_39.tif,EpsonV39-2,150,1240,1754,0.7069555302166477,6374.0810546875,0.9617736339569092,0.1355554759502411,-3.9301226139068604,14.760196685791016,-1593.1076941966498,0.06542005370213705
s9_4.tif,EpsonV39-2,150,1240,1754,0.7069555302166477,6374.0810546875,0.9434260129928589,0.1565798670053482,-2.7838268280029297,6.494806289672852,-1504.6562505432455,0.06139285320189797
s9_40.tif,EpsonV39-2,150,1240,1754,0.7069555302166477,6374.0810546875,0.9795910120010376,0.09631752967834473,-5.574163436889648,31.90738296508789,-1697.4300227551166,0.03781678743517122
s9_41.tif,EpsonV39-2,150,1240,1754,0.7069555302166477,6374.0810546875,0.9740990400314331,0.10585048794746399,-4.764823913574219,23.0517520904541,-1668.436414434549,0.05360788244381506
s9_42.tif,EpsonV39-2,150,1240,1754,0.7069555302166477,6374.0810546875,0.8827999830245972,0.2456493377685547,-1.8476243019104004,1.6969594955444336,-1288.095015010621,0.06084341780998271
s9_43.tif,EpsonV39-2,150,1240,1754,0.7069555302166477,6374.0810546875,0.9722485542297363,0.11778813600540161,-4.776716232299805,22.591888427734375,-1699.5623312502444,0.04524083201530143
s9_44.tif,EpsonV39-2,150,1240,1754,0.7069555302166477,6374.0810546875,0.9298468232154846,0.19623126089572906,-2.768745183944702,6.11318302154541,-1474.0269205051047,0.057816235700886454
s9_45.tif,EpsonV39-2,150,1240,1754,0.7069555302166477,6374.0810546875,0.9756506085395813,0.11119204014539719,-5.111093044281006,26.01531219482422,-1756.5508019943716,0.04087063670136462
s9_46.tif,EpsonV39-2,150,1240,1754,0.7069555302166477,6374.0810546875,0.9231058359146118,0.19309064745903015,-2.4996066093444824,4.838592052459717,-1414.0324730390957,0.06925046897414205
s9_47.tif,EpsonV39-2,150,1240,1754,0.7069555302166477,6374.0810546875,0.962666928768158,0.12961778044700623,-4.088346004486084,16.86836051940918,-1588.1756466329025,0.05062989664177732
s9_48.tif,EpsonV39-2,150,1240,1754,0.7069555302166477,6374.0810546875,0.9278594851493835,0.18357722461223602,-2.743377447128296,6.5068464279174805,-1371.3143780814771,0.045367271122227534
s9_49.tif,EpsonV39-2,150,1240,1754,0.7069555302166477,6374.0810546875,0.9650416374206543,0.11835701763629913,-3.840967893600464,14.548236846923828,-1573.096171595057,0.06950472652370618
s9_5.tif,EpsonV39-2,150,1240,1754,0.7069555302166477,6374.0810546875,0.9262834191322327,0.17700321972370148,-2.5159878730773926,5.294628143310547,-1371.9943346740156,0.07943916209953286
s9_50.tif,EpsonV39-2,150,1240,1754,0.7069555302166477,6374.0810546875,0.9219040870666504,0.21616968512535095,-2.729397773742676,5.888282775878906,-1514.5904211420113,0.042437562070107036
s9_51.tif,EpsonV39-2,150,1240,1754,0.7069555302166477,6374.0810546875,0.961471676826477,0.13286837935447693,-3.615250825881958,12.13157844543457,-1612.3175062042596,0.03667607680141244
s9_52.tif,EpsonV39-2,150,1240,1754,0.7069555302166477,6374.0810546875,0.9510367512702942,0.16461537778377533,-3.5066277980804443,11.092926025390625,-1547.822586850088,0.03612664140949719
s9_53.tif,EpsonV39-2,150,1240,1754,0.7069555302166477,6374.0810546875,0.9529356956481934,0.16262009739875793,-3.4953370094299316,10.818063735961914,-1660.9342780071984,0.03393441718468385
s9_54.tif,EpsonV39-2,150,1240,1754,0.7069555302166477,6374.0810546875,0.9302201867103577,0.18799465894699097,-2.6979217529296875,5.934990882873535,-1475.8278533566931,0.04972275352190385
s9_55.tif,EpsonV39-2,150,1240,1754,0.7069555302166477,6374.0810546875,0.9748830795288086,0.10076064616441727,-5.055354118347168,26.938091278076172,-1618.4974291344647,0.032329330194578294
s9_56.tif,EpsonV39-2,150,1240,1754,0.7069555302166477,6374.0810546875,0.9706846475601196,0.11639333516359329,-4.495165824890137,20.174169540405273,-1677.1053099487738,0.04331252069003568
s9_57.tif,EpsonV39-2,150,1240,1754,0.7069555302166477,6374.0810546875,0.9579005241394043,0.13312576711177826,-3.6302123069763184,12.76950740814209,-1496.7966909040993,0.053543053665354765
s9_58.tif,EpsonV39-2,150,1240,1754,0.7069555302166477,6374.0810546875,0.9594388604164124,0.13561955094337463,-3.7666149139404297,13.621538162231445,-1541.495196381705,0.07657336226873138
s9_59.tif,EpsonV39-2,150,1240,1754,0.7069555302166477,6374.0810546875,0.9588492512702942,0.13237744569778442,-3.6902554035186768,13.209142684936523,-1497.0770139002796,0.06740583734873284
s9_6.tif,EpsonV39-2,150,1240,1754,0.7069555302166477,6374.0810546875,0.9296969175338745,0.17388051748275757,-2.6187217235565186,5.794034004211426,-1336.3964073258664,0.05717806304483761
s9_60.tif,EpsonV39-2,150,1240,1754,0.7069555302166477,6374.0810546875,0.9343780875205994,0.18359045684337616,-2.8246686458587646,6.616564750671387,-1465.2402891894594,0.05586953323279509
s9_61.tif,EpsonV39-2,150,1240,1754,0.7069555302166477,6374.0810546875,0.9807334542274475,0.09528576582670212,-5.68444299697876,32.830440521240234,-1709.3685906970948,0.019967263765770404
s9_62.tif,EpsonV39-2,150,1240,1754,0.7069555302166477,6374.0810546875,0.9824753999710083,0.09414494782686234,-6.210115909576416,39.3755989074707,-1787.7917076931053,0.03009848456983117
s9_63.tif,EpsonV39-2,150,1240,1754,0.7069555302166477,6374.0810546875,0.9633458256721497,0.13285879790782928,-3.8988430500030518,14.459362030029297,-1644.4374559313642,0.045479916872034426
s9_64.tif,EpsonV39-2,150,1240,1754,0.7069555302166477,6374.0810546875,0.9669844508171082,0.1156814843416214,-4.040110111236572,16.4569091796875,-1605.434844700543,0.040317523080884245
s9_65.tif,EpsonV39-2,150,1240,1754,0.7069555302166477,6374.0810546875,0.97091144323349,0.10932695865631104,-4.278519630432129,18.648632049560547,-1677.8235650694944,0.0335022253282819
s9_66.tif,EpsonV39-2,150,1240,1754,0.7069555302166477,6374.0810546875,0.9501744508743286,0.14980551600456238,-3.045374631881714,8.039889335632324,-1560.8839810060103,0.03277991319380586
s9_67.tif,EpsonV39-2,150,1240,1754,0.7069555302166477,6374.0810546875,0.9397995471954346,0.17986634373664856,-2.91526198387146,6.9501800537109375,-1580.509239206409,0.030690219590245336
s9_68.tif,EpsonV39-2,150,1240,1754,0.7069555302166477,6374.0810546875,0.9833760261535645,0.09464430063962936,-6.458754062652588,42.03845977783203,-1779.9331918684757,0.019588406223562733
s9_69.tif,EpsonV39-2,150,1240,1754,0.7069555302166477,6374.0810546875,0.9648264646530151,0.13335959613323212,-4.16673469543457,16.653860092163086,-1650.3539820619678,0.05513664619119432
s9_7.tif,EpsonV39-2,150,1240,1754,0.7069555302166477,6374.0810546875,0.948025643825531,0.15627142786979675,-3.1600770950317383,8.951379776000977,-1567.2626552184518,0.058887059991907895
s9_70.tif,EpsonV39-2,150,1240,1754,0.7069555302166477,6374.0810546875,0.9410322904586792,0.17843587696552277,-3.092698097229004,8.134892463684082,-1484.712202327432,0.052074061132158754
s9_71.tif,EpsonV39-2,150,1240,1754,0.7069555302166477,6374.0810546875,0.9602509140968323,0.13654346764087677,-3.8619906902313232,14.246410369873047,-1578.8463727564206,0.04666660536285725
s9_72.tif,EpsonV39-2,150,1240,1754,0.7069555302166477,6374.0810546875,0.9632628560066223,0.15638680756092072,-4.3371453285217285,17.275257110595703,-1718.7812520146983,0.016915253613859565
s9_73.tif,EpsonV39-2,150,1240,1754,0.7069555302166477,6374.0810546875,0.9596593976020813,0.13076777756214142,-3.8187010288238525,14.371908187866211,-1524.945107079796,0.062059072350755876
s9_74.tif,EpsonV39-2,150,1240,1754,0.7069555302166477,6374.0810546875,0.9732633233070374,0.1156647801399231,-4.885125637054443,23.636899948120117,-1692.83403648564,0.042579173869864276
s9_75.tif,EpsonV39-2,150,1240,1754,0.7069555302166477,6374.0810546875,0.9673156142234802,0.12765932083129883,-4.406705856323242,18.8239803314209,-1589.4220355823477,0.049100213337256775
s9_76.tif,EpsonV39-2,150,1240,1754,0.7069555302166477,6374.0810546875,0.9708505868911743,0.11806648224592209,-4.641689777374268,21.337209701538086,-1614.3009996365026,0.049118604480082394
s9_77.tif,EpsonV39-2,150,1240,1754,0.7069555302166477,6374.0810546875,0.9754707217216492,0.10940870642662048,-5.126681804656982,26.268831253051758,-1677.4221092310725,0.03376245999926435
s9_78.tif,EpsonV39-2,150,1240,1754,0.7069555302166477,6374.0810546875,0.9660320281982422,0.12614132463932037,-4.220146656036377,17.6192569732666,-1647.0909436241875,0.05372650531504028
s9_79.tif,EpsonV39-2,150,1240,1754,0.7069555302166477,6374.0810546875,0.9744425415992737,0.10597467422485352,-5.0105719566345215,26.08537483215332,-1681.9416489600924,0.03635928936624122
s9_8.tif,EpsonV39-2,150,1240,1754,0.7069555302166477,6374.0810546875,0.9498754739761353,0.14245279133319855,-3.4364676475524902,11.444270133972168,-1436.7118409155055,0.05495411409865009
s9_80.tif,EpsonV39-2,150,1240,1754,0.7069555302166477,6374.0810546875,0.974233090877533,0.10795699059963226,-4.808654308319092,23.400737762451172,-1706.0181287125165,0.04824364586015375
s9_81.tif,EpsonV39-2,150,1240,1754,0.7069555302166477,6374.0810546875,0.9666491746902466,0.11070745438337326,-4.050537586212158,17.615951538085938,-1575.644064739549,0.03368797587082061
s9_82.tif,EpsonV39-2,150,1240,1754,0.7069555302166477,6374.0810546875,0.9749315977096558,0.11361244320869446,-5.121708393096924,25.962495803833008,-1681.3403807597265,0.03651331518740575
s9_83.tif,EpsonV39-2,150,1240,1754,0.7069555302166477,6374.0810546875,0.9790078997612,0.10491592437028885,-5.594887733459473,31.370235443115234,-1782.6563775271015,0.03235231912311031
s9_84.tif,EpsonV39-2,150,1240,1754,0.7069555302166477,6374.0810546875,0.974185049533844,0.11194213479757309,-4.9674835205078125,24.684228897094727,-1682.356350884022,0.04464863721631662
s9_85.tif,EpsonV39-2,150,1240,1754,0.7069555302166477,6374.0810546875,0.9557633996009827,0.14369109272956848,-3.460707426071167,11.187379837036133,-1593.3591717607471,0.04126880494353919
s9_86.tif,EpsonV39-2,150,1240,1754,0.7069555302166477,6374.0810546875,0.9523140788078308,0.15706703066825867,-3.347130060195923,9.886348724365234,-1639.1238147635656,0.03347877662117924
s9_87.tif,EpsonV39-2,150,1240,1754,0.7069555302166477,6374.0810546875,0.9198440909385681,0.17969532310962677,-2.293248414993286,4.2325592041015625,-1338.214976288136,0.06858792805384926
s9_88.tif,EpsonV39-2,150,1240,1754,0.7069555302166477,6374.0810546875,0.9608149528503418,0.13024812936782837,-3.7716219425201416,13.996789932250977,-1527.1656852094861,0.04179709052120499
s9_89.tif,EpsonV39-2,150,1240,1754,0.7069555302166477,6374.0810546875,0.9731937646865845,0.1165303885936737,-4.8484296798706055,23.306072235107422,-1733.521436075164,0.04012303674550337
s9_9.tif,EpsonV39-2,150,1240,1754,0.7069555302166477,6374.0810546875,0.9611936211585999,0.12759339809417725,-3.6738884449005127,13.302619934082031,-1563.6206333836792,0.042190660977673156
s9_90.tif,EpsonV39-2,150,1240,1754,0.7069555302166477,6374.0810546875,0.94847172498703,0.1499582678079605,-3.225018262863159,9.729138374328613,-1476.6684145007484,0.06252206937139074
s9_91.tif,EpsonV39-2,150,1240,1754,0.7069555302166477,6374.0810546875,0.9868019223213196,0.07985945791006088,-7.142355918884277,52.89788818359375,-1796.6689166561125,0.02291812263214036
s9_92.tif,EpsonV39-2,150,1240,1754,0.7069555302166477,6374.0810546875,0.9666541218757629,0.12501205503940582,-4.217257022857666,17.394744873046875,-1634.7962145341967,0.06065582815316144
s9_93.tif,EpsonV39-2,150,1240,1754,0.7069555302166477,6374.0810546875,0.9366671442985535,0.17282362282276154,-2.797402858734131,6.609213829040527,-1472.2448936407297,0.057341744215985584
s9_94.tif,EpsonV39-2,150,1240,1754,0.7069555302166477,6374.0810546875,0.9742823839187622,0.11081141978502274,-4.901310920715332,24.053936004638672,-1670.5399097286352,0.036051697502482806
s9_95.tif,EpsonV39-2,150,1240,1754,0.7069555302166477,6374.0810546875,0.9649546146392822,0.14045679569244385,-4.175658226013184,16.29804229736328,-1743.15816075921,0.029395023356751388
s9_96.tif,EpsonV39-2,150,1240,1754,0.7069555302166477,6374.0810546875,0.9588073492050171,0.13777069747447968,-3.688777208328247,13.01590347290039,-1574.8242928748873,0.05708472799499761
s9_97.tif,EpsonV39-2,150,1240,1754,0.7069555302166477,6374.0810546875,0.9734214544296265,0.11251365393400192,-4.809558868408203,23.101829528808594,-1690.662568387643,0.04811812631036893
s9_98.tif,EpsonV39-2,150,1240,1754,0.7069555302166477,6374.0810546875,0.9627529978752136,0.13827626407146454,-4.022223949432373,15.450822830200195,-1638.3070892830287,0.039248997682716
s9_99.tif,EpsonV39-2,150,1240,1754,0.7069555302166477,6374.0810546875,0.9491397738456726,0.16367478668689728,-3.34737229347229,10.051105499267578,-1605.2525963615874,0.05086852171993968
s9_1.tif,EpsonV39-2,300,2480,3508,0.7069555302166477,25495.0732421875,0.9575833082199097,0.14356793463230133,-3.8278634548187256,13.833084106445312,-1436.4881858343338,0.0395119910251223
s9_10.tif,EpsonV39-2,300,2480,3508,0.7069555302166477,25495.0732421875,0.9527177214622498,0.1461176872253418,-3.613624095916748,12.449508666992188,-1425.9883960523355,0.037455861257218524
s9_100.tif,EpsonV39-2,300,2480,3508,0.7069555302166477,25495.0732421875,0.9494147896766663,0.14897315204143524,-3.4555954933166504,11.218708992004395,-1362.0331296158906,0.04321642696877184
s9_101.tif,EpsonV39-2,300,2480,3508,0.7069555302166477,25495.0732421875,0.9498019218444824,0.147480309009552,-3.2852258682250977,9.841443061828613,-1343.9942637038791,0.06727962813109206
s9_102.tif,EpsonV39-2,300,2480,3508,0.7069555302166477,25495.0732421875,0.9138263463973999,0.20062483847141266,-2.338421583175659,4.150391578674316,-1275.1799413962672,0.050001264391069264
s9_103.tif,EpsonV39-2,300,2480,3508,0.7069555302166477,25495.0732421875,0.9675756096839905,0.1237546056509018,-4.5094194412231445,20.13828468322754,-1547.6042160275754,0.025284947769154374
s9_104.tif,EpsonV39-2,300,2480,3508,0.7069555302166477,25495.0732421875,0.9749230146408081,0.11635759472846985,-5.341813564300537,27.747282028198242,-1574.6247894038897,0.018208265899142973
s9_105.tif,EpsonV39-2,300,2480,3508,0.7069555302166477,25495.0732421875,0.948257565498352,0.15193085372447968,-3.188690185546875,9.267889022827148,-1400.3188171856702,0.02214155662632876
s9_106.tif,EpsonV39-2,300,2480,3508,0.7069555302166477,25495.0732421875,0.984981119632721,0.08685079962015152,-6.886552810668945,48.3990478515625,-1737.9246433112585,0.01580327914076581
s9_107.tif,EpsonV39-2,300,2480,3508,0.7069555302166477,25495.0732421875,0.9746261835098267,0.10973643511533737,-5.257923603057861,27.585933685302734,-1522.5276780555287,0.02490356144480818
s9_108.tif,EpsonV39-2,300,2480,3508,0.7069555302166477,25495.0732421875,0.9655267000198364,0.13552328944206238,-4.364109992980957,18.07402992248535,-1550.9563294902011,0.03192438021848678
s9_11.tif,EpsonV39-2,300,2480,3508,0.7069555302166477,25495.0732421875,0.9219297170639038,0.20659780502319336,-2.5778350830078125,5.082577705383301,-1412.7663367791154,0.036759526611983666
s9_12.tif,EpsonV39-2,300,2480,3508,0.7069555302166477,25495.0732421875,0.9679155945777893,0.1308847814798355,-4.535557746887207,19.641254425048828,-1576.1151525916277,0.028981337587817707
s9_13.tif,EpsonV39-2,300,2480,3508,0.7069555302166477,25495.0732421875,0.9699995517730713,0.12805885076522827,-4.716063976287842,21.33397102355957,-1619.6249965968043,0.02602840971787987
s9_14.tif,EpsonV39-2,300,2480,3508,0.7069555302166477,25495.0732421875,0.9724829196929932,0.12092115730047226,-4.993679523468018,24.198020935058594,-1596.8987650567403,0.023990326258873727
s9_15.tif,EpsonV39-2,300,2480,3508,0.7069555302166477,25495.0732421875,0.937599778175354,0.16883951425552368,-2.903085947036743,7.339478492736816,-1316.183124322391,0.04305918269761283
s9_16.tif,EpsonV39-2,300,2480,3508,0.7069555302166477,25495.0732421875,0.9590152502059937,0.13644684851169586,-3.8921024799346924,14.596626281738281,-1417.9146160641333,0.037346204068120795
s9_17.tif,EpsonV39-2,300,2480,3508,0.7069555302166477,25495.0732421875,0.9283792972564697,0.2034858614206314,-2.7701995372772217,5.9912614822387695,-1438.1524464636782,0.027333606135285248
s9_18.tif,EpsonV39-2,300,2480,3508,0.7069555302166477,25495.0732421875,0.9012072682380676,0.2089279145002365,-2.067361831665039,2.900393009185791,-1184.5598640549606,0.04226457038290359
s9_19.tif,EpsonV39-2,300,2480,3508,0.7069555302166477,25495.0732421875,0.9305843114852905,0.19957967102527618,-2.909480333328247,6.9810686111450195,-1408.5396074249625,0.028541214551072204
s9_2.tif,EpsonV39-2,300,2480,3508,0.7069555302166477,25495.0732421875,0.9657515287399292,0.13644546270370483,-4.342989444732666,17.850414276123047,-1603.4893629378025,0.030616884908228198
s9_20.tif,EpsonV39-2,300,2480,3508,0.7069555302166477,25495.0732421875,0.9359424114227295,0.17900213599205017,-2.886263847351074,7.034117698669434,-1402.8665817821834,0.04211364806709089
s9_21.tif,EpsonV39-2,300,2480,3508,0.7069555302166477,25495.0732421875,0.9212135076522827,0.21035365760326385,-2.647128105163574,5.453618049621582,-1350.0163262288647,0.041043283554640084
s9_22.tif,EpsonV39-2,300,2480,3508,0.7069555302166477,25495.0732421875,0.968385636806488,0.12924593687057495,-4.5565056800842285,19.95909309387207,-1595.4520256103842,0.02642738257255306
s9_23.tif,EpsonV39-2,300,2480,3508,0.7069555302166477,25495.0732421875,0.9726176857948303,0.11298296600580215,-4.953586101531982,24.384634017944336,-1522.7593680661969,0.031910586861367565
s9_24.tif,EpsonV39-2,300,2480,3508,0.7069555302166477,25495.0732421875,0.9606688618659973,0.13317494094371796,-3.9890356063842773,15.268838882446289,-1392.1737312647815,0.05019057821753044
s9_25.tif,EpsonV39-2,300,2480,3508,0.7069555302166477,25495.0732421875,0.9651799201965332,0.12562328577041626,-4.222023963928223,17.42461395263672,-1492.283482794213,0.04602946720859234
s9_26.tif,EpsonV39-2,300,2480,3508,0.7069555302166477,25495.0732421875,0.9655113220214844,0.13029785454273224,-4.150356769561768,16.30022621154785,-1544.4203561204001,0.021251195424283664
s9_27.tif,EpsonV39-2,300,2480,3508,0.7069555302166477,25495.0732421875,0.9718578457832336,0.11434297263622284,-4.775045394897461,22.543434143066406,-1544.7703331004675,0.03407556920587045
s9_28.tif,EpsonV39-2,300,2480,3508,0.7069555302166477,25495.0732421875,0.9696176052093506,0.11497030407190323,-4.363085746765137,18.725799560546875,-1553.7245939370325,0.03050102070842682
s9_29.tif,EpsonV39-2,300,2480,3508,0.7069555302166477,25495.0732421875,0.9540015459060669,0.143498495221138,-3.5512921810150146,11.695902824401855,-1359.4574824609688,0.06158975337477471
s9_3.tif,EpsonV39-2,300,2480,3508,0.7069555302166477,25495.0732421875,0.9623619914054871,0.14065934717655182,-4.133858680725098,16.087568283081055,-1530.0024202410652,0.03575479549049178
s9_30.tif,EpsonV39-2,300,2480,3508,0.7069555302166477,25495.0732421875,0.9693560004234314,0.1157447099685669,-4.499231815338135,19.986217498779297,-1483.0261972732708,0.0378569031154596
s9_31.tif,EpsonV39-2,300,2480,3508,0.7069555302166477,25495.0732421875,0.9564205408096313,0.14005829393863678,-3.6040940284729004,12.16294002532959,-1455.1884173575877,0.05762922076727848
s9_32.tif,EpsonV39-2,300,2480,3508,0.7069555302166477,25495.0732421875,0.9617289900779724,0.13170424103736877,-3.992229461669922,15.579925537109375,-1500.0113556600318,0.039153248795380145
s9_33.tif,EpsonV39-2,300,2480,3508,0.7069555302166477,25495.0732421875,0.9628749489784241,0.13134105503559113,-4.059910297393799,15.835638046264648,-1468.7606705038636,0.04478645584286608
s9_34.tif,EpsonV39-2,300,2480,3508,0.7069555302166477,25495.0732421875,0.9682886004447937,0.1217743530869484,-4.407296657562256,18.88968849182129,-1552.8157531889785,0.041806171147975135
s9_35.tif,EpsonV39-2,300,2480,3508,0.7069555302166477,25495.0732421875,0.9459655284881592,0.15308915078639984,-3.146127939224243,8.885217666625977,-1316.8510095502968,0.07166626052892927
s9_36.tif,EpsonV39-2,300,2480,3508,0.7069555302166477,25495.0732421875,0.9933381676673889,0.055384762585163116,-11.274215698242188,132.00856018066406,-1769.7960759714267,0.005266303748114908
s9_37.tif,EpsonV39-2,300,2480,3508,0.7069555302166477,25495.0732421875,0.94623863697052,0.1627129167318344,-3.1751606464385986,8.860013008117676,-1450.761451695146,0.035623758597859274
s9_38.tif,EpsonV39-2,300,2480,3508,0.7069555302166477,25495.0732421875,0.9499725103378296,0.15230189263820648,-3.4325919151306152,10.929604530334473,-1363.238883573506,0.0401143009526612
s9_39.tif,EpsonV39-2,300,2480,3508,0.7069555302166477,25495.0732421875,0.957593560218811,0.14839759469032288,-3.8638839721679688,13.76291275024414,-1450.8131761268132,0.03790506492073417
s9_4.tif,EpsonV39-2,300,2480,3508,0.7069555302166477,25495.0732421875,0.9399151802062988,0.1668137013912201,-2.8181145191192627,6.622897148132324,-1399.7623430532199,0.03662067348365027
s9_40.tif,EpsonV39-2,300,2480,3508,0.7069555302166477,25495.0732421875,0.9776145219802856,0.10652598738670349,-5.532715797424316,30.388202667236328,-1631.0375060436,0.02314686247103395
s9_41.tif,EpsonV39-2,300,2480,3508,0.7069555302166477,25495.0732421875,0.9714676141738892,0.11894819140434265,-4.761387348175049,22.144405364990234,-1596.1633752278865,0.032880604700776105
s9_42.tif,EpsonV39-2,300,2480,3508,0.7069555302166477,25495.0732421875,0.8792724609375,0.2511523962020874,-1.8294715881347656,1.5967035293579102,-1183.6066884346876,0.0381564488542318
s9_43.tif,EpsonV39-2,300,2480,3508,0.7069555302166477,25495.0732421875,0.9693297743797302,0.12813527882099152,-4.683864116668701,21.052560806274414,-1574.8758585705102,0.02649336079743995
s9_44.tif,EpsonV39-2,300,2480,3508,0.7069555302166477,25495.0732421875,0.9266023635864258,0.20380893349647522,-2.720033884048462,5.730756759643555,-1385.713380514623,0.03467833891197999
s9_45.tif,EpsonV39-2,300,2480,3508,0.7069555302166477,25495.0732421875,0.973386287689209,0.12108921259641647,-5.0122785568237305,24.310016632080078,-1675.0342069896426,0.023862277926950382
s9_46.tif,EpsonV39-2,300,2480,3508,0.7069555302166477,25495.0732421875,0.9203342795372009,0.20085467398166656,-2.4722540378570557,4.57830286026001,-1356.230560567309,0.04436759756501269
s9_47.tif,EpsonV39-2,300,2480,3508,0.7069555302166477,25495.0732421875,0.9603601098060608,0.1386849731206894,-4.046295642852783,15.96969985961914,-1519.4321470018406,0.02971192573656527
s9_48.tif,EpsonV39-2,300,2480,3508,0.7069555302166477,25495.0732421875,0.9254007935523987,0.1889358013868332,-2.7228853702545166,6.277050018310547,-1276.230181836267,0.027938674734247985
s9_49.tif,EpsonV39-2,300,2480,3508,0.7069555302166477,25495.0732421875,0.9622501730918884,0.13280129432678223,-3.9080936908721924,14.534355163574219,-1531.9854679234877,0.045258878324199066
s9_5.tif,EpsonV39-2,300,2480,3508,0.7069555302166477,25495.0732421875,0.9224614500999451,0.18730232119560242,-2.510152816772461,5.099058151245117,-1284.7461597618628,0.0511853091551109
s9_50.tif,EpsonV39-2,300,2480,3508,0.7069555302166477,25495.0732421875,0.9195721745491028,0.2207191288471222,-2.6859729290008545,5.575222969055176,-1421.1467187251383,0.025687139073822047
s9_51.tif,EpsonV39-2,300,2480,3508,0.7069555302166477,25495.0732421875,0.9597347378730774,0.13930532336235046,-3.6528139114379883,12.330827713012695,-1548.562112284618,0.022224546658329347
s9_52.tif,EpsonV39-2,300,2480,3508,0.7069555302166477,25495.0732421875,0.9491946697235107,0.16967172920703888,-3.4681999683380127,10.673009872436523,-1487.4482290760739,0.02080934821789826
s9_53.tif,EpsonV39-2,300,2480,3508,0.7069555302166477,25495.0732421875,0.950953483581543,0.16848288476467133,-3.4580490589141846,10.438987731933594,-1585.9077611490643,0.0205433663147828
s9_54.tif,EpsonV39-2,300,2480,3508,0.7069555302166477,25495.0732421875,0.9286319017410278,0.19332754611968994,-2.6897757053375244,5.806100845336914,-1443.9234093071507,0.028750298856070916
s9_55.tif,EpsonV39-2,300,2480,3508,0.7069555302166477,25495.0732421875,0.9724046587944031,0.10858506709337234,-5.071002006530762,26.46072769165039,-1489.3195148918894,0.019533347739728545
s9_56.tif,EpsonV39-2,300,2480,3508,0.7069555302166477,25495.0732421875,0.9682534337043762,0.12533968687057495,-4.480179309844971,19.567323684692383,-1574.7247237509546,0.02591082134843859
s9_57.tif,EpsonV39-2,300,2480,3508,0.7069555302166477,25495.0732421875,0.9548214077949524,0.14265203475952148,-3.627418041229248,12.445870399475098,-1399.9584900860198,0.03202783039688086
s9_58.tif,EpsonV39-2,300,2480,3508,0.7069555302166477,25495.0732421875,0.9551703333854675,0.15070872008800507,-3.7241322994232178,12.784062385559082,-1437.3706495985232,0.04498393073895612
s9_59.tif,EpsonV39-2,300,2480,3508,0.7069555302166477,25495.0732421875,0.9560150504112244,0.14473983645439148,-3.684433698654175,12.661565780639648,-1445.0847133404973,0.043746091882149556
s9_6.tif,EpsonV39-2,300,2480,3508,0.7069555302166477,25495.0732421875,0.9267566800117493,0.18035128712654114,-2.621814489364624,5.7301740646362305,-1237.4744551072122,0.03673653768345165
s9_60.tif,EpsonV39-2,300,2480,3508,0.7069555302166477,25495.0732421875,0.9311898946762085,0.19075129926204681,-2.784832715988159,6.265137672424316,-1358.5033226636856,0.035596631662191486
s9_61.tif,EpsonV39-2,300,2480,3508,0.7069555302166477,25495.0732421875,0.978647768497467,0.10035549104213715,-5.6630940437316895,32.27897262573242,-1570.702194494124,0.011795734174421599
s9_62.tif,EpsonV39-2,300,2480,3508,0.7069555302166477,25495.0732421875,0.9810144901275635,0.10174285620450974,-6.095104217529297,36.969112396240234,-1732.2346064112182,0.017487218155736197
s9_63.tif,EpsonV39-2,300,2480,3508,0.7069555302166477,25495.0732421875,0.961094081401825,0.13992731273174286,-3.902249336242676,14.30801010131836,-1543.8098763722492,0.030264234744547026
s9_64.tif,EpsonV39-2,300,2480,3508,0.7069555302166477,25495.0732421875,0.9655023813247681,0.12181908637285233,-4.105355739593506,16.78753662109375,-1540.4289763339937,0.02761740445801302
s9_65.tif,EpsonV39-2,300,2480,3508,0.7069555302166477,25495.0732421875,0.9692550897598267,0.11612574756145477,-4.3695220947265625,19.197107315063477,-1590.986586130337,0.023552732004266747
s9_66.tif,EpsonV39-2,300,2480,3508,0.7069555302166477,25495.0732421875,0.9477104544639587,0.15497490763664246,-3.0662662982940674,8.156126022338867,-1427.3815766072357,0.018876783940854083
s9_67.tif,EpsonV39-2,300,2480,3508,0.7069555302166477,25495.0732421875,0.9376046657562256,0.1843162328004837,-2.907766819000244,6.881994247436523,-1473.513580920443,0.021407979916872034
s9_68.tif,EpsonV39-2,300,2480,3508,0.7069555302166477,25495.0732421875,0.9814674854278564,0.09999009966850281,-6.3434367179870605,40.001712799072266,-1647.029590660137,0.011393312980468607
s9_69.tif,EpsonV39-2,300,2480,3508,0.7069555302166477,25495.0732421875,0.9616210460662842,0.14416445791721344,-4.095919132232666,15.611988067626953,-1538.523271449833,0.03121425221613271
s9_7.tif,EpsonV39-2,300,2480,3508,0.7069555302166477,25495.0732421875,0.9452308416366577,0.1644526571035385,-3.1520631313323975,8.746482849121094,-1470.131374813763,0.03908336245264281
s9_70.tif,EpsonV39-2,300,2480,3508,0.7069555302166477,25495.0732421875,0.9387458562850952,0.18494781851768494,-3.0561342239379883,7.7851762771606445,-1433.091249112317,0.0314429920550263
s9_71.tif,EpsonV39-2,300,2480,3508,0.7069555302166477,25495.0732421875,0.9572688341140747,0.14522898197174072,-3.819045066833496,13.608003616333008,-1460.7045486204318,0.02812178155000552
s9_72.tif,EpsonV39-2,300,2480,3508,0.7069555302166477,25495.0732421875,0.961700975894928,0.15890653431415558,-4.286161422729492,16.750762939453125,-1605.4563691436235,0.009515577297973296
s9_73.tif,EpsonV39-2,300,2480,3508,0.7069555302166477,25495.0732421875,0.956544041633606,0.14231307804584503,-3.8028037548065186,13.779102325439453,-1441.2600600106139,0.03678423971015559
s9_74.tif,EpsonV39-2,300,2480,3508,0.7069555302166477,25495.0732421875,0.9709092378616333,0.12507091462612152,-4.800795555114746,22.163419723510742,-1604.7442742867688,0.024637349652407402
s9_75.tif,EpsonV39-2,300,2480,3508,0.7069555302166477,25495.0732421875,0.9636505842208862,0.13794338703155518,-4.3241047859191895,17.618202209472656,-1452.7735139096649,0.027970974178835473
s9_76.tif,EpsonV39-2,300,2480,3508,0.7069555302166477,25495.0732421875,0.9679874777793884,0.12907278537750244,-4.572988510131836,20.045522689819336,-1528.2925277473832,0.028927773384338103
s9_77.tif,EpsonV39-2,300,2480,3508,0.7069555302166477,25495.0732421875,0.973805844783783,0.11623197793960571,-5.047680854797363,24.916160583496094,-1627.166540317145,0.020073817449516314
s9_78.tif,EpsonV39-2,300,2480,3508,0.7069555302166477,25495.0732421875,0.9631821513175964,0.13711369037628174,-4.176206588745117,16.693016052246094,-1549.236378878898,0.03100838636112848
s9_79.tif,EpsonV39-2,300,2480,3508,0.7069555302166477,25495.0732421875,0.9721486568450928,0.1152276024222374,-4.987737655639648,25.057476043701172,-1579.7307698016039,0.021372921800860707
s9_8.tif,EpsonV39-2,300,2480,3508,0.7069555302166477,25495.0732421875,0.9469966292381287,0.1510264128446579,-3.416053533554077,11.043387413024902,-1344.3430982406683,0.03433913727149005
s9_80.tif,EpsonV39-2,300,2480,3508,0.7069555302166477,25495.0732421875,0.9718575477600098,0.11870478093624115,-4.78401517868042,22.463409423828125,-1626.8242837261691,0.02886133538088057
s9_81.tif,EpsonV39-2,300,2480,3508,0.7069555302166477,25495.0732421875,0.9644356966018677,0.11695153266191483,-4.112457275390625,17.838193893432617,-1458.3543590124852,0.021249931033214403
s9_82.tif,EpsonV39-2,300,2480,3508,0.7069555302166477,25495.0732421875,0.9722194671630859,0.12243437021970749,-5.0328264236450195,24.471282958984375,-1556.877443308974,0.02089268308382683
s9_83.tif,EpsonV39-2,300,2480,3508,0.7069555302166477,25495.0732421875,0.9773085713386536,0.11346234381198883,-5.499763488769531,29.542346954345703,-1724.6773751675514,0.01861792860558355
s9_84.tif,EpsonV39-2,300,2480,3508,0.7069555302166477,25495.0732421875,0.9713137149810791,0.12228996306657791,-4.880316734313965,23.095849990844727,-1564.6493408187346,0.026070249567808144
s9_85.tif,EpsonV39-2,300,2480,3508,0.7069555302166477,25495.0732421875,0.9538701176643372,0.14974942803382874,-3.472554922103882,11.125968933105469,-1513.6150532420488,0.02722682256225402
s9_86.tif,EpsonV39-2,300,2480,3508,0.7069555302166477,25495.0732421875,0.9501027464866638,0.16230244934558868,-3.3347392082214355,9.734842300415039,-1524.026579419417,0.01989220491411336
s9_87.tif,EpsonV39-2,300,2480,3508,0.7069555302166477,25495.0732421875,0.9158691167831421,0.18845966458320618,-2.302076578140259,4.163156032562256,-1216.295656656144,0.04159731673226174
s9_88.tif,EpsonV39-2,300,2480,3508,0.7069555302166477,25495.0732421875,0.9588828086853027,0.136942520737648,-3.7985355854034424,13.97607421875,-1459.8794638575862,0.025336328024423437
s9_89.tif,EpsonV39-2,300,2480,3508,0.7069555302166477,25495.0732421875,0.9709277153015137,0.12560948729515076,-4.75880241394043,21.86214256286621,-1652.2252170481386,0.02359687074704822
s9_9.tif,EpsonV39-2,300,2480,3508,0.7069555302166477,25495.0732421875,0.9582639932632446,0.13521291315555573,-3.7062201499938965,13.321735382080078,-1425.6374765868768,0.026001397726854746
s9_90.tif,EpsonV39-2,300,2480,3508,0.7069555302166477,25495.0732421875,0.9458791613578796,0.15934456884860992,-3.218210220336914,9.384047508239746,-1405.3895318218022,0.0427251535660426
s9_91.tif,EpsonV39-2,300,2480,3508,0.7069555302166477,25495.0732421875,0.9847651124000549,0.08779454976320267,-7.016939640045166,49.743080139160156,-1667.3656033540108,0.013622319490933166
s9_92.tif,EpsonV39-2,300,2480,3508,0.7069555302166477,25495.0732421875,0.9634436368942261,0.1376894861459732,-4.162465572357178,16.348217010498047,-1544.4442257515864,0.0354880089748777
s9_93.tif,EpsonV39-2,300,2480,3508,0.7069555302166477,25495.0732421875,0.9335489869117737,0.1806383728981018,-2.7868049144744873,6.4315290451049805,-1369.343357974992,0.03519260124324126
s9_94.tif,EpsonV39-2,300,2480,3508,0.7069555302166477,25495.0732421875,0.9720757007598877,0.11815100908279419,-4.8803391456604,23.415626525878906,-1560.560531182989,0.022752257512781843
s9_95.tif,EpsonV39-2,300,2480,3508,0.7069555302166477,25495.0732421875,0.9632826447486877,0.14628461003303528,-4.127280235290527,15.709964752197266,-1676.4384748785933,0.017540207636002503
s9_96.tif,EpsonV39-2,300,2480,3508,0.7069555302166477,25495.0732421875,0.9564676284790039,0.14769934117794037,-3.6878678798675537,12.656649589538574,-1522.4900553171472,0.03444304722845477
s9_97.tif,EpsonV39-2,300,2480,3508,0.7069555302166477,25495.0732421875,0.9707646369934082,0.12389887869358063,-4.751166343688965,21.826879501342773,-1602.1605314176768,0.028519604958252107
s9_98.tif,EpsonV39-2,300,2480,3508,0.7069555302166477,25495.0732421875,0.9602096080780029,0.14561492204666138,-3.9783341884613037,14.810285568237305,-1524.5556447191177,0.023320658770736014
s9_99.tif,EpsonV39-2,300,2480,3508,0.7069555302166477,25495.0732421875,0.9465699195861816,0.17186953127384186,-3.292050838470459,9.466460227966309,-1541.9955079135063,0.030463893588847612
s10_1.tif,EpsonV550,150,1239,1754,0.7063854047890535,6368.9423828125,0.9605267643928528,0.12539052963256836,-3.8006105422973633,14.081544876098633,-1333.0576073184334,0.0672849237486
s10_10.tif,EpsonV550,150,1239,1754,0.7063854047890535,2812.9609375,0.9544913172721863,0.1322726011276245,-3.5243682861328125,12.203853607177734,-1328.3238551945387,0.06186942241094494
s10_100.tif,EpsonV550,150,1239,1754,0.7063854047890535,6368.9423828125,0.9493040442466736,0.13977555930614471,-3.452028274536133,11.564544677734375,-1218.9664064179835,0.06745563927211687
s10_101.tif,EpsonV550,150,1239,1754,0.7063854047890535,6368.9423828125,0.9550811052322388,0.12087646871805191,-3.192896842956543,9.689077377319336,-1236.5489987193248,0.10699169797985096
s10_102.tif,EpsonV550,150,1239,1754,0.7063854047890535,6368.9423828125,0.9136807322502136,0.19326704740524292,-2.3040032386779785,4.041444301605225,-1125.918366261793,0.07441080136903727
s10_103.tif,EpsonV550,150,1239,1754,0.7063854047890535,6368.9423828125,0.969573438167572,0.11194070428609848,-4.513779640197754,20.87310791015625,-1500.3871178541904,0.04330836561283192
s10_104.tif,EpsonV550,150,1239,1754,0.7063854047890535,6368.9423828125,0.9757806062698364,0.10233175754547119,-5.446472644805908,29.726947784423828,-1443.3534139536916,0.03242996752263706
s10_105.tif,EpsonV550,150,1239,1754,0.7063854047890535,6368.9423828125,0.9345449805259705,0.14923523366451263,-3.0356931686401367,8.270952224731445,-887.8743104804029,0.03812293910471442
s10_106.tif,EpsonV550,150,1239,1754,0.7063854047890535,6368.9423828125,0.9858267903327942,0.07710909843444824,-7.072463512420654,52.65350341796875,-1645.8583957309065,0.027721256061321385
s10_107.tif,EpsonV550,150,1239,1754,0.7063854047890535,6368.9423828125,0.9762835502624512,0.09388042986392975,-5.25445032119751,28.511594772338867,-1428.4093204162514,0.04352279535396092
s10_108.tif,EpsonV550,150,1239,1754,0.7063854047890535,6368.9423828125,0.9698857069015503,0.11616721749305725,-4.496595859527588,20.02837371826172,-1533.3665611236015,0.05410715781200678
s10_11.tif,EpsonV550,150,1239,1754,0.7063854047890535,6368.9423828125,0.9250367879867554,0.19608360528945923,-2.6103713512420654,5.346477508544922,-1355.5907551048977,0.05964643940795304
s10_12.tif,EpsonV550,150,1239,1754,0.7063854047890535,6368.9423828125,0.9701054692268372,0.11377953737974167,-4.616275787353516,21.192596435546875,-1450.0074670296292,0.04965428956113686
s10_13.tif,EpsonV550,150,1239,1754,0.7063854047890535,6368.9423828125,0.971807062625885,0.11149901896715164,-4.811946868896484,23.07495880126953,-1470.9526282754548,0.04503254638538638
s10_14.tif,EpsonV550,150,1239,1754,0.7063854047890535,6368.9423828125,0.9743973016738892,0.10525581240653992,-5.081383228302002,26.05312728881836,-1491.6008923731824,0.0418828219690172
s10_15.tif,EpsonV550,150,1239,1754,0.7063854047890535,6368.9423828125,0.939091145992279,0.1584804356098175,-2.8548426628112793,7.176629066467285,-1226.528168747237,0.06748738959859304
s10_16.tif,EpsonV550,150,1239,1754,0.7063854047890535,6368.9423828125,0.9591768980026245,0.12405098229646683,-3.805408000946045,14.316535949707031,-1268.3310992857153,0.059756415176472
s10_17.tif,EpsonV550,150,1239,1754,0.7063854047890535,6368.9423828125,0.9317732453346252,0.1937551498413086,-2.834024667739868,6.447806358337402,-1416.864454524189,0.04701441096702291
s10_18.tif,EpsonV550,150,1239,1754,0.7063854047890535,6368.9423828125,0.9013620018959045,0.20257313549518585,-2.017117738723755,2.7016677856445312,-1085.4122223218878,0.06462709931778211
s10_19.tif,EpsonV550,150,1239,1754,0.7063854047890535,6368.9423828125,0.9327479600906372,0.1891125738620758,-2.9446561336517334,7.325936317443848,-1312.8332113950187,0.04794023208108205
s10_2.tif,EpsonV550,150,1239,1754,0.7063854047890535,6368.9423828125,0.9691927433013916,0.1185465008020401,-4.454430103302002,19.561344146728516,-1548.5023570534233,0.05196746189730748
s10_20.tif,EpsonV550,150,1239,1754,0.7063854047890535,6368.9423828125,0.9389848113059998,0.1643499732017517,-2.8861916065216064,7.2520647048950195,-1301.6223324334264,0.0704305068180375
s10_21.tif,EpsonV550,150,1239,1754,0.7063854047890535,6368.9423828125,0.9251085519790649,0.19626767933368683,-2.707761287689209,5.929137229919434,-1250.9433347914508,0.06645941526021923
s10_22.tif,EpsonV550,150,1239,1754,0.7063854047890535,6368.9423828125,0.9702485799789429,0.11423162370920181,-4.6194305419921875,21.249412536621094,-1470.3050547218222,0.04567859650672785
s10_23.tif,EpsonV550,150,1239,1754,0.7063854047890535,6368.9423828125,0.974702000617981,0.09515458345413208,-4.907101631164551,24.96363067626953,-1421.044479555557,0.05275017646739426
s10_24.tif,EpsonV550,150,1239,1754,0.7063854047890535,6368.9423828125,0.9649518728256226,0.10880428552627563,-3.937791585922241,15.679811477661133,-1307.6882715733148,0.0820810360361604
s10_25.tif,EpsonV550,150,1239,1754,0.7063854047890535,6368.9423828125,0.9696546196937561,0.10454166680574417,-4.1953125,17.993892669677734,-1482.1647322947604,0.07592745464534885
s10_26.tif,EpsonV550,150,1239,1754,0.7063854047890535,6368.9423828125,0.9654030799865723,0.12504756450653076,-4.157475471496582,16.515487670898438,-1425.8710073898544,0.034611537056312196
s10_27.tif,EpsonV550,150,1239,1754,0.7063854047890535,6368.9423828125,0.9746730327606201,0.09515330940485,-4.743844985961914,23.230382919311523,-1459.830383411831,0.05566062306104438
s10_28.tif,EpsonV550,150,1239,1754,0.7063854047890535,6368.9423828125,0.9688444137573242,0.10870485007762909,-4.196750164031982,17.426820755004883,-1417.3444087812074,0.048478607182199936
s10_29.tif,EpsonV550,150,1239,1754,0.7063854047890535,6368.9423828125,0.959540069103241,0.11554276198148727,-3.477919340133667,11.849599838256836,-1279.355189544782,0.09822124547787922
s10_3.tif,EpsonV550,150,1239,1754,0.7063854047890535,6368.9423828125,0.9652823805809021,0.121851846575737,-4.22334623336792,17.57207489013672,-1414.0140897338224,0.06062379728382859
s10_30.tif,EpsonV550,150,1239,1754,0.7063854047890535,6368.9423828125,0.9710388779640198,0.09683150798082352,-4.367803573608398,19.54619598388672,-1342.985798184749,0.059898601421126206
s10_31.tif,EpsonV550,150,1239,1754,0.7063854047890535,6368.9423828125,0.9619061946868896,0.11428021639585495,-3.518178939819336,12.142806053161621,-1403.6807695564087,0.09167285567958122
s10_32.tif,EpsonV550,150,1239,1754,0.7063854047890535,6368.9423828125,0.9626174569129944,0.11918064206838608,-4.023717880249023,16.46072769165039,-1344.1874276343992,0.06561918198274806
s10_33.tif,EpsonV550,150,1239,1754,0.7063854047890535,6368.9423828125,0.9663013815879822,0.10876595973968506,-4.013866424560547,16.3197078704834,-1362.6142628302466,0.07278601292284302
s10_34.tif,EpsonV550,150,1239,1754,0.7063854047890535,6368.9423828125,0.971390426158905,0.09942882508039474,-4.322947978973389,19.076013565063477,-1425.1309722699723,0.06746622271427559
s10_35.tif,EpsonV550,150,1239,1754,0.7063854047890535,6368.9423828125,0.9525827765464783,0.12481376528739929,-3.0772557258605957,8.940351486206055,-1241.8008976247086,0.11356539600939809
s10_36.tif,EpsonV550,150,1239,1754,0.7063854047890535,6368.9423828125,0.9924082159996033,0.04806814342737198,-11.260933876037598,137.4827117919922,-1610.742308595297,0.009047922746394037
s10_37.tif,EpsonV550,150,1239,1754,0.7063854047890535,6368.9423828125,0.9474311470985413,0.15404778718948364,-3.216383457183838,9.341367721557617,-1329.3575174863502,0.056300691236817864
s10_38.tif,EpsonV550,150,1239,1754,0.7063854047890535,6368.9423828125,0.9528895616531372,0.13623946905136108,-3.3705623149871826,10.833818435668945,-1283.8702175244061,0.06700791365383678
s10_39.tif,EpsonV550,150,1239,1754,0.7063854047890535,6368.9423828125,0.961590588092804,0.12858344614505768,-3.946575880050659,14.99354362487793,-1373.8005928680439,0.0653099614118496
s10_4.tif,EpsonV550,150,1239,1754,0.7063854047890535,6368.9423828125,0.941234827041626,0.15764102339744568,-2.7469022274017334,6.1058244705200195,-1316.3069061043727,0.061709290329586795
s10_40.tif,EpsonV550,150,1239,1754,0.7063854047890535,6368.9423828125,0.978618323802948,0.0909079983830452,-5.575094223022461,32.139137268066406,-1481.1591114953235,0.03799271675119616
s10_41.tif,EpsonV550,150,1239,1754,0.7063854047890535,6368.9423828125,0.973376452922821,0.10059934854507446,-4.777717590332031,23.409259796142578,-1446.306534135716,0.054074487186212446
s10_42.tif,EpsonV550,150,1239,1754,0.7063854047890535,6368.9423828125,0.879040539264679,0.24892733991146088,-1.8441241979599,1.6557412147521973,-1095.1688406598862,0.06067211299803148
s10_43.tif,EpsonV550,150,1239,1754,0.7063854047890535,6368.9423828125,0.9710406064987183,0.1121344044804573,-4.779154300689697,22.784456253051758,-1435.9221639155862,0.04583274664251801
s10_44.tif,EpsonV550,150,1239,1754,0.7063854047890535,6368.9423828125,0.9291101098060608,0.19242043793201447,-2.8009889125823975,6.320436477661133,-1248.4346183437897,0.05805616218618943
s10_45.tif,EpsonV550,150,1239,1754,0.7063854047890535,6368.9423828125,0.9758485555648804,0.10544746369123459,-5.140883922576904,26.46755599975586,-1592.0980747381702,0.04111897353495251
s10_46.tif,EpsonV550,150,1239,1754,0.7063854047890535,6368.9423828125,0.9125596880912781,0.1953253448009491,-2.4830920696258545,4.788947582244873,-905.0185283181488,0.0692414800989874
s10_47.tif,EpsonV550,150,1239,1754,0.7063854047890535,6368.9423828125,0.9606785774230957,0.1263411045074463,-3.989931583404541,16.054706573486328,-1341.7814211133746,0.05134994105482867
s10_48.tif,EpsonV550,150,1239,1754,0.7063854047890535,6368.9423828125,0.925908088684082,0.18162038922309875,-2.6932895183563232,6.215415954589844,-1182.5643593560374,0.04659613492692363
s10_49.tif,EpsonV550,150,1239,1754,0.7063854047890535,6368.9423828125,0.9537196755409241,0.11595610529184341,-3.7378506660461426,13.935924530029297,-987.4840739422699,0.06973522068317499
s10_5.tif,EpsonV550,150,1239,1754,0.7063854047890535,6368.9423828125,0.9239846467971802,0.17645157873630524,-2.462935209274292,4.973608493804932,-1187.654301711073,0.08017601644758941
s10_50.tif,EpsonV550,150,1239,1754,0.7063854047890535,6368.9423828125,0.9219010472297668,0.21053986251354218,-2.7244133949279785,5.8746843338012695,-1307.995249141422,0.04327845588499203
s10_51.tif,EpsonV550,150,1239,1754,0.7063854047890535,6368.9423828125,0.9586942791938782,0.1358530968427658,-3.5580356121063232,11.393697738647461,-1397.4250481613592,0.037146961677816094
s10_52.tif,EpsonV550,150,1239,1754,0.7063854047890535,6368.9423828125,0.9498640298843384,0.16147559881210327,-3.5005342960357666,11.019306182861328,-1345.409723448704,0.03604214234637674
s10_53.tif,EpsonV550,150,1239,1754,0.7063854047890535,6368.9423828125,0.9525651931762695,0.1606595367193222,-3.514193058013916,10.959860801696777,-1499.1079684487468,0.03430783828132262
s10_54.tif,EpsonV550,150,1239,1754,0.7063854047890535,6368.9423828125,0.9288170337677002,0.1862904578447342,-2.6867198944091797,5.843918800354004,-1265.9123997497181,0.04923371277274221
s10_55.tif,EpsonV550,150,1239,1754,0.7063854047890535,6368.9423828125,0.972827672958374,0.09882445633411407,-4.898536205291748,25.33514976501465,-1408.7954830786014,0.032466319345703994
s10_56.tif,EpsonV550,150,1239,1754,0.7063854047890535,6368.9423828125,0.9687808156013489,0.1135157123208046,-4.429305076599121,19.62420082092285,-1422.2521199609628,0.04368338758497814
s10_57.tif,EpsonV550,150,1239,1754,0.7063854047890535,6368.9423828125,0.9543107748031616,0.13898003101348877,-3.6473538875579834,12.840272903442383,-1302.7558852821928,0.053913434805536155
s10_58.tif,EpsonV550,150,1239,1754,0.7063854047890535,6368.9423828125,0.9594910740852356,0.12855373322963715,-3.767188549041748,13.713724136352539,-1338.0129407146567,0.07667243694339147
s10_59.tif,EpsonV550,150,1239,1754,0.7063854047890535,6368.9423828125,0.9584166407585144,0.12856845557689667,-3.742863416671753,13.71513557434082,-1315.1753087535662,0.0678283604959677
s10_6.tif,EpsonV550,150,1239,1754,0.7063854047890535,6368.9423828125,0.9266383647918701,0.1732417792081833,-2.563183069229126,5.452732086181641,-1129.559491272358,0.0579089142952854
s10_60.tif,EpsonV550,150,1239,1754,0.7063854047890535,6368.9423828125,0.9317018389701843,0.18464112281799316,-2.820204734802246,6.527941703796387,-1242.5578286135185,0.055516596217753865
s10_61.tif,EpsonV550,150,1239,1754,0.7063854047890535,6368.9423828125,0.9777604937553406,0.0969681367278099,-5.618091106414795,31.74209213256836,-1457.632843084802,0.020384169747368633
s10_62.tif,EpsonV550,150,1239,1754,0.7063854047890535,6368.9423828125,0.982342541217804,0.0893394872546196,-6.246639728546143,40.11367416381836,-1631.4365751421378,0.028827455841737966
s10_63.tif,EpsonV550,150,1239,1754,0.7063854047890535,6368.9423828125,0.9615969061851501,0.13195408880710602,-3.8999078273773193,14.466499328613281,-1413.1181591587276,0.04558978762252635
s10_64.tif,EpsonV550,150,1239,1754,0.7063854047890535,6368.9423828125,0.9645341038703918,0.11591020971536636,-3.9395010471343994,15.407014846801758,-1384.2460841494978,0.04116498850086002
s10_65.tif,EpsonV550,150,1239,1754,0.7063854047890535,6368.9423828125,0.9684420228004456,0.10918830335140228,-4.160740375518799,17.464475631713867,-1425.571838015651,0.03427332705689198
s10_66.tif,EpsonV550,150,1239,1754,0.7063854047890535,6368.9423828125,0.9475102424621582,0.1515168696641922,-3.0147454738616943,7.765220642089844,-1341.055198597326,0.03315562353499852
s10_67.tif,EpsonV550,150,1239,1754,0.7063854047890535,6368.9423828125,0.9370622038841248,0.18076898157596588,-2.896054744720459,6.806036949157715,-1340.4628862217955,0.030481693866113015
s10_68.tif,EpsonV550,150,1239,1754,0.7063854047890535,6368.9423828125,0.9814260601997375,0.09261366724967957,-6.455870151519775,42.18699264526367,-1530.9210086667463,0.020026633462267268
s10_69.tif,EpsonV550,150,1239,1754,0.7063854047890535,6368.9423828125,0.9646111726760864,0.12710554897785187,-4.179641246795654,16.85158348083496,-1423.4499182021223,0.05588701669330933
s10_7.tif,EpsonV550,150,1239,1754,0.7063854047890535,6368.9423828125,0.9474270939826965,0.1536048799753189,-3.124270439147949,8.695542335510254,-1426.0879871775685,0.05910622370819885
s10_70.tif,EpsonV550,150,1239,1754,0.7063854047890535,6368.9423828125,0.9394270777702332,0.17686334252357483,-3.110750198364258,8.25729751586914,-1283.2659736342464,0.05140699961255399
s10_71.tif,EpsonV550,150,1239,1754,0.7063854047890535,6368.9423828125,0.9605911374092102,0.1324484944343567,-3.8721721172332764,14.416969299316406,-1469.8704670239977,0.046558862804538546
s10_72.tif,EpsonV550,150,1239,1754,0.7063854047890535,6368.9423828125,0.9621516466140747,0.15234969556331635,-4.361199855804443,17.540775299072266,-1484.445647471209,0.017101462079526744
s10_73.tif,EpsonV550,150,1239,1754,0.7063854047890535,6368.9423828125,0.958301842212677,0.12674380838871002,-3.7535290718078613,13.896013259887695,-1312.2651349546502,0.0628095081644354
s10_74.tif,EpsonV550,150,1239,1754,0.7063854047890535,6368.9423828125,0.9726496338844299,0.10987032949924469,-4.892847537994385,23.866073608398438,-1466.8236866106286,0.0430423991098865
s10_75.tif,EpsonV550,150,1239,1754,0.7063854047890535,6368.9423828125,0.9674276113510132,0.12082888931035995,-4.431482791900635,19.121660232543945,-1410.107313685315,0.04969386243181732
s10_76.tif,EpsonV550,150,1239,1754,0.7063854047890535,6368.9423828125,0.9692851305007935,0.11197756230831146,-4.6293110847473145,21.40245819091797,-1371.6653141422448,0.049291231480126596
s10_77.tif,EpsonV550,150,1239,1754,0.7063854047890535,6368.9423828125,0.9748180508613586,0.1059061586856842,-5.150810718536377,26.74997329711914,-1512.868359838668,0.034219489546780196
s10_78.tif,EpsonV550,150,1239,1754,0.7063854047890535,6368.9423828125,0.9646677374839783,0.12091995775699615,-4.167942523956299,17.219200134277344,-1380.552573982475,0.05377723050644992
s10_79.tif,EpsonV550,150,1239,1754,0.7063854047890535,6368.9423828125,0.9728696942329407,0.10222740471363068,-4.888418674468994,24.949268341064453,-1445.3812278736095,0.0369044628074835
s10_8.tif,EpsonV550,150,1239,1754,0.7063854047890535,6368.9423828125,0.9467872977256775,0.14061331748962402,-3.31362247467041,10.628939628601074,-1210.316418191793,0.05741103236416612
s10_80.tif,EpsonV550,150,1239,1754,0.7063854047890535,6368.9423828125,0.9725731015205383,0.10382132232189178,-4.736198902130127,22.84027099609375,-1446.4701953848041,0.04869303692332894
s10_81.tif,EpsonV550,150,1239,1754,0.7063854047890535,6368.9423828125,0.9633395075798035,0.11187411099672318,-3.8032727241516113,15.111968994140625,-1344.330889202499,0.03426872556030123
s10_82.tif,EpsonV550,150,1239,1754,0.7063854047890535,6368.9423828125,0.9734659194946289,0.10798688232898712,-5.125340461730957,26.136220932006836,-1429.0785813887185,0.037071036984068696
s10_83.tif,EpsonV550,150,1239,1754,0.7063854047890535,6368.9423828125,0.9790293574333191,0.09961263090372086,-5.614875793457031,31.71429443359375,-1627.5397564835646,0.03266096265149277
s10_84.tif,EpsonV550,150,1239,1754,0.7063854047890535,6368.9423828125,0.9732626676559448,0.1059337928891182,-4.986487865447998,25.056394577026367,-1440.5039407786549,0.044439413474838554
s10_85.tif,EpsonV550,150,1239,1754,0.7063854047890535,6368.9423828125,0.9536622166633606,0.14349763095378876,-3.421590566635132,10.81316089630127,-1366.5091961317164,0.041713026744818485
s10_86.tif,EpsonV550,150,1239,1754,0.7063854047890535,6368.9423828125,0.9497165083885193,0.15716204047203064,-3.3166427612304688,9.654913902282715,-1372.196298420289,0.034427477192682146
s10_87.tif,EpsonV550,150,1239,1754,0.7063854047890535,6368.9423828125,0.9166736602783203,0.18092361092567444,-2.2251758575439453,3.8177528381347656,-1145.1461072931293,0.06905327888842568
s10_88.tif,EpsonV550,150,1239,1754,0.7063854047890535,6368.9423828125,0.95784592628479,0.13052617013454437,-3.6540422439575195,12.864496231079102,-1310.242820217724,0.0428574189469383
s10_89.tif,EpsonV550,150,1239,1754,0.7063854047890535,6368.9423828125,0.9730920791625977,0.11227293312549591,-4.825030326843262,23.09148597717285,-1576.9025442393856,0.040171985536575916
s10_9.tif,EpsonV550,150,1239,1754,0.7063854047890535,6368.9423828125,0.9574988484382629,0.13128912448883057,-3.521886110305786,11.760068893432617,-1348.4244486246125,0.0428445347564842
s10_90.tif,EpsonV550,150,1239,1754,0.7063854047890535,6368.9423828125,0.946709930896759,0.1481611281633377,-3.201076030731201,9.55150318145752,-1260.0962507211864,0.06287761031397852
s10_91.tif,EpsonV550,150,1239,1754,0.7063854047890535,6368.9423828125,0.984653115272522,0.07641785591840744,-7.045787334442139,52.08408737182617,-1534.0171454179062,0.023451067225104292
s10_92.tif,EpsonV550,150,1239,1754,0.7063854047890535,6368.9423828125,0.9665252566337585,0.11899179965257645,-4.22908878326416,17.60300636291504,-1423.6742064211924,0.060873198399047306
s10_93.tif,EpsonV550,150,1239,1754,0.7063854047890535,6368.9423828125,0.9345635771751404,0.17267289757728577,-2.7740962505340576,6.440871238708496,-1262.9725378403607,0.05519955310265111
s10_94.tif,EpsonV550,150,1239,1754,0.7063854047890535,6368.9423828125,0.9714025259017944,0.1079631969332695,-4.806329250335693,23.193281173706055,-1397.79771893392,0.03667806917521855
s10_95.tif,EpsonV550,150,1239,1754,0.7063854047890535,6368.9423828125,0.9645141363143921,0.13865558803081512,-4.187514781951904,16.406970977783203,-1586.346875826645,0.029730269472843348
s10_96.tif,EpsonV550,150,1239,1754,0.7063854047890535,6368.9423828125,0.9576579332351685,0.13421234488487244,-3.671541929244995,12.8933687210083,-1349.4723675556777,0.057060858473609956
s10_97.tif,EpsonV550,150,1239,1754,0.7063854047890535,6368.9423828125,0.9724085330963135,0.10713452100753784,-4.8134307861328125,23.278133392333984,-1447.9651482281085,0.04829316686959267
s10_98.tif,EpsonV550,150,1239,1754,0.7063854047890535,6368.9423828125,0.9611999988555908,0.13587583601474762,-3.9996023178100586,15.23263168334961,-1399.0852927427652,0.03948452194591769
s10_99.tif,EpsonV550,150,1239,1754,0.7063854047890535,6368.9423828125,0.9485060572624207,0.16106998920440674,-3.3436005115509033,10.028116226196289,-1442.3786594285714,0.05083733433461899
s10_1.tif,EpsonV550,300,2478,3508,0.7063854047890535,25474.5185546875,0.9576611518859863,0.13616685569286346,-3.797542095184326,13.615188598632812,-1282.924648108358,0.04013885476112251
s10_10.tif,EpsonV550,300,2478,3508,0.7063854047890535,12044.7578125,0.9519712328910828,0.14101245999336243,-3.5310094356536865,11.878132820129395,-1267.092662143415,0.03825971859087449
s10_100.tif,EpsonV550,300,2478,3508,0.7063854047890535,25474.5185546875,0.9463312029838562,0.14933021366596222,-3.4178481101989746,10.92258071899414,-1168.4215097235704,0.043679476312876
s10_101.tif,EpsonV550,300,2478,3508,0.7063854047890535,25474.5185546875,0.9512472152709961,0.13751590251922607,-3.3156611919403076,10.152301788330078,-1199.7820806217183,0.06753317448967103
s10_102.tif,EpsonV550,300,2478,3508,0.7063854047890535,25474.5185546875,0.9108936786651611,0.19986633956432343,-2.2896432876586914,3.87221622467041,-1077.6808943482238,0.05048589503250037
s10_103.tif,EpsonV550,300,2478,3508,0.7063854047890535,25474.5185546875,0.9676070809364319,0.11950665712356567,-4.47686767578125,19.962505340576172,-1443.9601476324497,0.026111767591291392
s10_104.tif,EpsonV550,300,2478,3508,0.7063854047890535,25474.5185546875,0.9737868905067444,0.10935696214437485,-5.3711371421813965,28.29666519165039,-1373.5168220833798,0.01864756493401914
s10_105.tif,EpsonV550,300,2478,3508,0.7063854047890535,25474.5185546875,0.9454041123390198,0.1537308543920517,-3.1202831268310547,8.665782928466797,-1228.570699661336,0.023480171691040795
s10_106.tif,EpsonV550,300,2478,3508,0.7063854047890535,25474.5185546875,0.9843280911445618,0.08384771645069122,-6.941441535949707,49.361812591552734,-1579.5379296828423,0.016239026581005206
s10_107.tif,EpsonV550,300,2478,3508,0.7063854047890535,25474.5185546875,0.9740583896636963,0.10340309143066406,-5.262920379638672,27.80588722229004,-1365.3120828659657,0.025408428837395074
s10_108.tif,EpsonV550,300,2478,3508,0.7063854047890535,25474.5185546875,0.9672779440879822,0.12689200043678284,-4.429464817047119,18.771726608276367,-1471.7466375767217,0.03227558731201736
s10_11.tif,EpsonV550,300,2478,3508,0.7063854047890535,25474.5185546875,0.9224899411201477,0.20236589014530182,-2.571179151535034,5.0350799560546875,-1305.3460674269677,0.03759974894234601
s10_12.tif,EpsonV550,300,2478,3508,0.7063854047890535,25474.5185546875,0.9678040146827698,0.12333943694829941,-4.567258834838867,20.100622177124023,-1399.2954066574503,0.029415872218280275
s10_13.tif,EpsonV550,300,2478,3508,0.7063854047890535,25474.5185546875,0.9694889783859253,0.12072370201349258,-4.745793342590332,21.7857723236084,-1411.7602945788667,0.02648701963826715
s10_14.tif,EpsonV550,300,2478,3508,0.7063854047890535,25474.5185546875,0.9721881151199341,0.11365953087806702,-5.020286560058594,24.698871612548828,-1424.2636377088909,0.02446730774717169
s10_15.tif,EpsonV550,300,2478,3508,0.7063854047890535,25474.5185546875,0.9367236495018005,0.16585253179073334,-2.8620388507843018,7.058406829833984,-1184.5659707967673,0.04473621000494201
s10_16.tif,EpsonV550,300,2478,3508,0.7063854047890535,25474.5185546875,0.9569530487060547,0.13247275352478027,-3.815213680267334,14.026208877563477,-1224.4318270167362,0.0384866874102133
s10_17.tif,EpsonV550,300,2478,3508,0.7063854047890535,25474.5185546875,0.9296618700027466,0.1990356296300888,-2.7937450408935547,6.132611274719238,-1367.3267718285101,0.027930509118785793
s10_18.tif,EpsonV550,300,2478,3508,0.7063854047890535,25474.5185546875,0.8989377617835999,0.20819641649723053,-2.018190383911133,2.6463818550109863,-1040.6518010724183,0.044724361151220825
s10_19.tif,EpsonV550,300,2478,3508,0.7063854047890535,25474.5185546875,0.9309183359146118,0.19382977485656738,-2.904966354370117,6.973280906677246,-1270.0894099605248,0.029772948353722566
s10_2.tif,EpsonV550,300,2478,3508,0.7063854047890535,25474.5185546875,0.9668493270874023,0.12815441191196442,-4.385435581207275,18.352523803710938,-1489.1808892050803,0.031041465926377895
s10_20.tif,EpsonV550,300,2478,3508,0.7063854047890535,25474.5185546875,0.9358648657798767,0.17352570593357086,-2.858691453933716,6.876251220703125,-1246.2669178617361,0.042578568253538784
s10_21.tif,EpsonV550,300,2478,3508,0.7063854047890535,25474.5185546875,0.9224210977554321,0.20296816527843475,-2.6546764373779297,5.499712944030762,-1208.2864102956835,0.04116970503486554
s10_22.tif,EpsonV550,300,2478,3508,0.7063854047890535,25474.5185546875,0.9679686427116394,0.12223982810974121,-4.562861919403076,20.173961639404297,-1402.693349502086,0.02688458894370805
s10_23.tif,EpsonV550,300,2478,3508,0.7063854047890535,25474.5185546875,0.9722900390625,0.10605428367853165,-4.944930553436279,24.4973087310791,-1365.8905006627238,0.03228433015553979
s10_24.tif,EpsonV550,300,2478,3508,0.7063854047890535,25474.5185546875,0.961950957775116,0.12378399074077606,-4.012470722198486,15.599739074707031,-1278.520634725706,0.050409165076849595
s10_25.tif,EpsonV550,300,2478,3508,0.7063854047890535,25474.5185546875,0.9667731523513794,0.11773785948753357,-4.239425182342529,17.691804885864258,-1428.19535631547,0.046410349502072054
s10_26.tif,EpsonV550,300,2478,3508,0.7063854047890535,25474.5185546875,0.9634982943534851,0.13035181164741516,-4.125874042510986,16.05434799194336,-1363.5699512379258,0.021838242670046006
s10_27.tif,EpsonV550,300,2478,3508,0.7063854047890535,25474.5185546875,0.9721893668174744,0.10693083703517914,-4.806954383850098,23.026714324951172,-1402.802953529699,0.03445221023685743
s10_28.tif,EpsonV550,300,2478,3508,0.7063854047890535,25474.5185546875,0.9666792750358582,0.1161288321018219,-4.251521110534668,17.674280166625977,-1352.5429433424356,0.03106654408279749
s10_29.tif,EpsonV550,300,2478,3508,0.7063854047890535,25474.5185546875,0.9558093547821045,0.13284547626972198,-3.5899295806884766,12.12677001953125,-1247.3272802691781,0.06179464809134523
s10_3.tif,EpsonV550,300,2478,3508,0.7063854047890535,25474.5185546875,0.9625659584999084,0.13229231536388397,-4.165849685668945,16.507463455200195,-1358.768537916324,0.036225742060347704
s10_30.tif,EpsonV550,300,2478,3508,0.7063854047890535,25474.5185546875,0.968663215637207,0.10894498974084854,-4.5015869140625,20.16893196105957,-1299.9250921181326,0.03842065593413602
s10_31.tif,EpsonV550,300,2478,3508,0.7063854047890535,25474.5185546875,0.9583117365837097,0.13101652264595032,-3.6206934452056885,12.385619163513184,-1366.3283156150173,0.05798633447542479
s10_32.tif,EpsonV550,300,2478,3508,0.7063854047890535,25474.5185546875,0.960360586643219,0.127952441573143,-3.9908602237701416,15.65237808227539,-1299.0887938258218,0.03988519726155735
s10_33.tif,EpsonV550,300,2478,3508,0.7063854047890535,25474.5185546875,0.9636214375495911,0.12244533747434616,-4.083956718444824,16.196910858154297,-1330.359290290528,0.04512354098046849
s10_34.tif,EpsonV550,300,2478,3508,0.7063854047890535,25474.5185546875,0.9686161875724792,0.11286967992782593,-4.437810897827148,19.3851375579834,-1370.9433501378303,0.042134408795116526
s10_35.tif,EpsonV550,300,2478,3508,0.7063854047890535,25474.5185546875,0.948395848274231,0.14207391440868378,-3.180298328399658,9.217232704162598,-1202.9660937310286,0.07192139171344088
s10_36.tif,EpsonV550,300,2478,3508,0.7063854047890535,25474.5185546875,0.9912868142127991,0.052575141191482544,-11.115490913391113,130.4849853515625,-1538.383088215644,0.005728173030996602
s10_37.tif,EpsonV550,300,2478,3508,0.7063854047890535,25474.5185546875,0.9446117877960205,0.16146662831306458,-3.1765408515930176,8.865494728088379,-1265.0285865261337,0.03645800260076587
s10_38.tif,EpsonV550,300,2478,3508,0.7063854047890535,25474.5185546875,0.9500521421432495,0.14666222035884857,-3.391998052597046,10.649857521057129,-1238.525675962096,0.04073049218527834
s10_39.tif,EpsonV550,300,2478,3508,0.7063854047890535,25474.5185546875,0.9587563872337341,0.13977888226509094,-3.9086661338806152,14.213685989379883,-1328.6042510252726,0.03821669459775097
s10_4.tif,EpsonV550,300,2478,3508,0.7063854047890535,25474.5185546875,0.938750684261322,0.1659860908985138,-2.7667322158813477,6.155170440673828,-1276.0300450075526,0.03702191600796243
s10_40.tif,EpsonV550,300,2478,3508,0.7063854047890535,25474.5185546875,0.9766635298728943,0.10013903677463531,-5.552567481994629,30.87206268310547,-1424.2502109137977,0.023551149775953132
s10_41.tif,EpsonV550,300,2478,3508,0.7063854047890535,25474.5185546875,0.9706491231918335,0.11191903799772263,-4.778268337249756,22.540531158447266,-1376.0212718900414,0.033250414364768
s10_42.tif,EpsonV550,300,2478,3508,0.7063854047890535,25474.5185546875,0.8764358162879944,0.2533528506755829,-1.8264994621276855,1.5596957206726074,-1044.9038938075746,0.0392763042251862
s10_43.tif,EpsonV550,300,2478,3508,0.7063854047890535,25474.5185546875,0.9687560796737671,0.12107192724943161,-4.714213848114014,21.518192291259766,-1380.3018006859957,0.026967070770097266
s10_44.tif,EpsonV550,300,2478,3508,0.7063854047890535,25474.5185546875,0.9263916611671448,0.1986899971961975,-2.750786066055298,5.928859710693359,-1197.9020617364747,0.03511689641939144
s10_45.tif,EpsonV550,300,2478,3508,0.7063854047890535,25474.5185546875,0.9739625453948975,0.11401448398828506,-5.062562942504883,24.96465301513672,-1542.4249901516603,0.02424125922715104
s10_46.tif,EpsonV550,300,2478,3508,0.7063854047890535,25474.5185546875,0.9182209968566895,0.20106519758701324,-2.4833264350891113,4.653995990753174,-1171.1433651604523,0.04540331197318616
s10_47.tif,EpsonV550,300,2478,3508,0.7063854047890535,25474.5185546875,0.9585458636283875,0.13428911566734314,-3.964665174484253,15.356355667114258,-1295.3639949910082,0.030632392879460117
s10_48.tif,EpsonV550,300,2478,3508,0.7063854047890535,25474.5185546875,0.9237223863601685,0.18662399053573608,-2.6703476905822754,5.9715728759765625,-1126.2332058529857,0.029975414203715616
s10_49.tif,EpsonV550,300,2478,3508,0.7063854047890535,25474.5185546875,0.9619341492652893,0.1260697841644287,-3.9130613803863525,14.661258697509766,-1331.7125174029104,0.04573208890459533
s10_5.tif,EpsonV550,300,2478,3508,0.7063854047890535,25474.5185546875,0.9211740493774414,0.18464013934135437,-2.454672336578369,4.777632713317871,-1148.4079513166587,0.05220892543090715
s10_50.tif,EpsonV550,300,2478,3508,0.7063854047890535,25474.5185546875,0.9196255803108215,0.21444843709468842,-2.6862330436706543,5.599326133728027,-1237.785412308964,0.02649357677090897
s10_51.tif,EpsonV550,300,2478,3508,0.7063854047890535,25474.5185546875,0.9567528963088989,0.14142322540283203,-3.5640900135040283,11.360625267028809,-1336.9617717035346,0.022699067644760783
s10_52.tif,EpsonV550,300,2478,3508,0.7063854047890535,25474.5185546875,0.9473133087158203,0.16662591695785522,-3.452517509460449,10.544455528259277,-1267.7951815215167,0.021620591881303476
s10_53.tif,EpsonV550,300,2478,3508,0.7063854047890535,25474.5185546875,0.9508782029151917,0.16532514989376068,-3.4742720127105713,10.560380935668945,-1447.6517347969173,0.021268462354696243
s10_54.tif,EpsonV550,300,2478,3508,0.7063854047890535,25474.5185546875,0.9266421794891357,0.19134768843650818,-2.6640899181365967,5.634839057922363,-1216.248814733728,0.030166721424476097
s10_55.tif,EpsonV550,300,2478,3508,0.7063854047890535,25474.5185546875,0.9710193276405334,0.10559939593076706,-4.942053318023682,25.207035064697266,-1343.4272740666556,0.019936559166503314
s10_56.tif,EpsonV550,300,2478,3508,0.7063854047890535,25474.5185546875,0.9667200446128845,0.12092670053243637,-4.426272869110107,19.164810180664062,-1366.524568106313,0.026725147086838524
s10_57.tif,EpsonV550,300,2478,3508,0.7063854047890535,25474.5185546875,0.951853334903717,0.14644160866737366,-3.598092794418335,12.117976188659668,-1243.0124874135986,0.03338420287814409
s10_58.tif,EpsonV550,300,2478,3508,0.7063854047890535,25474.5185546875,0.9562796354293823,0.14165465533733368,-3.7527334690093994,13.098068237304688,-1300.142249738548,0.04528643395978108
s10_59.tif,EpsonV550,300,2478,3508,0.7063854047890535,25474.5185546875,0.9553508162498474,0.13943147659301758,-3.704967498779297,12.904022216796875,-1257.7655274199842,0.044197489791579815
s10_6.tif,EpsonV550,300,2478,3508,0.7063854047890535,25474.5185546875,0.9241500496864319,0.17886818945407867,-2.5620110034942627,5.368053436279297,-1072.9520704233762,0.03866925178745135
s10_60.tif,EpsonV550,300,2478,3508,0.7063854047890535,25474.5185546875,0.9294840097427368,0.19016604125499725,-2.7789642810821533,6.17934513092041,-1197.5104635413797,0.035612017452556266
s10_61.tif,EpsonV550,300,2478,3508,0.7063854047890535,25474.5185546875,0.9759621024131775,0.10121744126081467,-5.567285060882568,30.843997955322266,-1375.0970520770172,0.012183612598161427
s10_62.tif,EpsonV550,300,2478,3508,0.7063854047890535,25474.5185546875,0.9807509183883667,0.09637576341629028,-6.130650520324707,37.64125442504883,-1570.1518767570774,0.017917537499896465
s10_63.tif,EpsonV550,300,2478,3508,0.7063854047890535,25474.5185546875,0.9595896601676941,0.1379861980676651,-3.890362501144409,14.185810089111328,-1350.0210307937657,0.03060742976045529
s10_64.tif,EpsonV550,300,2478,3508,0.7063854047890535,25474.5185546875,0.9626922607421875,0.12154040485620499,-3.9934768676757812,15.695440292358398,-1312.0465844707544,0.02905419458624723
s10_65.tif,EpsonV550,300,2478,3508,0.7063854047890535,25474.5185546875,0.9664787650108337,0.11534496396780014,-4.233834743499756,17.885330200195312,-1353.828281675345,0.024284743369933637
s10_66.tif,EpsonV550,300,2478,3508,0.7063854047890535,25474.5185546875,0.9453863501548767,0.15598779916763306,-3.028474807739258,7.823259353637695,-1264.0291044461023,0.020678895604006247
s10_67.tif,EpsonV550,300,2478,3508,0.7063854047890535,25474.5185546875,0.9353187680244446,0.1842171996831894,-2.886784076690674,6.722992897033691,-1279.4170179488785,0.021586540806531915
s10_68.tif,EpsonV550,300,2478,3508,0.7063854047890535,25474.5185546875,0.9800107479095459,0.09689290821552277,-6.3644304275512695,40.47854232788086,-1457.9209574996446,0.011898434846949623
s10_69.tif,EpsonV550,300,2478,3508,0.7063854047890535,25474.5185546875,0.9619101285934448,0.1363910436630249,-4.133313179016113,16.01805877685547,-1359.591619313837,0.03172064682317277
s10_7.tif,EpsonV550,300,2478,3508,0.7063854047890535,25474.5185546875,0.9453045725822449,0.16068892180919647,-3.1172115802764893,8.491430282592773,-1363.002184485263,0.03982112142153114
s10_70.tif,EpsonV550,300,2478,3508,0.7063854047890535,25474.5185546875,0.9372320175170898,0.18251068890094757,-3.0669312477111816,7.861617088317871,-1235.007292214874,0.03162976726550543
s10_71.tif,EpsonV550,300,2478,3508,0.7063854047890535,25474.5185546875,0.9585092663764954,0.14005067944526672,-3.8338687419891357,13.780847549438477,-1416.2527972488972,0.028848967838299728
s10_72.tif,EpsonV550,300,2478,3508,0.7063854047890535,25474.5185546875,0.9606814384460449,0.1548071801662445,-4.309835433959961,17.015939712524414,-1414.1563521722571,0.00986480342866714
s10_73.tif,EpsonV550,300,2478,3508,0.7063854047890535,25474.5185546875,0.9555799961090088,0.13685594499111176,-3.753268003463745,13.455629348754883,-1258.991732172013,0.03784466359838874
s10_74.tif,EpsonV550,300,2478,3508,0.7063854047890535,25474.5185546875,0.970262348651886,0.11823846399784088,-4.826375484466553,22.588171005249023,-1396.8590008479762,0.025126242058967258
s10_75.tif,EpsonV550,300,2478,3508,0.7063854047890535,25474.5185546875,0.9651269912719727,0.12973502278327942,-4.383203506469727,18.218257904052734,-1360.7339264778716,0.02840940987646822
s10_76.tif,EpsonV550,300,2478,3508,0.7063854047890535,25474.5185546875,0.9670860767364502,0.12146347016096115,-4.590683937072754,20.400365829467773,-1326.7024030021053,0.029243086021297566
s10_77.tif,EpsonV550,300,2478,3508,0.7063854047890535,25474.5185546875,0.9730306267738342,0.1120445653796196,-5.073921203613281,25.394187927246094,-1450.4083830294776,0.020498286862819265
s10_78.tif,EpsonV550,300,2478,3508,0.7063854047890535,25474.5185546875,0.9622692465782166,0.1305873990058899,-4.151951789855957,16.585899353027344,-1336.290415813425,0.031630112377749736
s10_79.tif,EpsonV550,300,2478,3508,0.7063854047890535,25474.5185546875,0.9710227847099304,0.10995085537433624,-4.901976108551025,24.37200355529785,-1385.234328479488,0.021863435863880367
s10_8.tif,EpsonV550,300,2478,3508,0.7063854047890535,25474.5185546875,0.9445855617523193,0.1476667821407318,-3.313302993774414,10.40041446685791,-1162.5067920378028,0.03751807237786017
s10_80.tif,EpsonV550,300,2478,3508,0.7063854047890535,25474.5185546875,0.9703755378723145,0.11285287141799927,-4.740262985229492,22.228403091430664,-1389.0057431380376,0.02941449176930305
s10_81.tif,EpsonV550,300,2478,3508,0.7063854047890535,25474.5185546875,0.9613040089607239,0.1174016073346138,-3.874171257019043,15.482406616210938,-1264.693150174487,0.02262187753945093
s10_82.tif,EpsonV550,300,2478,3508,0.7063854047890535,25474.5185546875,0.9714569449424744,0.11569570004940033,-5.062074661254883,24.912899017333984,-1369.785540997936,0.021286868341059247
s10_83.tif,EpsonV550,300,2478,3508,0.7063854047890535,25474.5185546875,0.9772472381591797,0.10719937831163406,-5.534663677215576,30.11581039428711,-1561.7500162782949,0.01903961244355114
s10_84.tif,EpsonV550,300,2478,3508,0.7063854047890535,25474.5185546875,0.9709376096725464,0.11515703797340393,-4.9251508712768555,23.69190788269043,-1379.2883518930842,0.026459755770966948
s10_85.tif,EpsonV550,300,2478,3508,0.7063854047890535,25474.5185546875,0.9516102075576782,0.1488291472196579,-3.418280601501465,10.665452003479004,-1298.735273138469,0.02851259843751582
s10_86.tif,EpsonV550,300,2478,3508,0.7063854047890535,25474.5185546875,0.947678804397583,0.16144141554832458,-3.3005752563476562,9.475687980651855,-1304.0580490796822,0.021036546926522383
s10_87.tif,EpsonV550,300,2478,3508,0.7063854047890535,25474.5185546875,0.9139276742935181,0.18811753392219543,-2.233489751815796,3.747786521911621,-1093.8052633943128,0.042796679191940384
s10_88.tif,EpsonV550,300,2478,3508,0.7063854047890535,25474.5185546875,0.9556478261947632,0.13659828901290894,-3.6616599559783936,12.726930618286133,-1242.9361842036303,0.026489320386562525
s10_89.tif,EpsonV550,300,2478,3508,0.7063854047890535,25474.5185546875,0.9712309837341309,0.12000484019517899,-4.766414642333984,21.990489959716797,-1524.0249053971386,0.02400083103028429
s10_9.tif,EpsonV550,300,2478,3508,0.7063854047890535,25474.5185546875,0.9553529620170593,0.1376776248216629,-3.5418450832366943,11.743844032287598,-1289.8330234142522,0.028042325485941048
s10_90.tif,EpsonV550,300,2478,3508,0.7063854047890535,25474.5185546875,0.943962574005127,0.15642359852790833,-3.1726772785186768,9.082863807678223,-1206.025539655425,0.0432638461333164
s10_91.tif,EpsonV550,300,2478,3508,0.7063854047890535,25474.5185546875,0.9830905199050903,0.08299628645181656,-6.9828386306762695,49.88230895996094,-1463.6969428796388,0.01409541939420377
s10_92.tif,EpsonV550,300,2478,3508,0.7063854047890535,25474.5185546875,0.9636852741241455,0.13000032305717468,-4.198892593383789,16.77182388305664,-1364.952854948526,0.035988649948509255
s10_93.tif,EpsonV550,300,2478,3508,0.7063854047890535,25474.5185546875,0.9318123459815979,0.1793343424797058,-2.755383253097534,6.216733932495117,-1201.5600866527182,0.03464880917869728
s10_94.tif,EpsonV550,300,2478,3508,0.7063854047890535,25474.5185546875,0.9696636199951172,0.11466684937477112,-4.795255661010742,22.636991500854492,-1342.4491752558588,0.023252857759457686
s10_95.tif,EpsonV550,300,2478,3508,0.7063854047890535,25474.5185546875,0.9627771973609924,0.14373965561389923,-4.1323089599609375,15.758758544921875,-1518.3898103399767,0.018027743343244956
s10_96.tif,EpsonV550,300,2478,3508,0.7063854047890535,25474.5185546875,0.9551689028739929,0.14300034940242767,-3.6563873291015625,12.447491645812988,-1300.9463528135207,0.03496435680740804
s10_97.tif,EpsonV550,300,2478,3508,0.7063854047890535,25474.5185546875,0.97003573179245,0.11709858477115631,-4.780177593231201,22.251798629760742,-1387.6704824373307,0.029017842763180295
s10_98.tif,EpsonV550,300,2478,3508,0.7063854047890535,25474.5185546875,0.958842396736145,0.14236217737197876,-3.9478108882904053,14.554319381713867,-1333.2170469114221,0.024000485918039983
s10_99.tif,EpsonV550,300,2478,3508,0.7063854047890535,25474.5185546875,0.946321427822113,0.16785626113414764,-3.289156198501587,9.457350730895996,-1395.74436524105,0.03086407823280444
s11_1.tif,HP,150,1240,1727,0.7180081065431384,6275.9599609375,0.9139148592948914,0.12741628289222717,-3.68835186958313,13.07147216796875,-844.0870589877758,0.06814352690662533
s11_10.tif,HP,150,1240,1743,0.7114170969592656,6334.1005859375,0.9131602644920349,0.13341474533081055,-3.453569173812866,11.534805297851562,-803.2924545251431,0.062233727536875616
s11_100.tif,HP,150,1240,1743,0.7114170969592656,6334.1005859375,0.9116697907447815,0.13180504739284515,-3.3109192848205566,10.429091453552246,-777.599421257331,0.06703264671589584
s11_101.tif,HP,150,1240,1743,0.7114170969592656,6334.1005859375,0.9135664701461792,0.12673738598823547,-3.1579720973968506,9.297975540161133,-796.0701053147444,0.10687820406048155
s11_102.tif,HP,150,1240,1727,0.7180081065431384,6275.9599609375,0.8816967010498047,0.18050451576709747,-2.277787446975708,3.8916735649108887,-716.5504376240635,0.07492762015055009
s11_103.tif,HP,150,1240,1743,0.7114170969592656,6334.1005859375,0.9327564835548401,0.11174716800451279,-4.406006336212158,19.667343139648438,-903.6761434730059,0.042842799770510614
s11_104.tif,HP,150,1240,1727,0.7180081065431384,6275.9599609375,0.937089204788208,0.10424700379371643,-5.087240219116211,25.72649574279785,-977.514699281745,0.03334563012496031
s11_105.tif,HP,150,1240,1727,0.7180081065431384,6275.9599609375,0.9145551323890686,0.13619866967201233,-3.075962781906128,8.59467601776123,-849.7855882351563,0.03864290117115266
s11_106.tif,HP,150,1240,1727,0.7180081065431384,6275.9599609375,0.9445484280586243,0.07848429679870605,-6.358063697814941,42.73552322387695,-1010.2598273215357,0.027799932756785026
s11_107.tif,HP,150,1240,1727,0.7180081065431384,6275.9599609375,0.9389798641204834,0.09605354070663452,-5.1057448387146,26.734872817993164,-968.2029402572389,0.04315660197620337
s11_108.tif,HP,150,1240,1743,0.7114170969592656,6334.1005859375,0.9285783767700195,0.11773401498794556,-4.262206554412842,17.602338790893555,-929.4473719109333,0.05417476357041068
s11_11.tif,HP,150,1240,1743,0.7114170969592656,6334.1005859375,0.8901380300521851,0.18863007426261902,-2.515026807785034,4.819720268249512,-796.4411708933948,0.059887013491755035
s11_12.tif,HP,150,1240,1743,0.7114170969592656,6334.1005859375,0.9323438405990601,0.11801457405090332,-4.356954097747803,18.525806427001953,-938.5959625179121,0.0499338367294061
s11_13.tif,HP,150,1240,1743,0.7114170969592656,6334.1005859375,0.9282097220420837,0.1154460534453392,-4.521645545959473,20.02484893798828,-943.6281498813753,0.04549765883811745
s11_14.tif,HP,150,1240,1727,0.7180081065431384,6275.9599609375,0.9331899285316467,0.10932041704654694,-4.732417106628418,22.255624771118164,-950.5186060818828,0.04181127070997628
s11_15.tif,HP,150,1240,1727,0.7180081065431384,6275.9599609375,0.9070827960968018,0.15230484306812286,-2.8303091526031494,7.009147644042969,-808.1901999736624,0.06700879765395894
s11_16.tif,HP,150,1240,1727,0.7180081065431384,6275.9599609375,0.9191530346870422,0.1223001480102539,-3.7294762134552,13.615623474121094,-848.1636006605602,0.058846685469861965
s11_17.tif,HP,150,1240,1743,0.7114170969592656,6334.1005859375,0.8972104787826538,0.18385617434978485,-2.7220935821533203,5.814334869384766,-850.5707607350502,0.04680981992486073
s11_18.tif,HP,150,1240,1743,0.7114170969592656,6334.1005859375,0.8673025965690613,0.1914871782064438,-2.0151984691619873,2.6841611862182617,-663.184076391945,0.06486221383228767
s11_19.tif,HP,150,1240,1743,0.7114170969592656,6334.1005859375,0.896760880947113,0.17991319298744202,-2.862461566925049,6.754175186157227,-842.0276145002621,0.048293635370976994
s11_2.tif,HP,150,1240,1743,0.7114170969592656,6334.1005859375,0.928055465221405,0.12478262931108475,-4.219824314117432,17.14746856689453,-926.9666061810227,0.05178224418410971
s11_20.tif,HP,150,1240,1743,0.7114170969592656,6334.1005859375,0.9000775814056396,0.16037072241306305,-2.8196394443511963,6.780531883239746,-793.4821927375459,0.07075352099642811
s11_21.tif,HP,150,1240,1743,0.7114170969592656,6334.1005859375,0.8907790780067444,0.1876721829175949,-2.6333937644958496,5.438254356384277,-797.0959443915503,0.06573344067514297
s11_22.tif,HP,150,1240,1743,0.7114170969592656,6334.1005859375,0.9242293238639832,0.11536077409982681,-4.422391891479492,19.18149757385254,-925.4401274476435,0.04534404900708826
s11_23.tif,HP,150,1240,1743,0.7114170969592656,6334.1005859375,0.9350820779800415,0.09865061193704605,-4.758494853973389,23.064098358154297,-942.3257318882972,0.05221299946329095
s11_24.tif,HP,150,1240,1743,0.7114170969592656,6334.1005859375,0.926759660243988,0.11483278125524521,-3.860276699066162,14.63638687133789,-874.4541340172117,0.08125312309144411
s11_25.tif,HP,150,1240,1743,0.7114170969592656,6334.1005859375,0.9308973550796509,0.10967153310775757,-4.0231523513793945,16.169992446899414,-885.5912600128574,0.07578979512520126
s11_26.tif,HP,150,1240,1743,0.7114170969592656,6334.1005859375,0.927895724773407,0.11827623844146729,-4.06427526473999,15.775083541870117,-924.1355781210923,0.03411387485425573
s11_27.tif,HP,150,1240,1743,0.7114170969592656,6334.1005859375,0.9395229816436768,0.10015802085399628,-4.564164161682129,21.048931121826172,-958.3040363436852,0.05534071770954787
s11_28.tif,HP,150,1240,1743,0.7114170969592656,6334.1005859375,0.9325341582298279,0.10407566279172897,-4.174835681915283,17.346210479736328,-910.9291460966033,0.04762321174097311
s11_29.tif,HP,150,1240,1743,0.7114170969592656,6334.1005859375,0.9205119609832764,0.12209206074476242,-3.4206435680389404,11.078929901123047,-835.2870034447865,0.09720818758906594
s11_3.tif,HP,150,1240,1743,0.7114170969592656,6334.1005859375,0.9256227612495422,0.12737642228603363,-4.016191005706787,15.535146713256836,-902.3930978841373,0.06037467843725131
s11_30.tif,HP,150,1240,1743,0.7114170969592656,6334.1005859375,0.9310197234153748,0.10070280730724335,-4.2788825035095215,18.46518325805664,-911.3549459762341,0.059720911294949386
s11_31.tif,HP,150,1240,1743,0.7114170969592656,6334.1005859375,0.9182409048080444,0.12133993953466415,-3.4362998008728027,11.252540588378906,-836.6940746883527,0.09143069975755556
s11_32.tif,HP,150,1240,1743,0.7114170969592656,6334.1005859375,0.9240042567253113,0.11710482835769653,-3.87800931930542,14.992460250854492,-867.8083260249999,0.06432226602261581
s11_33.tif,HP,150,1240,1743,0.7114170969592656,6334.1005859375,0.9245505332946777,0.1134914979338646,-3.9176676273345947,15.08646011352539,-886.7931708459125,0.07258480928321581
s11_34.tif,HP,150,1240,1743,0.7114170969592656,6334.1005859375,0.9341987371444702,0.10480843484401703,-4.217523574829102,17.742494583129883,-908.4573706682581,0.06641219254899783
s11_35.tif,HP,150,1240,1743,0.7114170969592656,6334.1005859375,0.9118968844413757,0.13227726519107819,-3.0367441177368164,8.467368125915527,-785.1685152202712,0.11266355745562896
s11_36.tif,HP,150,1240,1727,0.7180081065431384,6275.9599609375,0.9598951935768127,0.051185157150030136,-10.288681983947754,115.53385925292969,-1113.665301655147,0.009078767954872332
s11_37.tif,HP,150,1240,1743,0.7114170969592656,6334.1005859375,0.9051206111907959,0.14522887766361237,-3.089888095855713,8.437530517578125,-820.6615023187005,0.056133751596246735
s11_38.tif,HP,150,1240,1743,0.7114170969592656,6334.1005859375,0.9139962792396545,0.13346055150032043,-3.346839427947998,10.539939880371094,-836.6912479767096,0.06684664926989062
s11_39.tif,HP,150,1240,1743,0.7114170969592656,6334.1005859375,0.9264900088310242,0.1296313852071762,-3.812514305114746,13.652782440185547,-908.9615965018947,0.0649232876205282
s11_4.tif,HP,150,1240,1727,0.7180081065431384,6275.9599609375,0.9031580686569214,0.15343981981277466,-2.678584098815918,5.902594566345215,-810.0749337732407,0.06218829968059473
s11_40.tif,HP,150,1240,1743,0.7114170969592656,6334.1005859375,0.942833423614502,0.0927000567317009,-5.380109786987305,29.437007904052734,-994.4196899413577,0.03776025762034312
s11_41.tif,HP,150,1240,1727,0.7180081065431384,6275.9599609375,0.9382525682449341,0.10381195694208145,-4.559579849243164,20.76817512512207,-947.9919611533096,0.05442451015185759
s11_42.tif,HP,150,1240,1727,0.7180081065431384,6275.9599609375,0.8522762656211853,0.22430504858493805,-1.797026515007019,1.492846965789795,-706.6907226890074,0.05975446887199507
s11_43.tif,HP,150,1240,1743,0.7114170969592656,6334.1005859375,0.9377982020378113,0.11201590299606323,-4.614320278167725,20.810649871826172,-969.5259366328826,0.04493689041881813
s11_44.tif,HP,150,1240,1743,0.7114170969592656,6334.1005859375,0.8907276391983032,0.1833166629076004,-2.673790454864502,5.5776777267456055,-811.88113181676,0.05794745803490459
s11_45.tif,HP,150,1240,1743,0.7114170969592656,6334.1005859375,0.9419093132019043,0.10741905868053436,-4.8975677490234375,23.664770126342773,-993.9721633378543,0.04079266374252771
s11_46.tif,HP,150,1240,1743,0.7114170969592656,6334.1005859375,0.8885654807090759,0.1799539029598236,-2.4307167530059814,4.449462413787842,-766.8459358548596,0.06899256010215979
s11_47.tif,HP,150,1240,1743,0.7114170969592656,6334.1005859375,0.9270293712615967,0.12338626384735107,-3.919790744781494,15.207830429077148,-883.5830955473956,0.050953121240723265
s11_48.tif,HP,150,1240,1743,0.7114170969592656,6334.1005859375,0.8917606472969055,0.169438436627388,-2.6549811363220215,5.967578887939453,-759.7818795987948,0.04548424111191309
s11_49.tif,HP,150,1240,1743,0.7114170969592656,6334.1005859375,0.9299017786979675,0.11523902416229248,-3.761784315109253,13.721353530883789,-899.9606752773651,0.06934697314604038
s11_5.tif,HP,150,1240,1743,0.7114170969592656,6334.1005859375,0.8873137831687927,0.1706787794828415,-2.441199779510498,4.834424018859863,-716.589504820843,0.07981973978864768
s11_50.tif,HP,150,1240,1727,0.7180081065431384,6275.9599609375,0.8902361392974854,0.19699254631996155,-2.6307759284973145,5.335955619812012,-835.1978659385767,0.04230438761977698
s11_51.tif,HP,150,1240,1743,0.7114170969592656,6334.1005859375,0.9279578924179077,0.12426654994487762,-3.5336215496063232,11.520312309265137,-935.3736852022192,0.036465215701515744
s11_52.tif,HP,150,1240,1743,0.7114170969592656,6334.1005859375,0.9174060821533203,0.15141189098358154,-3.401165008544922,10.297839164733887,-903.0505638327526,0.03648279754964559
s11_53.tif,HP,150,1240,1743,0.7114170969592656,6334.1005859375,0.9159647226333618,0.15067900717258453,-3.3769161701202393,10.003837585449219,-915.6728455731494,0.034753298909925415
s11_54.tif,HP,150,1240,1743,0.7114170969592656,6334.1005859375,0.8941962718963623,0.17373646795749664,-2.627103805541992,5.500811576843262,-809.059549947153,0.04999629855828845
s11_55.tif,HP,150,1240,1743,0.7114170969592656,6334.1005859375,0.9322679042816162,0.096205934882164,-4.809017658233643,24.296737670898438,-925.1751709722352,0.032426480114004404
s11_56.tif,HP,150,1240,1727,0.7180081065431384,6275.9599609375,0.930709719657898,0.11129765957593918,-4.28318977355957,18.113922119140625,-925.9650850147182,0.04395511515400564
s11_57.tif,HP,150,1240,1727,0.7180081065431384,6275.9599609375,0.9222280383110046,0.12605436146259308,-3.4930245876312256,11.636343955993652,-848.7181626595807,0.05320479294693389
s11_58.tif,HP,150,1240,1743,0.7114170969592656,6334.1005859375,0.9163514375686646,0.12916980683803558,-3.6168761253356934,12.347640037536621,-849.1409851187897,0.0766721262931912
s11_59.tif,HP,150,1240,1743,0.7114170969592656,6334.1005859375,0.9176070690155029,0.12549246847629547,-3.572545289993286,12.119604110717773,-853.9063407164988,0.06668748727629412
s11_6.tif,HP,150,1240,1743,0.7114170969592656,6334.1005859375,0.8952717185020447,0.1667494773864746,-2.5538902282714844,5.4309797286987305,-737.2280111300252,0.057279347805970424
s11_60.tif,HP,150,1240,1743,0.7114170969592656,6334.1005859375,0.9016017317771912,0.1684841364622116,-2.7524991035461426,6.144824981689453,-835.0466078789258,0.05454444506135139
s11_61.tif,HP,150,1240,1743,0.7114170969592656,6334.1005859375,0.9419815540313721,0.08965612947940826,-5.345814228057861,29.306621551513672,-992.7152626462597,0.020542076138656006
s11_62.tif,HP,150,1240,1727,0.7180081065431384,6275.9599609375,0.9373719096183777,0.0893930122256279,-5.807600498199463,34.495887756347656,-997.3479633084759,0.030505538225899846
s11_63.tif,HP,150,1240,1727,0.7180081065431384,6275.9599609375,0.9292228817939758,0.1240999698638916,-3.80086612701416,13.682437896728516,-930.0394825976568,0.04513327231634197
s11_64.tif,HP,150,1240,1727,0.7180081065431384,6275.9599609375,0.9280070066452026,0.10755899548530579,-3.979095935821533,15.96978759765625,-904.0313144510922,0.04096979658927471
s11_65.tif,HP,150,1240,1727,0.7180081065431384,6275.9599609375,0.9311924576759338,0.10457853227853775,-4.122049808502197,17.32012939453125,-925.1353193257488,0.034516315818966324
s11_66.tif,HP,150,1240,1743,0.7114170969592656,6334.1005859375,0.9174628853797913,0.13825145363807678,-2.9852888584136963,7.709362983703613,-877.0147416405159,0.03282160901671201
s11_67.tif,HP,150,1240,1727,0.7180081065431384,6275.9599609375,0.9077037572860718,0.17049330472946167,-2.8457889556884766,6.559735298156738,-884.2907841623064,0.03128210396548182
s11_68.tif,HP,150,1240,1743,0.7114170969592656,6334.1005859375,0.9437689185142517,0.0909895971417427,-6.126339435577393,38.17020034790039,-1017.8598148018525,0.019933651657320528
s11_69.tif,HP,150,1240,1743,0.7114170969592656,6334.1005859375,0.9280028939247131,0.12880167365074158,-4.036915302276611,15.469512939453125,-919.8344929825003,0.0554637906464568
s11_7.tif,HP,150,1240,1743,0.7114170969592656,6334.1005859375,0.906934380531311,0.15203970670700073,-3.0388882160186768,8.150530815124512,-828.3173122211147,0.058795088186848775
s11_70.tif,HP,150,1240,1743,0.7114170969592656,6334.1005859375,0.9058061242103577,0.16681666672229767,-3.0131595134735107,7.61834716796875,-857.6833183798182,0.051637425277145446
s11_71.tif,HP,150,1240,1743,0.7114170969592656,6334.1005859375,0.9211567044258118,0.13032613694667816,-3.754610538482666,13.350715637207031,-878.9676470474566,0.04733866340939796
s11_72.tif,HP,150,1240,1743,0.7114170969592656,6334.1005859375,0.9277862906455994,0.1444406360387802,-4.194384574890137,16.146282196044922,-979.7288162291848,0.017507819295615644
s11_73.tif,HP,150,1240,1743,0.7114170969592656,6334.1005859375,0.921123743057251,0.12644097208976746,-3.7269957065582275,13.494140625,-839.2702674788309,0.061784465049136636
s11_74.tif,HP,150,1240,1743,0.7114170969592656,6334.1005859375,0.9288250803947449,0.11206582188606262,-4.614333152770996,20.95171546936035,-934.09420355433,0.04262811615124091
s11_75.tif,HP,150,1240,1727,0.7180081065431384,6275.9599609375,0.9312106370925903,0.12288907915353775,-4.228212833404541,17.1325740814209,-940.2059235631575,0.04972028690438388
s11_76.tif,HP,150,1240,1727,0.7180081065431384,6275.9599609375,0.9310410618782043,0.11420990526676178,-4.455575942993164,19.41456413269043,-940.3933223969249,0.049525561761025086
s11_77.tif,HP,150,1240,1727,0.7180081065431384,6275.9599609375,0.9361656904220581,0.10455697029829025,-4.933837890625,24.2246036529541,-954.521009623538,0.033744886713861444
s11_78.tif,HP,150,1240,1743,0.7114170969592656,6334.1005859375,0.9151183366775513,0.12033874541521072,-4.06522798538208,16.156761169433594,-882.6731925943864,0.05352330982917847
s11_79.tif,HP,150,1240,1743,0.7114170969592656,6334.1005859375,0.9324972033500671,0.10395006090402603,-4.760123252868652,23.204187393188477,-946.8342951751238,0.03710695315825514
s11_8.tif,HP,150,1240,1727,0.7180081065431384,6275.9599609375,0.9063805341720581,0.13938380777835846,-3.2751128673553467,10.25473403930664,-761.2224413749965,0.0556652408614603
s11_80.tif,HP,150,1240,1743,0.7114170969592656,6334.1005859375,0.937030017375946,0.1065879687666893,-4.551437854766846,20.689085006713867,-950.2124068174649,0.04881415061166324
s11_81.tif,HP,150,1240,1743,0.7114170969592656,6334.1005859375,0.9270647764205933,0.10560788214206696,-3.9543683528900146,16.747594833374023,-874.5035705823365,0.03477088075805526
s11_82.tif,HP,150,1240,1743,0.7114170969592656,6334.1005859375,0.9383305311203003,0.1098840981721878,-4.855549335479736,23.215179443359375,-980.7674582951469,0.03660401976569874
s11_83.tif,HP,150,1240,1727,0.7180081065431384,6275.9599609375,0.9458527565002441,0.10182128846645355,-5.312692165374756,28.122976303100586,-1022.2949299823288,0.032808618338719016
s11_84.tif,HP,150,1240,1727,0.7180081065431384,6275.9599609375,0.9391796588897705,0.10875851660966873,-4.756666660308838,22.362247467041016,-971.7684697167922,0.04472187459140407
s11_85.tif,HP,150,1240,1727,0.7180081065431384,6275.9599609375,0.9183883666992188,0.13590149581432343,-3.365222215652466,10.456839561462402,-884.3043378675243,0.04172908455834283
s11_86.tif,HP,150,1240,1727,0.7180081065431384,6275.9599609375,0.9138556122779846,0.14867627620697021,-3.2448790073394775,9.219664573669434,-888.6247193854373,0.03426228589573566
s11_87.tif,HP,150,1240,1727,0.7180081065431384,6275.9599609375,0.8820824027061462,0.1701115518808365,-2.2136404514312744,3.760371685028076,-715.1503938048445,0.06933942880624615
s11_88.tif,HP,150,1240,1727,0.7180081065431384,6275.9599609375,0.9241304993629456,0.12357911467552185,-3.6489224433898926,12.990796089172363,-875.7700982402329,0.042106393709023665
s11_89.tif,HP,150,1240,1743,0.7114170969592656,6334.1005859375,0.9346818327903748,0.11291676759719849,-4.549816608428955,20.32740592956543,-961.6218953456843,0.04056456239705365
s11_9.tif,HP,150,1240,1743,0.7114170969592656,6334.1005859375,0.9267215132713318,0.12468503415584564,-3.5403285026550293,12.2094144821167,-888.5160025060403,0.042440267984379915
s11_90.tif,HP,150,1240,1743,0.7114170969592656,6334.1005859375,0.910214900970459,0.14213040471076965,-3.144902467727661,9.070157051086426,-812.865337696652,0.06233736790479892
s11_91.tif,HP,150,1240,1743,0.7114170969592656,6334.1005859375,0.9460424780845642,0.07807223498821259,-6.68094539642334,46.50565719604492,-1033.3214913930365,0.02309144411748376
s11_92.tif,HP,150,1240,1743,0.7114170969592656,6334.1005859375,0.917837381362915,0.1211651861667633,-4.030780792236328,15.625751495361328,-893.2502841702064,0.06087529842873799
s11_93.tif,HP,150,1240,1743,0.7114170969592656,6334.1005859375,0.8971796631813049,0.16231998801231384,-2.7178752422332764,6.127549171447754,-796.5411319165568,0.056250347010160455
s11_94.tif,HP,150,1240,1743,0.7114170969592656,6334.1005859375,0.9362785816192627,0.10664787888526917,-4.658183574676514,21.606019973754883,-970.6309936523543,0.036528140210612035
s11_95.tif,HP,150,1240,1743,0.7114170969592656,6334.1005859375,0.9282149076461792,0.13208122551441193,-4.015169143676758,14.976938247680664,-975.0874479635621,0.029620787296652046
s11_96.tif,HP,150,1240,1743,0.7114170969592656,6334.1005859375,0.9244139790534973,0.13038112223148346,-3.6412529945373535,12.542311668395996,-894.5912422817466,0.056271167619787905
s11_97.tif,HP,150,1240,1727,0.7180081065431384,6275.9599609375,0.9333898425102234,0.11048971861600876,-4.5556111335754395,20.3922061920166,-949.7244923687849,0.04954657526570409
s11_98.tif,HP,150,1240,1743,0.7114170969592656,6334.1005859375,0.9274808764457703,0.13059094548225403,-3.8618152141571045,14.053939819335938,-935.315361398372,0.040022301186312066
s11_99.tif,HP,150,1240,1743,0.7114170969592656,6334.1005859375,0.9149248600006104,0.15348589420318604,-3.218839645385742,9.12601089477539,-876.5406309140707,0.051113208594747654
s11_1.tif,HP,300,2481,3487,0.7114998566102667,25352.6689453125,0.9094942808151245,0.13329748809337616,-3.6400344371795654,12.516083717346191,-793.5413739232007,0.039952621859022174
s11_10.tif,HP,300,2481,3487,0.7114998566102667,25352.6689453125,0.9020843505859375,0.13476590812206268,-3.3731117248535156,10.831969261169434,-733.4701940703511,0.03775548195537591
s11_100.tif,HP,300,2481,3487,0.7114998566102667,25352.6689453125,0.8991069793701172,0.13297146558761597,-3.221191644668579,9.720986366271973,-709.3637043136787,0.04242405747980609
s11_101.tif,HP,300,2481,3487,0.7114998566102667,25352.6689453125,0.9080175161361694,0.13307996094226837,-3.148970365524292,9.024888038635254,-746.909679988309,0.06772919557145923
s11_102.tif,HP,300,2481,3471,0.7147796024200519,25236.3408203125,0.8666138052940369,0.17916208505630493,-2.2237610816955566,3.593625068664551,-642.8571115858213,0.047560886534841404
s11_103.tif,HP,300,2481,3487,0.7114998566102667,25352.6689453125,0.9090014100074768,0.11511567234992981,-4.220606803894043,17.902441024780273,-795.6713930436172,0.025627057001146772
s11_104.tif,HP,300,2481,3471,0.7147796024200519,25236.3408203125,0.9218975305557251,0.10378154367208481,-4.9935994148254395,24.74444580078125,-876.8306436180694,0.018768860568787203
s11_105.tif,HP,300,2481,3471,0.7147796024200519,25236.3408203125,0.8985155820846558,0.1335698962211609,-3.047668218612671,8.436497688293457,-752.6520314169995,0.022410597115432515
s11_106.tif,HP,300,2481,3471,0.7147796024200519,25236.3408203125,0.936231791973114,0.07991602271795273,-6.1929521560668945,40.56997299194336,-917.1098384012779,0.016519207747826146
s11_107.tif,HP,300,2481,3471,0.7147796024200519,25236.3408203125,0.9237983226776123,0.09797956794500351,-4.9144673347473145,24.58335304260254,-865.0637985479158,0.025497845858428986
s11_108.tif,HP,300,2481,3487,0.7114998566102667,25352.6689453125,0.9165287613868713,0.11896555125713348,-4.12482213973999,16.28464126586914,-843.3147859957562,0.032420644099053
s11_11.tif,HP,300,2481,3487,0.7114998566102667,25352.6689453125,0.8719640374183655,0.18675242364406586,-2.4518492221832275,4.465051174163818,-711.7059836152897,0.035905806411491895
s11_12.tif,HP,300,2481,3487,0.7114998566102667,25352.6689453125,0.9229815006256104,0.12060950696468353,-4.2603349685668945,17.467300415039062,-860.7250721138171,0.029309763089644763
s11_13.tif,HP,300,2481,3487,0.7114998566102667,25352.6689453125,0.9229922890663147,0.11802591383457184,-4.37640905380249,18.536157608032227,-877.8640619615619,0.026328458775942937
s11_14.tif,HP,300,2481,3487,0.7114998566102667,25352.6689453125,0.9198635816574097,0.11062531173229218,-4.675534248352051,21.497974395751953,-866.8387992261255,0.024395789416254095
s11_15.tif,HP,300,2481,3487,0.7114998566102667,25352.6689453125,0.8858999013900757,0.15464618802070618,-2.722755193710327,6.319831848144531,-705.7887932153716,0.04232719283127623
s11_16.tif,HP,300,2481,3471,0.7147796024200519,25236.3408203125,0.9089852571487427,0.12601274251937866,-3.611398696899414,12.576155662536621,-774.0252763058552,0.0371389544113482
s11_17.tif,HP,300,2481,3487,0.7114998566102667,25352.6689453125,0.8872488737106323,0.18291382491588593,-2.6664018630981445,5.490957260131836,-770.3473735186161,0.02761451615009952
s11_18.tif,HP,300,2481,3487,0.7114998566102667,25352.6689453125,0.8524946570396423,0.1991523802280426,-1.972641110420227,2.494129180908203,-591.2472776491697,0.04217137714366495
s11_19.tif,HP,300,2481,3487,0.7114998566102667,25352.6689453125,0.8830288648605347,0.1852622926235199,-2.803473711013794,6.409719467163086,-751.0714065581834,0.028833415575812364
s11_2.tif,HP,300,2481,3487,0.7114998566102667,25352.6689453125,0.9187114834785461,0.12617430090904236,-4.131932735443115,16.25019645690918,-850.1314224983365,0.03098374141901162
s11_20.tif,HP,300,2481,3487,0.7114998566102667,25352.6689453125,0.881517767906189,0.16729165613651276,-2.751544952392578,6.326422691345215,-714.5831042840192,0.042294943145190514
s11_21.tif,HP,300,2481,3487,0.7114998566102667,25352.6689453125,0.8790305852890015,0.19417819380760193,-2.555518388748169,4.990325927734375,-725.0937141617343,0.04071031609662746
s11_22.tif,HP,300,2481,3487,0.7114998566102667,25352.6689453125,0.9189621210098267,0.1212989017367363,-4.252572059631348,17.53049659729004,-845.5570502046428,0.02675880136123729
s11_23.tif,HP,300,2481,3487,0.7114998566102667,25352.6689453125,0.9263203740119934,0.1069517433643341,-4.576949596405029,21.106420516967773,-856.5029901892474,0.032410125384236516
s11_24.tif,HP,300,2481,3487,0.7114998566102667,25352.6689453125,0.9112578630447388,0.12495354562997818,-3.75419545173645,13.588455200195312,-785.7938072693324,0.05062403142575862
s11_25.tif,HP,300,2481,3487,0.7114998566102667,25352.6689453125,0.9204345345497131,0.1176486536860466,-4.005165100097656,15.79975700378418,-808.9244272691965,0.0465766380268648
s11_26.tif,HP,300,2481,3487,0.7114998566102667,25352.6689453125,0.9228944182395935,0.12450804561376572,-3.9145352840423584,14.587919235229492,-843.6618040429872,0.021521868465898614
s11_27.tif,HP,300,2481,3487,0.7114998566102667,25352.6689453125,0.9203064441680908,0.10756444931030273,-4.429376125335693,19.616331100463867,-849.749802515603,0.03453305633280381
s11_28.tif,HP,300,2481,3487,0.7114998566102667,25352.6689453125,0.915162980556488,0.11022484302520752,-3.99992036819458,15.92734146118164,-808.4703055805776,0.030925137150748325
s11_29.tif,HP,300,2481,3487,0.7114998566102667,25352.6689453125,0.9074649214744568,0.1342313140630722,-3.3564305305480957,10.440217971801758,-760.362109614567,0.0620883902632765
s11_3.tif,HP,300,2481,3487,0.7114998566102667,25352.6689453125,0.9109932780265808,0.13033685088157654,-3.8955066204071045,14.349481582641602,-819.207574290422,0.03628043448534067
s11_30.tif,HP,300,2481,3487,0.7114998566102667,25352.6689453125,0.905074417591095,0.10892495512962341,-4.134195804595947,17.088687896728516,-803.0020979347014,0.0384758405348963
s11_31.tif,HP,300,2481,3487,0.7114998566102667,25352.6689453125,0.9027873873710632,0.13113991916179657,-3.379335641860962,10.685785293579102,-756.5910699266948,0.058175428351542845
s11_32.tif,HP,300,2481,3487,0.7114998566102667,25352.6689453125,0.9110098481178284,0.12377584725618362,-3.7179784774780273,13.528478622436523,-783.9915119183892,0.039895520264304096
s11_33.tif,HP,300,2481,3487,0.7114998566102667,25352.6689453125,0.9193148612976074,0.12275554984807968,-3.822528839111328,14.058931350708008,-822.2577419971204,0.04538790766232891
s11_34.tif,HP,300,2481,3487,0.7114998566102667,25352.6689453125,0.920063853263855,0.11444874852895737,-4.084759712219238,16.381616592407227,-820.0745709546187,0.04238903362717537
s11_35.tif,HP,300,2481,3487,0.7114998566102667,25352.6689453125,0.8993314504623413,0.14291968941688538,-2.987377882003784,7.975147247314453,-715.9244510203897,0.07204094392403777
s11_36.tif,HP,300,2481,3471,0.7147796024200519,25236.3408203125,0.9403741955757141,0.05510422959923744,-9.129206657409668,93.91173553466797,-974.9916271109614,0.00570234096041468
s11_37.tif,HP,300,2481,3487,0.7114998566102667,25352.6689453125,0.900506317615509,0.15094773471355438,-3.0038774013519287,7.866218566894531,-750.9121890758854,0.03547477028456129
s11_38.tif,HP,300,2481,3487,0.7114998566102667,25352.6689453125,0.8981126546859741,0.1395985335111618,-3.2364749908447266,9.675922393798828,-751.9952363937093,0.04037568225713588
s11_39.tif,HP,300,2481,3487,0.7114998566102667,25352.6689453125,0.9027114510536194,0.135153129696846,-3.6869165897369385,12.576211929321289,-802.7449724043242,0.03823691544120749
s11_4.tif,HP,300,2481,3471,0.7147796024200519,25236.3408203125,0.892676591873169,0.1547706574201584,-2.7007572650909424,5.960470199584961,-746.2405574144335,0.0369907813354412
s11_40.tif,HP,300,2481,3487,0.7114998566102667,25352.6689453125,0.9331907629966736,0.09894484281539917,-5.089896202087402,26.163711547851562,-901.1491090367474,0.023568625424750907
s11_41.tif,HP,300,2481,3471,0.7147796024200519,25236.3408203125,0.9193507432937622,0.1111438125371933,-4.380499362945557,18.961349487304688,-845.1677068532496,0.033533796641278674
s11_42.tif,HP,300,2481,3487,0.7114998566102667,25352.6689453125,0.8363239765167236,0.22668759524822235,-1.7600468397140503,1.369840145111084,-621.1245001483098,0.036513464475121334
s11_43.tif,HP,300,2481,3471,0.7147796024200519,25236.3408203125,0.9240359663963318,0.11829975247383118,-4.356052398681641,18.37948226928711,-868.3441707949861,0.027058191956361867
s11_44.tif,HP,300,2481,3487,0.7114998566102667,25352.6689453125,0.8655769228935242,0.18219295144081116,-2.62155818939209,5.278759002685547,-718.61016206247,0.03468205219432528
s11_45.tif,HP,300,2481,3471,0.7147796024200519,25236.3408203125,0.9146789312362671,0.11148405820131302,-4.556626319885254,20.428081512451172,-861.4877970253356,0.024540527020045517
s11_46.tif,HP,300,2481,3471,0.7147796024200519,25236.3408203125,0.8659963607788086,0.18145866692066193,-2.367055654525757,4.103166580200195,-678.5666277203613,0.04407510331181921
s11_47.tif,HP,300,2481,3487,0.7114998566102667,25352.6689453125,0.906094491481781,0.12770241498947144,-3.7036569118499756,13.405624389648438,-774.474098514669,0.029973366845265196
s11_48.tif,HP,300,2481,3487,0.7114998566102667,25352.6689453125,0.8774289488792419,0.17023363709449768,-2.5851473808288574,5.557483673095703,-675.4562947978332,0.027774724268073724
s11_49.tif,HP,300,2481,3471,0.7147796024200519,25236.3408203125,0.9093028903007507,0.12290837615728378,-3.6582112312316895,12.7457857131958,-799.9923146474582,0.045788964148270155
s11_5.tif,HP,300,2481,3487,0.7114998566102667,25352.6689453125,0.8801539540290833,0.17334672808647156,-2.3796565532684326,4.433638572692871,-660.9997958356331,0.05054219351268089
s11_50.tif,HP,300,2481,3471,0.7147796024200519,25236.3408203125,0.8772574067115784,0.195029616355896,-2.5883395671844482,5.106166839599609,-749.4615476586146,0.025895451353652784
s11_51.tif,HP,300,2481,3471,0.7147796024200519,25236.3408203125,0.912409782409668,0.129265695810318,-3.3800110816955566,10.435980796813965,-826.6689287648785,0.022714839638062877
s11_52.tif,HP,300,2481,3471,0.7147796024200519,25236.3408203125,0.8966186046600342,0.15313777327537537,-3.2606728076934814,9.374297142028809,-795.0665104821296,0.02113974590639944
s11_53.tif,HP,300,2481,3471,0.7147796024200519,25236.3408203125,0.9046748876571655,0.15252192318439484,-3.3056411743164062,9.511333465576172,-834.9955053804506,0.020737030994765055
s11_54.tif,HP,300,2481,3471,0.7147796024200519,25236.3408203125,0.8793057799339294,0.17625124752521515,-2.5541555881500244,5.112622261047363,-723.3725513873633,0.02830442506814394
s11_55.tif,HP,300,2481,3471,0.7147796024200519,25236.3408203125,0.9217431545257568,0.1005043238401413,-4.603665828704834,22.137826919555664,-835.8859841571132,0.01985635340254038
s11_56.tif,HP,300,2481,3471,0.7147796024200519,25236.3408203125,0.9214014410972595,0.11588849872350693,-4.113413333892822,16.580690383911133,-840.8961118228883,0.02643623663147324
s11_57.tif,HP,300,2481,3471,0.7147796024200519,25236.3408203125,0.9060349464416504,0.13128376007080078,-3.3027594089508057,10.293519020080566,-753.0231682647733,0.03245756774824884
s11_58.tif,HP,300,2481,3487,0.7114998566102667,25352.6689453125,0.905183732509613,0.1370282620191574,-3.4692931175231934,11.110138893127441,-783.2284081221815,0.045646714282923606
s11_59.tif,HP,300,2481,3471,0.7147796024200519,25236.3408203125,0.897766649723053,0.13233038783073425,-3.4051597118377686,10.80704402923584,-757.8006465924237,0.043924723897007634
s11_6.tif,HP,300,2481,3487,0.7114998566102667,25352.6689453125,0.8777378797531128,0.16610023379325867,-2.4860475063323975,5.033840179443359,-655.5807255331648,0.035487947575650075
s11_60.tif,HP,300,2481,3471,0.7147796024200519,25236.3408203125,0.8823474049568176,0.17187243700027466,-2.6295597553253174,5.4713134765625,-731.5140425655434,0.03463812732456674
s11_61.tif,HP,300,2481,3471,0.7147796024200519,25236.3408203125,0.9331866502761841,0.09407481551170349,-4.996687889099121,25.763547897338867,-895.47399533259,0.01231346130331226
s11_62.tif,HP,300,2481,3471,0.7147796024200519,25236.3408203125,0.9261202812194824,0.09425358474254608,-5.320979595184326,29.040225982666016,-899.015036376855,0.018177097249961128
s11_63.tif,HP,300,2481,3487,0.7114998566102667,25352.6689453125,0.9085755944252014,0.12750323116779327,-3.57611083984375,12.06134033203125,-810.3848587137846,0.02995325413781389
s11_64.tif,HP,300,2481,3487,0.7114998566102667,25352.6689453125,0.9098118543624878,0.11091306060552597,-3.8361871242523193,14.80926513671875,-798.2571721511474,0.0274328082414015
s11_65.tif,HP,300,2481,3487,0.7114998566102667,25352.6689453125,0.9209042191505432,0.10655348747968674,-4.067270755767822,16.876596450805664,-831.12807426996,0.023614399172743536
s11_66.tif,HP,300,2481,3487,0.7114998566102667,25352.6689453125,0.9004372954368591,0.13898497819900513,-2.924636125564575,7.381492614746094,-776.6534958033818,0.018763537788251797
s11_67.tif,HP,300,2481,3487,0.7114998566102667,25352.6689453125,0.8944702744483948,0.16290569305419922,-2.7931292057037354,6.268222808837891,-786.9207474347273,0.018920856149408288
s11_68.tif,HP,300,2481,3487,0.7114998566102667,25352.6689453125,0.9310340285301208,0.0928104892373085,-5.781284809112549,34.24662780761719,-909.9684173228443,0.011658781676213845
s11_69.tif,HP,300,2481,3487,0.7114998566102667,25352.6689453125,0.9096477031707764,0.1297614872455597,-3.853344202041626,13.921842575073242,-821.814754101926,0.031633243161361596
s11_7.tif,HP,300,2481,3487,0.7114998566102667,25352.6689453125,0.8978773951530457,0.15185298025608063,-3.0047824382781982,7.86613655090332,-762.1372548223211,0.03845526546635416
s11_70.tif,HP,300,2481,3487,0.7114998566102667,25352.6689453125,0.8986071348190308,0.16558602452278137,-2.9418752193450928,7.182988166809082,-783.6953024818056,0.03058345230462152
s11_71.tif,HP,300,2481,3487,0.7114998566102667,25352.6689453125,0.9152724146842957,0.13181550800800323,-3.612062931060791,12.213247299194336,-804.7431282945289,0.027880720548147567
s11_72.tif,HP,300,2481,3487,0.7114998566102667,25352.6689453125,0.9106627702713013,0.13677015900611877,-4.052574634552002,15.065027236938477,-876.768310260769,0.009711085581072879
s11_73.tif,HP,300,2481,3487,0.7114998566102667,25352.6689453125,0.9108087420463562,0.12905563414096832,-3.5594587326049805,12.096131324768066,-767.8120870112928,0.03681099383707343
s11_74.tif,HP,300,2481,3487,0.7114998566102667,25352.6689453125,0.9173341393470764,0.11317098140716553,-4.419864654541016,19.0565242767334,-850.2816682050168,0.025035003624333002
s11_75.tif,HP,300,2481,3487,0.7114998566102667,25352.6689453125,0.9210960865020752,0.12344267964363098,-4.072812557220459,15.752168655395508,-854.5108644326026,0.028412320212334707
s11_76.tif,HP,300,2481,3471,0.7147796024200519,25236.3408203125,0.9160762429237366,0.11616566777229309,-4.242117404937744,17.42713737487793,-844.4712676523548,0.02940469144292358
s11_77.tif,HP,300,2481,3471,0.7147796024200519,25236.3408203125,0.9236968755722046,0.10605840384960175,-4.657131195068359,21.53277015686035,-864.3658732889841,0.020376817137818727
s11_78.tif,HP,300,2481,3487,0.7114998566102667,25352.6689453125,0.9188570976257324,0.12384918332099915,-3.905292510986328,14.658670425415039,-833.2736409763618,0.03135767595122414
s11_79.tif,HP,300,2481,3487,0.7114998566102667,25352.6689453125,0.9259510040283203,0.10463737696409225,-4.579080581665039,21.364917755126953,-863.6287479541612,0.021708546756323107
s11_8.tif,HP,300,2481,3471,0.7147796024200519,25236.3408203125,0.9050373435020447,0.13991492986679077,-3.2349703311920166,9.892457962036133,-715.6719291353711,0.03330306004110061
s11_80.tif,HP,300,2481,3487,0.7114998566102667,25352.6689453125,0.9156405925750732,0.1090855747461319,-4.342850208282471,18.704538345336914,-842.0833085932144,0.02947459481852732
s11_81.tif,HP,300,2481,3487,0.7114998566102667,25352.6689453125,0.9112100005149841,0.10675816237926483,-3.805823564529419,15.370607376098633,-775.979432790934,0.021667396619238822
s11_82.tif,HP,300,2481,3471,0.7147796024200519,25236.3408203125,0.9239866733551025,0.10959599912166595,-4.709061622619629,21.725393295288086,-879.3094515408559,0.02152028130588787
s11_83.tif,HP,300,2481,3487,0.7114998566102667,25352.6689453125,0.9304572939872742,0.10232879966497421,-5.066526412963867,25.5246524810791,-912.1718516327966,0.01920243405372659
s11_84.tif,HP,300,2481,3487,0.7114998566102667,25352.6689453125,0.9228209853172302,0.11013613641262054,-4.5642194747924805,20.45521354675293,-866.6455976284861,0.026601136229262672
s11_85.tif,HP,300,2481,3471,0.7147796024200519,25236.3408203125,0.9010069966316223,0.13558658957481384,-3.2969398498535156,9.955678939819336,-783.5378793098794,0.025971511984310375
s11_86.tif,HP,300,2481,3487,0.7114998566102667,25352.6689453125,0.900048553943634,0.147298201918602,-3.196604013442993,8.924509048461914,-793.390612314009,0.019692767990556737
s11_87.tif,HP,300,2481,3487,0.7114998566102667,25352.6689453125,0.8720756769180298,0.17080417275428772,-2.1567940711975098,3.4158530235290527,-644.9219743003389,0.041085406531567066
s11_88.tif,HP,300,2481,3487,0.7114998566102667,25352.6689453125,0.9037377834320068,0.12437962740659714,-3.5114407539367676,11.899504661560059,-769.8959667211147,0.02505072390142138
s11_89.tif,HP,300,2481,3487,0.7114998566102667,25352.6689453125,0.9176388382911682,0.11282823979854584,-4.432163238525391,19.176111221313477,-858.9308664891922,0.024165186822200313
s11_9.tif,HP,300,2481,3487,0.7114998566102667,25352.6689453125,0.9082810878753662,0.12615932524204254,-3.428032636642456,11.278361320495605,-790.8600416333812,0.02611288291734128
s11_90.tif,HP,300,2481,3487,0.7114998566102667,25352.6689453125,0.8948854804039001,0.14296196401119232,-3.0538277626037598,8.368828773498535,-731.8149904653072,0.04189557875298208
s11_91.tif,HP,300,2481,3487,0.7114998566102667,25352.6689453125,0.9273674488067627,0.08028602600097656,-6.255458354949951,41.05961227416992,-914.7446178665168,0.014074040424461353
s11_92.tif,HP,300,2481,3471,0.7147796024200519,25236.3408203125,0.9126207828521729,0.1230563372373581,-3.944636583328247,14.765985488891602,-826.9539432539207,0.0361955703449936
s11_93.tif,HP,300,2481,3487,0.7114998566102667,25352.6689453125,0.8847498893737793,0.16063159704208374,-2.6654257774353027,5.786864280700684,-726.7469506981076,0.033252547291737246
s11_94.tif,HP,300,2481,3487,0.7114998566102667,25352.6689453125,0.9275131821632385,0.10646011680364609,-4.515111923217773,20.195322036743164,-882.4756962404678,0.02306338034274134
s11_95.tif,HP,300,2481,3487,0.7114998566102667,25352.6689453125,0.9148582816123962,0.13035252690315247,-3.928407669067383,14.296754837036133,-874.0039141992729,0.017456789755280366
s11_96.tif,HP,300,2481,3487,0.7114998566102667,25352.6689453125,0.9099692702293396,0.13240233063697815,-3.5166208744049072,11.508788108825684,-800.0601457275314,0.03441966227527662
s11_97.tif,HP,300,2481,3487,0.7114998566102667,25352.6689453125,0.9242428541183472,0.11127644777297974,-4.448658466339111,19.317201614379883,-867.3132235587331,0.02894022098779517
s11_98.tif,HP,300,2481,3487,0.7114998566102667,25352.6689453125,0.9132788777351379,0.12949807941913605,-3.7524938583374023,13.164310455322266,-837.918561289265,0.02346124206140456
s11_99.tif,HP,300,2481,3487,0.7114998566102667,25352.6689453125,0.9070174694061279,0.15234945714473724,-3.1580100059509277,8.66402530670166,-803.0614853180857,0.030725512749780467
