file_name,class_label,resolution_level,width,height,aspect_ratio,file_size_kb,mean_intensity,std_intensity,skewness,kurtosis,entropy,edge_density
s1_1.tif,Canon120-1,150,1240,1752,0.7077625570776256,6366.8017578125,0.9723840951919556,0.12570802867412567,-4.814417362213135,22.19645881652832,-1769.7677565847878,0.030322488584474887
s1_10.tif,Canon120-1,150,1240,1752,0.7077625570776256,6366.8017578125,0.9699103236198425,0.12492669373750687,-4.209887981414795,16.492502212524414,-1788.987006959056,0.026919005008101342
s1_100.tif,Canon120-1,150,1240,1752,0.7077625570776256,6366.8017578125,0.9852476119995117,0.0921424925327301,-6.863428592681885,48.042274475097656,-1895.3236720203406,0.01858429076447194
s1_11.tif,Canon120-1,150,1240,1752,0.7077625570776256,6366.8017578125,0.9738848209381104,0.11723852902650833,-4.927458763122559,24.068151473999023,-1793.202439161927,0.04882622624834291
s1_12.tif,Canon120-1,150,1240,1752,0.7077625570776256,6366.8017578125,0.9885857701301575,0.07847538590431213,-7.975543975830078,65.19390869140625,-1828.304206433676,0.016380818235380762
s1_13.tif,Canon120-1,150,1240,1752,0.7077625570776256,6366.8017578125,0.9802454113960266,0.10342062264680862,-5.751214504241943,33.207359313964844,-1828.835773369361,0.03525786198261894
s1_14.tif,Canon120-1,150,1240,1752,0.7077625570776256,6366.8017578125,0.9792277812957764,0.10701345652341843,-5.614022731781006,31.33251953125,-1827.7862284973708,0.032753351008985125
s1_15.tif,Canon120-1,150,1240,1752,0.7077625570776256,6366.8017578125,0.9777542352676392,0.09956928342580795,-5.160011291503906,27.287376403808594,-1758.6085499193769,0.04417808219178082
s1_16.tif,Canon120-1,150,1240,1752,0.7077625570776256,6366.8017578125,0.9825577139854431,0.09189165383577347,-5.943690776824951,36.29407501220703,-1821.123223780718,0.03513864339372515
s1_17.tif,Canon120-1,150,1240,1752,0.7077625570776256,6366.8017578125,0.9930278062820435,0.06253989785909653,-10.006731033325195,103.40247344970703,-1951.0951673520522,0.010751307261746943
s1_18.tif,Canon120-1,150,1240,1752,0.7077625570776256,6366.8017578125,0.983065664768219,0.0980387032032013,-6.294898509979248,39.6683349609375,-1861.101651353914,0.024509776844896157
s1_19.tif,Canon120-1,150,1240,1752,0.7077625570776256,6366.8017578125,0.9712375998497009,0.12134969234466553,-4.703660488128662,21.81641960144043,-1681.8650417158005,0.04423055678303137
s1_2.tif,Canon120-1,150,1240,1752,0.7077625570776256,6366.8017578125,0.9589833617210388,0.13665378093719482,-3.7131593227386475,13.231075286865234,-1583.2843931923994,0.08023411032552659
s1_20.tif,Canon120-1,150,1240,1752,0.7077625570776256,6366.8017578125,0.9713486433029175,0.12092086672782898,-4.6932854652404785,21.691987991333008,-1682.6462855653087,0.04426646045072912
s1_21.tif,Canon120-1,150,1240,1752,0.7077625570776256,6366.8017578125,0.9920738339424133,0.06508889049291611,-9.282116889953613,89.54683685302734,-1936.1853497990746,0.014012096774193548
s1_22.tif,Canon120-1,150,1240,1752,0.7077625570776256,6366.8017578125,0.9936716556549072,0.05916909500956535,-10.532270431518555,115.09693908691406,-1950.6028234761839,0.010441983355427897
s1_23.tif,Canon120-1,150,1240,1752,0.7077625570776256,6366.8017578125,0.9864252805709839,0.08055847138166428,-7.036585807800293,51.228424072265625,-1823.0376855686657,0.022126325673884225
s1_24.tif,Canon120-1,150,1240,1752,0.7077625570776256,6366.8017578125,0.9888270497322083,0.07467326521873474,-7.528604984283447,58.52922439575195,-1900.264514416975,0.0233120673147739
s1_25.tif,Canon120-1,150,1240,1752,0.7077625570776256,6366.8017578125,0.9771588444709778,0.1174243912100792,-5.442476749420166,28.93256378173828,-1847.5251024975382,0.025349370304904993
s1_26.tif,Canon120-1,150,1240,1752,0.7077625570776256,6366.8017578125,0.9848273396492004,0.09315230697393417,-6.660303115844727,44.614200592041016,-1887.528376447207,0.020953472529091178
s1_27.tif,Canon120-1,150,1240,1752,0.7077625570776256,6366.8017578125,0.9639862775802612,0.13903078436851501,-4.090136528015137,15.72646713256836,-1710.3286800918047,0.04206160701134188
s1_28.tif,Canon120-1,150,1240,1752,0.7077625570776256,6366.8017578125,0.9895029067993164,0.0786365419626236,-8.216633796691895,68.62690734863281,-1921.6059983173311,0.013583093975548681
s1_29.tif,Canon120-1,150,1240,1752,0.7077625570776256,6366.8017578125,0.9931367635726929,0.05427885800600052,-9.744314193725586,103.41712951660156,-1900.1524304778982,0.010766957578435704
s1_3.tif,Canon120-1,150,1240,1752,0.7077625570776256,6366.8017578125,0.9787089824676514,0.10762717574834824,-5.525354862213135,30.516239166259766,-1826.290236756525,0.03433265208425394
s1_30.tif,Canon120-1,150,1240,1752,0.7077625570776256,6366.8017578125,0.9809054732322693,0.08484913408756256,-4.688738822937012,21.733972549438477,-1818.3401546392179,0.02127016129032258
s1_31.tif,Canon120-1,150,1240,1752,0.7077625570776256,6366.8017578125,0.9593371152877808,0.1379166692495346,-3.67915678024292,12.745826721191406,-1618.3335344197876,0.06618795109736338
s1_32.tif,Canon120-1,150,1240,1752,0.7077625570776256,6366.8017578125,0.985308825969696,0.08398396521806717,-6.617211818695068,45.92732238769531,-1843.520207270711,0.03733659228163205
s1_33.tif,Canon120-1,150,1240,1752,0.7077625570776256,6366.8017578125,0.9610959887504578,0.1404784917831421,-3.8973655700683594,14.338516235351562,-1650.8302400794034,0.05987627043747238
s1_34.tif,Canon120-1,150,1240,1752,0.7077625570776256,6366.8017578125,0.9869837760925293,0.08026285469532013,-6.997603893280029,50.78572082519531,-1874.5308222069193,0.027243518927677124
s1_35.tif,Canon120-1,150,1240,1752,0.7077625570776256,6366.8017578125,0.9726778864860535,0.12903577089309692,-4.93678617477417,23.370534896850586,-1821.6203266473058,0.028765282073943143
s1_36.tif,Canon120-1,150,1240,1752,0.7077625570776256,6366.8017578125,0.9845602512359619,0.09548935294151306,-6.694479465484619,44.9193115234375,-1889.7972252219472,0.020622054058035057
s1_37.tif,Canon120-1,150,1240,1752,0.7077625570776256,6366.8017578125,0.9820513725280762,0.10205132514238358,-6.161211013793945,37.87059020996094,-1865.7022715666917,0.02464372514361467
s1_38.tif,Canon120-1,150,1240,1752,0.7077625570776256,6366.8017578125,0.9869944453239441,0.08307867497205734,-7.100801944732666,51.633968353271484,-1882.6463459224474,0.02066117984975696
s1_39.tif,Canon120-1,150,1240,1752,0.7077625570776256,6366.8017578125,0.986884355545044,0.07970954477787018,-7.1329731941223145,53.983299255371094,-1874.7924661569364,0.0296587310354986
s1_4.tif,Canon120-1,150,1240,1752,0.7077625570776256,6366.8017578125,0.9689451456069946,0.1259097158908844,-4.393123626708984,18.76923942565918,-1740.2442654704769,0.05505275077330977
s1_40.tif,Canon120-1,150,1240,1752,0.7077625570776256,6366.8017578125,0.9849638342857361,0.08207099884748459,-7.066357612609863,54.20563888549805,-1782.3881774614126,0.0428722013551333
s1_41.tif,Canon120-1,150,1240,1752,0.7077625570776256,6366.8017578125,0.9598231911659241,0.15484614670276642,-4.028698921203613,15.195205688476562,-1744.4920314990893,0.05021910443364266
s1_42.tif,Canon120-1,150,1240,1752,0.7077625570776256,6366.8017578125,0.9691942930221558,0.1327631026506424,-4.366356372833252,17.804725646972656,-1799.0153269475056,0.02313300927971719
s1_43.tif,Canon120-1,150,1240,1752,0.7077625570776256,6366.8017578125,0.9864597320556641,0.08258634805679321,-6.847910404205322,48.20967102050781,-1878.932349379009,0.025501730740904404
s1_44.tif,Canon120-1,150,1240,1752,0.7077625570776256,6366.8017578125,0.9761080741882324,0.11459703743457794,-5.174881935119629,26.3892765045166,-1819.0519801333369,0.03832946678450434
s1_45.tif,Canon120-1,150,1240,1752,0.7077625570776256,6366.8017578125,0.9830390810966492,0.09439177066087723,-6.17471170425415,38.6396484375,-1845.4986361621736,0.03018669907202828
s1_46.tif,Canon120-1,150,1240,1752,0.7077625570776256,6366.8017578125,0.9788641333580017,0.10524000972509384,-5.491485595703125,30.254459381103516,-1820.5898942879808,0.0362088488731772
s1_47.tif,Canon120-1,150,1240,1752,0.7077625570776256,6366.8017578125,0.9822697043418884,0.08083514869213104,-6.031914234161377,40.42680358886719,-1700.7897185543388,0.0604769664162616
s1_48.tif,Canon120-1,150,1240,1752,0.7077625570776256,6366.8017578125,0.9880450963973999,0.06479038298130035,-7.670444488525391,67.0672378540039,-1738.7197821734233,0.039288278833406985
s1_49.tif,Canon120-1,150,1240,1752,0.7077625570776256,6366.8017578125,0.989309549331665,0.07816661894321442,-8.141800880432129,67.96774291992188,-1913.5300748843124,0.015040874944763588
s1_5.tif,Canon120-1,150,1240,1752,0.7077625570776256,6366.8017578125,0.9888792037963867,0.07698230445384979,-7.752187252044678,61.87571716308594,-1903.244201698997,0.01858797319192812
s1_50.tif,Canon120-1,150,1240,1752,0.7077625570776256,6366.8017578125,0.9830752015113831,0.09732617437839508,-6.463016033172607,42.581668853759766,-1851.103353557172,0.016726506112829578
s1_51.tif,Canon120-1,150,1240,1752,0.7077625570776256,6366.8017578125,0.9819581508636475,0.09419931471347809,-5.87095832824707,35.167625427246094,-1837.214380500664,0.03164908307556341
s1_52.tif,Canon120-1,150,1240,1752,0.7077625570776256,6366.8017578125,0.9428664445877075,0.12228948622941971,-2.0221595764160156,3.6546053886413574,-1566.4367285153928,0.011514030048608043
s1_53.tif,Canon120-1,150,1240,1752,0.7077625570776256,6366.8017578125,0.9801658987998962,0.10062962770462036,-5.611989974975586,32.238224029541016,-1837.8889207842578,0.022359239210487554
s1_54.tif,Canon120-1,150,1240,1752,0.7077625570776256,6366.8017578125,0.9884496331214905,0.07564049959182739,-7.680025577545166,61.726051330566406,-1874.8222278173937,0.013028428339961703
s1_55.tif,Canon120-1,150,1240,1752,0.7077625570776256,6366.8017578125,0.9703873991966248,0.09736379235982895,-4.330811500549316,22.0985107421875,-1623.4450313593059,0.031211794815142142
s1_56.tif,Canon120-1,150,1240,1752,0.7077625570776256,6366.8017578125,0.9609491229057312,0.1258099526166916,-4.24854040145874,18.748779296875,-1567.452542903809,0.04319027102666077
s1_57.tif,Canon120-1,150,1240,1752,0.7077625570776256,6366.8017578125,0.9818699359893799,0.09769389778375626,-5.8859171867370605,34.59706115722656,-1844.3239320635948,0.02748333701576079
s1_58.tif,Canon120-1,150,1240,1752,0.7077625570776256,6366.8017578125,0.9871742129325867,0.07834324985742569,-6.914741516113281,49.35671615600586,-1874.1121153207794,0.02510172705847695
s1_59.tif,Canon120-1,150,1240,1752,0.7077625570776256,6366.8017578125,0.9676396250724792,0.13063058257102966,-4.3304548263549805,18.202238082885742,-1738.440333520314,0.03677179997054058
s1_6.tif,Canon120-1,150,1240,1752,0.7077625570776256,6366.8017578125,0.9932718873023987,0.059452950954437256,-10.029806137084961,105.02561950683594,-1949.8242550139535,0.011856035498600677
s1_60.tif,Canon120-1,150,1240,1752,0.7077625570776256,6366.8017578125,0.9862204790115356,0.08839389681816101,-6.967470169067383,48.846900939941406,-1898.5988246414995,0.019218588893798794
s1_61.tif,Canon120-1,150,1240,1752,0.7077625570776256,6366.8017578125,0.9882910251617432,0.0763532891869545,-7.400331020355225,56.67353439331055,-1882.3841618492452,0.02188466637207247
s1_62.tif,Canon120-1,150,1240,1752,0.7077625570776256,6366.8017578125,0.978046178817749,0.11072313040494919,-5.373198986053467,28.460607528686523,-1850.6151010933568,0.027390355722492266
s1_63.tif,Canon120-1,150,1240,1752,0.7077625570776256,6366.8017578125,0.9724916815757751,0.11451508849859238,-4.927670478820801,23.733247756958008,-1471.3134414701092,0.031525261452349386
s1_64.tif,Canon120-1,150,1240,1752,0.7077625570776256,6366.8017578125,0.9680130481719971,0.13089635968208313,-4.274814128875732,17.118614196777344,-1677.4397031143646,0.02729277139490352
s1_65.tif,Canon120-1,150,1240,1752,0.7077625570776256,6366.8017578125,0.9682771563529968,0.13022510707378387,-4.22519063949585,16.668289184570312,-1774.1944785951785,0.03560769259095596
s1_66.tif,Canon120-1,150,1240,1752,0.7077625570776256,6366.8017578125,0.9638218879699707,0.14565667510032654,-4.003044128417969,14.546327590942383,-1789.779890137825,0.02221562453969657
s1_67.tif,Canon120-1,150,1240,1752,0.7077625570776256,6366.8017578125,0.9157674908638,0.1280219852924347,-1.9596130847930908,5.82541561126709,-1143.3998640255738,0.01597160848431286
s1_68.tif,Canon120-1,150,1240,1752,0.7077625570776256,6366.8017578125,0.9783614873886108,0.1172255426645279,-5.764872074127197,32.699249267578125,-1860.3288951707582,0.020623434968331123
s1_69.tif,Canon120-1,150,1240,1752,0.7077625570776256,6366.8017578125,0.9863959550857544,0.08570010215044022,-7.045803070068359,50.87112045288086,-1875.2036010921659,0.022486282957725732
s1_7.tif,Canon120-1,150,1240,1752,0.7077625570776256,6366.8017578125,0.9874850511550903,0.08172909915447235,-7.234593391418457,53.360015869140625,-1890.2064815781619,0.02160756370599499
s1_70.tif,Canon120-1,150,1240,1752,0.7077625570776256,6366.8017578125,0.952680230140686,0.15529416501522064,-3.473590850830078,11.069510459899902,-1605.4129259005376,0.08059222639564001
s1_71.tif,Canon120-1,150,1240,1752,0.7077625570776256,6366.8017578125,0.9886654019355774,0.0736512616276741,-7.317519187927246,55.28473663330078,-1894.1766144670062,0.023178579319487407
s1_72.tif,Canon120-1,150,1240,1752,0.7077625570776256,6366.8017578125,0.9758386611938477,0.11792697012424469,-5.240454196929932,26.979597091674805,-1834.831572633368,0.035277655030195906
s1_73.tif,Canon120-1,150,1240,1752,0.7077625570776256,6366.8017578125,0.9694487452507019,0.12868833541870117,-4.572967052459717,20.18870735168457,-1721.2146118933656,0.03976929591987038
s1_74.tif,Canon120-1,150,1240,1752,0.7077625570776256,6366.8017578125,0.9880192279815674,0.07448180764913559,-7.381381511688232,57.56965255737305,-1876.446551554853,0.02229525703343644
s1_75.tif,Canon120-1,150,1240,1752,0.7077625570776256,6366.8017578125,0.9888119697570801,0.07183985412120819,-7.47967004776001,59.74148941040039,-1854.2974341555052,0.020746796288113125
s1_76.tif,Canon120-1,150,1240,1752,0.7077625570776256,6366.8017578125,0.9877699613571167,0.07904531061649323,-8.09546184539795,68.5154800415039,-1802.1181688090755,0.012111503903373103
s1_77.tif,Canon120-1,150,1240,1752,0.7077625570776256,6366.8017578125,0.9700541496276855,0.11892489343881607,-4.3978047370910645,19.424558639526367,-1728.5274824269159,0.0478536050964796
s1_78.tif,Canon120-1,150,1240,1752,0.7077625570776256,6366.8017578125,0.9757348895072937,0.10276584327220917,-5.462608814239502,30.9161376953125,-1641.7574748520422,0.03273770069229636
s1_79.tif,Canon120-1,150,1240,1752,0.7077625570776256,6366.8017578125,0.9831323027610779,0.0929872989654541,-6.364724636077881,41.56374740600586,-1837.2932120802302,0.0280324790101635
s1_8.tif,Canon120-1,150,1240,1752,0.7077625570776256,6366.8017578125,0.9847333431243896,0.09192552417516708,-6.649246692657471,44.699832916259766,-1858.7791917965308,0.023517822948887906
s1_80.tif,Canon120-1,150,1240,1752,0.7077625570776256,6366.8017578125,0.9820501208305359,0.09835104644298553,-6.124567031860352,37.89195251464844,-1808.6070260718395,0.03370986154072765
s1_81.tif,Canon120-1,150,1240,1752,0.7077625570776256,6366.8017578125,0.9735669493675232,0.11563864350318909,-4.753441333770752,22.417821884155273,-1784.978389712758,0.037840164236264545
s1_82.tif,Canon120-1,150,1240,1752,0.7077625570776256,6366.8017578125,0.98612380027771,0.0930359959602356,-7.269848823547363,52.96696090698242,-1877.9017002730918,0.014765153188982177
s1_83.tif,Canon120-1,150,1240,1752,0.7077625570776256,6366.8017578125,0.978136420249939,0.1092761680483818,-5.427326679229736,29.220745086669922,-1826.5509320819322,0.036323924731182795
s1_84.tif,Canon120-1,150,1240,1752,0.7077625570776256,6366.8017578125,0.9888777136802673,0.07128004729747772,-8.521897315979004,77.5949935913086,-1772.8434051012657,0.018390503019590516
s1_85.tif,Canon120-1,150,1240,1752,0.7077625570776256,6366.8017578125,0.9803000688552856,0.1083870604634285,-6.096887588500977,37.558807373046875,-1854.3477627338589,0.01940132935631168
s1_86.tif,Canon120-1,150,1240,1752,0.7077625570776256,6366.8017578125,0.9805808067321777,0.10397068411111832,-5.639042377471924,31.14128875732422,-1869.8210864888717,0.022785940491972308
s1_87.tif,Canon120-1,150,1240,1752,0.7077625570776256,6366.8017578125,0.9818727970123291,0.10067936033010483,-6.050328254699707,36.559837341308594,-1846.2497628236576,0.02726607379584622
s1_88.tif,Canon120-1,150,1240,1752,0.7077625570776256,6366.8017578125,0.9809103012084961,0.09554324299097061,-5.7100677490234375,34.13983917236328,-1806.1829107635972,0.024948446015613492
s1_89.tif,Canon120-1,150,1240,1752,0.7077625570776256,6366.8017578125,0.9724875688552856,0.11860834807157516,-4.7555155754089355,22.359800338745117,-1762.7832132445792,0.04625589188392989
s1_9.tif,Canon120-1,150,1240,1752,0.7077625570776256,6366.8017578125,0.9749701023101807,0.11640520393848419,-5.034550189971924,24.982715606689453,-1804.1547826504225,0.038363529238474005
s1_90.tif,Canon120-1,150,1240,1752,0.7077625570776256,6366.8017578125,0.9811004996299744,0.09632359445095062,-5.9026618003845215,36.096126556396484,-1816.2223301537504,0.043677732361172485
s1_91.tif,Canon120-1,150,1240,1752,0.7077625570776256,6366.8017578125,0.9794738292694092,0.11135924607515335,-5.791045188903809,33.111900329589844,-1858.2264105661916,0.024627154220061866
s1_92.tif,Canon120-1,150,1240,1752,0.7077625570776256,6366.8017578125,0.9834045767784119,0.09866877645254135,-6.466700553894043,41.98918533325195,-1877.3890810526857,0.022341747680070703
s1_93.tif,Canon120-1,150,1240,1752,0.7077625570776256,6366.8017578125,0.9817219376564026,0.10274355113506317,-6.125628471374512,37.503273010253906,-1846.5839906662113,0.026313245691559878
s1_94.tif,Canon120-1,150,1240,1752,0.7077625570776256,6366.8017578125,0.9835593700408936,0.10021927952766418,-6.582293510437012,43.25981521606445,-1871.584022499415,0.01960892620415378
s1_95.tif,Canon120-1,150,1240,1752,0.7077625570776256,6366.8017578125,0.9868126511573792,0.08618169277906418,-7.202585220336914,52.74517059326172,-1896.2444719047533,0.02074173295036088
s1_96.tif,Canon120-1,150,1240,1752,0.7077625570776256,6366.8017578125,0.9816343784332275,0.1048516184091568,-6.1917901039123535,38.39524841308594,-1881.3606580446308,0.01513339593460009
s1_97.tif,Canon120-1,150,1240,1752,0.7077625570776256,6366.8017578125,0.9815385937690735,0.09900329262018204,-6.150166988372803,38.57996368408203,-1840.8540181184655,0.024632217557814112
s1_98.tif,Canon120-1,150,1240,1752,0.7077625570776256,6366.8017578125,0.9611243605613708,0.13846567273139954,-3.8574540615081787,14.213539123535156,-1673.7446275265195,0.07282184415967005
s1_99.tif,Canon120-1,150,1240,1752,0.7077625570776256,6366.8017578125,0.9813459515571594,0.10125729441642761,-6.448517322540283,42.26335525512695,-1712.879030714775,0.021051056856679923
s1_1.tif,Canon120-1,300,2480,3508,0.7069555302166477,25495.0673828125,0.9716540575027466,0.12911318242549896,-4.875391960144043,22.62154197692871,-1666.7249230005914,0.01563741402140729
s1_10.tif,Canon120-1,300,2480,3508,0.7069555302166477,25495.0673828125,0.9693344831466675,0.12991081178188324,-4.401904106140137,18.31073570251465,-1706.8532075606931,0.016064203479604224
s1_100.tif,Canon120-1,300,2480,3508,0.7069555302166477,25495.0673828125,0.9845740795135498,0.09632080793380737,-6.9125142097473145,47.907745361328125,-1802.7354456570245,0.010595367271122227
s1_11.tif,Canon120-1,300,2480,3508,0.7069555302166477,25495.0673828125,0.9733316898345947,0.12444941699504852,-5.014967441558838,24.305448532104492,-1740.6492193973565,0.026426922793982417
s1_12.tif,Canon120-1,300,2480,3508,0.7069555302166477,25495.0673828125,0.9871804714202881,0.08285486698150635,-8.020392417907715,65.05348205566406,-1710.0715807482375,0.009131662191488579
s1_13.tif,Canon120-1,300,2480,3508,0.7069555302166477,25495.0673828125,0.9794932007789612,0.10942582786083221,-5.859801769256592,33.765323638916016,-1734.3591407231913,0.01880057564277044
s1_14.tif,Canon120-1,300,2480,3508,0.7069555302166477,25495.0673828125,0.9787769913673401,0.11250452697277069,-5.720958709716797,31.99184799194336,-1775.8836632657108,0.01878827656600581
s1_15.tif,Canon120-1,300,2480,3508,0.7069555302166477,25495.0673828125,0.9765418767929077,0.10523851215839386,-5.2512664794921875,27.96640396118164,-1644.8561745955628,0.02503597767315261
s1_16.tif,Canon120-1,300,2480,3508,0.7069555302166477,25495.0673828125,0.9818379282951355,0.0989822968840599,-6.168260097503662,38.13037109375,-1740.0210142304238,0.021362691727663956
s1_17.tif,Canon120-1,300,2480,3508,0.7069555302166477,25495.0673828125,0.9926018118858337,0.06571370363235474,-10.134395599365234,104.38277435302734,-1875.9856504791333,0.006127928789494979
s1_18.tif,Canon120-1,300,2480,3508,0.7069555302166477,25495.0673828125,0.9819815158843994,0.10336833447217941,-6.371298313140869,40.02508544921875,-1729.0575234493365,0.013888416338691286
s1_19.tif,Canon120-1,300,2480,3508,0.7069555302166477,25495.0673828125,0.9692791104316711,0.12659530341625214,-4.749708652496338,21.94561767578125,-1504.9549527456024,0.024555853900761395
s1_2.tif,Canon120-1,300,2480,3508,0.7069555302166477,25495.0673828125,0.9572323560714722,0.14771991968154907,-3.8281545639038086,13.670660018920898,-1475.5845159006958,0.04901078640526722
s1_20.tif,Canon120-1,300,2480,3508,0.7069555302166477,25495.0673828125,0.969231367111206,0.12660226225852966,-4.748301029205322,21.932785034179688,-1500.8984676371474,0.024605280097105234
s1_21.tif,Canon120-1,300,2480,3508,0.7069555302166477,25495.0673828125,0.991604208946228,0.06914298981428146,-9.405863761901855,90.13652038574219,-1866.6842092430015,0.00840762588737264
s1_22.tif,Canon120-1,300,2480,3508,0.7069555302166477,25495.0673828125,0.9931934475898743,0.06250803917646408,-10.623655319213867,114.93798828125,-1868.586679935672,0.005890338213116563
s1_23.tif,Canon120-1,300,2480,3508,0.7069555302166477,25495.0673828125,0.9852783679962158,0.08573094755411148,-7.129316806793213,51.94133377075195,-1703.44873446101,0.012679658476477729
s1_24.tif,Canon120-1,300,2480,3508,0.7069555302166477,25495.0673828125,0.9883478283882141,0.08008439838886261,-7.7571187019348145,60.91500473022461,-1833.3899880662177,0.013129781697134659
s1_25.tif,Canon120-1,300,2480,3508,0.7069555302166477,25495.0673828125,0.9765755534172058,0.12135957926511765,-5.464696884155273,28.724794387817383,-1762.1960478666545,0.01435290763968073
s1_26.tif,Canon120-1,300,2480,3508,0.7069555302166477,25495.0673828125,0.9839839339256287,0.09730079025030136,-6.7195892333984375,44.728660583496094,-1763.4913517715092,0.011685617206753228
s1_27.tif,Canon120-1,300,2480,3508,0.7069555302166477,25495.0673828125,0.963228702545166,0.14295490086078644,-4.147283554077148,16.052051544189453,-1613.0922399743959,0.02477930628609262
s1_28.tif,Canon120-1,300,2480,3508,0.7069555302166477,25495.0673828125,0.9890017509460449,0.08168047666549683,-8.244880676269531,68.12661743164062,-1838.1599262597144,0.007561173538823703
s1_29.tif,Canon120-1,300,2480,3508,0.7069555302166477,25495.0673828125,0.9923818111419678,0.056715019047260284,-9.836216926574707,104.42340087890625,-1798.7305188042678,0.00621344760363409
s1_3.tif,Canon120-1,300,2480,3508,0.7069555302166477,25495.0673828125,0.9780901670455933,0.11340346932411194,-5.612505912780762,30.79684066772461,-1753.8128500380224,0.018863335417662854
s1_30.tif,Canon120-1,300,2480,3508,0.7069555302166477,25495.0673828125,0.9799085855484009,0.08871077001094818,-4.8635101318359375,23.875652313232422,-1715.1749847177634,0.014331757825431272
s1_31.tif,Canon120-1,300,2480,3508,0.7069555302166477,25495.0673828125,0.9580104351043701,0.14572244882583618,-3.7836103439331055,13.277078628540039,-1511.3977628700018,0.04022821109353735
s1_32.tif,Canon120-1,300,2480,3508,0.7069555302166477,25495.0673828125,0.9841771721839905,0.09150652587413788,-6.720628261566162,45.60126876831055,-1717.8517876534825,0.018975981167469746
s1_33.tif,Canon120-1,300,2480,3508,0.7069555302166477,25495.0673828125,0.9604911804199219,0.14681896567344666,-4.016889572143555,15.067251205444336,-1583.3556292472015,0.03500386213999338
s1_34.tif,Canon120-1,300,2480,3508,0.7069555302166477,25495.0673828125,0.9864098429679871,0.08551200479269028,-7.133955478668213,51.44430923461914,-1794.4038240200011,0.015176371059697649
s1_35.tif,Canon120-1,300,2480,3508,0.7069555302166477,25495.0673828125,0.9718368649482727,0.1331942081451416,-4.955064296722412,23.26643943786621,-1718.9077039602162,0.015801440026483246
s1_36.tif,Canon120-1,300,2480,3508,0.7069555302166477,25495.0673828125,0.9840772747993469,0.09938673675060272,-6.772669792175293,45.3289794921875,-1816.0823193531066,0.011442969066097767
s1_37.tif,Canon120-1,300,2480,3508,0.7069555302166477,25495.0673828125,0.9814656376838684,0.10620766133069992,-6.221311092376709,38.01716995239258,-1776.656150621947,0.014033706367013647
s1_38.tif,Canon120-1,300,2480,3508,0.7069555302166477,25495.0673828125,0.9860886931419373,0.08777758479118347,-7.257951259613037,53.2154655456543,-1755.0102372262286,0.011970105197336963
s1_39.tif,Canon120-1,300,2480,3508,0.7069555302166477,25495.0673828125,0.9865071177482605,0.08486311137676239,-7.214742183685303,53.50775909423828,-1821.2456954962759,0.016131101261632398
s1_4.tif,Canon120-1,300,2480,3508,0.7069555302166477,25495.0673828125,0.967831015586853,0.13418662548065186,-4.49061393737793,19.15398597717285,-1650.0216406553047,0.03230254809283849
s1_40.tif,Canon120-1,300,2480,3508,0.7069555302166477,25495.0673828125,0.9831306338310242,0.08843309432268143,-6.832813739776611,49.24201583862305,-1653.262659904584,0.024133317394342886
s1_41.tif,Canon120-1,300,2480,3508,0.7069555302166477,25495.0673828125,0.9589685201644897,0.1606467217206955,-4.024439334869385,14.7880859375,-1654.9617402651063,0.026896011880678264
s1_42.tif,Canon120-1,300,2480,3508,0.7069555302166477,25495.0673828125,0.968368411064148,0.13685528934001923,-4.495095729827881,18.97786521911621,-1676.353677356231,0.013936233310037885
s1_43.tif,Canon120-1,300,2480,3508,0.7069555302166477,25495.0673828125,0.985884428024292,0.08871577680110931,-7.058065414428711,50.194908142089844,-1813.2083673262268,0.015767416412255857
s1_44.tif,Canon120-1,300,2480,3508,0.7069555302166477,25495.0673828125,0.9753313660621643,0.12098228931427002,-5.269069671630859,26.846385955810547,-1734.9457769032826,0.021116710192371355
s1_45.tif,Canon120-1,300,2480,3508,0.7069555302166477,25495.0673828125,0.9824352860450745,0.10002412647008896,-6.320010185241699,39.69673538208008,-1764.2723794704887,0.01715180968845404
s1_46.tif,Canon120-1,300,2480,3508,0.7069555302166477,25495.0673828125,0.9783123731613159,0.11131846904754639,-5.614083290100098,30.960220336914062,-1754.5304098902955,0.021800285982270937
s1_47.tif,Canon120-1,300,2480,3508,0.7069555302166477,25495.0673828125,0.9807016849517822,0.08878752589225769,-6.049282550811768,39.10106658935547,-1602.0182304532768,0.0331093445396697
s1_48.tif,Canon120-1,300,2480,3508,0.7069555302166477,25495.0673828125,0.9856957197189331,0.07222689688205719,-7.491725921630859,61.85777282714844,-1587.378908150607,0.021819481737595174
s1_49.tif,Canon120-1,300,2480,3508,0.7069555302166477,25495.0673828125,0.9889097809791565,0.08124157041311264,-8.207433700561523,67.87865447998047,-1844.2519807820665,0.008983383602457057
s1_5.tif,Canon120-1,300,2480,3508,0.7069555302166477,25495.0673828125,0.9881163239479065,0.08182772994041443,-7.856817245483398,62.314857482910156,-1798.082011825577,0.011442164453599147
s1_50.tif,Canon120-1,300,2480,3508,0.7069555302166477,25495.0673828125,0.9822381734848022,0.09954897314310074,-6.438082218170166,41.982357025146484,-1738.9343837737547,0.011461590098208702
s1_51.tif,Canon120-1,300,2480,3508,0.7069555302166477,25495.0673828125,0.9813165664672852,0.10030781477689743,-6.003302097320557,36.07467269897461,-1771.7111517788883,0.01859206606098503
s1_52.tif,Canon120-1,300,2480,3508,0.7069555302166477,25495.0673828125,0.9415183067321777,0.12696802616119385,-2.1397483348846436,4.216109275817871,-1449.883812864193,0.0070800152646485455
s1_53.tif,Canon120-1,300,2480,3508,0.7069555302166477,25495.0673828125,0.9795271158218384,0.10460538417100906,-5.713450908660889,32.967098236083984,-1747.9425799757587,0.012086314231066318
s1_54.tif,Canon120-1,300,2480,3508,0.7069555302166477,25495.0673828125,0.9878656268119812,0.07829891890287399,-7.791951656341553,62.84346008300781,-1776.7109547778573,0.007533012101371979
s1_55.tif,Canon120-1,300,2480,3508,0.7069555302166477,25495.0673828125,0.9692619442939758,0.10523084551095963,-4.52933931350708,22.721174240112305,-1506.2006261788852,0.017509862250340236
s1_56.tif,Canon120-1,300,2480,3508,0.7069555302166477,25495.0673828125,0.9594100713729858,0.13380621373653412,-4.2387261390686035,18.133621215820312,-1438.023719787653,0.024446886379519625
s1_57.tif,Canon120-1,300,2480,3508,0.7069555302166477,25495.0673828125,0.981294572353363,0.10212823003530502,-5.995060920715332,35.505001068115234,-1767.391171955252,0.015280166072019716
s1_58.tif,Canon120-1,300,2480,3508,0.7069555302166477,25495.0673828125,0.9866328835487366,0.08360068500041962,-7.098156452178955,50.918617248535156,-1800.0543079884733,0.015437180453893405
s1_59.tif,Canon120-1,300,2480,3508,0.7069555302166477,25495.0673828125,0.9669200778007507,0.1353827714920044,-4.400054931640625,18.55899429321289,-1655.2496989528813,0.021201194504726524
s1_6.tif,Canon120-1,300,2480,3508,0.7069555302166477,25495.0673828125,0.992690920829773,0.06342602521181107,-10.17298412322998,106.05592346191406,-1858.321701283875,0.007321399014234745
s1_60.tif,Canon120-1,300,2480,3508,0.7069555302166477,25495.0673828125,0.9857919216156006,0.09162350744009018,-7.047877788543701,49.36137390136719,-1825.760137938763,0.01070628885128922
s1_61.tif,Canon120-1,300,2480,3508,0.7069555302166477,25495.0673828125,0.9877691864967346,0.08089251816272736,-7.593173027038574,58.563148498535156,-1801.098430293824,0.013276680950454261
s1_62.tif,Canon120-1,300,2480,3508,0.7069555302166477,25495.0673828125,0.9772892594337463,0.11564374715089798,-5.446633815765381,28.906007766723633,-1767.1838053904967,0.015299246882701291
s1_63.tif,Canon120-1,300,2480,3508,0.7069555302166477,25495.0673828125,0.9707002639770508,0.11769788712263107,-5.004401206970215,24.423809051513672,-1372.1764164500305,0.017188132195534632
s1_64.tif,Canon120-1,300,2480,3508,0.7069555302166477,25495.0673828125,0.9655517935752869,0.13446025550365448,-4.3042893409729,17.380878448486328,-1501.6060551015448,0.014877170154853422
s1_65.tif,Canon120-1,300,2480,3508,0.7069555302166477,25495.0673828125,0.9675893783569336,0.1356859654188156,-4.328737258911133,17.475393295288086,-1706.738079562574,0.02045980155956891
s1_66.tif,Canon120-1,300,2480,3508,0.7069555302166477,25495.0673828125,0.9633102416992188,0.14952974021434784,-4.11808967590332,15.55929183959961,-1709.932865206587,0.013596227057049324
s1_67.tif,Canon120-1,300,2480,3508,0.7069555302166477,25495.0673828125,0.9132797718048096,0.13460370898246765,-1.9932925701141357,5.496391296386719,-1046.8989970503956,0.01019857836465958
s1_68.tif,Canon120-1,300,2480,3508,0.7069555302166477,25495.0673828125,0.9778556823730469,0.12061125785112381,-5.767670154571533,32.26066589355469,-1789.3690119497996,0.0124020671644536
s1_69.tif,Canon120-1,300,2480,3508,0.7069555302166477,25495.0673828125,0.9854598641395569,0.09107949584722519,-7.173980712890625,51.619964599609375,-1748.4118618175517,0.013428522823408246
s1_7.tif,Canon120-1,300,2480,3508,0.7069555302166477,25495.0673828125,0.9866581559181213,0.08686649799346924,-7.41196870803833,55.196083068847656,-1777.3365901441064,0.012643221024754478
s1_70.tif,Canon120-1,300,2480,3508,0.7069555302166477,25495.0673828125,0.951152503490448,0.16565681993961334,-3.577824354171753,11.479514122009277,-1495.309313212151,0.046623501121859715
s1_71.tif,Canon120-1,300,2480,3508,0.7069555302166477,25495.0673828125,0.9883090853691101,0.07932741940021515,-7.680357456207275,59.951881408691406,-1841.7858844087318,0.0141214091293633
s1_72.tif,Canon120-1,300,2480,3508,0.7069555302166477,25495.0673828125,0.9752741456031799,0.12307372689247131,-5.316081523895264,27.31927490234375,-1757.4140244073806,0.01976817964468312
s1_73.tif,Canon120-1,300,2480,3508,0.7069555302166477,25495.0673828125,0.968738853931427,0.1328742355108261,-4.640255928039551,20.56766128540039,-1633.6769618761261,0.022945364512450803
s1_74.tif,Canon120-1,300,2480,3508,0.7069555302166477,25495.0673828125,0.9874022006988525,0.08062029629945755,-7.628307819366455,60.047122955322266,-1803.1963812948827,0.013586226873137897
s1_75.tif,Canon120-1,300,2480,3508,0.7069555302166477,25495.0673828125,0.987907350063324,0.0769428238272667,-7.742415904998779,62.629554748535156,-1741.8682095505503,0.011121124066649501
s1_76.tif,Canon120-1,300,2480,3508,0.7069555302166477,25495.0673828125,0.987071692943573,0.08115292340517044,-8.183279037475586,69.2145767211914,-1698.0184429156377,0.006678513627836833
s1_77.tif,Canon120-1,300,2480,3508,0.7069555302166477,25495.0673828125,0.969269335269928,0.12650664150714874,-4.570822715759277,20.56209373474121,-1664.9576137815527,0.026182205649759076
s1_78.tif,Canon120-1,300,2480,3508,0.7069555302166477,25495.0673828125,0.9747524261474609,0.1094665452837944,-5.59272575378418,31.777381896972656,-1575.9504167399584,0.017921134181778056
s1_79.tif,Canon120-1,300,2480,3508,0.7069555302166477,25495.0673828125,0.9823163151741028,0.09869895875453949,-6.474158763885498,42.13922882080078,-1740.1701506570878,0.0161567339169456
s1_8.tif,Canon120-1,300,2480,3508,0.7069555302166477,25495.0673828125,0.9836896061897278,0.0966656357049942,-6.718080997467041,44.908451080322266,-1721.5109810067254,0.013453006032294847
s1_80.tif,Canon120-1,300,2480,3508,0.7069555302166477,25495.0673828125,0.9811277985572815,0.10437891632318497,-6.243695259094238,38.638214111328125,-1734.0070874745463,0.017516299150329203
s1_81.tif,Canon120-1,300,2480,3508,0.7069555302166477,25495.0673828125,0.9728919267654419,0.12469487637281418,-4.99752950668335,24.203493118286133,-1704.1598767743544,0.027755682863133114
s1_82.tif,Canon120-1,300,2480,3508,0.7069555302166477,25495.0673828125,0.9853692650794983,0.0957987979054451,-7.310021877288818,53.03740692138672,-1763.4404823774776,0.008249921837642992
s1_83.tif,Canon120-1,300,2480,3508,0.7069555302166477,25495.0673828125,0.9775503873825073,0.11559823900461197,-5.559821605682373,30.14826202392578,-1764.3475391808645,0.02064141409497186
s1_84.tif,Canon120-1,300,2480,3508,0.7069555302166477,25495.0673828125,0.9883458614349365,0.07484713941812515,-8.57872200012207,77.033447265625,-1711.8749286535453,0.012290685805715967
s1_85.tif,Canon120-1,300,2480,3508,0.7069555302166477,25495.0673828125,0.9795751571655273,0.11161918938159943,-6.101547718048096,37.0909423828125,-1753.1138461947555,0.011047329606061721
s1_86.tif,Canon120-1,300,2480,3508,0.7069555302166477,25495.0673828125,0.9799391627311707,0.10747172683477402,-5.684840202331543,31.39212417602539,-1783.6038997252158,0.01223367326295656
s1_87.tif,Canon120-1,300,2480,3508,0.7069555302166477,25495.0673828125,0.9808512330055237,0.10578348487615585,-6.137165069580078,37.05754470825195,-1715.0953132006557,0.015270280832750947
s1_88.tif,Canon120-1,300,2480,3508,0.7069555302166477,25495.0673828125,0.9800921678543091,0.10009454190731049,-5.883485794067383,35.69765090942383,-1692.2601453095272,0.014476358185897672
s1_89.tif,Canon120-1,300,2480,3508,0.7069555302166477,25495.0673828125,0.9718626737594604,0.12607645988464355,-4.911653518676758,23.436098098754883,-1702.5530768225922,0.027366365358443372
s1_9.tif,Canon120-1,300,2480,3508,0.7069555302166477,25495.0673828125,0.9741277098655701,0.12260995805263519,-5.103552341461182,25.163545608520508,-1716.9062928992812,0.022078107183580387
s1_90.tif,Canon120-1,300,2480,3508,0.7069555302166477,25495.0673828125,0.980128824710846,0.1041191816329956,-5.953329086303711,35.53502655029297,-1732.8122563990692,0.02295076691065583
s1_91.tif,Canon120-1,300,2480,3508,0.7069555302166477,25495.0673828125,0.9787312150001526,0.11556536704301834,-5.8375630378723145,33.16995620727539,-1755.1515723040436,0.013487259535807554
s1_92.tif,Canon120-1,300,2480,3508,0.7069555302166477,25495.0673828125,0.9829100370407104,0.10270312428474426,-6.542176246643066,42.336421966552734,-1803.4886566408086,0.01238999797697429
s1_93.tif,Canon120-1,300,2480,3508,0.7069555302166477,25495.0673828125,0.980689287185669,0.10783035308122635,-6.210639476776123,37.99146270751953,-1715.439701852193,0.014928665354765145
s1_94.tif,Canon120-1,300,2480,3508,0.7069555302166477,25495.0673828125,0.9826375842094421,0.10413472354412079,-6.629140853881836,43.309844970703125,-1742.365877467643,0.011097675359546842
s1_95.tif,Canon120-1,300,2480,3508,0.7069555302166477,25495.0673828125,0.986320436000824,0.09084118902683258,-7.331479072570801,53.72595977783203,-1827.8487736589327,0.011928265347408687
s1_96.tif,Canon120-1,300,2480,3508,0.7069555302166477,25495.0673828125,0.9809753894805908,0.10788367688655853,-6.222238063812256,38.41926574707031,-1785.1790499419608,0.008023710780887924
s1_97.tif,Canon120-1,300,2480,3508,0.7069555302166477,25495.0673828125,0.9807727336883545,0.10403457283973694,-6.246778964996338,39.107460021972656,-1734.0876283402315,0.013669676683709126
s1_98.tif,Canon120-1,300,2480,3508,0.7069555302166477,25495.0673828125,0.9599019885063171,0.1491474211215973,-3.9817724227905273,14.751775741577148,-1598.2102754544596,0.04359459484312355
s1_99.tif,Canon120-1,300,2480,3508,0.7069555302166477,25495.0673828125,0.9809779524803162,0.10462635010480881,-6.538767337799072,42.64741897583008,-1659.5481052742966,0.011445612792878949
s2_1.tif,Canon120-2,150,1240,1752,0.7077625570776256,6366.8017578125,0.9727171063423157,0.12487629055976868,-4.8282575607299805,22.347795486450195,-1789.1731250663029,0.030276458241272647
s2_10.tif,Canon120-2,150,1240,1752,0.7077625570776256,6366.8017578125,0.9702946543693542,0.12317445874214172,-4.197186470031738,16.421951293945312,-1803.0574430630268,0.026803929150095742
s2_100.tif,Canon120-2,150,1240,1752,0.7077625570776256,6366.8017578125,0.9853640794754028,0.0916532427072525,-6.876599311828613,48.180419921875,-1898.3434064674461,0.018544704669318013
s2_11.tif,Canon120-2,150,1240,1752,0.7077625570776256,6366.8017578125,0.974183976650238,0.11680298298597336,-4.944313049316406,24.18613052368164,-1802.4809590772638,0.04895419060244513
s2_12.tif,Canon120-2,150,1240,1752,0.7077625570776256,6366.8017578125,0.9882720708847046,0.07913129031658173,-7.903433322906494,64.25843811035156,-1830.6214895974483,0.016683237590219474
s2_13.tif,Canon120-2,150,1240,1752,0.7077625570776256,6366.8017578125,0.9804900288581848,0.10267613083124161,-5.773925304412842,33.541412353515625,-1847.3568239414803,0.03514784946236559
s2_14.tif,Canon120-2,150,1240,1752,0.7077625570776256,6366.8017578125,0.9795933961868286,0.10546617954969406,-5.6385498046875,31.705337524414062,-1838.802212758774,0.032815491972308146
s2_15.tif,Canon120-2,150,1240,1752,0.7077625570776256,6366.8017578125,0.9788438677787781,0.10732844471931458,-5.641397953033447,31.773540496826172,-1825.2318474141516,0.036228181617322136
s2_16.tif,Canon120-2,150,1240,1752,0.7077625570776256,6366.8017578125,0.9782328009605408,0.09812164306640625,-5.198760986328125,27.79090118408203,-1774.107494749347,0.04386553616143762
s2_17.tif,Canon120-2,150,1240,1752,0.7077625570776256,6366.8017578125,0.9830989241600037,0.09072357416152954,-6.115405082702637,38.52827453613281,-1836.1791582250355,0.03564958020327
s2_18.tif,Canon120-2,150,1240,1752,0.7077625570776256,6366.8017578125,0.9932044148445129,0.06141113489866257,-10.050954818725586,104.33658599853516,-1960.6612141782864,0.010761433937251437
s2_19.tif,Canon120-2,150,1240,1752,0.7077625570776256,6366.8017578125,0.9833171367645264,0.09715019166469574,-6.3298420906066895,40.17206573486328,-1875.7268090450366,0.024461444984533804
s2_2.tif,Canon120-2,150,1240,1752,0.7077625570776256,6366.8017578125,0.959384024143219,0.13570772111415863,-3.729679584503174,13.401906967163086,-1596.7046524428276,0.08039153409927824
s2_20.tif,Canon120-2,150,1240,1752,0.7077625570776256,6366.8017578125,0.971703290939331,0.11965244263410568,-4.715090274810791,21.95488739013672,-1694.9587952178892,0.04429131683605833
s2_21.tif,Canon120-2,150,1240,1752,0.7077625570776256,6366.8017578125,0.9921694397926331,0.0643903836607933,-9.292135238647461,89.81900024414062,-1939.7140189172387,0.013768596258653705
s2_22.tif,Canon120-2,150,1240,1752,0.7077625570776256,6366.8017578125,0.9938258528709412,0.058187782764434814,-10.595380783081055,116.71998596191406,-1962.6355804237949,0.010480188540285757
s2_23.tif,Canon120-2,150,1240,1752,0.7077625570776256,6366.8017578125,0.9866932034492493,0.07929924130439758,-7.078051567077637,51.95674514770508,-1828.6307521249682,0.02215440418323759
s2_24.tif,Canon120-2,150,1240,1752,0.7077625570776256,6366.8017578125,0.9890369772911072,0.07364323735237122,-7.535726070404053,58.693599700927734,-1910.842423249591,0.023328638238326704
s2_25.tif,Canon120-2,150,1240,1752,0.7077625570776256,6366.8017578125,0.9769669771194458,0.11687574535608292,-5.446569442749023,29.030838012695312,-1840.7485804089795,0.02519470835174547
s2_26.tif,Canon120-2,150,1240,1752,0.7077625570776256,6366.8017578125,0.9850134253501892,0.0922362208366394,-6.676384449005127,44.853416442871094,-1894.038671147666,0.020909283399617028
s2_27.tif,Canon120-2,150,1240,1752,0.7077625570776256,6366.8017578125,0.9644857048988342,0.13711324334144592,-4.101815223693848,15.858423233032227,-1712.0744345677379,0.042105796140816026
s2_28.tif,Canon120-2,150,1240,1752,0.7077625570776256,6366.8017578125,0.9896841645240784,0.07775966823101044,-8.225818634033203,68.87256622314453,-1934.9187122547835,0.013512667550449256
s2_29.tif,Canon120-2,150,1240,1752,0.7077625570776256,6366.8017578125,0.9933218955993652,0.053587812930345535,-9.820157051086426,105.30801391601562,-1915.7582779128443,0.010714482987185152
s2_3.tif,Canon120-2,150,1240,1752,0.7077625570776256,6366.8017578125,0.9785595536231995,0.10864794999361038,-5.532538890838623,30.51205825805664,-1824.038186963144,0.034306875092060686
s2_30.tif,Canon120-2,150,1240,1752,0.7077625570776256,6366.8017578125,0.9810813069343567,0.08416388928890228,-4.693235397338867,21.803180694580078,-1820.3865461063551,0.02039742598320813
s2_31.tif,Canon120-2,150,1240,1752,0.7077625570776256,6366.8017578125,0.9600508213043213,0.13557028770446777,-3.686103105545044,12.821815490722656,-1623.8324718897748,0.06598956031816174
s2_32.tif,Canon120-2,150,1240,1752,0.7077625570776256,6366.8017578125,0.9856693744659424,0.08283188939094543,-6.653722763061523,46.420902252197266,-1865.1861321974036,0.03707513993224334
s2_33.tif,Canon120-2,150,1240,1752,0.7077625570776256,6366.8017578125,0.9620699286460876,0.13808287680149078,-3.9280824661254883,14.596595764160156,-1669.9941934499464,0.059780067020179704
s2_34.tif,Canon120-2,150,1240,1752,0.7077625570776256,6366.8017578125,0.9873360395431519,0.07865554839372635,-7.047585487365723,51.703250885009766,-1891.071787878432,0.027141791869200176
s2_35.tif,Canon120-2,150,1240,1752,0.7077625570776256,6366.8017578125,0.9730478525161743,0.1274033933877945,-4.943536758422852,23.452733993530273,-1825.5781403064511,0.02870544262778023
s2_36.tif,Canon120-2,150,1240,1752,0.7077625570776256,6366.8017578125,0.9848099946975708,0.09437255561351776,-6.703622341156006,45.03455352783203,-1900.3550350826945,0.020634942554131685
s2_37.tif,Canon120-2,150,1240,1752,0.7077625570776256,6366.8017578125,0.9823676347732544,0.10061881691217422,-6.176426410675049,38.09290313720703,-1878.9693244386606,0.024672724259832083
s2_38.tif,Canon120-2,150,1240,1752,0.7077625570776256,6366.8017578125,0.9870502948760986,0.08259905874729156,-7.0955328941345215,51.55743408203125,-1883.7451390163956,0.020710432316983357
s2_39.tif,Canon120-2,150,1240,1752,0.7077625570776256,6366.8017578125,0.9871119856834412,0.0788763239979744,-7.200126647949219,55.04853820800781,-1883.7682030312396,0.02969325379290028
s2_4.tif,Canon120-2,150,1240,1752,0.7077625570776256,6366.8017578125,0.9689802527427673,0.12649688124656677,-4.4258646965026855,19.073122024536133,-1749.8781273132,0.05509509868905583
s2_40.tif,Canon120-2,150,1240,1752,0.7077625570776256,6366.8017578125,0.9851260781288147,0.08115673810243607,-7.0664448738098145,54.25099182128906,-1784.0313484242076,0.04269544483723671
s2_41.tif,Canon120-2,150,1240,1752,0.7077625570776256,6366.8017578125,0.9601740837097168,0.15338820219039917,-4.031711101531982,15.228473663330078,-1743.5146020677503,0.05027295993518928
s2_42.tif,Canon120-2,150,1240,1752,0.7077625570776256,6366.8017578125,0.9694517254829407,0.131540447473526,-4.373729705810547,17.88997459411621,-1797.5908405477155,0.02320251509795257
s2_43.tif,Canon120-2,150,1240,1752,0.7077625570776256,6366.8017578125,0.9865915775299072,0.08186321705579758,-6.867659568786621,48.59625244140625,-1884.3344842208908,0.02549298497569598
s2_44.tif,Canon120-2,150,1240,1752,0.7077625570776256,6366.8017578125,0.9763798713684082,0.11383713036775589,-5.195894718170166,26.589658737182617,-1825.3681137060378,0.03830967373692738
s2_45.tif,Canon120-2,150,1240,1752,0.7077625570776256,6366.8017578125,0.9832423329353333,0.09358475357294083,-6.184513568878174,38.76255798339844,-1855.0565068074413,0.030227666077478274
s2_46.tif,Canon120-2,150,1240,1752,0.7077625570776256,6366.8017578125,0.9792267084121704,0.10380063951015472,-5.515772342681885,30.562294006347656,-1827.666072135822,0.036079043305346885
s2_47.tif,Canon120-2,150,1240,1752,0.7077625570776256,6366.8017578125,0.9824333190917969,0.0801662802696228,-6.063070774078369,40.96554946899414,-1713.5920071353344,0.05992782442185889
s2_48.tif,Canon120-2,150,1240,1752,0.7077625570776256,6366.8017578125,0.9883733987808228,0.06355101615190506,-7.760107517242432,68.9997329711914,-1752.8812758662812,0.03851174694358521
s2_49.tif,Canon120-2,150,1240,1752,0.7077625570776256,6366.8017578125,0.9894654750823975,0.07727919518947601,-8.164763450622559,68.3346176147461,-1917.9359745499164,0.014948353954927088
s2_5.tif,Canon120-2,150,1240,1752,0.7077625570776256,6366.8017578125,0.9888880252838135,0.07741423696279526,-7.807301044464111,62.86357879638672,-1912.8343224601954,0.01889315436735896
s2_50.tif,Canon120-2,150,1240,1752,0.7077625570776256,6366.8017578125,0.9834399223327637,0.0960688591003418,-6.493736267089844,43.015926361083984,-1869.9533600216398,0.016731569450581824
s2_51.tif,Canon120-2,150,1240,1752,0.7077625570776256,6366.8017578125,0.9819095134735107,0.09383044391870499,-5.82704496383667,34.7238883972168,-1834.7324097552987,0.0318318235380763
s2_52.tif,Canon120-2,150,1240,1752,0.7077625570776256,6366.8017578125,0.9440783858299255,0.12014628946781158,-2.065484046936035,4.010788440704346,-1572.3715290782936,0.011486411842686698
s2_53.tif,Canon120-2,150,1240,1752,0.7077625570776256,6366.8017578125,0.9803979992866516,0.09983488917350769,-5.633991718292236,32.481380462646484,-1844.4038900525993,0.02229295551627633
s2_54.tif,Canon120-2,150,1240,1752,0.7077625570776256,6366.8017578125,0.988620936870575,0.07497090101242065,-7.7129926681518555,62.268157958984375,-1881.6954684459045,0.013000349830608337
s2_55.tif,Canon120-2,150,1240,1752,0.7077625570776256,6366.8017578125,0.971012532711029,0.09590217471122742,-4.393432140350342,22.85478973388672,-1638.1499778871494,0.031210413904846076
s2_56.tif,Canon120-2,150,1240,1752,0.7077625570776256,6366.8017578125,0.9610039591789246,0.12501226365566254,-4.241667747497559,18.71634864807129,-1561.9654192370094,0.04314285977316247
s2_57.tif,Canon120-2,150,1240,1752,0.7077625570776256,6366.8017578125,0.9821603894233704,0.09630114585161209,-5.887906074523926,34.59848403930664,-1851.1422388610206,0.027423497569597877
s2_58.tif,Canon120-2,150,1240,1752,0.7077625570776256,6366.8017578125,0.9872387647628784,0.07822825014591217,-6.90957498550415,49.20941925048828,-1880.831856089106,0.02504372882604213
s2_59.tif,Canon120-2,150,1240,1752,0.7077625570776256,6366.8017578125,0.9683794379234314,0.12839782238006592,-4.34323787689209,18.322757720947266,-1760.1152548658379,0.03656788555015466
s2_6.tif,Canon120-2,150,1240,1752,0.7077625570776256,6366.8017578125,0.9932538866996765,0.05989361181855202,-10.076860427856445,106.10416412353516,-1955.6909747948039,0.011977095301222566
s2_60.tif,Canon120-2,150,1240,1752,0.7077625570776256,6366.8017578125,0.9863412976264954,0.08798705041408539,-6.980240821838379,49.02527618408203,-1909.4622357301232,0.019251730740904405
s2_61.tif,Canon120-2,150,1240,1752,0.7077625570776256,6366.8017578125,0.9884762167930603,0.0755123421549797,-7.423913955688477,57.15190505981445,-1896.1592254779016,0.02185382604212697
s2_62.tif,Canon120-2,150,1240,1752,0.7077625570776256,6366.8017578125,0.9781374335289001,0.11006984114646912,-5.3765058517456055,28.528831481933594,-1849.1887394537757,0.02741751362498159
s2_63.tif,Canon120-2,150,1240,1752,0.7077625570776256,6366.8017578125,0.9732446074485779,0.11333202570676804,-4.9326605796813965,23.78884506225586,-1512.8751826258735,0.03155195905140669
s2_64.tif,Canon120-2,150,1240,1752,0.7077625570776256,6366.8017578125,0.9687163829803467,0.1291213184595108,-4.287046909332275,17.22594451904297,-1709.1101768179444,0.0272347731624687
s2_65.tif,Canon120-2,150,1240,1752,0.7077625570776256,6366.8017578125,0.9683240056037903,0.12974601984024048,-4.217159271240234,16.60387420654297,-1770.7713610590192,0.03554923405508911
s2_66.tif,Canon120-2,150,1240,1752,0.7077625570776256,6366.8017578125,0.9643887877464294,0.1438426971435547,-4.008229732513428,14.590675354003906,-1806.6296397395347,0.022183403299455
s2_67.tif,Canon120-2,150,1240,1752,0.7077625570776256,6366.8017578125,0.9176581501960754,0.12603524327278137,-2.0122873783111572,6.1802473068237305,-1148.2313404048896,0.015858834143467372
s2_68.tif,Canon120-2,150,1240,1752,0.7077625570776256,6366.8017578125,0.9785428643226624,0.11642923951148987,-5.766948699951172,32.71004104614258,-1865.2998536502603,0.020581087052585063
s2_69.tif,Canon120-2,150,1240,1752,0.7077625570776256,6366.8017578125,0.9865480661392212,0.08521462976932526,-7.059092044830322,50.954158782958984,-1884.3663961134553,0.022326557666813962
s2_7.tif,Canon120-2,150,1240,1752,0.7077625570776256,6366.8017578125,0.9876346588134766,0.08107306063175201,-7.271974563598633,54.03511428833008,-1900.0314454624022,0.021606182795698925
s2_70.tif,Canon120-2,150,1240,1752,0.7077625570776256,6366.8017578125,0.9534217119216919,0.15384644269943237,-3.4915804862976074,11.167922973632812,-1619.212446254386,0.08065344675209898
s2_71.tif,Canon120-2,150,1240,1752,0.7077625570776256,6366.8017578125,0.9888150691986084,0.07278266549110413,-7.334125518798828,55.63006591796875,-1900.0241206949747,0.02314681838267786
s2_72.tif,Canon120-2,150,1240,1752,0.7077625570776256,6366.8017578125,0.9760296940803528,0.11673248559236526,-5.242134094238281,27.037202835083008,-1831.7291819743537,0.03528179776108411
s2_73.tif,Canon120-2,150,1240,1752,0.7077625570776256,6366.8017578125,0.9698765873908997,0.1271316409111023,-4.572782039642334,20.203113555908203,-1732.881314152323,0.03984662689645014
s2_74.tif,Canon120-2,150,1240,1752,0.7077625570776256,6366.8017578125,0.9881641268730164,0.07375790923833847,-7.38326358795166,57.63047790527344,-1882.316136576802,0.022240941228457798
s2_75.tif,Canon120-2,150,1240,1752,0.7077625570776256,6366.8017578125,0.9889707565307617,0.07115232944488525,-7.488144397735596,59.983375549316406,-1867.0865097122985,0.020694782000294593
s2_76.tif,Canon120-2,150,1240,1752,0.7077625570776256,6366.8017578125,0.9879785776138306,0.07798802107572556,-8.080625534057617,68.36566925048828,-1823.9376098241794,0.011723007806746207
s2_77.tif,Canon120-2,150,1240,1752,0.7077625570776256,6366.8017578125,0.9704470038414001,0.11770166456699371,-4.410470008850098,19.556364059448242,-1736.106808925501,0.04775095743113861
s2_78.tif,Canon120-2,150,1240,1752,0.7077625570776256,6366.8017578125,0.9757941365242004,0.1025913804769516,-5.4645094871521,30.81949234008789,-1635.2031112211241,0.03261940271026661
s2_79.tif,Canon120-2,150,1240,1752,0.7077625570776256,6366.8017578125,0.9831095337867737,0.09219902008771896,-6.331263542175293,41.25619888305664,-1830.8963725744352,0.02841222934158197
s2_8.tif,Canon120-2,150,1240,1752,0.7077625570776256,6366.8017578125,0.984968900680542,0.09108841419219971,-6.702651023864746,45.595340728759766,-1873.3652455663666,0.023600217263219914
s2_80.tif,Canon120-2,150,1240,1752,0.7077625570776256,6366.8017578125,0.9824616312980652,0.09662517160177231,-6.142606735229492,38.27611541748047,-1829.1669558403164,0.03328177934894683
s2_81.tif,Canon120-2,150,1240,1752,0.7077625570776256,6366.8017578125,0.9738029837608337,0.1155996099114418,-4.784334659576416,22.647998809814453,-1791.8750862596078,0.03779965753424658
s2_82.tif,Canon120-2,150,1240,1752,0.7077625570776256,6366.8017578125,0.986260175704956,0.0923711508512497,-7.276082515716553,53.07636642456055,-1889.0338155250513,0.014805199587568124
s2_83.tif,Canon120-2,150,1240,1752,0.7077625570776256,6366.8017578125,0.9781786203384399,0.10853166878223419,-5.4239606857299805,29.233139038085938,-1819.338982844663,0.03639250994255413
s2_84.tif,Canon120-2,150,1240,1752,0.7077625570776256,6366.8017578125,0.9890499711036682,0.07066512107849121,-8.525918960571289,77.69358825683594,-1786.7717272130235,0.01864597142436294
s2_85.tif,Canon120-2,150,1240,1752,0.7077625570776256,6366.8017578125,0.9805896878242493,0.10690087825059891,-6.105487823486328,37.65486526489258,-1858.8954910181192,0.019486945794667844
s2_86.tif,Canon120-2,150,1240,1752,0.7077625570776256,6366.8017578125,0.9807854294776917,0.10289314389228821,-5.6412200927734375,31.165958404541016,-1871.0218340864963,0.022766607747827367
s2_87.tif,Canon120-2,150,1240,1752,0.7077625570776256,6366.8017578125,0.9820207953453064,0.09991046786308289,-6.040748596191406,36.43941879272461,-1851.731744295577,0.027187361908970392
s2_88.tif,Canon120-2,150,1240,1752,0.7077625570776256,6366.8017578125,0.9811080098152161,0.09410830587148666,-5.671454429626465,33.7969970703125,-1816.761472110487,0.024843036529680364
s2_89.tif,Canon120-2,150,1240,1752,0.7077625570776256,6366.8017578125,0.9729838967323303,0.11651386320590973,-4.756353855133057,22.39964485168457,-1767.4348855459036,0.046191909706878774
s2_9.tif,Canon120-2,150,1240,1752,0.7077625570776256,6366.8017578125,0.9750558137893677,0.11588772386312485,-5.0465474128723145,25.189767837524414,-1804.8217994268284,0.03866548828988069
s2_90.tif,Canon120-2,150,1240,1752,0.7077625570776256,6366.8017578125,0.981304407119751,0.09515302628278732,-5.900207042694092,36.13613510131836,-1822.9069845302147,0.04360546472234497
s2_91.tif,Canon120-2,150,1240,1752,0.7077625570776256,6366.8017578125,0.9797170758247375,0.11015684902667999,-5.7999067306518555,33.238182067871094,-1863.7706471053307,0.024639122109294448
s2_92.tif,Canon120-2,150,1240,1752,0.7077625570776256,6366.8017578125,0.983875572681427,0.09661472588777542,-6.489844799041748,42.28034591674805,-1890.991178450877,0.02223311607011342
s2_93.tif,Canon120-2,150,1240,1752,0.7077625570776256,6366.8017578125,0.9819420576095581,0.1013566106557846,-6.117192268371582,37.48084259033203,-1853.4638200296245,0.026224867432611577
s2_94.tif,Canon120-2,150,1240,1752,0.7077625570776256,6366.8017578125,0.9836637377738953,0.09969115257263184,-6.59047794342041,43.39237976074219,-1878.0937669197162,0.019638845927235235
s2_95.tif,Canon120-2,150,1240,1752,0.7077625570776256,6366.8017578125,0.9869003295898438,0.08576483279466629,-7.216595649719238,52.95018005371094,-1900.6217197499143,0.020834714243629402
s2_96.tif,Canon120-2,150,1240,1752,0.7077625570776256,6366.8017578125,0.9817580580711365,0.10425146669149399,-6.193036079406738,38.384674072265625,-1883.346383215203,0.015126951686551775
s2_97.tif,Canon120-2,150,1240,1752,0.7077625570776256,6366.8017578125,0.9816877245903015,0.09844740480184555,-6.148870944976807,38.50615310668945,-1843.6808243399971,0.024616106937693328
s2_98.tif,Canon120-2,150,1240,1752,0.7077625570776256,6366.8017578125,0.9615265130996704,0.13732323050498962,-3.856698513031006,14.185050964355469,-1678.0770094578331,0.07281816173221388
s2_99.tif,Canon120-2,150,1240,1752,0.7077625570776256,6366.8017578125,0.9814833998680115,0.1008652001619339,-6.428260326385498,42.00704574584961,-1731.2669371352927,0.021095706289586093
s2_1.tif,Canon120-2,300,2480,3508,0.7069555302166477,25495.0673828125,0.9719682335853577,0.12922219932079315,-4.8896484375,22.762792587280273,-1708.3194064614177,0.015561205723323647
s2_10.tif,Canon120-2,300,2480,3508,0.7069555302166477,25495.0673828125,0.9696641564369202,0.12940295040607452,-4.41013765335083,18.396156311035156,-1742.1150884679473,0.016428463052194062
s2_100.tif,Canon120-2,300,2480,3508,0.7069555302166477,25495.0673828125,0.9846704006195068,0.09621135145425797,-6.91780948638916,47.98651123046875,-1818.0169553886074,0.010616976863942326
s2_11.tif,Canon120-2,300,2480,3508,0.7069555302166477,25495.0673828125,0.9734597206115723,0.12470896542072296,-5.021148204803467,24.380115509033203,-1770.1774647151474,0.026445888660021333
s2_12.tif,Canon120-2,300,2480,3508,0.7069555302166477,25495.0673828125,0.9864546656608582,0.08450672030448914,-7.882785320281982,63.12812042236328,-1701.0210100314366,0.009337642991135469
s2_13.tif,Canon120-2,300,2480,3508,0.7069555302166477,25495.0673828125,0.9798081517219543,0.10940948873758316,-5.882232666015625,34.02187728881836,-1780.51604469935,0.018768965866038916
s2_14.tif,Canon120-2,300,2480,3508,0.7069555302166477,25495.0673828125,0.9788744449615479,0.11223167181015015,-5.737950325012207,32.23825454711914,-1783.6865776864702,0.018768965866038916
s2_15.tif,Canon120-2,300,2480,3508,0.7069555302166477,25495.0673828125,0.9782178997993469,0.11315765976905823,-5.692747116088867,31.844493865966797,-1782.3105692558545,0.022391446279471806
s2_16.tif,Canon120-2,300,2480,3508,0.7069555302166477,25495.0673828125,0.977478563785553,0.10396388918161392,-5.306058406829834,28.5872859954834,-1722.46889054289,0.024973907566116157
s2_17.tif,Canon120-2,300,2480,3508,0.7069555302166477,25495.0673828125,0.9820296764373779,0.0983055904507637,-6.182242393493652,38.35685729980469,-1752.6882150042418,0.021299931952771547
s2_18.tif,Canon120-2,300,2480,3508,0.7069555302166477,25495.0673828125,0.9928507804870605,0.0648793876171112,-10.166020393371582,105.09326171875,-1910.1388940655602,0.006118618273439512
s2_19.tif,Canon120-2,300,2480,3508,0.7069555302166477,25495.0673828125,0.9824969172477722,0.10231491178274155,-6.396306991577148,40.38261032104492,-1780.5814454475753,0.013887381836907346
s2_2.tif,Canon120-2,300,2480,3508,0.7069555302166477,25495.0673828125,0.9575626254081726,0.14785940945148468,-3.844572067260742,13.815498352050781,-1507.9941833844257,0.049001475889211756
s2_20.tif,Canon120-2,300,2480,3508,0.7069555302166477,25495.0673828125,0.9703527688980103,0.12503859400749207,-4.7724080085754395,22.174789428710938,-1572.3468650354255,0.024566773641814102
s2_21.tif,Canon120-2,300,2480,3508,0.7069555302166477,25495.0673828125,0.99172443151474,0.06866536289453506,-9.42470645904541,90.57024383544922,-1879.9922637795294,0.008370728657078752
s2_22.tif,Canon120-2,300,2480,3508,0.7069555302166477,25495.0673828125,0.9934728741645813,0.061636172235012054,-10.690985679626465,116.62356567382812,-1908.375726186443,0.005911947805936661
s2_23.tif,Canon120-2,300,2480,3508,0.7069555302166477,25495.0673828125,0.9858803153038025,0.08474238961935043,-7.185619831085205,52.771854400634766,-1756.9892524675884,0.012629887446205907
s2_24.tif,Canon120-2,300,2480,3508,0.7069555302166477,25495.0673828125,0.9885535836219788,0.07997030019760132,-7.786588668823242,61.38013458251953,-1866.3647937403123,0.013096562695405892
s2_25.tif,Canon120-2,300,2480,3508,0.7069555302166477,25495.0673828125,0.9764116406440735,0.12120246142148972,-5.454126834869385,28.678482055664062,-1785.1363821337534,0.014370034391437084
s2_26.tif,Canon120-2,300,2480,3508,0.7069555302166477,25495.0673828125,0.9844783544540405,0.09641481935977936,-6.748854160308838,45.159000396728516,-1819.8271667531856,0.011668145621068894
s2_27.tif,Canon120-2,300,2480,3508,0.7069555302166477,25495.0673828125,0.9637429118156433,0.14237667620182037,-4.165369033813477,16.2192325592041,-1651.9920069215252,0.024742983779012028
s2_28.tif,Canon120-2,300,2480,3508,0.7069555302166477,25495.0673828125,0.9892836213111877,0.08126068860292435,-8.275630950927734,68.64812469482422,-1880.3082216519192,0.007547495126347151
s2_29.tif,Canon120-2,300,2480,3508,0.7069555302166477,25495.0673828125,0.9923053979873657,0.057158175855875015,-9.827776908874512,104.24547576904297,-1803.5576088222765,0.006219654614337735
s2_3.tif,Canon120-2,300,2480,3508,0.7069555302166477,25495.0673828125,0.9781234860420227,0.1141555979847908,-5.624796390533447,30.945682525634766,-1780.463342880541,0.018803104424908963
s2_30.tif,Canon120-2,300,2480,3508,0.7069555302166477,25495.0673828125,0.9800372123718262,0.08839695900678635,-4.877995014190674,24.09665870666504,-1725.4066258613045,0.014263825541619157
s2_31.tif,Canon120-2,300,2480,3508,0.7069555302166477,25495.0673828125,0.9590550661087036,0.1439238041639328,-3.8003108501434326,13.414154052734375,-1562.6524914627064,0.04022257880604701
s2_32.tif,Canon120-2,300,2480,3508,0.7069555302166477,25495.0673828125,0.9847544431686401,0.09068162739276886,-6.748915672302246,45.96738052368164,-1782.1895643343184,0.01889655441939162
s2_33.tif,Canon120-2,300,2480,3508,0.7069555302166477,25495.0673828125,0.960881233215332,0.1456393003463745,-4.024777412414551,15.147586822509766,-1594.0927080898807,0.03496489590613161
s2_34.tif,Canon120-2,300,2480,3508,0.7069555302166477,25495.0673828125,0.9865677952766418,0.08510709553956985,-7.146271705627441,51.646934509277344,-1812.707120069445,0.015159933975797256
s2_35.tif,Canon120-2,300,2480,3508,0.7069555302166477,25495.0673828125,0.9724463820457458,0.13182467222213745,-4.967087268829346,23.388755798339844,-1768.6454996667167,0.015788681171147977
s2_36.tif,Canon120-2,300,2480,3508,0.7069555302166477,25495.0673828125,0.9843690395355225,0.0986214131116867,-6.78115177154541,45.43550491333008,-1847.5922827123284,0.011447911685732151
s2_37.tif,Canon120-2,300,2480,3508,0.7069555302166477,25495.0673828125,0.981773316860199,0.10555804520845413,-6.229942798614502,38.11705780029297,-1810.030553123011,0.014013016331334829
s2_38.tif,Canon120-2,300,2480,3508,0.7069555302166477,25495.0673828125,0.9863775372505188,0.08743908256292343,-7.265955924987793,53.30983352661133,-1794.8014723956885,0.01197918582410711
s2_39.tif,Canon120-2,300,2480,3508,0.7069555302166477,25495.0673828125,0.9867008924484253,0.0844850018620491,-7.238541603088379,53.85045623779297,-1843.3356316232669,0.01611213539559348
s2_4.tif,Canon120-2,300,2480,3508,0.7069555302166477,25495.0673828125,0.9681724309921265,0.13500775396823883,-4.518550395965576,19.421688079833984,-1711.607120284222,0.03223668481259426
s2_40.tif,Canon120-2,300,2480,3508,0.7069555302166477,25495.0673828125,0.9835902452468872,0.08778151124715805,-6.867585182189941,49.69868087768555,-1689.5268607931644,0.024087799315849485
s2_41.tif,Canon120-2,300,2480,3508,0.7069555302166477,25495.0673828125,0.9594286680221558,0.15966589748859406,-4.031253814697266,14.846771240234375,-1683.5962891508145,0.0268907244271159
s2_42.tif,Canon120-2,300,2480,3508,0.7069555302166477,25495.0673828125,0.9687166810035706,0.13627134263515472,-4.50270938873291,19.050682067871094,-1708.7769576653366,0.013815196601316805
s2_43.tif,Canon120-2,300,2480,3508,0.7069555302166477,25495.0673828125,0.9860047101974487,0.08860564231872559,-7.0608439445495605,50.1948356628418,-1832.100072116288,0.015774887814028762
s2_44.tif,Canon120-2,300,2480,3508,0.7069555302166477,25495.0673828125,0.9755361080169678,0.12079931795597076,-5.27355432510376,26.8876953125,-1760.719403379801,0.021094870710265935
s2_45.tif,Canon120-2,300,2480,3508,0.7069555302166477,25495.0673828125,0.9825552105903625,0.10013062506914139,-6.319498062133789,39.657623291015625,-1788.824273703826,0.017144108397395816
s2_46.tif,Canon120-2,300,2480,3508,0.7069555302166477,25495.0673828125,0.9784667491912842,0.11120136082172394,-5.6208295822143555,31.029598236083984,-1775.8238037330786,0.02177718210909626
s2_47.tif,Canon120-2,300,2480,3508,0.7069555302166477,25495.0673828125,0.9806034564971924,0.0900566354393959,-6.039231777191162,38.82511520385742,-1621.9601096080141,0.03330337109647993
s2_48.tif,Canon120-2,300,2480,3508,0.7069555302166477,25495.0673828125,0.9860720634460449,0.0717892125248909,-7.537801265716553,62.56481170654297,-1618.2584506148924,0.02187626439106926
s2_49.tif,Canon120-2,300,2480,3508,0.7069555302166477,25495.0673828125,0.988982081413269,0.08123166859149933,-8.214742660522461,67.99327850341797,-1857.798716392689,0.008948900209659029
s2_5.tif,Canon120-2,300,2480,3508,0.7069555302166477,25495.0673828125,0.9884101152420044,0.082417793571949,-7.909989833831787,63.156150817871094,-1858.4710087948704,0.011389289917975503
s2_50.tif,Canon120-2,300,2480,3508,0.7069555302166477,25495.0673828125,0.982416570186615,0.09939096122980118,-6.451157569885254,42.14757537841797,-1761.6632279796086,0.011484693971383382
s2_51.tif,Canon120-2,300,2480,3508,0.7069555302166477,25495.0673828125,0.9814575910568237,0.10011691600084305,-6.009444713592529,36.14496994018555,-1788.6064617383086,0.018588042998491927
s2_52.tif,Canon120-2,300,2480,3508,0.7069555302166477,25495.0673828125,0.9426421523094177,0.12513084709644318,-2.178431510925293,4.536398410797119,-1466.966801828971,0.006985415823739287
s2_53.tif,Canon120-2,300,2480,3508,0.7069555302166477,25495.0673828125,0.979813277721405,0.10380607843399048,-5.723728656768799,33.10709762573242,-1770.712785747275,0.01206401497039026
s2_54.tif,Canon120-2,300,2480,3508,0.7069555302166477,25495.0673828125,0.9879671335220337,0.07845747470855713,-7.79269552230835,62.8258056640625,-1799.3628582143895,0.007535310994225181
s2_55.tif,Canon120-2,300,2480,3508,0.7069555302166477,25495.0673828125,0.9699108004570007,0.1042051762342453,-4.559206008911133,23.0449161529541,-1534.761687173851,0.01742963088976349
s2_56.tif,Canon120-2,300,2480,3508,0.7069555302166477,25495.0673828125,0.9599869251251221,0.13283510506153107,-4.2552170753479,18.287185668945312,-1464.7307116583443,0.024337459079707212
s2_57.tif,Canon120-2,300,2480,3508,0.7069555302166477,25495.0673828125,0.9815186262130737,0.10133285075426102,-5.994027614593506,35.49065017700195,-1785.2554963680104,0.015247406848861588
s2_58.tif,Canon120-2,300,2480,3508,0.7069555302166477,25495.0673828125,0.9866839051246643,0.08385641872882843,-7.09927225112915,50.90774154663086,-1817.046993195241,0.015401547614668776
s2_59.tif,Canon120-2,300,2480,3508,0.7069555302166477,25495.0673828125,0.9673410058021545,0.13426758348941803,-4.402896881103516,18.57997703552246,-1678.9009611871463,0.021179010188693125
s2_6.tif,Canon120-2,300,2480,3508,0.7069555302166477,25495.0673828125,0.9927440285682678,0.06426489353179932,-10.197299003601074,106.4823226928711,-1885.951619206958,0.007319100121381542
s2_60.tif,Canon120-2,300,2480,3508,0.7069555302166477,25495.0673828125,0.985936164855957,0.09186853468418121,-7.049463748931885,49.33314895629883,-1859.9624827548566,0.010710311913782323
s2_61.tif,Canon120-2,300,2480,3508,0.7069555302166477,25495.0673828125,0.9879646301269531,0.08080360293388367,-7.598679542541504,58.59294509887695,-1834.6096500945512,0.01325139312906904
s2_62.tif,Canon120-2,300,2480,3508,0.7069555302166477,25495.0673828125,0.9776447415351868,0.1147313266992569,-5.460322380065918,29.073589324951172,-1797.7744329706125,0.015307063118402178
s2_63.tif,Canon120-2,300,2480,3508,0.7069555302166477,25495.0673828125,0.9706237316131592,0.1175866574048996,-4.996255874633789,24.356401443481445,-1371.8505400181195,0.017214684407989112
s2_64.tif,Canon120-2,300,2480,3508,0.7069555302166477,25495.0673828125,0.9663305282592773,0.13368333876132965,-4.317144393920898,17.486278533935547,-1546.7826774060463,0.014878434545922683
s2_65.tif,Canon120-2,300,2480,3508,0.7069555302166477,25495.0673828125,0.9676253795623779,0.1352098286151886,-4.326992511749268,17.47836685180664,-1701.0394337500322,0.020474169639901424
s2_66.tif,Canon120-2,300,2480,3508,0.7069555302166477,25495.0673828125,0.9637175798416138,0.14851482212543488,-4.122602462768555,15.593791961669922,-1736.239089582488,0.01372301099790341
s2_67.tif,Canon120-2,300,2480,3508,0.7069555302166477,25495.0673828125,0.9150794148445129,0.13272689282894135,-2.032843828201294,5.757994651794434,-1062.9809860833984,0.010171336484349137
s2_68.tif,Canon120-2,300,2480,3508,0.7069555302166477,25495.0673828125,0.9780869483947754,0.119944728910923,-5.76778507232666,32.25175476074219,-1809.7518006202088,0.01240356144480818
s2_69.tif,Canon120-2,300,2480,3508,0.7069555302166477,25495.0673828125,0.9856814742088318,0.09085054695606232,-7.170068264007568,51.543888092041016,-1779.6086867702534,0.013405763784161548
s2_7.tif,Canon120-2,300,2480,3508,0.7069555302166477,25495.0673828125,0.986845850944519,0.087178535759449,-7.4447832107543945,55.7350959777832,-1814.106025791238,0.01262138154264906
s2_70.tif,Canon120-2,300,2480,3508,0.7069555302166477,25495.0673828125,0.9517918229103088,0.16465449333190918,-3.5818278789520264,11.500080108642578,-1530.9087186131853,0.04655591367197558
s2_71.tif,Canon120-2,300,2480,3508,0.7069555302166477,25495.0673828125,0.9882573485374451,0.0791531577706337,-7.670721530914307,59.855445861816406,-1832.905171791839,0.01415853624894251
s2_72.tif,Canon120-2,300,2480,3508,0.7069555302166477,25495.0673828125,0.9754841327667236,0.12267472594976425,-5.318610191345215,27.325559616088867,-1777.8953316268762,0.019750937948284107
s2_73.tif,Canon120-2,300,2480,3508,0.7069555302166477,25495.0673828125,0.9690456390380859,0.13242404162883759,-4.6442365646362305,20.598188400268555,-1658.4062281539739,0.02296398554456174
s2_74.tif,Canon120-2,300,2480,3508,0.7069555302166477,25495.0673828125,0.9875959753990173,0.08016164600849152,-7.6469855308532715,60.32034683227539,-1823.0837468012808,0.013597376503475925
s2_75.tif,Canon120-2,300,2480,3508,0.7069555302166477,25495.0673828125,0.9881727695465088,0.07646480202674866,-7.76402473449707,62.99004364013672,-1770.0904547188982,0.011100204141685364
s2_76.tif,Canon120-2,300,2480,3508,0.7069555302166477,25495.0673828125,0.9873384833335876,0.08090618252754211,-8.183024406433105,69.08090209960938,-1729.4600708724706,0.006680812520690036
s2_77.tif,Canon120-2,300,2480,3508,0.7069555302166477,25495.0673828125,0.9690342545509338,0.1267358362674713,-4.549477577209473,20.359243392944336,-1650.1301905599323,0.026182205649759076
s2_78.tif,Canon120-2,300,2480,3508,0.7069555302166477,25495.0673828125,0.9752159714698792,0.10883773863315582,-5.617535591125488,32.025936126708984,-1594.816844135125,0.017909064994298746
s2_79.tif,Canon120-2,300,2480,3508,0.7069555302166477,25495.0673828125,0.9823757410049438,0.09899073094129562,-6.461547374725342,41.86907196044922,-1755.6080808647243,0.016125009195571412
s2_8.tif,Canon120-2,300,2480,3508,0.7069555302166477,25495.0673828125,0.984230637550354,0.09683363139629364,-6.769467830657959,45.60326385498047,-1800.4758104259215,0.01339587854489278
s2_80.tif,Canon120-2,300,2480,3508,0.7069555302166477,25495.0673828125,0.9813799858093262,0.10350192338228226,-6.244433879852295,38.71079635620117,-1752.831822409998,0.017523770552102108
s2_81.tif,Canon120-2,300,2480,3508,0.7069555302166477,25495.0673828125,0.9730640053749084,0.12451738119125366,-5.002931118011475,24.22063446044922,-1722.602402152534,0.027690164416816862
s2_82.tif,Canon120-2,300,2480,3508,0.7069555302166477,25495.0673828125,0.9855532050132751,0.0954488068819046,-7.3079729080200195,52.98155975341797,-1786.0675949630631,0.008252565564424174
s2_83.tif,Canon120-2,300,2480,3508,0.7069555302166477,25495.0673828125,0.9773858785629272,0.11570657789707184,-5.5498151779174805,30.042461395263672,-1748.6313144796873,0.020647736050318166
s2_84.tif,Canon120-2,300,2480,3508,0.7069555302166477,25495.0673828125,0.9884934425354004,0.0746532455086708,-8.581768035888672,77.09473419189453,-1730.437871030578,0.012251949461139515
s2_85.tif,Canon120-2,300,2480,3508,0.7069555302166477,25495.0673828125,0.979783296585083,0.11096635460853577,-6.095953941345215,36.99761199951172,-1771.0347209271001,0.011056295288189208
s2_86.tif,Canon120-2,300,2480,3508,0.7069555302166477,25495.0673828125,0.9800782799720764,0.10704529285430908,-5.684659957885742,31.387516021728516,-1796.9991807321637,0.01220781071835804
s2_87.tif,Canon120-2,300,2480,3508,0.7069555302166477,25495.0673828125,0.9813212752342224,0.10532007366418839,-6.140399932861328,37.06105041503906,-1772.3935712358175,0.01526223470776474
s2_88.tif,Canon120-2,300,2480,3508,0.7069555302166477,25495.0673828125,0.9802829623222351,0.09974923729896545,-5.890944957733154,35.8006477355957,-1713.5225989033388,0.014422793982418067
s2_89.tif,Canon120-2,300,2480,3508,0.7069555302166477,25495.0673828125,0.9721768498420715,0.12501178681850433,-4.918924331665039,23.522762298583984,-1715.64423832174,0.027352457056681503
s2_9.tif,Canon120-2,300,2480,3508,0.7069555302166477,25495.0673828125,0.9743488430976868,0.12271849811077118,-5.120754241943359,25.375286102294922,-1750.632284931159,0.0220417846764998
s2_90.tif,Canon120-2,300,2480,3508,0.7069555302166477,25495.0673828125,0.9802907705307007,0.10380911082029343,-5.950315475463867,35.46428298950195,-1749.4614394827227,0.022983641078456615
s2_91.tif,Canon120-2,300,2480,3508,0.7069555302166477,25495.0673828125,0.9789516925811768,0.11496450006961823,-5.839967250823975,33.19012451171875,-1773.581748901658,0.013498524110788244
s2_92.tif,Canon120-2,300,2480,3508,0.7069555302166477,25495.0673828125,0.9832006096839905,0.10157555341720581,-6.561865329742432,42.62789535522461,-1821.7010073427894,0.01237953801449222
s2_93.tif,Canon120-2,300,2480,3508,0.7069555302166477,25495.0673828125,0.9809067845344543,0.10726606845855713,-6.206600666046143,37.916290283203125,-1735.5824626725253,0.014924757236914702
s2_94.tif,Canon120-2,300,2480,3508,0.7069555302166477,25495.0673828125,0.9827733635902405,0.10387938469648361,-6.627877235412598,43.270347595214844,-1758.45311560051,0.011095376466693641
s2_95.tif,Canon120-2,300,2480,3508,0.7069555302166477,25495.0673828125,0.9864035248756409,0.090578094124794,-7.330866813659668,53.70584487915039,-1837.0934359886796,0.011920564056350462
s2_96.tif,Canon120-2,300,2480,3508,0.7069555302166477,25495.0673828125,0.9810928702354431,0.10746191442012787,-6.208966255187988,38.23207092285156,-1798.877394115072,0.00803060745944753
s2_97.tif,Canon120-2,300,2480,3508,0.7069555302166477,25495.0673828125,0.9808779358863831,0.10386240482330322,-6.234306812286377,38.94674301147461,-1751.4183443004142,0.013690251774745282
s2_98.tif,Canon120-2,300,2480,3508,0.7069555302166477,25495.0673828125,0.9601864218711853,0.14849257469177246,-3.9804112911224365,14.736734390258789,-1614.484348794201,0.04355861716997094
s2_99.tif,Canon120-2,300,2480,3508,0.7069555302166477,25495.0673828125,0.9811075925827026,0.10452567785978317,-6.529191493988037,42.517330169677734,-1677.5634985464999,0.011402278662596094
s3_1.tif,Canon220,150,1240,1752,0.7077625570776256,6366.8017578125,0.9731199145317078,0.12221327424049377,-4.867151737213135,22.58228874206543,-1696.6804017515885,0.030181635734276034
s3_10.tif,Canon220,150,1240,1752,0.7077625570776256,6366.8017578125,0.9711500406265259,0.12089087069034576,-4.314857482910156,17.49942398071289,-1741.5154515287402,0.02692130652526145
s3_100.tif,Canon220,150,1240,1752,0.7077625570776256,6366.8017578125,0.9850090742111206,0.09204193949699402,-6.843337535858154,47.42152786254883,-1833.641678705541,0.018438834879952865
s3_11.tif,Canon220,150,1240,1752,0.7077625570776256,6366.8017578125,0.9751604199409485,0.11411619931459427,-5.045930862426758,25.02069854736328,-1756.889345557284,0.04900758580055973
s3_12.tif,Canon220,150,1240,1752,0.7077625570776256,6366.8017578125,0.9881266951560974,0.07643777132034302,-8.095698356628418,66.98970794677734,-1737.1754190446009,0.016484846811017823
s3_13.tif,Canon220,150,1240,1752,0.7077625570776256,6366.8017578125,0.9810189008712769,0.10043445974588394,-5.891783237457275,34.64073944091797,-1767.5588026723572,0.03515981735159817
s3_14.tif,Canon220,150,1240,1752,0.7077625570776256,6366.8017578125,0.9804313778877258,0.1028401181101799,-5.776691436767578,33.16481399536133,-1804.6864138274018,0.032543452643982916
s3_15.tif,Canon220,150,1240,1752,0.7077625570776256,6366.8017578125,0.9790938496589661,0.10498902946710587,-5.720336437225342,32.657981872558594,-1730.2672230673768,0.03770437472381794
s3_16.tif,Canon220,150,1240,1752,0.7077625570776256,6366.8017578125,0.9780586957931519,0.09784335643053055,-5.190530776977539,27.488494873046875,-1702.1933630769538,0.043194874060981
s3_17.tif,Canon220,150,1240,1752,0.7077625570776256,6366.8017578125,0.983284056186676,0.0901980847120285,-6.215147018432617,39.38319396972656,-1769.91829973378,0.03640631904551481
s3_18.tif,Canon220,150,1240,1752,0.7077625570776256,6366.8017578125,0.9930786490440369,0.06030946224927902,-10.202164649963379,107.24190521240234,-1879.1472695407447,0.010600788039475622
s3_19.tif,Canon220,150,1240,1752,0.7077625570776256,6366.8017578125,0.9834562540054321,0.09461988508701324,-6.442139625549316,41.5020751953125,-1764.0893729959714,0.024327036382383267
s3_2.tif,Canon220,150,1240,1752,0.7077625570776256,6366.8017578125,0.9604259729385376,0.13404595851898193,-3.839404582977295,14.119056701660156,-1518.9633003097806,0.08092824790101635
s3_20.tif,Canon220,150,1240,1752,0.7077625570776256,6366.8017578125,0.9709116816520691,0.1184736117720604,-4.712230205535889,21.760360717773438,-1533.6642161009406,0.044060704816615115
s3_21.tif,Canon220,150,1240,1752,0.7077625570776256,6366.8017578125,0.9924694299697876,0.0625690221786499,-9.534823417663574,94.01892852783203,-1908.7708196784988,0.013690344675209899
s3_22.tif,Canon220,150,1240,1752,0.7077625570776256,6366.8017578125,0.9935553073883057,0.05791192501783371,-10.639381408691406,116.9298324584961,-1871.160883971783,0.010738879069082339
s3_23.tif,Canon220,150,1240,1752,0.7077625570776256,6366.8017578125,0.9865134358406067,0.07831041514873505,-7.170694351196289,53.26167678833008,-1746.7680440145232,0.021842778759758433
s3_24.tif,Canon220,150,1240,1752,0.7077625570776256,6366.8017578125,0.9890984892845154,0.07345285266637802,-7.8113555908203125,62.588897705078125,-1829.7631648401673,0.023118279569892472
s3_25.tif,Canon220,150,1240,1752,0.7077625570776256,6366.8017578125,0.9781944155693054,0.11280415952205658,-5.508594989776611,29.43465805053711,-1793.1297087898995,0.024982048166151127
s3_26.tif,Canon220,150,1240,1752,0.7077625570776256,6366.8017578125,0.9852676391601562,0.0894874781370163,-6.768145561218262,45.90545654296875,-1804.2262381983219,0.02081492119605244
s3_27.tif,Canon220,150,1240,1752,0.7077625570776256,6366.8017578125,0.9654541015625,0.13314661383628845,-4.125846862792969,15.996831893920898,-1662.9586319509049,0.04194515024304021
s3_28.tif,Canon220,150,1240,1752,0.7077625570776256,6366.8017578125,0.9895281195640564,0.0765257254242897,-8.270874977111816,69.24356842041016,-1840.2047643681217,0.013194597878921785
s3_29.tif,Canon220,150,1240,1752,0.7077625570776256,6366.8017578125,0.9927558302879333,0.054308898746967316,-9.589372634887695,99.218017578125,-1837.6468743835321,0.010708499042568861
s3_3.tif,Canon220,150,1240,1752,0.7077625570776256,6366.8017578125,0.9797595143318176,0.10446193814277649,-5.6214213371276855,31.257606506347656,-1808.2001771118337,0.03416187951097363
s3_30.tif,Canon220,150,1240,1752,0.7077625570776256,6366.8017578125,0.9794373512268066,0.08878187835216522,-4.6926589012146,21.644411087036133,-1704.0873269168987,0.022354636176167328
s3_31.tif,Canon220,150,1240,1752,0.7077625570776256,6366.8017578125,0.9599375128746033,0.13583523035049438,-3.7241921424865723,12.960305213928223,-1529.7368826163713,0.06604065399911621
s3_32.tif,Canon220,150,1240,1752,0.7077625570776256,6366.8017578125,0.9856441617012024,0.08309832960367203,-6.77966833114624,47.16957092285156,-1767.3615152014374,0.03768412137280896
s3_33.tif,Canon220,150,1240,1752,0.7077625570776256,6366.8017578125,0.9605684876441956,0.1421860307455063,-3.955409049987793,14.877191543579102,-1597.2274655181648,0.06140585874208278
s3_34.tif,Canon220,150,1240,1752,0.7077625570776256,6366.8017578125,0.9872891902923584,0.07826744765043259,-7.191447734832764,53.19682312011719,-1793.3455260757698,0.027176314626601857
s3_35.tif,Canon220,150,1240,1752,0.7077625570776256,6366.8017578125,0.9738110303878784,0.12322386354207993,-4.990794658660889,23.867023468017578,-1749.3389971012034,0.028496004566210046
s3_36.tif,Canon220,150,1240,1752,0.7077625570776256,6366.8017578125,0.9852969646453857,0.09168797731399536,-6.855603218078613,47.04423522949219,-1847.8855516882766,0.020250589188392988
s3_37.tif,Canon220,150,1240,1752,0.7077625570776256,6366.8017578125,0.982072114944458,0.10040343552827835,-6.223056316375732,38.5993537902832,-1778.083441363121,0.024224388717042276
s3_38.tif,Canon220,150,1240,1752,0.7077625570776256,6366.8017578125,0.9871483445167542,0.0808715671300888,-7.246518611907959,53.661720275878906,-1797.5140445398813,0.020511581234349683
s3_39.tif,Canon220,150,1240,1752,0.7077625570776256,6366.8017578125,0.9873389005661011,0.07839565724134445,-7.203701972961426,54.176212310791016,-1838.8593963620174,0.029800044189129474
s3_4.tif,Canon220,150,1240,1752,0.7077625570776256,6366.8017578125,0.9701812863349915,0.12341257184743881,-4.532500743865967,19.881948471069336,-1692.6851700889758,0.05512870083959346
s3_40.tif,Canon220,150,1240,1752,0.7077625570776256,6366.8017578125,0.984365701675415,0.08137411624193192,-6.901888370513916,51.12305450439453,-1683.3204908739142,0.0428372182942996
s3_41.tif,Canon220,150,1240,1752,0.7077625570776256,6366.8017578125,0.9617469906806946,0.149310901761055,-4.053854942321777,15.177371978759766,-1694.3983811784328,0.05063475843275887
s3_42.tif,Canon220,150,1240,1752,0.7077625570776256,6366.8017578125,0.9704415202140808,0.12733064591884613,-4.454966068267822,18.640079498291016,-1719.2581760206542,0.022983410664309912
s3_43.tif,Canon220,150,1240,1752,0.7077625570776256,6366.8017578125,0.9868717789649963,0.08044543862342834,-7.069729328155518,51.36173629760742,-1822.1924773528528,0.02572820002945942
s3_44.tif,Canon220,150,1240,1752,0.7077625570776256,6366.8017578125,0.9770113825798035,0.11171276867389679,-5.29831075668335,27.507911682128906,-1759.515466021475,0.038103918102813376
s3_45.tif,Canon220,150,1240,1752,0.7077625570776256,6366.8017578125,0.9833489656448364,0.09281846135854721,-6.3156328201293945,40.24171447753906,-1770.5908663584485,0.030347805273236116
s3_46.tif,Canon220,150,1240,1752,0.7077625570776256,6366.8017578125,0.9796018600463867,0.10195978730916977,-5.641153335571289,31.87122344970703,-1744.9888831231224,0.03632070260715864
s3_47.tif,Canon220,150,1240,1752,0.7077625570776256,6366.8017578125,0.9816907644271851,0.08169449865818024,-5.95526123046875,38.74618911743164,-1624.4808497854858,0.060550614965385184
s3_48.tif,Canon220,150,1240,1752,0.7077625570776256,6366.8017578125,0.9868670701980591,0.06523993611335754,-7.48974609375,63.52461242675781,-1625.6515510935128,0.03946503535130358
s3_49.tif,Canon220,150,1240,1752,0.7077625570776256,6366.8017578125,0.9893999099731445,0.07591363042593002,-8.222199440002441,69.08799743652344,-1852.7365290757248,0.01541878406245397
s3_5.tif,Canon220,150,1240,1752,0.7077625570776256,6366.8017578125,0.9892417788505554,0.07503806799650192,-7.942626476287842,64.58790588378906,-1860.9639333704513,0.01870535056709383
s3_50.tif,Canon220,150,1240,1752,0.7077625570776256,6366.8017578125,0.9832282662391663,0.09364049136638641,-6.438561916351318,42.34321594238281,-1770.157959258547,0.018854488879069084
s3_51.tif,Canon220,150,1240,1752,0.7077625570776256,6366.8017578125,0.9830049276351929,0.09099182486534119,-6.053523540496826,37.20893859863281,-1810.8345854658542,0.031768761967889234
s3_52.tif,Canon220,150,1240,1752,0.7077625570776256,6366.8017578125,0.9380915760993958,0.13157857954502106,-1.9291762113571167,2.767841339111328,-1496.014647558077,0.01154625128884961
s3_53.tif,Canon220,150,1240,1752,0.7077625570776256,6366.8017578125,0.98053377866745,0.0974411889910698,-5.639605522155762,32.44264602661133,-1756.051063576878,0.022219767270584768
s3_54.tif,Canon220,150,1240,1752,0.7077625570776256,6366.8017578125,0.9884380102157593,0.0738435685634613,-7.6376953125,60.73471450805664,-1815.0154881042874,0.013080442627780233
s3_55.tif,Canon220,150,1240,1752,0.7077625570776256,6366.8017578125,0.9696616530418396,0.09834101796150208,-4.314173698425293,21.307485580444336,-1504.4185677952776,0.03142767712476064
s3_56.tif,Canon220,150,1240,1752,0.7077625570776256,6366.8017578125,0.9609465003013611,0.12453608214855194,-4.168731689453125,17.855432510375977,-1484.8740067174767,0.04404459419649433
s3_57.tif,Canon220,150,1240,1752,0.7077625570776256,6366.8017578125,0.9820185899734497,0.09715256839990616,-5.936966896057129,35.17116165161133,-1810.274692730501,0.02764306230667256
s3_58.tif,Canon220,150,1240,1752,0.7077625570776256,6366.8017578125,0.9874395728111267,0.0762222558259964,-7.056635856628418,51.139892578125,-1801.3708198984523,0.025120139195757844
s3_59.tif,Canon220,150,1240,1752,0.7077625570776256,6366.8017578125,0.9687619805335999,0.12623444199562073,-4.341618537902832,18.130678176879883,-1690.8567117048785,0.03659780527323612
s3_6.tif,Canon220,150,1240,1752,0.7077625570776256,6366.8017578125,0.9932098388671875,0.05860515311360359,-10.211950302124023,108.26152801513672,-1881.756813598942,0.0119181764619237
s3_60.tif,Canon220,150,1240,1752,0.7077625570776256,6366.8017578125,0.9867873191833496,0.08451840281486511,-7.096594333648682,50.716854095458984,-1853.5983115375084,0.019041832375902196
s3_61.tif,Canon220,150,1240,1752,0.7077625570776256,6366.8017578125,0.9884355664253235,0.07458367198705673,-7.58010196685791,59.29375457763672,-1807.8436101151613,0.022033344380615702
s3_62.tif,Canon220,150,1240,1752,0.7077625570776256,6366.8017578125,0.9783309698104858,0.10837335884571075,-5.441789150238037,29.151657104492188,-1765.3260517079755,0.027087936367653557
s3_63.tif,Canon220,150,1240,1752,0.7077625570776256,6366.8017578125,0.9684633612632751,0.11297504603862762,-4.873210906982422,23.683076858520508,-1270.8774751982255,0.031512833259684785
s3_64.tif,Canon220,150,1240,1752,0.7077625570776256,6366.8017578125,0.967697262763977,0.12865464389324188,-4.287533283233643,17.162126541137695,-1581.1810233284934,0.027178155840329947
s3_65.tif,Canon220,150,1240,1752,0.7077625570776256,6366.8017578125,0.9690383672714233,0.1277555525302887,-4.310291290283203,17.40638542175293,-1712.3222983866779,0.035641755044925616
s3_66.tif,Canon220,150,1240,1752,0.7077625570776256,6366.8017578125,0.9652634263038635,0.13991717994213104,-4.074906826019287,15.192338943481445,-1708.4215052419436,0.02217373692738253
s3_67.tif,Canon220,150,1240,1752,0.7077625570776256,6366.8017578125,0.9095783829689026,0.13384629786014557,-1.693480372428894,3.819688320159912,-1084.6730185687488,0.017102113713359846
s3_68.tif,Canon220,150,1240,1752,0.7077625570776256,6366.8017578125,0.9784494042396545,0.11305127292871475,-5.780824661254883,32.853939056396484,-1761.8552017175891,0.020805254823979966
s3_69.tif,Canon220,150,1240,1752,0.7077625570776256,6366.8017578125,0.9866209626197815,0.0839780643582344,-7.236120700836182,53.29137420654297,-1793.4467187492223,0.02240665046398586
s3_7.tif,Canon220,150,1240,1752,0.7077625570776256,6366.8017578125,0.9875594973564148,0.0801910012960434,-7.43920373916626,56.42380142211914,-1805.9375914409961,0.021636562822212404
s3_70.tif,Canon220,150,1240,1752,0.7077625570776256,6366.8017578125,0.9547612071037292,0.1508801281452179,-3.610220432281494,11.990903854370117,-1513.489410839,0.08035701134187656
s3_71.tif,Canon220,150,1240,1752,0.7077625570776256,6366.8017578125,0.9891827702522278,0.07164766639471054,-7.641785621643066,60.3637580871582,-1857.8960556322097,0.023179960229783473
s3_72.tif,Canon220,150,1240,1752,0.7077625570776256,6366.8017578125,0.9768852591514587,0.11391530185937881,-5.365433692932129,28.25873374938965,-1780.5924224902342,0.03504151936956842
s3_73.tif,Canon220,150,1240,1752,0.7077625570776256,6366.8017578125,0.9697878956794739,0.12541155517101288,-4.62039041519165,20.60023307800293,-1626.074721282734,0.0400473191928119
s3_74.tif,Canon220,150,1240,1752,0.7077625570776256,6366.8017578125,0.9881027936935425,0.07356715202331543,-7.541264533996582,60.02273941040039,-1813.4661184721124,0.022492727205774048
s3_75.tif,Canon220,150,1240,1752,0.7077625570776256,6366.8017578125,0.9885871410369873,0.07152453064918518,-7.689808368682861,62.356590270996094,-1751.8437984363431,0.020715955958167623
s3_76.tif,Canon220,150,1240,1752,0.7077625570776256,6366.8017578125,0.9874770045280457,0.07706554979085922,-8.12490463256836,69.0024642944336,-1734.5846001446052,0.011870765208425393
s3_77.tif,Canon220,150,1240,1752,0.7077625570776256,6366.8017578125,0.9699303507804871,0.12053415924310684,-4.426576614379883,19.292469024658203,-1668.51755116162,0.04798617248490205
s3_78.tif,Canon220,150,1240,1752,0.7077625570776256,6366.8017578125,0.9753768444061279,0.10187768936157227,-5.500303745269775,31.318405151367188,-1596.8587144209216,0.032461058329650905
s3_79.tif,Canon220,150,1240,1752,0.7077625570776256,6366.8017578125,0.9833770394325256,0.09119702875614166,-6.463016986846924,42.7588996887207,-1778.6033261218365,0.028450894829871853
s3_8.tif,Canon220,150,1240,1752,0.7077625570776256,6366.8017578125,0.9850769639015198,0.0897349864244461,-6.775298595428467,46.188270568847656,-1792.808174123931,0.02305613860656945
s3_80.tif,Canon220,150,1240,1752,0.7077625570776256,6366.8017578125,0.9820932745933533,0.09768608957529068,-6.285491466522217,39.50624084472656,-1731.6386674476619,0.03379777949624392
s3_81.tif,Canon220,150,1240,1752,0.7077625570776256,6366.8017578125,0.9744334816932678,0.11541740596294403,-4.994205474853516,24.473928451538086,-1705.1525647260212,0.03831887980556783
s3_82.tif,Canon220,150,1240,1752,0.7077625570776256,6366.8017578125,0.9864423274993896,0.08988306671380997,-7.365923881530762,54.31123733520508,-1815.6005150351402,0.0144880505229047
s3_83.tif,Canon220,150,1240,1752,0.7077625570776256,6366.8017578125,0.9792621731758118,0.10610625147819519,-5.626828193664551,31.419227600097656,-1797.165288145206,0.036081344822506994
s3_84.tif,Canon220,150,1240,1752,0.7077625570776256,6366.8017578125,0.9894100427627563,0.06884080916643143,-8.673567771911621,80.13728332519531,-1779.610489299536,0.019179002798644866
s3_85.tif,Canon220,150,1240,1752,0.7077625570776256,6366.8017578125,0.980679452419281,0.105167455971241,-6.080036640167236,37.18039321899414,-1798.091867625909,0.019254032258064515
s3_86.tif,Canon220,150,1240,1752,0.7077625570776256,6366.8017578125,0.9807918667793274,0.10140319168567657,-5.678366184234619,31.503055572509766,-1782.4099821585937,0.02250285388127854
s3_87.tif,Canon220,150,1240,1752,0.7077625570776256,6366.8017578125,0.9823358654975891,0.09763416647911072,-6.186650276184082,38.15373611450195,-1761.0317437587946,0.02701520842539402
s3_88.tif,Canon220,150,1240,1752,0.7077625570776256,6366.8017578125,0.9809648394584656,0.09488757699728012,-5.721634864807129,33.853660583496094,-1742.0098920413063,0.02497928634555899
s3_89.tif,Canon220,150,1240,1752,0.7077625570776256,6366.8017578125,0.9739695191383362,0.11477958410978317,-4.923549175262451,24.003210067749023,-1733.1029837118288,0.0460073280306378
s3_9.tif,Canon220,150,1240,1752,0.7077625570776256,6366.8017578125,0.976021409034729,0.11356783658266068,-5.135932922363281,25.824464797973633,-1772.034952181511,0.038264103697157166
s3_90.tif,Canon220,150,1240,1752,0.7077625570776256,6366.8017578125,0.9816824793815613,0.09482260793447495,-6.023494243621826,37.206382751464844,-1766.5146382412177,0.04374401605538371
s3_91.tif,Canon220,150,1240,1752,0.7077625570776256,6366.8017578125,0.9801709055900574,0.1078178659081459,-5.874610424041748,33.94397735595703,-1799.1220996569161,0.024328417292679334
s3_92.tif,Canon220,150,1240,1752,0.7077625570776256,6366.8017578125,0.9837831854820251,0.09612017124891281,-6.565682411193848,43.09145736694336,-1807.5625012722955,0.02207891442038592
s3_93.tif,Canon220,150,1240,1752,0.7077625570776256,6366.8017578125,0.9822171926498413,0.09911511093378067,-6.2480854988098145,39.004154205322266,-1762.665003281837,0.026102887023125645
s3_94.tif,Canon220,150,1240,1752,0.7077625570776256,6366.8017578125,0.9839223027229309,0.09693168848752975,-6.6802659034729,44.425167083740234,-1789.8195771109129,0.019352537192517307
s3_95.tif,Canon220,150,1240,1752,0.7077625570776256,6366.8017578125,0.9874905347824097,0.08326848596334457,-7.422403812408447,55.84602355957031,-1869.2185374065114,0.02057464280453675
s3_96.tif,Canon220,150,1240,1752,0.7077625570776256,6366.8017578125,0.9816319346427917,0.10253530740737915,-6.158162593841553,37.86677169799805,-1791.057285588287,0.01503351008985123
s3_97.tif,Canon220,150,1240,1752,0.7077625570776256,6366.8017578125,0.981942892074585,0.09613316506147385,-6.227658271789551,39.61308288574219,-1779.8031679096775,0.02454522020916188
s3_98.tif,Canon220,150,1240,1752,0.7077625570776256,6366.8017578125,0.9629564881324768,0.13550078868865967,-4.011526584625244,15.332033157348633,-1621.4535178765832,0.07336316099572839
s3_99.tif,Canon220,150,1240,1752,0.7077625570776256,6366.8017578125,0.9819708466529846,0.0976094901561737,-6.601637840270996,43.88506317138672,-1648.4199553918068,0.021058882015024306
s3_1.tif,Canon220,300,2480,3508,0.7069555302166477,25495.0673828125,0.9715277552604675,0.1252974271774292,-4.8196635246276855,22.090755462646484,-1592.3084456657166,0.015569366792952514
s3_10.tif,Canon220,300,2480,3508,0.7069555302166477,25495.0673828125,0.9696510434150696,0.1254868060350418,-4.336852550506592,17.68843650817871,-1650.5076015112388,0.015319362195166808
s3_100.tif,Canon220,300,2480,3508,0.7069555302166477,25495.0673828125,0.983912467956543,0.09608002007007599,-6.722437858581543,45.22975158691406,-1752.9372906389958,0.010861004340309706
s3_11.tif,Canon220,300,2480,3508,0.7069555302166477,25495.0673828125,0.9732927083969116,0.12136531621217728,-4.949871063232422,23.642547607421875,-1683.752923843534,0.026565660977673152
s3_12.tif,Canon220,300,2480,3508,0.7069555302166477,25495.0673828125,0.9866458177566528,0.08036135137081146,-7.891402244567871,63.24725341796875,-1644.531640000934,0.009132121970059219
s3_13.tif,Canon220,300,2480,3508,0.7069555302166477,25495.0673828125,0.979426383972168,0.1061544194817543,-5.811385631561279,33.230709075927734,-1670.896437218817,0.01882034612130798
s3_14.tif,Canon220,300,2480,3508,0.7069555302166477,25495.0673828125,0.9788511991500854,0.10954861342906952,-5.67560338973999,31.517963409423828,-1732.3802930254797,0.018828162357008866
s3_15.tif,Canon220,300,2480,3508,0.7069555302166477,25495.0673828125,0.9777369499206543,0.11089692264795303,-5.611088275909424,30.941539764404297,-1685.063688456033,0.022377767866995257
s3_16.tif,Canon220,300,2480,3508,0.7069555302166477,25495.0673828125,0.9763170480728149,0.10367606580257416,-5.128188610076904,26.484546661376953,-1617.375937501881,0.02513322084084305
s3_17.tif,Canon220,300,2480,3508,0.7069555302166477,25495.0673828125,0.9816911816596985,0.09608419239521027,-6.1001763343811035,37.32537078857422,-1678.7980399898581,0.02127108084746386
s3_18.tif,Canon220,300,2480,3508,0.7069555302166477,25495.0673828125,0.9924314618110657,0.06385818123817444,-10.017976760864258,102.12637329101562,-1828.1667993260332,0.006169653694780594
s3_19.tif,Canon220,300,2480,3508,0.7069555302166477,25495.0673828125,0.981778085231781,0.10016009956598282,-6.303891181945801,39.19906997680664,-1660.2636476358807,0.013937382756464486
s3_2.tif,Canon220,300,2480,3508,0.7069555302166477,25495.0673828125,0.9570297598838806,0.14474181830883026,-3.7707481384277344,13.238101959228516,-1432.441811926251,0.0493732068635745
s3_20.tif,Canon220,300,2480,3508,0.7069555302166477,25495.0673828125,0.968498945236206,0.12317747622728348,-4.6562018394470215,21.05455207824707,-1421.084401660389,0.024693442638025528
s3_21.tif,Canon220,300,2480,3508,0.7069555302166477,25495.0673828125,0.9915728569030762,0.0671231597661972,-9.325272560119629,88.69551849365234,-1834.0996530258906,0.008473374222974216
s3_22.tif,Canon220,300,2480,3508,0.7069555302166477,25495.0673828125,0.9929962158203125,0.0605960339307785,-10.516982078552246,113.10664367675781,-1819.0828426860166,0.006017007209327988
s3_23.tif,Canon220,300,2480,3508,0.7069555302166477,25495.0673828125,0.9848984479904175,0.08335758745670319,-7.045948028564453,50.9166374206543,-1639.6729971058921,0.012711728031779895
s3_24.tif,Canon220,300,2480,3508,0.7069555302166477,25495.0673828125,0.9878082871437073,0.07822868227958679,-7.666235446929932,59.60216522216797,-1730.565497252411,0.013189323022032589
s3_25.tif,Canon220,300,2480,3508,0.7069555302166477,25495.0673828125,0.9768155217170715,0.11700102686882019,-5.423274517059326,28.28658103942871,-1705.258017392022,0.014476243241255012
s3_26.tif,Canon220,300,2480,3508,0.7069555302166477,25495.0673828125,0.9839099049568176,0.09396617114543915,-6.6551384925842285,43.927459716796875,-1703.8107712028257,0.011704812962077463
s3_27.tif,Canon220,300,2480,3508,0.7069555302166477,25495.0673828125,0.9635863900184631,0.13902945816516876,-4.091775894165039,15.576725006103516,-1591.0608558078984,0.024814824180674586
s3_28.tif,Canon220,300,2480,3508,0.7069555302166477,25495.0673828125,0.9888217449188232,0.07968366146087646,-8.146127700805664,66.54707336425781,-1788.3129214134651,0.00767910674219296
s3_29.tif,Canon220,300,2480,3508,0.7069555302166477,25495.0673828125,0.9917328357696533,0.0571710504591465,-9.454938888549805,95.86343383789062,-1745.580073175967,0.006248045941074779
s3_3.tif,Canon220,300,2480,3508,0.7069555302166477,25495.0673828125,0.9785541892051697,0.1091928482055664,-5.564308166503906,30.263492584228516,-1734.2439190918053,0.0188712665980064
s3_30.tif,Canon220,300,2480,3508,0.7069555302166477,25495.0673828125,0.9779046773910522,0.09255941957235336,-4.72902774810791,22.155664443969727,-1605.2459668748986,0.014396931437819546
s3_31.tif,Canon220,300,2480,3508,0.7069555302166477,25495.0673828125,0.9577096104621887,0.14157496392726898,-3.7045786380767822,12.661705017089844,-1440.4423852698617,0.040306028616618236
s3_32.tif,Canon220,300,2480,3508,0.7069555302166477,25495.0673828125,0.9840216636657715,0.08853175491094589,-6.627596855163574,44.37871551513672,-1662.2385690663184,0.019054833192334572
s3_33.tif,Canon220,300,2480,3508,0.7069555302166477,25495.0673828125,0.9585267305374146,0.14816023409366608,-3.9075255393981934,14.259212493896484,-1521.1586939742303,0.03597732831868172
s3_34.tif,Canon220,300,2480,3508,0.7069555302166477,25495.0673828125,0.9863356351852417,0.08296947926282883,-7.0634307861328125,50.472259521484375,-1744.5596559986009,0.015205911832861295
s3_35.tif,Canon220,300,2480,3508,0.7069555302166477,25495.0673828125,0.9722180962562561,0.12789899110794067,-4.918781280517578,22.95047378540039,-1657.8708298757979,0.015847302938904625
s3_36.tif,Canon220,300,2480,3508,0.7069555302166477,25495.0673828125,0.9840770363807678,0.09655867516994476,-6.71836519241333,44.641544342041016,-1767.8993875209794,0.011509522014197962
s3_37.tif,Canon220,300,2480,3508,0.7069555302166477,25495.0673828125,0.9805217385292053,0.1051502525806427,-6.098644733428955,36.60679244995117,-1672.7813456220388,0.014299228491558465
s3_38.tif,Canon220,300,2480,3508,0.7069555302166477,25495.0673828125,0.9857584834098816,0.08594661951065063,-7.150761604309082,51.60974884033203,-1696.5906189714933,0.012016542832971641
s3_39.tif,Canon220,300,2480,3508,0.7069555302166477,25495.0673828125,0.9861020445823669,0.08314448595046997,-7.098013877868652,51.82258987426758,-1745.3016905596278,0.016264896825688747
s3_4.tif,Canon220,300,2480,3508,0.7069555302166477,25495.0673828125,0.9678876996040344,0.13166768848896027,-4.444501876831055,18.7266788482666,-1615.5475921584996,0.03232001967852283
s3_40.tif,Canon220,300,2480,3508,0.7069555302166477,25495.0673828125,0.9825802445411682,0.08632976561784744,-6.6869378089904785,47.22209930419922,-1589.414916966131,0.02417642163534042
s3_41.tif,Canon220,300,2480,3508,0.7069555302166477,25495.0673828125,0.959926187992096,0.1541699469089508,-3.992056369781494,14.528512954711914,-1607.0584198230972,0.026980036414462796
s3_42.tif,Canon220,300,2480,3508,0.7069555302166477,25495.0673828125,0.9688105583190918,0.13177870213985443,-4.448246955871582,18.53301429748535,-1618.6592887629631,0.013277945341523522
s3_43.tif,Canon220,300,2480,3508,0.7069555302166477,25495.0673828125,0.9857000708580017,0.08762083947658539,-6.971095561981201,48.9367561340332,-1780.453621605729,0.015836728031779896
s3_44.tif,Canon220,300,2480,3508,0.7069555302166477,25495.0673828125,0.9754263162612915,0.1175827756524086,-5.224503517150879,26.407793045043945,-1681.9835375697867,0.021164986942288595
s3_45.tif,Canon220,300,2480,3508,0.7069555302166477,25495.0673828125,0.9817507863044739,0.09828605502843857,-6.224369049072266,38.58236312866211,-1666.630691558589,0.017330893441718467
s3_46.tif,Canon220,300,2480,3508,0.7069555302166477,25495.0673828125,0.9776937365531921,0.10933498293161392,-5.545616149902344,30.246231079101562,-1654.0788184204969,0.021875689667855962
s3_47.tif,Canon220,300,2480,3508,0.7069555302166477,25495.0673828125,0.9795370697975159,0.08892261236906052,-5.88035249710083,36.88031005859375,-1529.5822502050344,0.03356004248353993
s3_48.tif,Canon220,300,2480,3508,0.7069555302166477,25495.0673828125,0.9848414659500122,0.07114943861961365,-7.304075241088867,59.03229904174805,-1521.351717959942,0.021949139294515762
s3_49.tif,Canon220,300,2480,3508,0.7069555302166477,25495.0673828125,0.9886252880096436,0.08002052456140518,-8.073967933654785,65.75745391845703,-1804.8982221932868,0.009219250009195571
s3_5.tif,Canon220,300,2480,3508,0.7069555302166477,25495.0673828125,0.9880650639533997,0.08025247603654861,-7.78517484664917,61.15882873535156,-1774.4633692038587,0.011469866112480229
s3_50.tif,Canon220,300,2480,3508,0.7069555302166477,25495.0673828125,0.9820210337638855,0.09659960865974426,-6.354802131652832,41.01695251464844,-1674.3283713040535,0.011476992680325156
s3_51.tif,Canon220,300,2480,3508,0.7069555302166477,25495.0673828125,0.9814849495887756,0.09714598208665848,-5.930032730102539,35.192665100097656,-1738.046882401295,0.018646434876963255
s3_52.tif,Canon220,300,2480,3508,0.7069555302166477,25495.0673828125,0.9363206028938293,0.1356099247932434,-1.9783475399017334,2.9836535453796387,-1413.8824763125144,0.007004266745135543
s3_53.tif,Canon220,300,2480,3508,0.7069555302166477,25495.0673828125,0.9792622327804565,0.1009889617562294,-5.629967212677002,32.0821533203125,-1652.9573144392127,0.012092981020340603
s3_54.tif,Canon220,300,2480,3508,0.7069555302166477,25495.0673828125,0.9872931241989136,0.07781615853309631,-7.560074329376221,59.00151824951172,-1723.6968160154252,0.007566805826314047
s3_55.tif,Canon220,300,2480,3508,0.7069555302166477,25495.0673828125,0.9683378338813782,0.10343638807535172,-4.303579330444336,20.47425651550293,-1452.5279712298793,0.017555380328833633
s3_56.tif,Canon220,300,2480,3508,0.7069555302166477,25495.0673828125,0.9587940573692322,0.1297222375869751,-4.091371059417725,16.979082107543945,-1387.7621468589728,0.024410448927796372
s3_57.tif,Canon220,300,2480,3508,0.7069555302166477,25495.0673828125,0.9805143475532532,0.1010010614991188,-5.858146667480469,33.97272491455078,-1688.7416960316295,0.015530515503733402
s3_58.tif,Canon220,300,2480,3508,0.7069555302166477,25495.0673828125,0.985974907875061,0.08240082859992981,-6.976099014282227,49.1768913269043,-1704.8336668574734,0.015526377496597639
s3_59.tif,Canon220,300,2480,3508,0.7069555302166477,25495.0673828125,0.9668922424316406,0.13196028769016266,-4.297200679779053,17.545124053955078,-1605.6073525569975,0.021231080111818148
s3_6.tif,Canon220,300,2480,3508,0.7069555302166477,25495.0673828125,0.9922014474868774,0.06282517313957214,-10.015514373779297,102.82581329345703,-1785.1691827093446,0.007403124655166072
s3_60.tif,Canon220,300,2480,3508,0.7069555302166477,25495.0673828125,0.9852837324142456,0.08940248936414719,-6.959072113037109,48.21952438354492,-1727.8565662849803,0.010787784602935226
s3_61.tif,Canon220,300,2480,3508,0.7069555302166477,25495.0673828125,0.9870076775550842,0.08031764626502991,-7.457880973815918,56.49039840698242,-1706.4405803778197,0.01338461396991209
s3_62.tif,Canon220,300,2480,3508,0.7069555302166477,25495.0673828125,0.9767217636108398,0.11365464329719543,-5.367273807525635,28.015892028808594,-1669.5899860904294,0.01536970794865193
s3_63.tif,Canon220,300,2480,3508,0.7069555302166477,25495.0673828125,0.9675021767616272,0.11815015226602554,-4.851438999176025,23.109203338623047,-1263.3578490166503,0.017340433847059255
s3_64.tif,Canon220,300,2480,3508,0.7069555302166477,25495.0673828125,0.9656926989555359,0.13219374418258667,-4.259434700012207,16.918210983276367,-1487.837633217468,0.014821651892448598
s3_65.tif,Canon220,300,2480,3508,0.7069555302166477,25495.0673828125,0.9669378995895386,0.13443168997764587,-4.270467758178711,16.93958854675293,-1623.0256576911427,0.020417042152499357
s3_66.tif,Canon220,300,2480,3508,0.7069555302166477,25495.0673828125,0.963615357875824,0.14445853233337402,-4.076797008514404,15.186056137084961,-1614.6149142397426,0.012726785779968367
s3_67.tif,Canon220,300,2480,3508,0.7069555302166477,25495.0673828125,0.9062443971633911,0.1397777497768402,-1.6949197053909302,3.5324816703796387,-1007.9633917730197,0.010389731305403318
s3_68.tif,Canon220,300,2480,3508,0.7069555302166477,25495.0673828125,0.9770063757896423,0.11761736124753952,-5.676177978515625,31.30815887451172,-1674.3654019689438,0.01256011604811123
s3_69.tif,Canon220,300,2480,3508,0.7069555302166477,25495.0673828125,0.9850866198539734,0.08953813463449478,-7.09228515625,50.488075256347656,-1690.6473464021399,0.013496570051863022
s3_7.tif,Canon220,300,2480,3508,0.7069555302166477,25495.0673828125,0.9860973358154297,0.0857902392745018,-7.309933662414551,53.69832992553711,-1701.9101851095947,0.012715176371059699
s3_70.tif,Canon220,300,2480,3508,0.7069555302166477,25495.0673828125,0.9511793255805969,0.16137813031673431,-3.535611629486084,11.180462837219238,-1426.6132420147176,0.046837528046492806
s3_71.tif,Canon220,300,2480,3508,0.7069555302166477,25495.0673828125,0.9878551959991455,0.07827840000391006,-7.545939922332764,57.84898376464844,-1770.708292892745,0.014260377202339353
s3_72.tif,Canon220,300,2480,3508,0.7069555302166477,25495.0673828125,0.9751757383346558,0.12078484147787094,-5.261532783508301,26.72781753540039,-1706.169634924346,0.01985335362489425
s3_73.tif,Canon220,300,2480,3508,0.7069555302166477,25495.0673828125,0.9677103161811829,0.13061493635177612,-4.5607523918151855,19.865468978881836,-1523.9315994722638,0.02319582888880715
s3_74.tif,Canon220,300,2480,3508,0.7069555302166477,25495.0673828125,0.9866141080856323,0.08000774681568146,-7.433101654052734,57.1731071472168,-1713.5428650073611,0.013726229447897892
s3_75.tif,Canon220,300,2480,3508,0.7069555302166477,25495.0673828125,0.9876801371574402,0.07470981031656265,-7.666243553161621,61.56360626220703,-1689.8128785531505,0.011145492330893441
s3_76.tif,Canon220,300,2480,3508,0.7069555302166477,25495.0673828125,0.9861308932304382,0.07995250076055527,-8.00753116607666,66.50395965576172,-1618.2718952484586,0.006760009379482841
s3_77.tif,Canon220,300,2480,3508,0.7069555302166477,25495.0673828125,0.9687374830245972,0.12525737285614014,-4.433455467224121,19.19536781311035,-1627.618856475312,0.026262437010335822
s3_78.tif,Canon220,300,2480,3508,0.7069555302166477,25495.0673828125,0.9734900593757629,0.10772228986024857,-5.403251647949219,29.853424072265625,-1523.7528040966224,0.018040216831573915
s3_79.tif,Canon220,300,2480,3508,0.7069555302166477,25495.0673828125,0.9819156527519226,0.09678465873003006,-6.352361679077148,40.69005584716797,-1689.5592489947448,0.01645880843785633
s3_8.tif,Canon220,300,2480,3508,0.7069555302166477,25495.0673828125,0.9836377501487732,0.09472277760505676,-6.660467624664307,44.096763610839844,-1692.2915923852136,0.01350542078934785
s3_80.tif,Canon220,300,2480,3508,0.7069555302166477,25495.0673828125,0.9804118275642395,0.10176496207714081,-6.1392903327941895,37.515724182128906,-1636.1324237774968,0.01761204803766506
s3_81.tif,Canon220,300,2480,3508,0.7069555302166477,25495.0673828125,0.9725697040557861,0.12091860920190811,-4.9329118728637695,23.607376098632812,-1603.4077968609454,0.02779602843270681
s3_82.tif,Canon220,300,2480,3508,0.7069555302166477,25495.0673828125,0.9851261377334595,0.09356312453746796,-7.236722946166992,52.01853561401367,-1707.714483521575,0.008355900798175598
s3_83.tif,Canon220,300,2480,3508,0.7069555302166477,25495.0673828125,0.9770628213882446,0.11400873214006424,-5.493436336517334,29.440521240234375,-1686.1755077405508,0.020743944716224667
s3_84.tif,Canon220,300,2480,3508,0.7069555302166477,25495.0673828125,0.9881771206855774,0.0733608528971672,-8.408845901489258,74.30561828613281,-1704.019492057432,0.01229493875749439
s3_85.tif,Canon220,300,2480,3508,0.7069555302166477,25495.0673828125,0.9795597195625305,0.10856006294488907,-5.999576568603516,35.87138748168945,-1713.4022911159186,0.011116756170228418
s3_86.tif,Canon220,300,2480,3508,0.7069555302166477,25495.0673828125,0.9795152544975281,0.10495613515377045,-5.610445976257324,30.53493881225586,-1687.8979773625563,0.012239995218302865
s3_87.tif,Canon220,300,2480,3508,0.7069555302166477,25495.0673828125,0.9806814789772034,0.10313688218593597,-6.078354358673096,36.36494827270508,-1659.2687989349756,0.015334649832640601
s3_88.tif,Canon220,300,2480,3508,0.7069555302166477,25495.0673828125,0.9794581532478333,0.09953945875167847,-5.713494300842285,33.43632507324219,-1637.5894751931812,0.014470725898407326
s3_89.tif,Canon220,300,2480,3508,0.7069555302166477,25495.0673828125,0.9718610644340515,0.12330599874258041,-4.8396196365356445,22.725492477416992,-1664.8799152721401,0.02748027549931953
s3_9.tif,Canon220,300,2480,3508,0.7069555302166477,25495.0673828125,0.9744435548782349,0.11925704777240753,-5.05930757522583,24.74114227294922,-1697.2572354386239,0.022156039651303933
s3_90.tif,Canon220,300,2480,3508,0.7069555302166477,25495.0673828125,0.9798662066459656,0.10260988026857376,-5.869878768920898,34.47634506225586,-1685.1977571467842,0.02328031320116232
s3_91.tif,Canon220,300,2480,3508,0.7069555302166477,25495.0673828125,0.9788345694541931,0.11227042973041534,-5.796294212341309,32.718265533447266,-1709.2982695763212,0.013535766175010115
s3_92.tif,Canon220,300,2480,3508,0.7069555302166477,25495.0673828125,0.9824882745742798,0.10048065334558487,-6.4738993644714355,41.47380447387695,-1712.2214039901792,0.012446665685805715
s3_93.tif,Canon220,300,2480,3508,0.7069555302166477,25495.0673828125,0.9805373549461365,0.10481711477041245,-6.143919467926025,37.19097137451172,-1658.1370599813852,0.015005103542134109
s3_94.tif,Canon220,300,2480,3508,0.7069555302166477,25495.0673828125,0.9825377464294434,0.10119970887899399,-6.567245960235596,42.50847625732422,-1689.757868689719,0.01111974473093758
s3_95.tif,Canon220,300,2480,3508,0.7069555302166477,25495.0673828125,0.985974907875061,0.08898605406284332,-7.257431507110596,52.714927673339844,-1753.2597116824209,0.011986197447309376
s3_96.tif,Canon220,300,2480,3508,0.7069555302166477,25495.0673828125,0.9808858633041382,0.10527103394269943,-6.114435195922852,37.07970428466797,-1739.8701120664796,0.00801911299518152
s3_97.tif,Canon220,300,2480,3508,0.7069555302166477,25495.0673828125,0.9804319143295288,0.1017470583319664,-6.11188268661499,37.59330368041992,-1688.554591041834,0.01373462040681208
s3_98.tif,Canon220,300,2480,3508,0.7069555302166477,25495.0673828125,0.9600158929824829,0.14566132426261902,-3.936655044555664,14.388374328613281,-1545.4004356129321,0.043692527678669955
s3_99.tif,Canon220,300,2480,3508,0.7069555302166477,25495.0673828125,0.9808248281478882,0.1009739562869072,-6.493974208831787,42.11224365234375,-1587.762572675368,0.01145906131607018
s4_1.tif,Canon9000-1,150,1240,1754,0.7069555302166477,6374.0791015625,0.9734504222869873,0.12082590162754059,-4.910887718200684,23.366741180419922,-1773.1089815686069,0.03026584396954427
s4_10.tif,Canon9000-1,150,1240,1754,0.7069555302166477,6374.0791015625,0.9724629521369934,0.11457055062055588,-4.263140678405762,17.047754287719727,-1796.226994077752,0.02691589730385846
s4_100.tif,Canon9000-1,150,1240,1754,0.7069555302166477,6374.0791015625,0.9859063029289246,0.08781424164772034,-6.9664788246154785,49.739990234375,-1885.6828613209593,0.018775057932099902
s4_11.tif,Canon9000-1,150,1240,1754,0.7069555302166477,6374.0791015625,0.9766579866409302,0.10542496293783188,-5.128829479217529,26.71624755859375,-1793.8629958372092,0.04890710633758782
s4_12.tif,Canon9000-1,150,1240,1754,0.7069555302166477,6374.0791015625,0.9892339110374451,0.07131850719451904,-8.305530548095703,72.05488586425781,-1804.1359898268213,0.016451796814654064
s4_13.tif,Canon9000-1,150,1240,1754,0.7069555302166477,6374.0791015625,0.9824544191360474,0.09258995205163956,-6.001675128936768,37.028141021728516,-1837.8471352144438,0.03515972707544047
s4_14.tif,Canon9000-1,150,1240,1754,0.7069555302166477,6374.0791015625,0.9809008240699768,0.09820997714996338,-5.774044036865234,33.691410064697266,-1817.1378847478918,0.03295968661492625
s4_15.tif,Canon9000-1,150,1240,1754,0.7069555302166477,6374.0791015625,0.9800843596458435,0.10017496347427368,-5.7683820724487305,33.730411529541016,-1807.4393446499416,0.03671239930849303
s4_16.tif,Canon9000-1,150,1240,1754,0.7069555302166477,6374.0791015625,0.9780446290969849,0.09689871966838837,-5.117451190948486,26.991901397705078,-1768.858762121671,0.044047706624489646
s4_17.tif,Canon9000-1,150,1240,1754,0.7069555302166477,6374.0791015625,0.9844985604286194,0.08193077892065048,-6.246211051940918,41.08745574951172,-1816.7767592682414,0.035625482767499175
s4_18.tif,Canon9000-1,150,1240,1754,0.7069555302166477,6374.0791015625,0.9935133457183838,0.05814112722873688,-10.291607856750488,110.66929626464844,-1949.4982619265409,0.010770313017250892
s4_19.tif,Canon9000-1,150,1240,1754,0.7069555302166477,6374.0791015625,0.9842444062232971,0.09141647070646286,-6.489015102386475,42.71608352661133,-1857.286844418301,0.024608728436385036
s4_2.tif,Canon9000-1,150,1240,1754,0.7069555302166477,6374.0791015625,0.9626387357711792,0.12388180196285248,-3.869898557662964,14.894325256347656,-1587.1666307624387,0.07985756059881562
s4_20.tif,Canon9000-1,150,1240,1754,0.7069555302166477,6374.0791015625,0.972535252571106,0.11582132428884506,-4.774071216583252,22.679025650024414,-1703.50640894596,0.04427989480266304
s4_21.tif,Canon9000-1,150,1240,1754,0.7069555302166477,6374.0712890625,0.9925967454910278,0.0601356215775013,-9.652898788452148,98.37960815429688,-1902.0784392474893,0.013728068562180454
s4_22.tif,Canon9000-1,150,1240,1754,0.7069555302166477,6374.0712890625,0.994017481803894,0.054850976914167404,-10.993603706359863,127.56257629394531,-1909.7364850795468,0.010412605289292677
s4_23.tif,Canon9000-1,150,1240,1754,0.7069555302166477,6374.0712890625,0.986984372138977,0.07553143799304962,-7.194983005523682,54.12894058227539,-1791.3816547919191,0.02231029536175378
s4_24.tif,Canon9000-1,150,1240,1754,0.7069555302166477,6374.0712890625,0.9899128079414368,0.06677126884460449,-7.769736289978027,63.510154724121094,-1873.9090452397159,0.023633538088056794
s4_25.tif,Canon9000-1,150,1240,1754,0.7069555302166477,6374.0712890625,0.9787794947624207,0.11067718267440796,-5.654653549194336,31.562786102294922,-1829.0763095662205,0.025345293706550927
s4_26.tif,Canon9000-1,150,1240,1754,0.7069555302166477,6374.0712890625,0.9860020279884338,0.08667993545532227,-6.911266326904297,48.63810348510742,-1867.3364659705744,0.02090475227130614
s4_27.tif,Canon9000-1,150,1240,1754,0.7069555302166477,6374.0712890625,0.9640090465545654,0.1380043923854828,-4.176387786865234,16.621191024780273,-1666.0782212077745,0.0421718100562769
s4_28.tif,Canon9000-1,150,1240,1754,0.7069555302166477,6374.0712890625,0.9900691509246826,0.07428628951311111,-8.48475456237793,73.90095520019531,-1890.120225908677,0.013550134255342627
s4_29.tif,Canon9000-1,150,1240,1754,0.7069555302166477,6374.0712890625,0.9925950169563293,0.05499831959605217,-9.466283798217773,97.11848449707031,-1850.9909839211296,0.010785945488652665
s4_3.tif,Canon9000-1,150,1240,1754,0.7069555302166477,6374.0791015625,0.9805479049682617,0.09843114763498306,-5.7504706382751465,33.72935485839844,-1813.2198027619636,0.03436201125537941
s4_30.tif,Canon9000-1,150,1240,1754,0.7069555302166477,6374.0712890625,0.978861927986145,0.09315452724695206,-4.628785610198975,20.427288055419922,-1775.6703801278557,0.020817854121455107
s4_31.tif,Canon9000-1,150,1240,1754,0.7069555302166477,6374.0712890625,0.9612315893173218,0.13025423884391785,-3.777477502822876,13.80617904663086,-1575.0517043553511,0.06611523890094531
s4_32.tif,Canon9000-1,150,1240,1754,0.7069555302166477,6374.0712890625,0.9869863390922546,0.07523703575134277,-7.078903675079346,53.83749008178711,-1813.6924094482063,0.036923437672416966
s4_33.tif,Canon9000-1,150,1240,1754,0.7069555302166477,6374.0712890625,0.9627497792243958,0.13341796398162842,-4.011642932891846,15.536224365234375,-1608.2878918701585,0.05966454555486078
s4_34.tif,Canon9000-1,150,1240,1754,0.7069555302166477,6374.0712890625,0.9879077076911926,0.07460247725248337,-7.41838264465332,58.515140533447266,-1835.9371906324175,0.027039117960790084
s4_35.tif,Canon9000-1,150,1240,1754,0.7069555302166477,6374.0712890625,0.974162757396698,0.12273210287094116,-5.077167510986328,24.994741439819336,-1789.1404645273035,0.028567421929598706
s4_36.tif,Canon9000-1,150,1240,1754,0.7069555302166477,6374.0791015625,0.9855396151542664,0.08962468057870865,-6.883349895477295,48.045047760009766,-1883.6251432175113,0.020498767793430683
s4_37.tif,Canon9000-1,150,1240,1754,0.7069555302166477,6374.0791015625,0.9834343194961548,0.09503468871116638,-6.3776445388793945,41.128849029541016,-1869.4236816110338,0.024727811086180895
s4_38.tif,Canon9000-1,150,1240,1754,0.7069555302166477,6374.0791015625,0.987652063369751,0.07822670042514801,-7.202430248260498,53.53561019897461,-1873.4794998890186,0.020817854121455107
s4_39.tif,Canon9000-1,150,1240,1754,0.7069555302166477,6374.0791015625,0.9880659580230713,0.07325118035078049,-7.519448280334473,61.24119567871094,-1877.557129048415,0.029862618163092654
s4_4.tif,Canon9000-1,150,1240,1754,0.7069555302166477,6374.0791015625,0.9717399477958679,0.11574660986661911,-4.610802173614502,21.229549407958984,-1743.0473489136052,0.054669051384853055
s4_40.tif,Canon9000-1,150,1240,1754,0.7069555302166477,6374.0791015625,0.9856677651405334,0.07677526772022247,-7.347447872161865,59.50087356567383,-1762.5102707474352,0.042677566483981313
s4_41.tif,Canon9000-1,150,1240,1754,0.7069555302166477,6374.0791015625,0.962618350982666,0.14618724584579468,-4.229392051696777,17.128217697143555,-1732.4999587203677,0.05019494611395152
s4_42.tif,Canon9000-1,150,1240,1754,0.7069555302166477,6374.0791015625,0.970932126045227,0.12519651651382446,-4.448470115661621,18.72138023376465,-1783.82687529222,0.023317670210026852
s4_43.tif,Canon9000-1,150,1240,1754,0.7069555302166477,6374.0791015625,0.9873371124267578,0.0766708105802536,-7.080554008483887,52.577701568603516,-1865.1024478267839,0.025486445727737523
s4_44.tif,Canon9000-1,150,1240,1754,0.7069555302166477,6374.0791015625,0.9779956936836243,0.10575509816408157,-5.372818946838379,29.021678924560547,-1804.5416250869214,0.03840714311987347
s4_45.tif,Canon9000-1,150,1240,1754,0.7069555302166477,6374.0791015625,0.984565794467926,0.08614324033260345,-6.4047417640686035,42.47725296020508,-1847.1885310446025,0.03035090300511274
s4_46.tif,Canon9000-1,150,1240,1754,0.7069555302166477,6374.0791015625,0.9805378317832947,0.09734298288822174,-5.725909233093262,33.63084411621094,-1817.6893438007519,0.035835601574281825
s4_47.tif,Canon9000-1,150,1240,1754,0.7069555302166477,6374.0791015625,0.9833494424819946,0.0737539678812027,-6.240515232086182,44.580596923828125,-1696.4121755197648,0.060061334461323425
s4_48.tif,Canon9000-1,150,1240,1754,0.7069555302166477,6374.0791015625,0.9881768226623535,0.059305042028427124,-7.85652494430542,73.0505142211914,-1713.5769002621046,0.03921037628278221
s4_49.tif,Canon9000-1,150,1240,1754,0.7069555302166477,6374.0791015625,0.9896551966667175,0.07456162571907043,-8.318016052246094,71.77999114990234,-1900.9971548108556,0.01514142788832898
s4_5.tif,Canon9000-1,150,1240,1754,0.7069555302166477,6374.0791015625,0.9889621138572693,0.07506431639194489,-7.888632297515869,65.0611343383789,-1890.1018049383674,0.019231158274175156
s4_50.tif,Canon9000-1,150,1240,1754,0.7069555302166477,6374.0791015625,0.9829031229019165,0.096817247569561,-6.388591766357422,41.56697082519531,-1841.2337896417098,0.016454095707507263
s4_51.tif,Canon9000-1,150,1240,1754,0.7069555302166477,6374.0791015625,0.9831852316856384,0.08704761415719986,-6.020429611206055,37.82180404663086,-1826.9410422681258,0.031971622466620074
s4_52.tif,Canon9000-1,150,1240,1754,0.7069555302166477,6374.0791015625,0.9334107637405396,0.14033101499080658,-1.81448495388031,1.9818382263183594,-1568.5102703303717,0.011369404494795307
s4_53.tif,Canon9000-1,150,1240,1754,0.7069555302166477,6374.0791015625,0.9803985953330994,0.09864897280931473,-5.571184158325195,31.732036590576172,-1838.073495297881,0.022417423768712988
s4_54.tif,Canon9000-1,150,1240,1754,0.7069555302166477,6374.0791015625,0.9872475862503052,0.08011054992675781,-7.398927688598633,57.395050048828125,-1881.7531596496256,0.013418637584139479
s4_55.tif,Canon9000-1,150,1240,1754,0.7069555302166477,6374.0791015625,0.9715135097503662,0.090207539498806,-4.164097309112549,20.9548282623291,-1630.4527155961819,0.03169345643138265
s4_56.tif,Canon9000-1,150,1240,1754,0.7069555302166477,6374.0791015625,0.9627530574798584,0.11713938415050507,-4.309032917022705,19.9693660736084,-1567.3988868640208,0.04356953691102365
s4_57.tif,Canon9000-1,150,1240,1754,0.7069555302166477,6374.0791015625,0.9825462102890015,0.09303326904773712,-5.97475528717041,36.08883285522461,-1831.1073573912165,0.02757981755986317
s4_58.tif,Canon9000-1,150,1240,1754,0.7069555302166477,6374.0791015625,0.9880169034004211,0.07273879647254944,-7.129385471343994,53.442726135253906,-1865.1457865119878,0.025042759407069556
s4_59.tif,Canon9000-1,150,1240,1754,0.7069555302166477,6374.0791015625,0.9691861271858215,0.12403515726327896,-4.3362650871276855,18.249881744384766,-1745.3832034405161,0.03657722440872476
s4_6.tif,Canon9000-1,150,1240,1754,0.7069555302166477,6374.0791015625,0.9936789870262146,0.05559122562408447,-10.360638618469238,113.89026641845703,-1947.5513609455613,0.011947346158090264
s4_60.tif,Canon9000-1,150,1240,1754,0.7069555302166477,6374.0791015625,0.986972987651825,0.08364944159984589,-7.145735740661621,51.98557662963867,-1898.5426752175902,0.01924265273844117
s4_61.tif,Canon9000-1,150,1240,1754,0.7069555302166477,6374.0791015625,0.9891249537467957,0.07104964554309845,-7.654872417449951,61.70482635498047,-1884.3556845388675,0.021925460698127782
s4_62.tif,Canon9000-1,150,1240,1754,0.7069555302166477,6374.0791015625,0.9788742065429688,0.10631562024354935,-5.455521583557129,29.535526275634766,-1839.4211512343352,0.02727590392466988
s4_63.tif,Canon9000-1,150,1240,1754,0.7069555302166477,6374.0791015625,0.9715273976325989,0.11367080360651016,-4.943292617797852,24.096179962158203,-1445.9168538045362,0.03147460183175783
s4_64.tif,Canon9000-1,150,1240,1754,0.7069555302166477,6374.0791015625,0.9679227471351624,0.13215051591396332,-4.341893672943115,17.617321014404297,-1686.0753964360297,0.027234523853312244
s4_65.tif,Canon9000-1,150,1240,1754,0.7069555302166477,6374.0791015625,0.968589186668396,0.12928421795368195,-4.311079978942871,17.448158264160156,-1760.6211678604345,0.03589629234560636
s4_66.tif,Canon9000-1,150,1240,1754,0.7069555302166477,6374.0791015625,0.9660394787788391,0.13727588951587677,-4.071926116943359,15.229000091552734,-1790.099714173938,0.022209144076212897
s4_67.tif,Canon9000-1,150,1240,1754,0.7069555302166477,6374.0791015625,0.902315080165863,0.14118757843971252,-1.484534740447998,2.673647403717041,-1140.977329155115,0.01579339390149704
s4_68.tif,Canon9000-1,150,1240,1754,0.7069555302166477,6374.0791015625,0.9794111251831055,0.11254102736711502,-5.937995433807373,35.02820587158203,-1861.1736313581277,0.020279453415235224
s4_69.tif,Canon9000-1,150,1240,1754,0.7069555302166477,6374.0791015625,0.987413763999939,0.07942277938127518,-7.329885482788086,55.98078155517578,-1864.1028717314277,0.02227489241181447
s4_7.tif,Canon9000-1,150,1240,1754,0.7069555302166477,6374.0791015625,0.9884076118469238,0.07511934638023376,-7.436087608337402,57.229957580566406,-1878.8042504241453,0.021809136719755765
s4_70.tif,Canon9000-1,150,1240,1754,0.7069555302166477,6374.0791015625,0.9574968814849854,0.1405576467514038,-3.632840394973755,12.524360656738281,-1605.1839215157613,0.08075182991871115
s4_71.tif,Canon9000-1,150,1240,1754,0.7069555302166477,6374.0791015625,0.9896025657653809,0.06650297343730927,-7.487926006317139,59.0721321105957,-1882.1547565061205,0.023344797145694634
s4_72.tif,Canon9000-1,150,1240,1754,0.7069555302166477,6374.0791015625,0.9770984053611755,0.11082791537046432,-5.348518371582031,28.540687561035156,-1817.6080207362293,0.03575514032441976
s4_73.tif,Canon9000-1,150,1240,1754,0.7069555302166477,6374.0791015625,0.9700827598571777,0.12516020238399506,-4.641858100891113,21.065710067749023,-1722.1411114833575,0.03946509361091698
s4_74.tif,Canon9000-1,150,1240,1754,0.7069555302166477,6374.0791015625,0.9884675145149231,0.06949761509895325,-7.412498950958252,59.664886474609375,-1868.9870099404468,0.022275352190385112
s4_75.tif,Canon9000-1,150,1240,1754,0.7069555302166477,6374.0791015625,0.9895339608192444,0.06690593808889389,-7.593761920928955,62.25221252441406,-1862.0097181141198,0.020725898407327033
s4_76.tif,Canon9000-1,150,1240,1754,0.7069555302166477,6374.0791015625,0.9886791110038757,0.07481519877910614,-8.313318252563477,72.86436462402344,-1852.4062229641722,0.011813090815463273
s4_77.tif,Canon9000-1,150,1240,1754,0.7069555302166477,6374.0791015625,0.9714353084564209,0.1115654781460762,-4.359926223754883,19.164878845214844,-1709.695375090096,0.04779398241806746
s4_78.tif,Canon9000-1,150,1240,1754,0.7069555302166477,6374.0791015625,0.9746041297912598,0.09625516831874847,-5.29871940612793,30.1798095703125,-1627.9155169586227,0.032842443079412954
s4_79.tif,Canon9000-1,150,1240,1754,0.7069555302166477,6374.0791015625,0.984062910079956,0.08570092916488647,-6.5348029136657715,45.17638397216797,-1826.059378462688,0.028227185787324825
s4_8.tif,Canon9000-1,150,1240,1754,0.7069555302166477,6374.0791015625,0.9858473539352417,0.08525673300027847,-6.872050762176514,48.46573257446289,-1851.11916239813,0.023630319638062308
s4_80.tif,Canon9000-1,150,1240,1754,0.7069555302166477,6374.0791015625,0.9838578701019287,0.08789904415607452,-6.4021525382995605,42.636844635009766,-1804.6106891425798,0.033761540442123074
s4_81.tif,Canon9000-1,150,1240,1754,0.7069555302166477,6374.0791015625,0.9766742587089539,0.10179245471954346,-4.946646213531494,25.14236831665039,-1769.9197095661502,0.03746229815720749
s4_82.tif,Canon9000-1,150,1240,1754,0.7069555302166477,6374.0791015625,0.9869006872177124,0.08849968761205673,-7.445576190948486,56.001220703125,-1890.2490602741032,0.014868319417368596
s4_83.tif,Canon9000-1,150,1240,1754,0.7069555302166477,6374.0791015625,0.9797922968864441,0.1008555144071579,-5.612731456756592,31.856117248535156,-1812.7758478318221,0.03665722588001619
s4_84.tif,Canon9000-1,150,1240,1754,0.7069555302166477,6374.0791015625,0.9893189072608948,0.06626498699188232,-8.661458969116211,81.88992309570312,-1797.8589037389036,0.018343325854268584
s4_85.tif,Canon9000-1,150,1240,1754,0.7069555302166477,6374.0791015625,0.9802119135856628,0.10572770237922668,-5.979299068450928,36.277549743652344,-1840.8938995527524,0.02011715157979917
s4_86.tif,Canon9000-1,150,1240,1754,0.7069555302166477,6374.0791015625,0.9813417196273804,0.09977266192436218,-5.737033367156982,32.469608306884766,-1861.3040280869718,0.022657428182587265
s4_87.tif,Canon9000-1,150,1240,1754,0.7069555302166477,6374.0791015625,0.9830427765846252,0.09380769729614258,-6.207201957702637,39.00694274902344,-1832.4921356232037,0.02736096296023835
s4_88.tif,Canon9000-1,150,1240,1754,0.7069555302166477,6374.0791015625,0.981428861618042,0.09211952239274979,-5.609154224395752,32.83039093017578,-1818.1477108376723,0.02465010850774267
s4_89.tif,Canon9000-1,150,1240,1754,0.7069555302166477,6374.0791015625,0.9747945070266724,0.10815798491239548,-4.855269908905029,23.71251106262207,-1754.1784439901387,0.04644269319895538
s4_9.tif,Canon9000-1,150,1240,1754,0.7069555302166477,6374.0791015625,0.976611852645874,0.10859550535678864,-5.202709197998047,27.172035217285156,-1781.9582135868013,0.03825817486298599
s4_90.tif,Canon9000-1,150,1240,1754,0.7069555302166477,6374.0791015625,0.9826741814613342,0.08850696682929993,-6.154260635375977,40.00987243652344,-1809.668735841521,0.043386085261338136
s4_91.tif,Canon9000-1,150,1240,1754,0.7069555302166477,6374.0791015625,0.9808828830718994,0.10429098457098007,-5.957794666290283,35.4295539855957,-1851.0079407345193,0.024493324015154302
s4_92.tif,Canon9000-1,150,1240,1754,0.7069555302166477,6374.0791015625,0.9845490455627441,0.09227947145700455,-6.628954887390137,44.55150604248047,-1879.0612399359575,0.02224040901901644
s4_93.tif,Canon9000-1,150,1240,1754,0.7069555302166477,6374.0791015625,0.9829952120780945,0.09516382217407227,-6.294759273529053,40.2213134765625,-1833.418277301837,0.026546235333063595
s4_94.tif,Canon9000-1,150,1240,1754,0.7069555302166477,6374.0791015625,0.9846127033233643,0.09395553916692734,-6.761775493621826,46.165771484375,-1863.6915161119996,0.01960771692352963
s4_95.tif,Canon9000-1,150,1240,1754,0.7069555302166477,6374.0791015625,0.9876972436904907,0.07977475970983505,-7.395228385925293,56.3746223449707,-1877.4079847354205,0.020939695442674808
s4_96.tif,Canon9000-1,150,1240,1754,0.7069555302166477,6374.0791015625,0.9817531108856201,0.10238125175237656,-6.143781661987305,37.97598648071289,-1862.6221916573077,0.015060966638466915
s4_97.tif,Canon9000-1,150,1240,1754,0.7069555302166477,6374.0791015625,0.9823565483093262,0.09256650507450104,-6.182745456695557,39.78184509277344,-1833.4399204949718,0.024754938021848676
s4_98.tif,Canon9000-1,150,1240,1754,0.7069555302166477,6374.0791015625,0.9651129245758057,0.12438406050205231,-4.031556129455566,16.043685913085938,-1660.8568671235003,0.07272547541104205
s4_99.tif,Canon9000-1,150,1240,1754,0.7069555302166477,6374.0791015625,0.9834208488464355,0.09404144436120987,-6.769822597503662,47.24118423461914,-1803.8312740996885,0.020970500606907715
s4_1.tif,Canon9000-1,300,2480,3508,0.7069555302166477,25495.0712890625,0.9722349047660828,0.126754492521286,-4.858222484588623,22.51581382751465,-1744.227890267473,0.015622586162504138
s4_10.tif,Canon9000-1,300,2480,3508,0.7069555302166477,25495.0712890625,0.9710555672645569,0.12117084115743637,-4.307458877563477,17.425094604492188,-1753.245087329171,0.015049472174200905
s4_100.tif,Canon9000-1,300,2480,3508,0.7069555302166477,25495.0712890625,0.9850846529006958,0.0935676321387291,-6.847095012664795,47.08884811401367,-1870.9820501348004,0.010641230183543605
s4_11.tif,Canon9000-1,300,2480,3508,0.7069555302166477,25495.0712890625,0.974919855594635,0.11615005135536194,-5.040826320648193,24.878021240234375,-1790.2595564541311,0.02666083514179571
s4_12.tif,Canon9000-1,300,2480,3508,0.7069555302166477,25495.0712890625,0.9883005619049072,0.07719962298870087,-8.103131294250488,67.08961486816406,-1788.357509545875,0.009186031007466804
s4_13.tif,Canon9000-1,300,2480,3508,0.7069555302166477,25495.0712890625,0.981113076210022,0.10161223262548447,-5.913259506225586,34.82428741455078,-1819.5026805083237,0.018756896678559606
s4_14.tif,Canon9000-1,300,2480,3508,0.7069555302166477,25495.0712890625,0.9795070886611938,0.10694443434476852,-5.712706565856934,32.18769454956055,-1794.1669306066965,0.018794483576709455
s4_15.tif,Canon9000-1,300,2480,3508,0.7069555302166477,25495.0712890625,0.9787750244140625,0.10824324190616608,-5.677335739135742,31.90500259399414,-1791.8855643211996,0.02195867969985655
s4_16.tif,Canon9000-1,300,2480,3508,0.7069555302166477,25495.0712890625,0.9767840504646301,0.10451432317495346,-5.111212253570557,26.38035774230957,-1758.106785764143,0.025175750358627284
s4_17.tif,Canon9000-1,300,2480,3508,0.7069555302166477,25495.0712890625,0.9834463596343994,0.0905490294098854,-6.205196857452393,39.142822265625,-1817.2510153143382,0.021333725677713612
s4_18.tif,Canon9000-1,300,2480,3508,0.7069555302166477,25495.0712890625,0.9929897785186768,0.06292169541120529,-10.139022827148438,105.2890853881836,-1927.2748681643818,0.006181837826902564
s4_19.tif,Canon9000-1,300,2480,3508,0.7069555302166477,25495.0712890625,0.9831923246383667,0.0984402447938919,-6.393576145172119,40.58174133300781,-1834.9086877849031,0.013911290322580646
s4_2.tif,Canon9000-1,300,2480,3508,0.7069555302166477,25495.0712890625,0.959831714630127,0.13799475133419037,-3.8298072814941406,13.915140151977539,-1576.2439615477274,0.049594705189980506
s4_20.tif,Canon9000-1,300,2480,3508,0.7069555302166477,25495.0712890625,0.9708437323570251,0.12346605211496353,-4.710904121398926,21.57929801940918,-1662.676925239179,0.024463783241990656
s4_21.tif,Canon9000-1,300,2480,3508,0.7069555302166477,25495.0634765625,0.9914446473121643,0.06622322648763657,-9.361659049987793,90.41924285888672,-1807.2564256441883,0.008544180122852834
s4_22.tif,Canon9000-1,300,2480,3508,0.7069555302166477,25495.0634765625,0.9932104349136353,0.0593368224799633,-10.664067268371582,117.61003112792969,-1832.048927218402,0.0064942573656527015
s4_23.tif,Canon9000-1,300,2480,3508,0.7069555302166477,25495.0634765625,0.9853108525276184,0.08300577104091644,-7.036003589630127,50.77714920043945,-1699.3141494580734,0.01297426159561555
s4_24.tif,Canon9000-1,300,2480,3508,0.7069555302166477,25495.0634765625,0.988551139831543,0.07534001767635345,-7.712583541870117,61.05015563964844,-1801.3413769825752,0.013428522823408246
s4_25.tif,Canon9000-1,300,2480,3508,0.7069555302166477,25495.0634765625,0.9770939350128174,0.11670194566249847,-5.4986090660095215,29.326297760009766,-1725.907282302501,0.014368655055725163
s4_26.tif,Canon9000-1,300,2480,3508,0.7069555302166477,25495.0634765625,0.9844178557395935,0.09292967617511749,-6.741402626037598,45.441001892089844,-1744.9820785278198,0.011666076617501011
s4_27.tif,Canon9000-1,300,2480,3508,0.7069555302166477,25495.0634765625,0.9614876508712769,0.14559206366539001,-4.091479301452637,15.616567611694336,-1570.41492741094,0.024821261080663553
s4_28.tif,Canon9000-1,300,2480,3508,0.7069555302166477,25495.0634765625,0.9890583157539368,0.07920827716588974,-8.257963180541992,68.89083099365234,-1811.708965401249,0.007892443998970097
s4_29.tif,Canon9000-1,300,2480,3508,0.7069555302166477,25495.0634765625,0.9913867115974426,0.05900863930583,-9.263648986816406,92.03482818603516,-1744.5205536423853,0.006428049251480487
s4_3.tif,Canon9000-1,300,2480,3508,0.7069555302166477,25495.0712890625,0.9792636632919312,0.10615531355142593,-5.639981746673584,31.541500091552734,-1788.4827500497588,0.018867818258726597
s4_30.tif,Canon9000-1,300,2480,3508,0.7069555302166477,25495.0634765625,0.9773626923561096,0.09778586030006409,-4.639830112457275,20.64842414855957,-1691.1966995294763,0.014168421488211277
s4_31.tif,Canon9000-1,300,2480,3508,0.7069555302166477,25495.0634765625,0.9578168392181396,0.14201602339744568,-3.7327752113342285,13.018159866333008,-1489.2038815800447,0.04026028064883952
s4_32.tif,Canon9000-1,300,2480,3508,0.7069555302166477,25495.0634765625,0.9849737286567688,0.0840175524353981,-6.777439117431641,47.43132019042969,-1693.7871354869012,0.019093224702983042
s4_33.tif,Canon9000-1,300,2480,3508,0.7069555302166477,25495.0634765625,0.9594478607177734,0.1443243771791458,-3.950505495071411,14.66526985168457,-1515.3091086657405,0.035193175966454555
s4_34.tif,Canon9000-1,300,2480,3508,0.7069555302166477,25495.0634765625,0.9865925312042236,0.08181630074977875,-7.171318531036377,52.85836410522461,-1768.3018460136022,0.015523848714459117
s4_35.tif,Canon9000-1,300,2480,3508,0.7069555302166477,25495.0634765625,0.9724538326263428,0.12901820242404938,-4.964724540710449,23.50783920288086,-1713.2890887416215,0.01587695865671093
s4_36.tif,Canon9000-1,300,2480,3508,0.7069555302166477,25495.0712890625,0.9846069812774658,0.09612012654542923,-6.785376071929932,45.7994270324707,-1865.7637224393031,0.011450555412513334
s4_37.tif,Canon9000-1,300,2480,3508,0.7069555302166477,25495.0712890625,0.9823609590530396,0.10206886380910873,-6.257326126098633,38.754478454589844,-1852.5802136141258,0.014011981829550888
s4_38.tif,Canon9000-1,300,2480,3508,0.7069555302166477,25495.0712890625,0.9867056012153625,0.08523549884557724,-7.177905559539795,52.17538833618164,-1845.3868574388073,0.011936426417037556
s4_39.tif,Canon9000-1,300,2480,3508,0.7069555302166477,25495.0712890625,0.9871559739112854,0.08018671721220016,-7.325784683227539,56.22052001953125,-1857.0154086506393,0.01615891786515614
s4_4.tif,Canon9000-1,300,2480,3508,0.7069555302166477,25495.0712890625,0.9696831107139587,0.1268783062696457,-4.526181221008301,19.728309631347656,-1735.3846416344154,0.0322201327840512
s4_40.tif,Canon9000-1,300,2480,3508,0.7069555302166477,25495.0712890625,0.9845386743545532,0.08339495956897736,-7.057341575622559,53.441322326660156,-1753.603132945574,0.023979176628535697
s4_41.tif,Canon9000-1,300,2480,3508,0.7069555302166477,25495.0712890625,0.9608015418052673,0.15403148531913757,-4.095925331115723,15.584598541259766,-1717.9632981982184,0.027378319601280024
s4_42.tif,Canon9000-1,300,2480,3508,0.7069555302166477,25495.0712890625,0.9697521924972534,0.1310395449399948,-4.458046913146973,18.677459716796875,-1752.1737505481735,0.013429097546621548
s4_43.tif,Canon9000-1,300,2480,3508,0.7069555302166477,25495.0712890625,0.9862327575683594,0.08526582270860672,-7.035459041595459,50.41505432128906,-1842.716755751144,0.015777071762239307
s4_44.tif,Canon9000-1,300,2480,3508,0.7069555302166477,25495.0712890625,0.9764865636825562,0.11507942527532578,-5.301616191864014,27.49616241455078,-1791.445910300775,0.021176596351197265
s4_45.tif,Canon9000-1,300,2480,3508,0.7069555302166477,25495.0712890625,0.9833449721336365,0.09493368119001389,-6.344479560852051,40.46294403076172,-1827.6590895482875,0.017177557288409903
s4_46.tif,Canon9000-1,300,2480,3508,0.7069555302166477,25495.0712890625,0.979109525680542,0.10665255039930344,-5.63850736618042,31.608810424804688,-1804.9128413408753,0.022146729135248466
s4_47.tif,Canon9000-1,300,2480,3508,0.7069555302166477,25495.0712890625,0.9819340109825134,0.08356624841690063,-6.1659722328186035,41.61264419555664,-1690.0059553151164,0.03307670026115423
s4_48.tif,Canon9000-1,300,2480,3508,0.7069555302166477,25495.0712890625,0.9871495366096497,0.06670090556144714,-7.721938133239746,67.60022735595703,-1697.1706898270666,0.02159717879869055
s4_49.tif,Canon9000-1,300,2480,3508,0.7069555302166477,25495.0712890625,0.9890038371086121,0.07965517789125443,-8.176472663879395,67.92427062988281,-1877.41896851859,0.009084419943355281
s4_5.tif,Canon9000-1,300,2480,3508,0.7069555302166477,25495.0712890625,0.9882252812385559,0.08081836253404617,-7.733380317687988,60.89508819580078,-1866.1092014737699,0.011521361312391952
s4_50.tif,Canon9000-1,300,2480,3508,0.7069555302166477,25495.0712890625,0.9822199940681458,0.10018682479858398,-6.309972763061523,40.17948532104492,-1814.4703429291617,0.011236873321808217
s4_51.tif,Canon9000-1,300,2480,3508,0.7069555302166477,25495.0712890625,0.9819839000701904,0.09532110393047333,-5.99330997467041,36.429569244384766,-1805.303229132348,0.01856735296281311
s4_52.tif,Canon9000-1,300,2480,3508,0.7069555302166477,25495.0712890625,0.9327228665351868,0.1429184526205063,-1.8781647682189941,2.3346590995788574,-1519.428648898628,0.006882655313201163
s4_53.tif,Canon9000-1,300,2480,3508,0.7069555302166477,25495.0712890625,0.9795824885368347,0.10368907451629639,-5.552372932434082,31.006851196289062,-1815.8802378405292,0.012081601500717255
s4_54.tif,Canon9000-1,300,2480,3508,0.7069555302166477,25495.0712890625,0.9866419434547424,0.08359657973051071,-7.320822238922119,55.37618637084961,-1844.1636857189835,0.008283830507227719
s4_55.tif,Canon9000-1,300,2480,3508,0.7069555302166477,25495.0712890625,0.9703077077865601,0.09744265675544739,-4.371722221374512,22.257617950439453,-1588.3017148625177,0.017401584396954425
s4_56.tif,Canon9000-1,300,2480,3508,0.7069555302166477,25495.0712890625,0.9611422419548035,0.1256837248802185,-4.276109218597412,18.905794143676758,-1528.7352557570227,0.023890669253687425
s4_57.tif,Canon9000-1,300,2480,3508,0.7069555302166477,25495.0712890625,0.9814858436584473,0.09986609220504761,-5.941718578338623,35.014610290527344,-1805.0840034583114,0.015267062382756465
s4_58.tif,Canon9000-1,300,2480,3508,0.7069555302166477,25495.0712890625,0.9870728850364685,0.08016598224639893,-7.076632976531982,51.150367736816406,-1842.3562641040612,0.015412352411078824
s4_59.tif,Canon9000-1,300,2480,3508,0.7069555302166477,25495.0712890625,0.967738687992096,0.13133597373962402,-4.305657386779785,17.651941299438477,-1729.666460286613,0.021104985838820024
s4_6.tif,Canon9000-1,300,2480,3508,0.7069555302166477,25495.0712890625,0.9930815696716309,0.060968395322561264,-10.163558959960938,106.79570770263672,-1921.1967228540284,0.007799223893772759
s4_60.tif,Canon9000-1,300,2480,3508,0.7069555302166477,25495.0712890625,0.9861822724342346,0.08950337767601013,-7.04635763168335,49.60302734375,-1882.6742975759946,0.011063191966748813
s4_61.tif,Canon9000-1,300,2480,3508,0.7069555302166477,25495.0712890625,0.988241970539093,0.07823915779590607,-7.571063041687012,58.69328689575195,-1865.8003618072894,0.013211392393423328
s4_62.tif,Canon9000-1,300,2480,3508,0.7069555302166477,25495.0712890625,0.9777482151985168,0.11306706070899963,-5.403499603271484,28.490978240966797,-1824.558150866125,0.01558925221613271
s4_63.tif,Canon9000-1,300,2480,3508,0.7069555302166477,25495.0712890625,0.9698598980903625,0.11946554481983185,-4.908048629760742,23.433935165405273,-1418.4513624941007,0.017340548791701917
s4_64.tif,Canon9000-1,300,2480,3508,0.7069555302166477,25495.0712890625,0.9665936231613159,0.13672064244747162,-4.2985711097717285,17.1220645904541,-1664.6219944638153,0.014749581601500717
s4_65.tif,Canon9000-1,300,2480,3508,0.7069555302166477,25495.0712890625,0.9670525193214417,0.13671310245990753,-4.279448509216309,16.96221351623535,-1737.8386918678302,0.020329799168720346
s4_66.tif,Canon9000-1,300,2480,3508,0.7069555302166477,25495.0712890625,0.9646564722061157,0.14320452511310577,-4.075538158416748,15.195802688598633,-1752.9799031307152,0.012823684113730827
s4_67.tif,Canon9000-1,300,2480,3508,0.7069555302166477,25495.0712890625,0.9012655019760132,0.14510037004947662,-1.556096076965332,2.8515186309814453,-1107.2338456619025,0.010030874131018502
s4_68.tif,Canon9000-1,300,2480,3508,0.7069555302166477,25495.0712890625,0.9785047769546509,0.11762426793575287,-5.804211616516113,32.88713836669922,-1845.4668786553136,0.012601036340898224
s4_69.tif,Canon9000-1,300,2480,3508,0.7069555302166477,25495.0712890625,0.9863805770874023,0.0868760496377945,-7.211669921875,52.7137336730957,-1835.0725256934575,0.013406223562732187
s4_7.tif,Canon9000-1,300,2480,3508,0.7069555302166477,25495.0712890625,0.9874247312545776,0.08274448662996292,-7.397890090942383,55.3865852355957,-1852.6984404787086,0.012651726928311326
s4_70.tif,Canon9000-1,300,2480,3508,0.7069555302166477,25495.0712890625,0.9542264342308044,0.15570257604122162,-3.597909450531006,11.774771690368652,-1598.6925254990633,0.046737985985949165
s4_71.tif,Canon9000-1,300,2480,3508,0.7069555302166477,25495.0712890625,0.9888038039207458,0.07477089017629623,-7.607240200042725,59.385536193847656,-1875.1480357800729,0.014216353404200537
s4_72.tif,Canon9000-1,300,2480,3508,0.7069555302166477,25495.0712890625,0.9757981896400452,0.1192389577627182,-5.278934478759766,27.10945701599121,-1809.1363892235838,0.02010531228160518
s4_73.tif,Canon9000-1,300,2480,3508,0.7069555302166477,25495.0712890625,0.9686385989189148,0.13229937851428986,-4.591142654418945,20.19469451904297,-1700.6147089462816,0.02306191838010814
s4_74.tif,Canon9000-1,300,2480,3508,0.7069555302166477,25495.0712890625,0.9875165224075317,0.07754262536764145,-7.453251361846924,58.28658676147461,-1845.5666819849946,0.01386864586015375
s4_75.tif,Canon9000-1,300,2480,3508,0.7069555302166477,25495.0712890625,0.988676905632019,0.07309306412935257,-7.587742328643799,60.50837707519531,-1828.873536908589,0.011132388641630192
s4_76.tif,Canon9000-1,300,2480,3508,0.7069555302166477,25495.0712890625,0.9879940152168274,0.07906525582075119,-8.208802223205566,69.76866912841797,-1809.740839429077,0.006636099054695259
s4_77.tif,Canon9000-1,300,2480,3508,0.7069555302166477,25495.0712890625,0.9695871472358704,0.12173204869031906,-4.403654098510742,19.08064079284668,-1695.188899544484,0.02616645823371464
s4_78.tif,Canon9000-1,300,2480,3508,0.7069555302166477,25495.0712890625,0.973315954208374,0.10489293932914734,-5.335791110992432,29.668899536132812,-1608.1097247042894,0.017920329569279435
s4_79.tif,Canon9000-1,300,2480,3508,0.7069555302166477,25495.0712890625,0.9828733801841736,0.09420151263475418,-6.44101095199585,42.37588119506836,-1805.2695301950173,0.016308805679184905
s4_8.tif,Canon9000-1,300,2480,3508,0.7069555302166477,25495.0712890625,0.9847613573074341,0.09227354824542999,-6.7462663650512695,45.61684036254883,-1818.5793255310277,0.013476109905469526
s4_80.tif,Canon9000-1,300,2480,3508,0.7069555302166477,25495.0712890625,0.9824564456939697,0.09688233584165573,-6.293765068054199,39.893218994140625,-1793.0906466553565,0.01793952532460367
s4_81.tif,Canon9000-1,300,2480,3508,0.7069555302166477,25495.0712890625,0.9747627377510071,0.11416197568178177,-5.006417274475098,24.773719787597656,-1745.8677570320942,0.027669704270423364
s4_82.tif,Canon9000-1,300,2480,3508,0.7069555302166477,25495.0712890625,0.9861697554588318,0.09297110140323639,-7.320472240447998,53.40376281738281,-1859.5810682501121,0.008218656894839445
s4_83.tif,Canon9000-1,300,2480,3508,0.7069555302166477,25495.0712890625,0.9782552123069763,0.11070806533098221,-5.554010391235352,30.361156463623047,-1796.9537190610135,0.020681874609188217
s4_84.tif,Canon9000-1,300,2480,3508,0.7069555302166477,25495.0712890625,0.9885888695716858,0.0714440569281578,-8.491283416748047,76.89116668701172,-1779.1074912439228,0.012174706661271932
s4_85.tif,Canon9000-1,300,2480,3508,0.7069555302166477,25495.0712890625,0.9796093702316284,0.10980971902608871,-5.923616886138916,35.044620513916016,-1823.8971369541846,0.011348484569831169
s4_86.tif,Canon9000-1,300,2480,3508,0.7069555302166477,25495.0712890625,0.9803463220596313,0.10474716126918793,-5.656445503234863,31.161205291748047,-1824.113917959269,0.012289191525361386
s4_87.tif,Canon9000-1,300,2480,3508,0.7069555302166477,25495.0712890625,0.9818886518478394,0.10120618343353271,-6.142870903015137,37.4149055480957,-1803.7124203826656,0.01538166219148858
s4_88.tif,Canon9000-1,300,2480,3508,0.7069555302166477,25495.0712890625,0.9803774356842041,0.09853414446115494,-5.631697654724121,32.47731399536133,-1785.529611825769,0.01441325357707728
s4_89.tif,Canon9000-1,300,2480,3508,0.7069555302166477,25495.0712890625,0.9728621244430542,0.11974392831325531,-4.867404460906982,23.20929527282715,-1740.4974811440682,0.027355560562033324
s4_9.tif,Canon9000-1,300,2480,3508,0.7069555302166477,25495.0712890625,0.9753599166870117,0.11665928363800049,-5.125054359436035,25.65285301208496,-1779.800000441978,0.02198408246588443
s4_90.tif,Canon9000-1,300,2480,3508,0.7069555302166477,25495.0712890625,0.981273889541626,0.09808757901191711,-5.98732328414917,36.400062561035156,-1800.2599946342887,0.023917796189355207
s4_91.tif,Canon9000-1,300,2480,3508,0.7069555302166477,25495.0712890625,0.9797967672348022,0.11081186681985855,-5.8589911460876465,33.61913299560547,-1831.5781147353891,0.013523007319674844
s4_92.tif,Canon9000-1,300,2480,3508,0.7069555302166477,25495.0712890625,0.9834119081497192,0.09909091889858246,-6.520228385925293,42.301300048828125,-1845.7897891441396,0.012737245742450436
s4_93.tif,Canon9000-1,300,2480,3508,0.7069555302166477,25495.0712890625,0.9817743897438049,0.10300084203481674,-6.2157697677612305,38.32720184326172,-1804.8216402789044,0.015064759811674697
s4_94.tif,Canon9000-1,300,2480,3508,0.7069555302166477,25495.0712890625,0.9836676120758057,0.09987149387598038,-6.650264739990234,43.825923919677734,-1834.6644367467627,0.011054226284621327
s4_95.tif,Canon9000-1,300,2480,3508,0.7069555302166477,25495.0712890625,0.986701250076294,0.08703732490539551,-7.315369129180908,53.95077896118164,-1847.7026597555896,0.011937805752749477
s4_96.tif,Canon9000-1,300,2480,3508,0.7069555302166477,25495.0712890625,0.9812201261520386,0.10611061006784439,-6.099301338195801,36.98598861694336,-1855.3653530467761,0.007964859123845956
s4_97.tif,Canon9000-1,300,2480,3508,0.7069555302166477,25495.0712890625,0.981027364730835,0.10007268935441971,-6.106503486633301,37.891605377197266,-1786.40176651054,0.013730022621105675
s4_98.tif,Canon9000-1,300,2480,3508,0.7069555302166477,25495.0712890625,0.9623286128044128,0.13884258270263672,-3.998981475830078,15.130880355834961,-1657.5262365836736,0.043648733769816456
s4_99.tif,Canon9000-1,300,2480,3508,0.7069555302166477,25495.0712890625,0.9823856353759766,0.09978391975164413,-6.626061916351318,44.243988037109375,-1760.9656067865908,0.01172607772096958
s5_1.tif,Canon9000-2,150,1240,1754,0.7069555302166477,6374.0791015625,0.973371684551239,0.12070024013519287,-4.90511417388916,23.300888061523438,-1751.2986855921768,0.030179405598263875
s5_10.tif,Canon9000-2,150,1240,1754,0.7069555302166477,6374.0791015625,0.9723402857780457,0.11470558494329453,-4.260531902313232,17.047069549560547,-1784.288246929479,0.027059807996468902
s5_100.tif,Canon9000-2,150,1240,1754,0.7069555302166477,6374.0791015625,0.9886965751647949,0.06857668608427048,-7.4470391273498535,60.143577575683594,-1874.552557525672,0.022223856990473388
s5_11.tif,Canon9000-2,150,1240,1754,0.7069555302166477,6374.0791015625,0.9765852093696594,0.10560450702905655,-5.125092029571533,26.659711837768555,-1787.5298098874334,0.04893101482326112
s5_12.tif,Canon9000-2,150,1240,1754,0.7069555302166477,6374.0791015625,0.9890515208244324,0.07136516273021698,-8.261308670043945,71.2988052368164,-1786.369461768351,0.016445819693235737
s5_13.tif,Canon9000-2,150,1240,1754,0.7069555302166477,6374.0791015625,0.9823445081710815,0.09270167350769043,-6.001981735229492,37.051727294921875,-1821.8944568036322,0.035237429653878695
s5_14.tif,Canon9000-2,150,1240,1754,0.7069555302166477,6374.0791015625,0.9809879064559937,0.09802337735891342,-5.792072296142578,33.919002532958984,-1818.467177038551,0.03299922757200133
s5_15.tif,Canon9000-2,150,1240,1754,0.7069555302166477,6374.0791015625,0.9802152514457703,0.1000620648264885,-5.784004211425781,33.86729049682617,-1812.6616525759507,0.035836061352852465
s5_16.tif,Canon9000-2,150,1240,1754,0.7069555302166477,6374.0791015625,0.9778891205787659,0.09714709967374802,-5.103389263153076,26.835752487182617,-1759.6933967475595,0.04422196270276235
s5_17.tif,Canon9000-2,150,1240,1754,0.7069555302166477,6374.0791015625,0.9846317768096924,0.08147034794092178,-6.263396739959717,41.45209884643555,-1823.042050951424,0.03552525103909957
s5_18.tif,Canon9000-2,150,1240,1754,0.7069555302166477,6374.0791015625,0.9935101270675659,0.05790693685412407,-10.278221130371094,110.29949188232422,-1941.8960771805737,0.01069628866737779
s5_19.tif,Canon9000-2,150,1240,1754,0.7069555302166477,6374.0791015625,0.9844642877578735,0.09060200303792953,-6.500730514526367,42.84245681762695,-1862.894024767335,0.024554474565049472
s5_2.tif,Canon9000-2,150,1240,1754,0.7069555302166477,6374.0791015625,0.9629462957382202,0.12325913459062576,-3.8749520778656006,14.929937362670898,-1585.8014833806421,0.07996193033435098
s5_20.tif,Canon9000-2,150,1240,1754,0.7069555302166477,6374.0791015625,0.9724780917167664,0.11528681218624115,-4.763956069946289,22.626300811767578,-1682.0405090954127,0.04419667488137713
s5_21.tif,Canon9000-2,150,1240,1754,0.7069555302166477,6374.0791015625,0.9927486181259155,0.05933382362127304,-9.617890357971191,97.82981872558594,-1926.6687797346062,0.013705999190789716
s5_22.tif,Canon9000-2,150,1240,1754,0.7069555302166477,6374.0791015625,0.9941890835762024,0.054167941212654114,-10.929450035095215,126.32972717285156,-1944.427912695841,0.010450307132085187
s5_23.tif,Canon9000-2,150,1240,1754,0.7069555302166477,6374.0791015625,0.9869928359985352,0.07477496564388275,-7.120980739593506,53.124244689941406,-1807.874145146724,0.022256961047559497
s5_24.tif,Canon9000-2,150,1240,1754,0.7069555302166477,6374.0791015625,0.9899222254753113,0.06658285111188889,-7.723580837249756,62.67289733886719,-1888.072344606234,0.023722735130761025
s5_25.tif,Canon9000-2,150,1240,1754,0.7069555302166477,6374.0791015625,0.9787058234214783,0.11008739471435547,-5.60635232925415,31.00506591796875,-1833.0499991511097,0.025251039099569647
s5_26.tif,Canon9000-2,150,1240,1754,0.7069555302166477,6374.0791015625,0.986002504825592,0.08613160997629166,-6.8700056076049805,48.05852127075195,-1875.2461088244165,0.021011880678265347
s5_27.tif,Canon9000-2,150,1240,1754,0.7069555302166477,6374.0791015625,0.9642823338508606,0.13648563623428345,-4.155439376831055,16.45037269592285,-1683.7505128795133,0.042398940670173246
s5_28.tif,Canon9000-2,150,1240,1754,0.7069555302166477,6374.0791015625,0.9901859164237976,0.07355745136737823,-8.453097343444824,73.35279846191406,-1911.8474582733916,0.013623698826645088
s5_29.tif,Canon9000-2,150,1240,1754,0.7069555302166477,6374.0791015625,0.9928288459777832,0.05376827344298363,-9.432494163513184,96.70120239257812,-1880.2560168935256,0.010790543274359068
s5_3.tif,Canon9000-2,150,1240,1754,0.7069555302166477,6374.0791015625,0.980742871761322,0.0979536846280098,-5.76242733001709,33.87867736816406,-1820.5966378776664,0.03425856107698532
s5_30.tif,Canon9000-2,150,1240,1754,0.7069555302166477,6374.0791015625,0.9794623851776123,0.0904465839266777,-4.614146709442139,20.313167572021484,-1793.1033666136007,0.021437175856107698
s5_31.tif,Canon9000-2,150,1240,1754,0.7069555302166477,6374.0791015625,0.9611510634422302,0.12959079444408417,-3.7374014854431152,13.466726303100586,-1589.7691660173923,0.06615799830801486
s5_32.tif,Canon9000-2,150,1240,1754,0.7069555302166477,6374.0791015625,0.9869912266731262,0.07452959567308426,-6.997060298919678,52.731136322021484,-1830.0075518967212,0.03671010041563983
s5_33.tif,Canon9000-2,150,1240,1754,0.7069555302166477,6374.0791015625,0.9627364277839661,0.1321900635957718,-3.968027114868164,15.183237075805664,-1615.5951317689523,0.05975374259756501
s5_34.tif,Canon9000-2,150,1240,1754,0.7069555302166477,6374.0791015625,0.9882538318634033,0.07303750514984131,-7.358108043670654,57.43682098388672,-1875.877186143673,0.027100728289255895
s5_35.tif,Canon9000-2,150,1240,1754,0.7069555302166477,6374.0791015625,0.9743732213973999,0.12154146283864975,-5.059258460998535,24.814788818359375,-1805.677196115182,0.028639147386618605
s5_36.tif,Canon9000-2,150,1240,1754,0.7069555302166477,6374.0791015625,0.9858429431915283,0.0880851000547409,-6.890739440917969,48.10712814331055,-1888.6622262685544,0.020474399529186744
s5_37.tif,Canon9000-2,150,1240,1754,0.7069555302166477,6374.0791015625,0.9836673140525818,0.09364219754934311,-6.371395587921143,41.00471115112305,-1865.1182071277476,0.02461010777209696
s5_38.tif,Canon9000-2,150,1240,1754,0.7069555302166477,6374.0791015625,0.987796425819397,0.07717794924974442,-7.195079803466797,53.39772033691406,-1867.7200276994301,0.02081969323573767
s5_39.tif,Canon9000-2,150,1240,1754,0.7069555302166477,6374.0791015625,0.9881710410118103,0.07240168005228043,-7.488096237182617,60.65143585205078,-1869.3264588615634,0.02975870820612793
s5_4.tif,Canon9000-2,150,1240,1754,0.7069555302166477,6374.0791015625,0.971629798412323,0.11570712924003601,-4.598547458648682,21.110122680664062,-1730.2162237878908,0.05463732666347887
s5_40.tif,Canon9000-2,150,1240,1754,0.7069555302166477,6374.0791015625,0.9853068590164185,0.07800337672233582,-7.225383758544922,57.249794006347656,-1758.9619484086927,0.0425134255342627
s5_41.tif,Canon9000-2,150,1240,1754,0.7069555302166477,6374.0791015625,0.9631444215774536,0.1440611332654953,-4.209707260131836,16.91629409790039,-1730.5942029218122,0.05021425681391842
s5_42.tif,Canon9000-2,150,1240,1754,0.7069555302166477,6374.0791015625,0.9713423252105713,0.12344253808259964,-4.46034574508667,18.829830169677734,-1774.010815108068,0.02315858682458528
s5_43.tif,Canon9000-2,150,1240,1754,0.7069555302166477,6374.0791015625,0.9874798655509949,0.07570761442184448,-7.066539764404297,52.343589782714844,-1861.8174949251047,0.025437249420679
s5_44.tif,Canon9000-2,150,1240,1754,0.7069555302166477,6374.0791015625,0.9782116413116455,0.10468538850545883,-5.36825704574585,28.930965423583984,-1799.4532954572892,0.038431051605546766
s5_45.tif,Canon9000-2,150,1240,1754,0.7069555302166477,6374.0791015625,0.9845162630081177,0.08525300770998001,-6.375010013580322,42.197265625,-1821.960020099632,0.030312281605178945
s5_46.tif,Canon9000-2,150,1240,1754,0.7069555302166477,6374.0791015625,0.9807090759277344,0.09647484123706818,-5.727319717407227,33.62163543701172,-1815.1606029891122,0.03571835803876853
s5_47.tif,Canon9000-2,150,1240,1754,0.7069555302166477,6374.0791015625,0.983479380607605,0.07316683232784271,-6.230901718139648,44.35319137573242,-1692.2942811553119,0.06018501489682569
s5_48.tif,Canon9000-2,150,1240,1754,0.7069555302166477,6374.0791015625,0.988228976726532,0.05892094597220421,-7.840266704559326,72.56180572509766,-1707.8370799028794,0.039113822782947734
s5_49.tif,Canon9000-2,150,1240,1754,0.7069555302166477,6374.0791015625,0.9898785352706909,0.0732911080121994,-8.367753028869629,72.6505355834961,-1899.810310930774,0.014780501710376284
s5_5.tif,Canon9000-2,150,1240,1754,0.7069555302166477,6374.0791015625,0.9897752404212952,0.0708497017621994,-8.059393882751465,67.9644775390625,-1889.7225067901322,0.01886195608195093
s5_50.tif,Canon9000-2,150,1240,1754,0.7069555302166477,6374.0791015625,0.983343243598938,0.09500227123498917,-6.410368919372559,41.89458465576172,-1855.5274340840053,0.01622880420789348
s5_51.tif,Canon9000-2,150,1240,1754,0.7069555302166477,6374.0791015625,0.9833350777626038,0.08611787855625153,-6.010474681854248,37.67253112792969,-1822.687820069378,0.03190633390958914
s5_52.tif,Canon9000-2,150,1240,1754,0.7069555302166477,6374.0791015625,0.9339558482170105,0.1393275409936905,-1.8109623193740845,1.9435782432556152,-1569.148681764519,0.011244804502151763
s5_53.tif,Canon9000-2,150,1240,1754,0.7069555302166477,6374.0791015625,0.9805355072021484,0.09741134941577911,-5.569088459014893,31.69945526123047,-1809.4040513347672,0.02224960459042925
s5_54.tif,Canon9000-2,150,1240,1754,0.7069555302166477,6374.0791015625,0.9883283972740173,0.07427118718624115,-7.559420585632324,59.97869873046875,-1872.6346964112945,0.012866903299371023
s5_55.tif,Canon9000-2,150,1240,1754,0.7069555302166477,6374.0791015625,0.9717652201652527,0.08944886177778244,-4.160610198974609,20.874666213989258,-1628.4254786929914,0.03170081288851289
s5_56.tif,Canon9000-2,150,1240,1754,0.7069555302166477,6374.0791015625,0.9629624485969543,0.11610254645347595,-4.289707660675049,19.773330688476562,-1559.9727238789797,0.04298929635487549
s5_57.tif,Canon9000-2,150,1240,1754,0.7069555302166477,6374.0791015625,0.9826871752738953,0.09222732484340668,-5.972900867462158,36.02397155761719,-1828.0217151542163,0.027572920881303566
s5_58.tif,Canon9000-2,150,1240,1754,0.7069555302166477,6374.0791015625,0.9882523417472839,0.07183853536844254,-7.139519691467285,53.49773406982422,-1873.4434159046925,0.024933791885827786
s5_59.tif,Canon9000-2,150,1240,1754,0.7069555302166477,6374.0791015625,0.9694406986236572,0.12277582287788391,-4.323482036590576,18.10205078125,-1737.7243643453814,0.03651285540883511
s5_6.tif,Canon9000-2,150,1240,1754,0.7069555302166477,6374.0791015625,0.9936056137084961,0.05554712563753128,-10.317706108093262,112.81302642822266,-1929.2742905810794,0.012035163865082577
s5_60.tif,Canon9000-2,150,1240,1754,0.7069555302166477,6374.0791015625,0.9870774745941162,0.08288902789354324,-7.134026527404785,51.74501419067383,-1896.0274699031338,0.019201272667083533
s5_61.tif,Canon9000-2,150,1240,1754,0.7069555302166477,6374.0791015625,0.9891716241836548,0.07043105363845825,-7.643675327301025,61.525787353515625,-1876.5210116547012,0.021962702762349653
s5_62.tif,Canon9000-2,150,1240,1754,0.7069555302166477,6374.0791015625,0.9790582060813904,0.1052725613117218,-5.448886871337891,29.443012237548828,-1834.5406666625715,0.02730303086033766
s5_63.tif,Canon9000-2,150,1240,1754,0.7069555302166477,6374.0791015625,0.9714627861976624,0.11250942945480347,-4.9312872886657715,23.974807739257812,-1431.8133024003382,0.031475981167469747
s5_64.tif,Canon9000-2,150,1240,1754,0.7069555302166477,6374.0791015625,0.9671866297721863,0.1330760419368744,-4.28358793258667,17.128780364990234,-1668.0853189380207,0.027720969581049765
s5_65.tif,Canon9000-2,150,1240,1754,0.7069555302166477,6374.0791015625,0.9683241248130798,0.1290086954832077,-4.270007133483887,17.10880470275879,-1750.7358759770152,0.03656205171589363
s5_66.tif,Canon9000-2,150,1240,1754,0.7069555302166477,6374.0791015625,0.9664267301559448,0.13568104803562164,-4.069334506988525,15.195621490478516,-1789.2068480473606,0.022204086511935853
s5_67.tif,Canon9000-2,150,1240,1754,0.7069555302166477,6374.0791015625,0.9029590487480164,0.1401074081659317,-1.467276930809021,2.551703453063965,-1139.6914438708902,0.015398903887887594
s5_68.tif,Canon9000-2,150,1240,1754,0.7069555302166477,6374.0791015625,0.9796242117881775,0.11124472320079803,-5.932790279388428,34.96013259887695,-1859.0594531035351,0.020222440872475815
s5_69.tif,Canon9000-2,150,1240,1754,0.7069555302166477,6374.0791015625,0.9874643683433533,0.07877308130264282,-7.322056293487549,55.86638641357422,-1855.6156179496063,0.02215167175488285
s5_7.tif,Canon9000-2,150,1240,1754,0.7069555302166477,6374.0791015625,0.988356351852417,0.07508528977632523,-7.42288064956665,57.012874603271484,-1866.2039564274946,0.021774193548387097
s5_70.tif,Canon9000-2,150,1240,1754,0.7069555302166477,6374.0791015625,0.957823634147644,0.1392539143562317,-3.6267707347869873,12.485101699829102,-1603.5902889193703,0.08065527641887667
s5_71.tif,Canon9000-2,150,1240,1754,0.7069555302166477,6374.0791015625,0.989801287651062,0.0656467154622078,-7.502939701080322,59.215267181396484,-1889.2101231441102,0.02324410563872439
s5_72.tif,Canon9000-2,150,1240,1754,0.7069555302166477,6374.0791015625,0.9778996109962463,0.10808897018432617,-5.409012794494629,29.212268829345703,-1820.9861808856942,0.03517352043255968
s5_73.tif,Canon9000-2,150,1240,1754,0.7069555302166477,6374.0791015625,0.970258891582489,0.12399426102638245,-4.635468482971191,20.996807098388672,-1710.8950123024451,0.03942831132526575
s5_74.tif,Canon9000-2,150,1240,1754,0.7069555302166477,6374.0791015625,0.9879387617111206,0.07517822086811066,-7.459742546081543,60.23501968383789,-1849.8612989611222,0.021331886563431053
s5_75.tif,Canon9000-2,150,1240,1754,0.7069555302166477,6374.0791015625,0.9887846112251282,0.07417111843824387,-8.324254035949707,72.86790466308594,-1842.7821874488538,0.011694467944238054
s5_76.tif,Canon9000-2,150,1240,1754,0.7069555302166477,6374.0791015625,0.9715530276298523,0.11091843992471695,-4.353689193725586,19.080551147460938,-1705.3872330297436,0.04778294773237209
s5_77.tif,Canon9000-2,150,1240,1754,0.7069555302166477,6374.0791015625,0.9752671122550964,0.09498580545186996,-5.324821949005127,30.391197204589844,-1640.2506693889854,0.032795545665207634
s5_78.tif,Canon9000-2,150,1240,1754,0.7069555302166477,6374.0791015625,0.9841268062591553,0.08506644517183304,-6.523959636688232,45.01084518432617,-1818.0909524117994,0.028022584323389856
s5_79.tif,Canon9000-2,150,1240,1754,0.7069555302166477,6374.0791015625,0.9839061498641968,0.08732166886329651,-6.394135475158691,42.47748947143555,-1797.7520851892223,0.03345532791407658
s5_8.tif,Canon9000-2,150,1240,1754,0.7069555302166477,6374.0791015625,0.9858783483505249,0.08490564674139023,-6.867087364196777,48.41078567504883,-1840.2631159511711,0.023640894545187037
s5_80.tif,Canon9000-2,150,1240,1754,0.7069555302166477,6374.0791015625,0.9770208597183228,0.1009221076965332,-4.950716972351074,25.065044403076172,-1778.7361333905392,0.037418159414426014
s5_81.tif,Canon9000-2,150,1240,1754,0.7069555302166477,6374.0791015625,0.9869799613952637,0.08756445348262787,-7.438375949859619,55.925201416015625,-1879.607495161789,0.014860962960238349
s5_82.tif,Canon9000-2,150,1240,1754,0.7069555302166477,6374.0791015625,0.979910671710968,0.1000172570347786,-5.600234508514404,31.70965576171875,-1809.0459654070967,0.03664113363004377
s5_83.tif,Canon9000-2,150,1240,1754,0.7069555302166477,6374.0791015625,0.9896512031555176,0.06524698436260223,-8.723657608032227,82.91504669189453,-1807.8990947240122,0.018017342847684557
s5_84.tif,Canon9000-2,150,1240,1754,0.7069555302166477,6374.0791015625,0.981149435043335,0.1021905392408371,-6.084994316101074,37.64636993408203,-1840.0005263584942,0.0194297826166918
s5_85.tif,Canon9000-2,150,1240,1754,0.7069555302166477,6374.0791015625,0.9814689755439758,0.09886877238750458,-5.732120037078857,32.40546417236328,-1855.2752248540387,0.022644554382609334
s5_86.tif,Canon9000-2,150,1240,1754,0.7069555302166477,6374.0791015625,0.9834001660346985,0.09239350259304047,-6.232112407684326,39.34952926635742,-1841.4577426460423,0.02719176444624269
s5_87.tif,Canon9000-2,150,1240,1754,0.7069555302166477,6374.0791015625,0.9814356565475464,0.09143726527690887,-5.575002670288086,32.368988037109375,-1801.0625382784008,0.02460321109353735
s5_88.tif,Canon9000-2,150,1240,1754,0.7069555302166477,6374.0791015625,0.9748104810714722,0.10739793628454208,-4.834048271179199,23.489849090576172,-1739.3920352726857,0.046380623091918934
s5_89.tif,Canon9000-2,150,1240,1754,0.7069555302166477,6374.0791015625,0.9826006889343262,0.08809772878885269,-6.120051383972168,39.59574508666992,-1800.268780661257,0.043587008496707984
s5_9.tif,Canon9000-2,150,1240,1754,0.7069555302166477,6374.0791015625,0.97678542137146,0.10801982879638672,-5.2164716720581055,27.340354919433594,-1782.5467121045965,0.03819978298451466
s5_90.tif,Canon9000-2,150,1240,1754,0.7069555302166477,6374.0791015625,0.9810253977775574,0.10316302627325058,-5.953888893127441,35.39754867553711,-1839.8926796145092,0.024485048000882775
s5_91.tif,Canon9000-2,150,1240,1754,0.7069555302166477,6374.0791015625,0.9846290349960327,0.09150703996419907,-6.617178916931152,44.37398910522461,-1872.8326780113862,0.022234891676168756
s5_92.tif,Canon9000-2,150,1240,1754,0.7069555302166477,6374.0791015625,0.9832929968833923,0.09392091631889343,-6.297944068908691,40.228240966796875,-1841.5518034713589,0.02631864494059661
s5_93.tif,Canon9000-2,150,1240,1754,0.7069555302166477,6374.0791015625,0.9847152233123779,0.09293641895055771,-6.752274990081787,46.03792953491211,-1853.777973742388,0.01960082024497002
s5_94.tif,Canon9000-2,150,1240,1754,0.7069555302166477,6374.0791015625,0.987914502620697,0.07867638021707535,-7.416973114013672,56.75849533081055,-1883.4834414171155,0.020907051164159342
s5_95.tif,Canon9000-2,150,1240,1754,0.7069555302166477,6374.0791015625,0.9820170402526855,0.10113855451345444,-6.143266677856445,37.94538879394531,-1870.6067866012656,0.015070162209879723
s5_96.tif,Canon9000-2,150,1240,1754,0.7069555302166477,6374.0791015625,0.9823894500732422,0.0919194445014,-6.157189846038818,39.43805694580078,-1823.3054428852877,0.024763214036120206
s5_97.tif,Canon9000-2,150,1240,1754,0.7069555302166477,6374.0791015625,0.965552031993866,0.12312912195920944,-4.035377502441406,16.058927536010742,-1665.7406321991614,0.072533747747085
s5_98.tif,Canon9000-2,150,1240,1754,0.7069555302166477,6374.0791015625,0.9835207462310791,0.09296507388353348,-6.754513740539551,47.037132263183594,-1789.0194190770858,0.02104176628535697
s5_99.tif,Canon9000-2,150,1240,1754,0.7069555302166477,6374.0791015625,0.985989511013031,0.08708272129297256,-6.950165271759033,49.44567108154297,-1882.6996318124577,0.018829311803435465
s5_1.tif,Canon9000-2,300,2480,3508,0.7069555302166477,25495.0712890625,0.9721792340278625,0.12646536529064178,-4.858984470367432,22.525529861450195,-1720.419189221971,0.015571550741163056
s5_10.tif,Canon9000-2,300,2480,3508,0.7069555302166477,25495.0712890625,0.9712257981300354,0.12078981101512909,-4.316496849060059,17.516239166259766,-1758.1568885941565,0.0151649915400743
s5_100.tif,Canon9000-2,300,2480,3508,0.7069555302166477,25495.0712890625,0.9877848625183105,0.07648853957653046,-7.477416038513184,58.60883331298828,-1854.7914115915364,0.013752321881781734
s5_11.tif,Canon9000-2,300,2480,3508,0.7069555302166477,25495.0712890625,0.97480309009552,0.11630118638277054,-5.037350177764893,24.84522819519043,-1776.258344825705,0.026819343804023982
s5_12.tif,Canon9000-2,300,2480,3508,0.7069555302166477,25495.0712890625,0.9881116151809692,0.07724842429161072,-8.086220741271973,66.8535385131836,-1768.8793035512656,0.00921764078419833
s5_13.tif,Canon9000-2,300,2480,3508,0.7069555302166477,25495.0712890625,0.9809872508049011,0.10159882158041,-5.907664775848389,34.768428802490234,-1794.8102817612053,0.01875011494464266
s5_14.tif,Canon9000-2,300,2480,3508,0.7069555302166477,25495.0712890625,0.9796198606491089,0.10669592022895813,-5.720577239990234,32.2694091796875,-1798.1807371873417,0.018796092801706698
s5_15.tif,Canon9000-2,300,2480,3508,0.7069555302166477,25495.0712890625,0.9789240956306458,0.10797741264104843,-5.688199043273926,32.015811920166016,-1797.481489997743,0.021920633023136057
s5_16.tif,Canon9000-2,300,2480,3508,0.7069555302166477,25495.0712890625,0.9766486287117004,0.10466121882200241,-5.09871244430542,26.238048553466797,-1745.7105573432457,0.02526563706918748
s5_17.tif,Canon9000-2,300,2480,3508,0.7069555302166477,25495.0712890625,0.9832981824874878,0.09089277684688568,-6.198082447052002,39.06148910522461,-1803.599038239343,0.021312001140250857
s5_18.tif,Canon9000-2,300,2480,3508,0.7069555302166477,25495.0712890625,0.9929843544960022,0.06256850063800812,-10.13756275177002,105.2769546508789,-1916.164153233832,0.006217815500055173
s5_19.tif,Canon9000-2,300,2480,3508,0.7069555302166477,25495.0712890625,0.9832088947296143,0.09785491973161697,-6.3924665451049805,40.57682418823242,-1818.158307290284,0.013875427594070696
s5_2.tif,Canon9000-2,300,2480,3508,0.7069555302166477,25495.0712890625,0.9595634341239929,0.13801825046539307,-3.8223657608032227,13.85722541809082,-1545.9944400499762,0.04967516643984257
s5_20.tif,Canon9000-2,300,2480,3508,0.7069555302166477,25495.0712890625,0.9707005023956299,0.12305622547864914,-4.70373010635376,21.505279541015625,-1632.8139586022155,0.02442998951704859
s5_21.tif,Canon9000-2,300,2480,3508,0.7069555302166477,25495.0712890625,0.9920853972434998,0.06511425971984863,-9.432282447814941,91.58903503417969,-1901.7346432403529,0.008362452642807224
s5_22.tif,Canon9000-2,300,2480,3508,0.7069555302166477,25495.0712890625,0.9936599731445312,0.058739468455314636,-10.719112396240234,118.63036346435547,-1911.851922168313,0.006328162357008864
s5_23.tif,Canon9000-2,300,2480,3508,0.7069555302166477,25495.0712890625,0.9860066175460815,0.08159865438938141,-7.079684734344482,51.45948791503906,-1775.7075082395215,0.012816902379813882
s5_24.tif,Canon9000-2,300,2480,3508,0.7069555302166477,25495.0712890625,0.9891631603240967,0.07427357137203217,-7.766571044921875,61.780181884765625,-1883.5202749424743,0.0134205916430647
s5_25.tif,Canon9000-2,300,2480,3508,0.7069555302166477,25495.0712890625,0.9776589274406433,0.11557690054178238,-5.494125843048096,29.246417999267578,-1801.2047525035382,0.014405437341376393
s5_26.tif,Canon9000-2,300,2480,3508,0.7069555302166477,25495.0712890625,0.9851245284080505,0.09186868369579315,-6.757500648498535,45.599491119384766,-1844.9230770477488,0.011656881046088204
s5_27.tif,Canon9000-2,300,2480,3508,0.7069555302166477,25495.0712890625,0.9626954197883606,0.14351461827754974,-4.107570648193359,15.734012603759766,-1654.1684372709494,0.024748041343289073
s5_28.tif,Canon9000-2,300,2480,3508,0.7069555302166477,25495.0712890625,0.9895206093788147,0.07817018777132034,-8.275611877441406,69.12696838378906,-1880.796675824465,0.007905547688233348
s5_29.tif,Canon9000-2,300,2480,3508,0.7069555302166477,25495.0712890625,0.9923061728477478,0.05717776343226433,-9.402362823486328,94.79104614257812,-1853.8267964333925,0.0063648296980174345
s5_3.tif,Canon9000-2,300,2480,3508,0.7069555302166477,25495.0712890625,0.9793853759765625,0.10603158175945282,-5.644875526428223,31.56909942626953,-1797.632817730576,0.018947704785375365
s5_30.tif,Canon9000-2,300,2480,3508,0.7069555302166477,25495.0712890625,0.9786989092826843,0.09391321241855621,-4.665780544281006,20.965829849243164,-1766.286341999896,0.013970256924265274
s5_31.tif,Canon9000-2,300,2480,3508,0.7069555302166477,25495.0712890625,0.9589124917984009,0.1406097114086151,-3.7448906898498535,13.079410552978516,-1567.5625402597473,0.040195566815021885
s5_32.tif,Canon9000-2,300,2480,3508,0.7069555302166477,25495.0712890625,0.9857989549636841,0.08300220221281052,-6.802305221557617,47.65058898925781,-1800.4038834040239,0.019025752197741566
s5_33.tif,Canon9000-2,300,2480,3508,0.7069555302166477,25495.0712890625,0.9605862498283386,0.14271165430545807,-3.961353063583374,14.727285385131836,-1595.9713106219147,0.035140531320116235
s5_34.tif,Canon9000-2,300,2480,3508,0.7069555302166477,25495.0712890625,0.9873610138893127,0.07993970811367035,-7.187371730804443,52.93427276611328,-1857.460174742911,0.015258786368484937
s5_35.tif,Canon9000-2,300,2480,3508,0.7069555302166477,25495.0712890625,0.9731842279434204,0.12753689289093018,-4.974099159240723,23.576271057128906,-1784.4882454846556,0.01575891050869901
s5_36.tif,Canon9000-2,300,2480,3508,0.7069555302166477,25495.0712890625,0.984959602355957,0.09429779648780823,-6.791714191436768,45.86832046508789,-1870.8409857386655,0.011533315555228602
s5_37.tif,Canon9000-2,300,2480,3508,0.7069555302166477,25495.0712890625,0.9823693037033081,0.10069714486598969,-6.240146160125732,38.55467224121094,-1815.7848030652933,0.014008073711700444
s5_38.tif,Canon9000-2,300,2480,3508,0.7069555302166477,25495.0712890625,0.9868618249893188,0.0840185359120369,-7.170493125915527,52.04423141479492,-1837.5967569883942,0.01194355298488248
s5_39.tif,Canon9000-2,300,2480,3508,0.7069555302166477,25495.0712890625,0.9872921705245972,0.07920075207948685,-7.306907653808594,55.87002182006836,-1853.0664488410182,0.01616949277228087
s5_4.tif,Canon9000-2,300,2480,3508,0.7069555302166477,25495.0712890625,0.969630241394043,0.12678223848342896,-4.524089336395264,19.707693099975586,-1722.6270280997146,0.032251397726854744
s5_40.tif,Canon9000-2,300,2480,3508,0.7069555302166477,25495.0712890625,0.9844048619270325,0.08370772004127502,-6.96250581741333,51.82827377319336,-1753.0574688935553,0.02407963824622062
s5_41.tif,Canon9000-2,300,2480,3508,0.7069555302166477,25495.0712890625,0.9613908529281616,0.15153270959854126,-4.086576461791992,15.490314483642578,-1713.122451957393,0.02713026906241954
s5_42.tif,Canon9000-2,300,2480,3508,0.7069555302166477,25495.0712890625,0.9701877236366272,0.12907268106937408,-4.460853576660156,18.699604034423828,-1742.0244460008332,0.013211967116636627
s5_43.tif,Canon9000-2,300,2480,3508,0.7069555302166477,25495.0712890625,0.9863938689231873,0.08415191620588303,-7.030965805053711,50.32326126098633,-1838.1184096454801,0.0157445424283665
s5_44.tif,Canon9000-2,300,2480,3508,0.7069555302166477,25495.0712890625,0.9767606258392334,0.11365394294261932,-5.299161434173584,27.45916175842285,-1786.4378648590612,0.021127400044138742
s5_45.tif,Canon9000-2,300,2480,3508,0.7069555302166477,25495.0712890625,0.9832448363304138,0.09410089999437332,-6.321177005767822,40.16379165649414,-1790.289244109471,0.017176752675911282
s5_46.tif,Canon9000-2,300,2480,3508,0.7069555302166477,25495.0712890625,0.9792859554290771,0.10568879544734955,-5.63351583480835,31.531349182128906,-1800.4870554186289,0.022184086144112995
s5_47.tif,Canon9000-2,300,2480,3508,0.7069555302166477,25495.0712890625,0.9820794463157654,0.08275773376226425,-6.149691581726074,41.35426712036133,-1685.724964770218,0.03305865395225659
s5_48.tif,Canon9000-2,300,2480,3508,0.7069555302166477,25495.0712890625,0.9872193932533264,0.06613890826702118,-7.694481372833252,67.0727767944336,-1692.1602037091684,0.021589017729061685
s5_49.tif,Canon9000-2,300,2480,3508,0.7069555302166477,25495.0712890625,0.9891756772994995,0.07846309244632721,-8.196532249450684,68.23446655273438,-1872.0011463407839,0.00899821146136021
s5_5.tif,Canon9000-2,300,2480,3508,0.7069555302166477,25495.0712890625,0.9887728691101074,0.0776393860578537,-7.8861517906188965,63.385223388671875,-1846.401591970746,0.011419405414352449
s5_50.tif,Canon9000-2,300,2480,3508,0.7069555302166477,25495.0712890625,0.982706606388092,0.09837723523378372,-6.329229831695557,40.431148529052734,-1834.890325096423,0.01119124029867216
s5_51.tif,Canon9000-2,300,2480,3508,0.7069555302166477,25495.0712890625,0.9821521043777466,0.09417429566383362,-5.983646392822266,36.28962326049805,-1798.338153697206,0.018523099275388973
s5_52.tif,Canon9000-2,300,2480,3508,0.7069555302166477,25495.0712890625,0.9333876967430115,0.14165765047073364,-1.8754963874816895,2.3024439811706543,-1522.767151091093,0.00684380402398205
s5_53.tif,Canon9000-2,300,2480,3508,0.7069555302166477,25495.0712890625,0.9796440005302429,0.10247845947742462,-5.555169105529785,31.054489135742188,-1779.627808085243,0.011994818295508882
s5_54.tif,Canon9000-2,300,2480,3508,0.7069555302166477,25495.0712890625,0.9877356290817261,0.07823330163955688,-7.5102739334106445,58.3378791809082,-1842.1442794282946,0.007991526280943097
s5_55.tif,Canon9000-2,300,2480,3508,0.7069555302166477,25495.0712890625,0.970610499382019,0.09647607803344727,-4.362993240356445,22.12582778930664,-1587.452165749591,0.017182040129473646
s5_56.tif,Canon9000-2,300,2480,3508,0.7069555302166477,25495.0712890625,0.9620075821876526,0.12390025705099106,-4.2910637855529785,18.99054527282715,-1544.8725038498462,0.02386089859123846
s5_57.tif,Canon9000-2,300,2480,3508,0.7069555302166477,25495.0712890625,0.9816567897796631,0.0988428071141243,-5.938781261444092,34.9618034362793,-1801.3241561879556,0.01521361312391952
s5_58.tif,Canon9000-2,300,2480,3508,0.7069555302166477,25495.0712890625,0.9873588681221008,0.07918655127286911,-7.0935750007629395,51.34197998046875,-1858.1612791679695,0.015390168095045426
s5_59.tif,Canon9000-2,300,2480,3508,0.7069555302166477,25495.0712890625,0.968026876449585,0.12992644309997559,-4.300699710845947,17.593666076660156,-1721.2157918481134,0.021041881229999632
s5_6.tif,Canon9000-2,300,2480,3508,0.7069555302166477,25495.0712890625,0.992998480796814,0.06084930896759033,-10.149918556213379,106.54975128173828,-1899.606355694212,0.007791637547357193
s5_60.tif,Canon9000-2,300,2480,3508,0.7069555302166477,25495.0712890625,0.9863107800483704,0.08843103051185608,-7.041236400604248,49.52824401855469,-1877.272008242813,0.01097296042226064
s5_61.tif,Canon9000-2,300,2480,3508,0.7069555302166477,25495.0712890625,0.988288402557373,0.07747913151979446,-7.5610127449035645,58.5048942565918,-1853.5733887675585,0.013254266745135542
s5_62.tif,Canon9000-2,300,2480,3508,0.7069555302166477,25495.0712890625,0.9779664874076843,0.11182364821434021,-5.40123176574707,28.451095581054688,-1818.7256116956723,0.015704196858792804
s5_63.tif,Canon9000-2,300,2480,3508,0.7069555302166477,25495.0712890625,0.9697681665420532,0.11809730529785156,-4.894924163818359,23.317041397094727,-1401.4281019281373,0.017098820208187735
s5_64.tif,Canon9000-2,300,2480,3508,0.7069555302166477,25495.0712890625,0.9661444425582886,0.1368705928325653,-4.251873970031738,16.727642059326172,-1653.6574010756894,0.014993838967153419
s5_65.tif,Canon9000-2,300,2480,3508,0.7069555302166477,25495.0712890625,0.9670488238334656,0.13575130701065063,-4.25595760345459,16.762428283691406,-1727.1809131040811,0.020694173685952846
s5_66.tif,Canon9000-2,300,2480,3508,0.7069555302166477,25495.0712890625,0.9653346538543701,0.14099209010601044,-4.080536365509033,15.231216430664062,-1768.8679947971973,0.012701268069297826
s5_67.tif,Canon9000-2,300,2480,3508,0.7069555302166477,25495.0712890625,0.9018707871437073,0.14394305646419525,-1.5341955423355103,2.703399658203125,-1101.5124723242652,0.010009379482841065
s5_68.tif,Canon9000-2,300,2480,3508,0.7069555302166477,25495.0712890625,0.9787232875823975,0.11633618921041489,-5.798934459686279,32.80955123901367,-1842.9116585104077,0.012655175267591127
s5_69.tif,Canon9000-2,300,2480,3508,0.7069555302166477,25495.0712890625,0.9864339828491211,0.08610884100198746,-7.2007951736450195,52.53293991088867,-1824.694279037769,0.01339564865560746
s5_7.tif,Canon9000-2,300,2480,3508,0.7069555302166477,25495.0712890625,0.9873092174530029,0.08271022886037827,-7.3941216468811035,55.338741302490234,-1828.9428818499307,0.012643335969397138
s5_70.tif,Canon9000-2,300,2480,3508,0.7069555302166477,25495.0712890625,0.9546151757240295,0.15432964265346527,-3.594264268875122,11.738408088684082,-1598.9612256002551,0.04665488100930592
s5_71.tif,Canon9000-2,300,2480,3508,0.7069555302166477,25495.0712890625,0.9888467788696289,0.07418353110551834,-7.600747585296631,59.27402114868164,-1867.8335713103734,0.014217847684555118
s5_72.tif,Canon9000-2,300,2480,3508,0.7069555302166477,25495.0712890625,0.9764600396156311,0.11692292988300323,-5.32542610168457,27.602697372436523,-1809.6280664844242,0.019770363592893664
s5_73.tif,Canon9000-2,300,2480,3508,0.7069555302166477,25495.0712890625,0.9688653945922852,0.13081522285938263,-4.585235595703125,20.139192581176758,-1686.8437291695122,0.023095022437194246
s5_74.tif,Canon9000-2,300,2480,3508,0.7069555302166477,25495.0712890625,0.9872272610664368,0.07994292676448822,-7.355609893798828,56.83824157714844,-1814.1072622037937,0.011400784382241512
s5_75.tif,Canon9000-2,300,2480,3508,0.7069555302166477,25495.0712890625,0.988086462020874,0.07826181501150131,-8.226920127868652,69.99758911132812,-1796.1168386859874,0.006599546658329349
s5_76.tif,Canon9000-2,300,2480,3508,0.7069555302166477,25495.0712890625,0.96971195936203,0.12089496850967407,-4.394282817840576,18.97325325012207,-1687.2521345556088,0.02614254974804134
s5_77.tif,Canon9000-2,300,2480,3508,0.7069555302166477,25495.0712890625,0.9740076661109924,0.10365382581949234,-5.36708927154541,29.928810119628906,-1619.3840595719064,0.017953548571008202
s5_78.tif,Canon9000-2,300,2480,3508,0.7069555302166477,25495.0712890625,0.9826520085334778,0.09376346319913864,-6.402969837188721,41.894134521484375,-1768.401224244336,0.016275471732813476
s5_79.tif,Canon9000-2,300,2480,3508,0.7069555302166477,25495.0712890625,0.9824914932250977,0.09605967998504639,-6.2828779220581055,39.74391555786133,-1781.9028897537767,0.017845155772979734
s5_8.tif,Canon9000-2,300,2480,3508,0.7069555302166477,25495.0712890625,0.9848058223724365,0.0919596403837204,-6.753511428833008,45.7020149230957,-1809.190513177462,0.013471052341192481
s5_80.tif,Canon9000-2,300,2480,3508,0.7069555302166477,25495.0712890625,0.9748743772506714,0.11309503018856049,-4.995336055755615,24.655569076538086,-1729.8112173287052,0.027633726597270755
s5_81.tif,Canon9000-2,300,2480,3508,0.7069555302166477,25495.0712890625,0.9862366318702698,0.09199757874011993,-7.3163580894470215,53.34342956542969,-1845.490322194078,0.008240036598374223
s5_82.tif,Canon9000-2,300,2480,3508,0.7069555302166477,25495.0712890625,0.9783992767333984,0.1097375676035881,-5.548250198364258,30.285720825195312,-1791.5652071231884,0.020683368889542798
s5_83.tif,Canon9000-2,300,2480,3508,0.7069555302166477,25495.0712890625,0.9889257550239563,0.07045184075832367,-8.527628898620605,77.41207885742188,-1793.953706032835,0.012111027329238239
s5_84.tif,Canon9000-2,300,2480,3508,0.7069555302166477,25495.0712890625,0.980330228805542,0.10682088881731033,-5.992867946624756,35.92117691040039,-1817.676328232798,0.01101020248648251
s5_85.tif,Canon9000-2,300,2480,3508,0.7069555302166477,25495.0712890625,0.9806937575340271,0.10333583503961563,-5.662018775939941,31.206356048583984,-1834.9701612893984,0.012578507190936845
s5_86.tif,Canon9000-2,300,2480,3508,0.7069555302166477,25495.0712890625,0.9822826385498047,0.09977875649929047,-6.158382892608643,37.580718994140625,-1819.3766147297695,0.01527418895060139
s5_87.tif,Canon9000-2,300,2480,3508,0.7069555302166477,25495.0712890625,0.9804088473320007,0.09779351204633713,-5.613020420074463,32.21053695678711,-1770.625343600728,0.014385896752124178
s5_88.tif,Canon9000-2,300,2480,3508,0.7069555302166477,25495.0712890625,0.972935140132904,0.11863746494054794,-4.853434085845947,23.065675735473633,-1721.537502829421,0.027382572553058447
s5_89.tif,Canon9000-2,300,2480,3508,0.7069555302166477,25495.0712890625,0.9812561869621277,0.09747340530157089,-5.958948612213135,36.03322219848633,-1789.352025870483,0.0238118172288226
s5_9.tif,Canon9000-2,300,2480,3508,0.7069555302166477,25495.0712890625,0.9752482771873474,0.11651577055454254,-5.119813442230225,25.59956169128418,-1757.957940075402,0.021975346673042264
s5_90.tif,Canon9000-2,300,2480,3508,0.7069555302166477,25495.0712890625,0.979967474937439,0.10946930199861526,-5.857721328735352,33.608909606933594,-1819.4827234432532,0.01344610935373524
s5_91.tif,Canon9000-2,300,2480,3508,0.7069555302166477,25495.0712890625,0.9837018847465515,0.09783751517534256,-6.527246952056885,42.37044906616211,-1855.8682907099126,0.012519425644609556
s5_92.tif,Canon9000-2,300,2480,3508,0.7069555302166477,25495.0712890625,0.9821274876594543,0.10158684104681015,-6.22164249420166,38.37770080566406,-1819.5108637296794,0.014963378636848493
s5_93.tif,Canon9000-2,300,2480,3508,0.7069555302166477,25495.0712890625,0.983751654624939,0.09868746995925903,-6.643128395080566,43.74285888671875,-1818.318074601247,0.011061467797108912
s5_94.tif,Canon9000-2,300,2480,3508,0.7069555302166477,25495.0712890625,0.9869597554206848,0.08581652492284775,-7.32710075378418,54.100730895996094,-1857.3928370457827,0.011947001324162283
s5_95.tif,Canon9000-2,300,2480,3508,0.7069555302166477,25495.0712890625,0.9813423156738281,0.10497072339057922,-6.087602615356445,36.8351936340332,-1844.8713680414949,0.00811532166108802
s5_96.tif,Canon9000-2,300,2480,3508,0.7069555302166477,25495.0712890625,0.9813321828842163,0.09885841608047485,-6.109428405761719,37.9019660949707,-1797.5264230604676,0.013717263765770406
s5_97.tif,Canon9000-2,300,2480,3508,0.7069555302166477,25495.0712890625,0.9628548622131348,0.1372690349817276,-3.998326301574707,15.109018325805664,-1666.6434214577027,0.04371701088755655
s5_98.tif,Canon9000-2,300,2480,3508,0.7069555302166477,25495.0712890625,0.9824673533439636,0.09859184920787811,-6.618546485900879,44.13139343261719,-1741.8813093192555,0.011789297274432634
s5_99.tif,Canon9000-2,300,2480,3508,0.7069555302166477,25495.0712890625,0.9851758480072021,0.09259951114654541,-6.832845687866211,46.8747444152832,-1861.8440057728321,0.010676288299554934
s6_1.tif,EpsonV370-1,150,1236,1754,0.7046750285062714,6353.5263671875,0.9669521450996399,0.12533684074878693,-4.607748985290527,20.58987808227539,-1386.9334336952456,0.032362920813452746
s6_10.tif,EpsonV370-1,150,1236,1754,0.7046750285062714,6353.5263671875,0.9653984308242798,0.12557202577590942,-4.039951324462891,15.120420455932617,-1442.4482706825056,0.029103611532401204
s6_100.tif,EpsonV370-1,150,1236,1754,0.7046750285062714,6353.5263671875,0.9804341197013855,0.09219399094581604,-6.2825798988342285,40.72272491455078,-1497.1773775340912,0.021322506485407372
s6_11.tif,EpsonV370-1,150,1236,1754,0.7046750285062714,6353.5263671875,0.9693415760993958,0.11165113747119904,-4.649824142456055,21.9449462890625,-1390.323950783035,0.0513421933407874
s6_12.tif,EpsonV370-1,150,1236,1754,0.7046750285062714,6353.5263671875,0.982259213924408,0.07657884806394577,-7.229682445526123,56.147377014160156,-1404.2057330618668,0.018375935909783647
s6_13.tif,EpsonV370-1,150,1236,1754,0.7046750285062714,6353.5263671875,0.9769545197486877,0.09583570808172226,-5.482144832611084,31.17086410522461,-1445.628862135145,0.037102895646751025
s6_14.tif,EpsonV370-1,150,1236,1754,0.7046750285062714,6353.5263671875,0.9758665561676025,0.10155581682920456,-5.23585319519043,27.734830856323242,-1506.2296435012724,0.03554381478488374
s6_15.tif,EpsonV370-1,150,1236,1754,0.7046750285062714,6353.5263671875,0.9720121026039124,0.1043362021446228,-5.172695636749268,27.339597702026367,-1310.419216658088,0.04078979899849812
s6_16.tif,EpsonV370-1,150,1236,1754,0.7046750285062714,6353.5263671875,0.9713695049285889,0.10255351662635803,-4.572716236114502,21.38866424560547,-1405.892675993234,0.04714420667692523
s6_17.tif,EpsonV370-1,150,1236,1754,0.7046750285062714,6353.5263671875,0.9773644804954529,0.08963906019926071,-5.538240432739258,32.41014099121094,-1406.9878634882127,0.039487182325742734
s6_18.tif,EpsonV370-1,150,1236,1754,0.7046750285062714,6353.5263671875,0.9877790808677673,0.06282945722341537,-8.765640258789062,81.96141815185547,-1483.4166104499493,0.012631322580288052
s6_19.tif,EpsonV370-1,150,1236,1754,0.7046750285062714,6353.5263671875,0.9790550470352173,0.09321823716163635,-5.997147083282471,36.871063232421875,-1444.949962388826,0.0262972659810401
s6_2.tif,EpsonV370-1,150,1236,1754,0.7046750285062714,6353.5263671875,0.9521132111549377,0.12911953032016754,-3.4138576984405518,11.42997932434082,-1163.435776396646,0.08239603975010425
s6_20.tif,EpsonV370-1,150,1236,1754,0.7046750285062714,6353.5263671875,0.9623785614967346,0.12030743062496185,-4.372443675994873,19.141529083251953,-1180.0853966005493,0.046853608764802046
s6_21.tif,EpsonV370-1,150,1236,1754,0.7046750285062714,6353.5263671875,0.9888895750045776,0.06324952840805054,-8.437739372253418,76.02922058105469,-1602.7787590279904,0.015692287254652333
s6_22.tif,EpsonV370-1,150,1236,1754,0.7046750285062714,6353.5263671875,0.9886826872825623,0.05866331234574318,-9.4432373046875,96.35574340820312,-1475.7484821869602,0.012050588022568849
s6_23.tif,EpsonV370-1,150,1236,1754,0.7046750285062714,6353.5263671875,0.9810689091682434,0.07914590835571289,-6.26869010925293,41.7507209777832,-1426.5131704273676,0.0248521179513862
s6_24.tif,EpsonV370-1,150,1236,1754,0.7046750285062714,6353.5263671875,0.9844012260437012,0.07239172607660294,-6.762979030609131,48.43425750732422,-1496.8220739719125,0.025940245689003036
s6_25.tif,EpsonV370-1,150,1236,1754,0.7046750285062714,6353.5263671875,0.97336345911026,0.1137058436870575,-5.337235927581787,28.39588737487793,-1442.9734743162055,0.027076345145446563
s6_26.tif,EpsonV370-1,150,1236,1754,0.7046750285062714,6353.5263671875,0.979999840259552,0.09113462269306183,-6.276846885681152,40.411041259765625,-1441.6841805804218,0.02265003155063046
s6_27.tif,EpsonV370-1,150,1236,1754,0.7046750285062714,6353.5263671875,0.9570302963256836,0.14129945635795593,-3.866875648498535,14.24673843383789,-1345.0156342836524,0.04458417745107807
s6_28.tif,EpsonV370-1,150,1236,1754,0.7046750285062714,6353.5263671875,0.9836445450782776,0.07748977094888687,-7.571069717407227,60.10699462890625,-1414.8006540459253,0.015454734993154804
s6_29.tif,EpsonV370-1,150,1236,1754,0.7046750285062714,6353.5263671875,0.9868887066841125,0.060232970863580704,-8.00546646118164,70.7353744506836,-1461.167498368065,0.012705125224636798
s6_3.tif,EpsonV370-1,150,1236,1754,0.7046750285062714,6353.5263671875,0.9752807021141052,0.10283960402011871,-5.295208930969238,28.713342666625977,-1486.2812910106554,0.03655444974593439
s6_30.tif,EpsonV370-1,150,1236,1754,0.7046750285062714,6353.5263671875,0.9702604413032532,0.10237973928451538,-4.306145668029785,17.63772964477539,-1341.3484177364796,0.024398231688641404
s6_31.tif,EpsonV370-1,150,1236,1754,0.7046750285062714,6353.5263671875,0.9522930979728699,0.13592937588691711,-3.4558913707733154,11.475020408630371,-1224.1742111242943,0.0681834955146443
s6_32.tif,EpsonV370-1,150,1236,1754,0.7046750285062714,6353.5263671875,0.9801425933837891,0.07993603497743607,-6.265378475189209,42.61882781982422,-1368.1317056372327,0.038621846320753675
s6_33.tif,EpsonV370-1,150,1236,1754,0.7046750285062714,6353.5263671875,0.955924391746521,0.13557440042495728,-3.645521640777588,12.689398765563965,-1317.9982535850706,0.06250207569937231
s6_34.tif,EpsonV370-1,150,1236,1754,0.7046750285062714,6353.5263671875,0.9799177050590515,0.08063722401857376,-6.323493003845215,42.882423400878906,-1353.612293862024,0.02940527984117671
s6_35.tif,EpsonV370-1,150,1236,1754,0.7046750285062714,6353.5263671875,0.9677257537841797,0.12594448029994965,-4.729648590087891,21.8214054107666,-1395.8732612145586,0.03093760724446757
s6_36.tif,EpsonV370-1,150,1236,1754,0.7046750285062714,6353.5263671875,0.9802897572517395,0.09187913686037064,-6.203866481781006,39.38165283203125,-1498.610451624085,0.022739978523430494
s6_37.tif,EpsonV370-1,150,1236,1754,0.7046750285062714,6353.5263671875,0.9780688285827637,0.09686274081468582,-5.860057353973389,35.00550842285156,-1449.2744825252062,0.02672578258479001
s6_38.tif,EpsonV370-1,150,1236,1754,0.7046750285062714,6353.5263671875,0.9825258255004883,0.08137702941894531,-6.439289569854736,42.803531646728516,-1475.3635170692082,0.02231607458495238
s6_39.tif,EpsonV370-1,150,1236,1754,0.7046750285062714,6353.5263671875,0.984062910079956,0.07775922864675522,-6.5986504554748535,46.99732971191406,-1593.2644792516971,0.031414095567044165
s6_4.tif,EpsonV370-1,150,1236,1754,0.7046750285062714,6353.5263671875,0.963047981262207,0.12033049762248993,-4.118942737579346,16.836963653564453,-1289.3281779662884,0.05801302985685977
s6_40.tif,EpsonV370-1,150,1236,1754,0.7046750285062714,6353.5263671875,0.9768866300582886,0.08183854818344116,-6.154407024383545,43.06991195678711,-1297.249662937467,0.044203632566154845
s6_41.tif,EpsonV370-1,150,1236,1754,0.7046750285062714,6353.5263671875,0.9555220007896423,0.15095563232898712,-4.004014492034912,15.431682586669922,-1344.0848374762934,0.05249997232400837
s6_42.tif,EpsonV370-1,150,1236,1754,0.7046750285062714,6353.5263671875,0.9627953767776489,0.13208362460136414,-4.182326793670654,16.380353927612305,-1321.9565147324422,0.0254374651743772
s6_43.tif,EpsonV370-1,150,1236,1754,0.7046750285062714,6353.5263671875,0.9825193881988525,0.08040659129619598,-6.20239782333374,40.28385925292969,-1536.7849999890989,0.02785634684290738
s6_44.tif,EpsonV370-1,150,1236,1754,0.7046750285062714,6353.5263671875,0.969377338886261,0.11066341400146484,-4.810503959655762,23.215789794921875,-1302.489416371874,0.041164808685095186
s6_45.tif,EpsonV370-1,150,1236,1754,0.7046750285062714,6353.5263671875,0.9787685871124268,0.09056403487920761,-5.721900463104248,33.90848159790039,-1451.0967491838785,0.03219870992977678
s6_46.tif,EpsonV370-1,150,1236,1754,0.7046750285062714,6353.5263671875,0.9737634062767029,0.10176067799329758,-5.077992916107178,26.368793487548828,-1413.1455138052054,0.0386642828412542
s6_47.tif,EpsonV370-1,150,1236,1754,0.7046750285062714,6353.5263671875,0.9744114875793457,0.08094438910484314,-5.092961311340332,29.750194549560547,-1279.4380938185277,0.062266368503983496
s6_48.tif,EpsonV370-1,150,1236,1754,0.7046750285062714,6353.5263671875,0.9797841906547546,0.06613098829984665,-6.180290699005127,45.99863052368164,-1296.4298398530054,0.04079118279807965
s6_49.tif,EpsonV370-1,150,1236,1754,0.7046750285062714,6353.5263671875,0.9854808449745178,0.07751006633043289,-7.460646152496338,58.495574951171875,-1575.763916727526,0.016865288033270233
s6_5.tif,EpsonV370-1,150,1236,1754,0.7046750285062714,6353.5263671875,0.984366774559021,0.07596813887357712,-6.997265338897705,51.60257339477539,-1501.4455580347394,0.021442435782474085
s6_50.tif,EpsonV370-1,150,1236,1754,0.7046750285062714,6353.5263671875,0.975540280342102,0.10120046883821487,-5.7978057861328125,34.57320022583008,-1366.4867342993687,0.021425368920968437
s6_51.tif,EpsonV370-1,150,1236,1754,0.7046750285062714,6353.5263671875,0.977767288684845,0.092206209897995,-5.4047956466674805,30.450302124023438,-1498.3242785258979,0.034260110039742726
s6_52.tif,EpsonV370-1,150,1236,1754,0.7046750285062714,6353.5263671875,0.9170029759407043,0.1629841923713684,-1.6651495695114136,1.0845422744750977,-1207.707715171078,0.012769241271914773
s6_53.tif,EpsonV370-1,150,1236,1754,0.7046750285062714,6353.5263671875,0.9741907715797424,0.10336558520793915,-5.062119960784912,26.000347137451172,-1426.903616801461,0.0244323654116527
s6_54.tif,EpsonV370-1,150,1236,1754,0.7046750285062714,6353.5263671875,0.981937050819397,0.08003879338502884,-6.695962429046631,47.463260650634766,-1432.7446337357828,0.01479281752665198
s6_55.tif,EpsonV370-1,150,1236,1754,0.7046750285062714,6353.5263671875,0.9617520570755005,0.10099644213914871,-3.426687240600586,13.174383163452148,-1265.143839049948,0.03419876159162783
s6_56.tif,EpsonV370-1,150,1236,1754,0.7046750285062714,6353.5263671875,0.9509764909744263,0.1252032220363617,-3.6838066577911377,14.778799057006836,-1142.8390274732872,0.045970283365252974
s6_57.tif,EpsonV370-1,150,1236,1754,0.7046750285062714,6353.5263671875,0.9777031540870667,0.09742098301649094,-5.48772668838501,30.43645477294922,-1520.7363884477375,0.029382216514817726
s6_58.tif,EpsonV370-1,150,1236,1754,0.7046750285062714,6353.5263671875,0.9814364314079285,0.07816970348358154,-6.197145938873291,40.64182662963867,-1421.1589192269864,0.027292679146693827
s6_59.tif,EpsonV370-1,150,1236,1754,0.7046750285062714,6353.5263671875,0.9614431858062744,0.1292828619480133,-3.9802372455596924,15.244775772094727,-1339.1211721799136,0.03900377500525844
s6_6.tif,EpsonV370-1,150,1236,1754,0.7046750285062714,6353.5263671875,0.9887598752975464,0.059642914682626724,-8.739849090576172,82.52886199951172,-1539.482941064753,0.014213005501987137
s6_60.tif,EpsonV370-1,150,1236,1754,0.7046750285062714,6353.5263671875,0.9804401993751526,0.0877704992890358,-6.381524085998535,41.8560676574707,-1431.8648434358586,0.021268077035200172
s6_61.tif,EpsonV370-1,150,1236,1754,0.7046750285062714,6353.5263671875,0.9834979772567749,0.07600143551826477,-6.698947906494141,47.59033966064453,-1473.4805221491251,0.023965563686146874
s6_62.tif,EpsonV370-1,150,1236,1754,0.7046750285062714,6353.5263671875,0.9717512130737305,0.11048168689012527,-4.986203193664551,24.58249855041504,-1374.6507450937904,0.0292216957633592
s6_63.tif,EpsonV370-1,150,1236,1754,0.7046750285062714,6353.5263671875,0.960211455821991,0.11615978181362152,-4.5085062980651855,20.253271102905273,-1066.80549614765,0.03322733428538745
s6_64.tif,EpsonV370-1,150,1236,1754,0.7046750285062714,6353.5263671875,0.9576388597488403,0.13718488812446594,-4.075416088104248,15.563539505004883,-1218.166456644404,0.02898368223533449
s6_65.tif,EpsonV370-1,150,1236,1754,0.7046750285062714,6353.5263671875,0.9627220034599304,0.13315826654434204,-4.047050476074219,15.32366943359375,-1435.691564487337,0.03806648142202935
s6_66.tif,EpsonV370-1,150,1236,1754,0.7046750285062714,6353.5263671875,0.9576154947280884,0.1452057957649231,-3.878937244415283,13.688806533813477,-1315.5037531582568,0.024105327443882316
s6_67.tif,EpsonV370-1,150,1236,1754,0.7046750285062714,6353.5263671875,0.8801445364952087,0.1610676348209381,-1.1256287097930908,0.6891255378723145,-899.286882664625,0.017953877037414252
s6_68.tif,EpsonV370-1,150,1236,1754,0.7046750285062714,6353.5263671875,0.9739552736282349,0.11530765146017075,-5.549464702606201,30.90964126586914,-1476.3963043266633,0.02239864129331754
s6_69.tif,EpsonV370-1,150,1236,1754,0.7046750285062714,6353.5263671875,0.9806956648826599,0.08325983583927155,-6.441694259643555,43.54436492919922,-1394.8456678854927,0.024441590742196293
s6_7.tif,EpsonV370-1,150,1236,1754,0.7046750285062714,6353.5263671875,0.981897234916687,0.08084230124950409,-6.434443473815918,43.0811767578125,-1440.4372800408967,0.024043978995767417
s6_70.tif,EpsonV370-1,150,1236,1754,0.7046750285062714,6353.5263671875,0.9482899308204651,0.14338913559913635,-3.2918248176574707,10.127114295959473,-1184.8170059637719,0.08378168439775197
s6_71.tif,EpsonV370-1,150,1236,1754,0.7046750285062714,6353.5263671875,0.9855373501777649,0.0712454542517662,-6.638588905334473,46.52317810058594,-1598.5981795530272,0.02543331377563258
s6_72.tif,EpsonV370-1,150,1236,1754,0.7046750285062714,6353.5263671875,0.9707945585250854,0.1120900958776474,-4.932502746582031,24.39341163635254,-1368.831725176378,0.03752956718439222
s6_73.tif,EpsonV370-1,150,1236,1754,0.7046750285062714,6353.5263671875,0.962848961353302,0.12758922576904297,-4.267536640167236,17.793180465698242,-1311.1573582981096,0.04166758919972103
s6_74.tif,EpsonV370-1,150,1236,1754,0.7046750285062714,6353.5263671875,0.9814451932907104,0.07525582611560822,-6.270581245422363,42.70818328857422,-1397.534487408042,0.024247397534253652
s6_75.tif,EpsonV370-1,150,1236,1754,0.7046750285062714,6353.5263671875,0.9833235740661621,0.0728268101811409,-6.666031360626221,47.505672454833984,-1426.0739744768548,0.022423549685785242
s6_76.tif,EpsonV370-1,150,1236,1754,0.7046750285062714,6353.5263671875,0.9816234707832336,0.07951470464468002,-7.33715295791626,57.702510833740234,-1364.1433619187194,0.01362258434719716
s6_77.tif,EpsonV370-1,150,1236,1754,0.7046750285062714,6353.5263671875,0.9646979570388794,0.11807166039943695,-3.962177276611328,15.361797332763672,-1391.765471861098,0.04984446092703502
s6_78.tif,EpsonV370-1,150,1236,1754,0.7046750285062714,6353.5263671875,0.9661701917648315,0.10238905996084213,-4.562177658081055,22.587736129760742,-1279.6071685194138,0.03495846756189274
s6_79.tif,EpsonV370-1,150,1236,1754,0.7046750285062714,6353.5263671875,0.9778982996940613,0.09212660044431686,-5.6796770095825195,33.86803436279297,-1453.527981240499,0.03046296398799969
s6_8.tif,EpsonV370-1,150,1236,1754,0.7046750285062714,6353.5263671875,0.9793173670768738,0.08846408873796463,-6.180275917053223,39.64768981933594,-1388.9990806155204,0.026387674220367315
s6_80.tif,EpsonV370-1,150,1236,1754,0.7046750285062714,6353.5263671875,0.9766082763671875,0.09044739603996277,-5.748971939086914,34.99722671508789,-1352.6869016712897,0.03571079326772278
s6_81.tif,EpsonV370-1,150,1236,1754,0.7046750285062714,6353.5263671875,0.9690680503845215,0.1089412197470665,-4.498900890350342,20.41024398803711,-1343.363312490379,0.040448000501857984
s6_82.tif,EpsonV370-1,150,1236,1754,0.7046750285062714,6353.5263671875,0.9801963567733765,0.09125752747058868,-6.839297771453857,48.107269287109375,-1383.7039831061304,0.016510112807341888
s6_83.tif,EpsonV370-1,150,1236,1754,0.7046750285062714,6353.5263671875,0.9743378758430481,0.10363321006298065,-5.03475284576416,25.594457626342773,-1487.0469409759337,0.039119091637053356
s6_84.tif,EpsonV370-1,150,1236,1754,0.7046750285062714,6353.5263671875,0.9823217391967773,0.07145500183105469,-7.235260486602783,59.05039978027344,-1381.3321003411372,0.021037443771610338
s6_85.tif,EpsonV370-1,150,1236,1754,0.7046750285062714,6353.5263671875,0.9756131768226624,0.10746083408594131,-5.628667831420898,32.42025375366211,-1467.556787591736,0.021318355086662754
s6_86.tif,EpsonV370-1,150,1236,1754,0.7046750285062714,6353.5263671875,0.9745474457740784,0.10505958646535873,-5.3425612449646,28.34358787536621,-1399.2719155192974,0.024387161291989094
s6_87.tif,EpsonV370-1,150,1236,1754,0.7046750285062714,6353.5263671875,0.9775216579437256,0.0964369922876358,-5.655916690826416,32.53678512573242,-1437.4004688210018,0.028933404183871907
s6_88.tif,EpsonV370-1,150,1236,1754,0.7046750285062714,6353.5263671875,0.9751706123352051,0.0962604358792305,-5.08413553237915,26.512630462646484,-1387.8899595755704,0.026163498688157996
s6_89.tif,EpsonV370-1,150,1236,1754,0.7046750285062714,6353.5263671875,0.9692662954330444,0.11130693554878235,-4.387298583984375,19.17940902709961,-1450.0055041399835,0.04870236500573816
s6_9.tif,EpsonV370-1,150,1236,1754,0.7046750285062714,6353.5263671875,0.9714680314064026,0.11213285475969315,-4.789580821990967,22.997297286987305,-1483.08667530144,0.041265364788020356
s6_90.tif,EpsonV370-1,150,1236,1754,0.7046750285062714,6353.5263671875,0.9765152931213379,0.09278830140829086,-5.473008632659912,31.755157470703125,-1416.144349401029,0.04546519651799124
s6_91.tif,EpsonV370-1,150,1236,1754,0.7046750285062714,6353.5263671875,0.9758543372154236,0.10666763782501221,-5.5185465812683105,30.547679901123047,-1476.4060119095445,0.026496533120781717
s6_92.tif,EpsonV370-1,150,1236,1754,0.7046750285062714,6353.5263671875,0.9788305163383484,0.09649345278739929,-6.0182905197143555,36.89901351928711,-1475.894566828865,0.024200348348481327
s6_93.tif,EpsonV370-1,150,1236,1754,0.7046750285062714,6353.5263671875,0.9767918586730957,0.09704925119876862,-5.749159336090088,33.897884368896484,-1388.509276522687,0.028113733565073636
s6_94.tif,EpsonV370-1,150,1236,1754,0.7046750285062714,6353.5263671875,0.9789853692054749,0.09573129564523697,-6.262996673583984,40.21379089355469,-1427.8099746881676,0.0212560841054935
s6_95.tif,EpsonV370-1,150,1236,1754,0.7046750285062714,6353.5263671875,0.9832795262336731,0.08267228305339813,-6.567474842071533,44.68715286254883,-1559.1617187115846,0.02309423121630448
s6_96.tif,EpsonV370-1,150,1236,1754,0.7046750285062714,6353.5263671875,0.9768973588943481,0.1055375412106514,-5.704204082489014,32.733421325683594,-1493.758987340333,0.016570999988929604
s6_97.tif,EpsonV370-1,150,1236,1754,0.7046750285062714,6353.5263671875,0.9767376184463501,0.09690101444721222,-5.5213093757629395,31.810958862304688,-1464.6262981673356,0.02652236404630378
s6_98.tif,EpsonV370-1,150,1236,1754,0.7046750285062714,6353.5263671875,0.9575771689414978,0.12833218276500702,-3.623582124710083,12.746013641357422,-1317.7927147531586,0.07599319908632327
s6_99.tif,EpsonV370-1,150,1236,1754,0.7046750285062714,6353.5263671875,0.9776558876037598,0.09720820933580399,-6.271104335784912,40.99176788330078,-1397.3349266569235,0.02264818648452174
s6_1.tif,EpsonV370-1,300,2480,3508,0.7069555302166477,25495.0732421875,0.9616270661354065,0.13085247576236725,-4.545324802398682,19.855491638183594,-1198.1384064132596,0.01650731507705889
s6_10.tif,EpsonV370-1,300,2480,3508,0.7069555302166477,25495.0732421875,0.961031973361969,0.1305842101573944,-4.033801555633545,15.041059494018555,-1262.0919275358315,0.015725691506970244
s6_100.tif,EpsonV370-1,300,2480,3508,0.7069555302166477,25495.0732421875,0.9774969220161438,0.09689802676439285,-6.200296878814697,39.15803146362305,-1374.1435908725111,0.01160412145510722
s6_11.tif,EpsonV370-1,300,2480,3508,0.7069555302166477,25495.0732421875,0.9659693837165833,0.11886467784643173,-4.639174461364746,21.269481658935547,-1268.4926442259757,0.027898559053959614
s6_12.tif,EpsonV370-1,300,2480,3508,0.7069555302166477,25495.0732421875,0.9777183532714844,0.08222292363643646,-7.024417877197266,52.39358901977539,-1240.1678094842835,0.01008915106484717
s6_13.tif,EpsonV370-1,300,2480,3508,0.7069555302166477,25495.0732421875,0.9719561338424683,0.10460765659809113,-5.408236026763916,29.54126739501953,-1262.2015101490874,0.019640016368117116
s6_14.tif,EpsonV370-1,300,2480,3508,0.7069555302166477,25495.0732421875,0.9718132615089417,0.10905693471431732,-5.226198196411133,27.22361183166504,-1337.6893126687999,0.01985473296060617
s6_15.tif,EpsonV370-1,300,2480,3508,0.7069555302166477,25495.0732421875,0.9700571298599243,0.1103934720158577,-5.207574367523193,27.256072998046875,-1272.6463678783905,0.022446734652591314
s6_16.tif,EpsonV370-1,300,2480,3508,0.7069555302166477,25495.0732421875,0.9666911363601685,0.10926765203475952,-4.579995155334473,21.207801818847656,-1223.0386893846842,0.026257149556773458
s6_17.tif,EpsonV370-1,300,2480,3508,0.7069555302166477,25495.0732421875,0.9744045734405518,0.09608197957277298,-5.537769317626953,31.601417541503906,-1308.13424575347,0.022765131312759774
s6_18.tif,EpsonV370-1,300,2480,3508,0.7069555302166477,25495.0732421875,0.9843129515647888,0.06682701408863068,-8.655817031860352,79.85157775878906,-1338.653206318111,0.00700127818442638
s6_19.tif,EpsonV370-1,300,2480,3508,0.7069555302166477,25495.0732421875,0.9740991592407227,0.09999890625476837,-5.889395236968994,35.10875701904297,-1259.948132668242,0.014621993048148011
s6_2.tif,EpsonV370-1,300,2480,3508,0.7069555302166477,25495.0732421875,0.9450967907905579,0.14151081442832947,-3.4273154735565186,11.129944801330566,-1006.8071375322729,0.0518935980431824
s6_20.tif,EpsonV370-1,300,2480,3508,0.7069555302166477,25495.0732421875,0.9577293395996094,0.12689435482025146,-4.333510875701904,18.446367263793945,-1075.6167773793554,0.02546161768492294
s6_21.tif,EpsonV370-1,300,2480,3508,0.7069555302166477,25495.0732421875,0.9850768446922302,0.06817544251680374,-8.282679557800293,72.90573120117188,-1406.9253739757728,0.009165570861073308
s6_22.tif,EpsonV370-1,300,2480,3508,0.7069555302166477,25495.0732421875,0.9858033061027527,0.06266791373491287,-9.189581871032715,90.85059356689453,-1369.6815943107333,0.006675410122485011
s6_23.tif,EpsonV370-1,300,2480,3508,0.7069555302166477,25495.0732421875,0.9764024615287781,0.08546137064695358,-6.203749179840088,40.504695892333984,-1247.3736643293266,0.013565536837459079
s6_24.tif,EpsonV370-1,300,2480,3508,0.7069555302166477,25495.0732421875,0.9794881343841553,0.07875458896160126,-6.744819164276123,47.73676300048828,-1284.3877934750228,0.014152789016809504
s6_25.tif,EpsonV370-1,300,2480,3508,0.7069555302166477,25495.0732421875,0.9686385989189148,0.1188754215836525,-5.200672626495361,26.586484909057617,-1259.523594349069,0.015101427152683268
s6_26.tif,EpsonV370-1,300,2480,3508,0.7069555302166477,25495.0732421875,0.9763456583023071,0.09554806351661682,-6.207767963409424,39.17681884765625,-1293.7808926541652,0.012349422518115275
s6_27.tif,EpsonV370-1,300,2480,3508,0.7069555302166477,25495.0732421875,0.9537747502326965,0.14633747935295105,-3.859437942504883,13.953317642211914,-1223.237597156549,0.02566874793099643
s6_28.tif,EpsonV370-1,300,2480,3508,0.7069555302166477,25495.0732421875,0.9801175594329834,0.08199026435613632,-7.39061975479126,56.87120819091797,-1297.5618956690034,0.008356015742818258
s6_29.tif,EpsonV370-1,300,2480,3508,0.7069555302166477,25495.0732421875,0.9839938282966614,0.06391585618257523,-7.818005084991455,67.37216186523438,-1353.6528854353605,0.007031048846875345
s6_3.tif,EpsonV370-1,300,2480,3508,0.7069555302166477,25495.0732421875,0.9718976616859436,0.10966344177722931,-5.2184038162231445,27.241792678833008,-1354.150206372698,0.019955884246147054
s6_30.tif,EpsonV370-1,300,2480,3508,0.7069555302166477,25495.0732421875,0.9676113724708557,0.10465727001428604,-4.281248092651367,17.486196517944336,-1243.0577784927516,0.014779122374664362
s6_31.tif,EpsonV370-1,300,2480,3508,0.7069555302166477,25495.0732421875,0.9481565952301025,0.1446671187877655,-3.4695262908935547,11.21558666229248,-1120.014796148247,0.04126868999889653
s6_32.tif,EpsonV370-1,300,2480,3508,0.7069555302166477,25495.0732421875,0.9763831496238708,0.08738291263580322,-6.075347900390625,38.827781677246094,-1256.1706750043684,0.020157152315444883
s6_33.tif,EpsonV370-1,300,2480,3508,0.7069555302166477,25495.0732421875,0.9505838751792908,0.144785076379776,-3.6516921520233154,12.486885070800781,-1158.5506855091262,0.03625468974142053
s6_34.tif,EpsonV370-1,300,2480,3508,0.7069555302166477,25495.0732421875,0.9765987396240234,0.0858081802725792,-6.222739219665527,40.7886848449707,-1257.3564342089383,0.016457429102144407
s6_35.tif,EpsonV370-1,300,2480,3508,0.7069555302166477,25495.0732421875,0.9646532535552979,0.13076363503932953,-4.6930251121521,21.190650939941406,-1290.4938750747356,0.016659846617868835
s6_36.tif,EpsonV370-1,300,2480,3508,0.7069555302166477,25495.0732421875,0.9753703474998474,0.09769748151302338,-6.137607574462891,38.28929901123047,-1289.4009485859588,0.012373331003788575
s6_37.tif,EpsonV370-1,300,2480,3508,0.7069555302166477,25495.0732421875,0.973861038684845,0.10309237986803055,-5.780843734741211,33.60459899902344,-1284.0416063107675,0.014770846360392834
s6_38.tif,EpsonV370-1,300,2480,3508,0.7069555302166477,25495.0732421875,0.977658212184906,0.08708983659744263,-6.420629501342773,42.4537353515625,-1269.1282329982123,0.012623105712288961
s6_39.tif,EpsonV370-1,300,2480,3508,0.7069555302166477,25495.0732421875,0.9802287220954895,0.08404533565044403,-6.446865558624268,43.96797561645508,-1408.101016243308,0.016754675948063413
s6_4.tif,EpsonV370-1,300,2480,3508,0.7069555302166477,25495.0732421875,0.9592970013618469,0.12893758714199066,-4.13685417175293,16.54494857788086,-1187.7256735969247,0.03365510170301982
s6_40.tif,EpsonV370-1,300,2480,3508,0.7069555302166477,25495.0732421875,0.9735814929008484,0.08800752460956573,-5.971280574798584,39.58399200439453,-1215.7839974408803,0.0239592912053555
s6_41.tif,EpsonV370-1,300,2480,3508,0.7069555302166477,25495.0732421875,0.9522581100463867,0.15733018517494202,-3.8971755504608154,14.200334548950195,-1258.3461631638525,0.028045228417993895
s6_42.tif,EpsonV370-1,300,2480,3508,0.7069555302166477,25495.0732421875,0.9593791365623474,0.13636523485183716,-4.1758246421813965,16.264909744262695,-1212.0065648569048,0.01389278423511237
s6_43.tif,EpsonV370-1,300,2480,3508,0.7069555302166477,25495.0732421875,0.9785103797912598,0.0871124416589737,-6.228542327880859,40.215145111083984,-1358.9624190667594,0.01693307003347188
s6_44.tif,EpsonV370-1,300,2480,3508,0.7069555302166477,25495.0732421875,0.9662505388259888,0.11714722961187363,-4.8357768058776855,23.11197280883789,-1223.500270466325,0.02216385588700482
s6_45.tif,EpsonV370-1,300,2480,3508,0.7069555302166477,25495.0732421875,0.9742035269737244,0.09771944582462311,-5.7023820877075195,33.15242004394531,-1274.6874456428714,0.018104470886820906
s6_46.tif,EpsonV370-1,300,2480,3508,0.7069555302166477,25495.0732421875,0.9686279296875,0.10895965993404388,-5.056764602661133,25.746685028076172,-1223.169280617783,0.023106057122889618
s6_47.tif,EpsonV370-1,300,2480,3508,0.7069555302166477,25495.0732421875,0.968988835811615,0.08920473605394363,-5.042157173156738,28.39267349243164,-1123.2537545359746,0.03357061739066466
s6_48.tif,EpsonV370-1,300,2480,3508,0.7069555302166477,25495.0732421875,0.9763991236686707,0.07205457240343094,-6.191296100616455,45.1524543762207,-1195.2768313148556,0.021955576194504726
s6_49.tif,EpsonV370-1,300,2480,3508,0.7069555302166477,25495.0732421875,0.9817070364952087,0.08202908933162689,-7.300314903259277,55.630313873291016,-1395.7209291103052,0.009960183175782544
s6_5.tif,EpsonV370-1,300,2480,3508,0.7069555302166477,25495.0732421875,0.9802975654602051,0.08165408670902252,-6.888893127441406,49.46714782714844,-1326.5297986004703,0.012535058116011329
s6_50.tif,EpsonV370-1,300,2480,3508,0.7069555302166477,25495.0732421875,0.9718132615089417,0.10395972430706024,-5.720044136047363,33.58220291137695,-1232.8791405050958,0.012037117924007797
s6_51.tif,EpsonV370-1,300,2480,3508,0.7069555302166477,25495.0732421875,0.9745742678642273,0.09878499805927277,-5.395397663116455,29.72283172607422,-1361.3375583699553,0.019398287784602935
s6_52.tif,EpsonV370-1,300,2480,3508,0.7069555302166477,25495.0732421875,0.9129335284233093,0.16485944390296936,-1.687854528427124,1.2259607315063477,-1042.8068522566202,0.007552437745981536
s6_53.tif,EpsonV370-1,300,2480,3508,0.7069555302166477,25495.0732421875,0.970015287399292,0.10753226280212402,-5.05987548828125,25.83413314819336,-1251.9744017183618,0.012930467686762056
s6_54.tif,EpsonV370-1,300,2480,3508,0.7069555302166477,25495.0732421875,0.9787386655807495,0.0835127905011177,-6.629480838775635,46.346168518066406,-1303.9534093391837,0.008456822194431161
s6_55.tif,EpsonV370-1,300,2480,3508,0.7069555302166477,25495.0732421875,0.9564447999000549,0.1077844426035881,-3.5617902278900146,14.231496810913086,-1089.2513869764955,0.01802446941552948
s6_56.tif,EpsonV370-1,300,2480,3508,0.7069555302166477,25495.0732421875,0.946281909942627,0.13231728971004486,-3.678567886352539,14.241388320922852,-1014.9591454205779,0.024894021039467393
s6_57.tif,EpsonV370-1,300,2480,3508,0.7069555302166477,25495.0732421875,0.973360538482666,0.10331109166145325,-5.453399658203125,29.82355499267578,-1329.0209479510506,0.016030984477875456
s6_58.tif,EpsonV370-1,300,2480,3508,0.7069555302166477,25495.0732421875,0.9783007502555847,0.08394205570220947,-6.229602813720703,40.492061614990234,-1312.4178244692478,0.016499958619928642
s6_59.tif,EpsonV370-1,300,2480,3508,0.7069555302166477,25495.0732421875,0.9567689299583435,0.13618913292884827,-3.969494581222534,14.928241729736328,-1187.2882613135812,0.02200764611762975
s6_6.tif,EpsonV370-1,300,2480,3508,0.7069555302166477,25495.0732421875,0.9839417934417725,0.06475657224655151,-8.533384323120117,78.71688079833984,-1317.7622264949348,0.008361303196380622
s6_60.tif,EpsonV370-1,300,2480,3508,0.7069555302166477,25495.0732421875,0.9768515229225159,0.09267860651016235,-6.334625244140625,40.94135284423828,-1297.610736015219,0.011588833817633428
s6_61.tif,EpsonV370-1,300,2480,3508,0.7069555302166477,25495.0732421875,0.9789561629295349,0.0822058767080307,-6.629237174987793,46.104576110839844,-1289.1560550850083,0.014347275352190386
s6_62.tif,EpsonV370-1,300,2480,3508,0.7069555302166477,25495.0732421875,0.9680982828140259,0.1161770299077034,-4.9756927490234375,24.28371238708496,-1257.7308393076667,0.01588983245668886
s6_63.tif,EpsonV370-1,300,2480,3508,0.7069555302166477,25495.0732421875,0.9560946226119995,0.12102313339710236,-4.490357398986816,19.947481155395508,-994.174637727101,0.01784182237834259
s6_64.tif,EpsonV370-1,300,2480,3508,0.7069555302166477,25495.0732421875,0.9541436433792114,0.14087416231632233,-4.029790878295898,15.123624801635742,-1124.887182866878,0.015425571044984735
s6_65.tif,EpsonV370-1,300,2480,3508,0.7069555302166477,25495.0732421875,0.9579143524169922,0.13916024565696716,-4.017791748046875,14.962936401367188,-1253.1573958943118,0.02124441369036672
s6_66.tif,EpsonV370-1,300,2480,3508,0.7069555302166477,25495.0732421875,0.9542112946510315,0.14940276741981506,-3.8629517555236816,13.518028259277344,-1216.4551886545646,0.013203116379151801
s6_67.tif,EpsonV370-1,300,2480,3508,0.7069555302166477,25495.0732421875,0.8754146099090576,0.16423624753952026,-1.1451573371887207,0.7419922351837158,-779.9098486915958,0.010800083679699857
s6_68.tif,EpsonV370-1,300,2480,3508,0.7069555302166477,25495.0732421875,0.9690243601799011,0.11972879618406296,-5.422884464263916,29.201641082763672,-1262.7293476056577,0.013333348659285689
s6_69.tif,EpsonV370-1,300,2480,3508,0.7069555302166477,25495.0732421875,0.9769785404205322,0.089358851313591,-6.417837619781494,42.67389678955078,-1268.760065268201,0.014370149336079744
s6_7.tif,EpsonV370-1,300,2480,3508,0.7069555302166477,25495.0732421875,0.9774079918861389,0.08699917048215866,-6.427277088165283,42.700931549072266,-1267.2387587826984,0.01365071081767021
s6_70.tif,EpsonV370-1,300,2480,3508,0.7069555302166477,25495.0732421875,0.9438199996948242,0.15518374741077423,-3.3242669105529785,10.00761604309082,-1107.45612807242,0.04806467705153198
s6_71.tif,EpsonV370-1,300,2480,3508,0.7069555302166477,25495.0732421875,0.9818388819694519,0.07795226573944092,-6.664487838745117,46.40213394165039,-1414.3725720394275,0.015303614779122374
s6_72.tif,EpsonV370-1,300,2480,3508,0.7069555302166477,25495.0732421875,0.9675754904747009,0.11916998773813248,-4.937737941741943,24.017379760742188,-1276.9808856472655,0.02062348273071689
s6_73.tif,EpsonV370-1,300,2480,3508,0.7069555302166477,25495.0732421875,0.957649827003479,0.13356350362300873,-4.234627723693848,17.31214714050293,-1146.9957005530323,0.02418791609960643
s6_74.tif,EpsonV370-1,300,2480,3508,0.7069555302166477,25495.0732421875,0.9781783223152161,0.08065854758024216,-6.339148044586182,43.13105010986328,-1284.1317013487185,0.014710040644425645
s6_75.tif,EpsonV370-1,300,2480,3508,0.7069555302166477,25495.0732421875,0.9797857403755188,0.07782931625843048,-6.609512805938721,46.355430603027344,-1294.342386177551,0.011893322176040019
s6_76.tif,EpsonV370-1,300,2480,3508,0.7069555302166477,25495.0732421875,0.9777926802635193,0.08304309844970703,-7.227667331695557,55.80455017089844,-1229.6729417906947,0.007406113215875234
s6_77.tif,EpsonV370-1,300,2480,3508,0.7069555302166477,25495.0732421875,0.9596216678619385,0.12727978825569153,-3.9942493438720703,15.416736602783203,-1230.975408220896,0.027042336410784566
s6_78.tif,EpsonV370-1,300,2480,3508,0.7069555302166477,25495.0732421875,0.9609683752059937,0.1099293902516365,-4.575247764587402,22.34513282775879,-1116.7564055011271,0.01873816070180601
s6_79.tif,EpsonV370-1,300,2480,3508,0.7069555302166477,25495.0732421875,0.9737308025360107,0.09710437059402466,-5.727484703063965,34.16286849975586,-1268.5533691631601,0.017318134586383198
s6_8.tif,EpsonV370-1,300,2480,3508,0.7069555302166477,25495.0732421875,0.9737870097160339,0.09514392167329788,-6.067720413208008,37.75928497314453,-1201.4327011117596,0.014478542134108213
s6_80.tif,EpsonV370-1,300,2480,3508,0.7069555302166477,25495.0732421875,0.9724312424659729,0.09958033263683319,-5.654860973358154,32.82978439331055,-1239.17356810578,0.018405051127377055
s6_81.tif,EpsonV370-1,300,2480,3508,0.7069555302166477,25495.0732421875,0.965158224105835,0.11747787147760391,-4.56184196472168,20.571788787841797,-1226.2197973049767,0.028240979144444036
s6_82.tif,EpsonV370-1,300,2480,3508,0.7069555302166477,25495.0732421875,0.9763113856315613,0.09534282237291336,-6.705127716064453,45.94446563720703,-1254.0191767417482,0.008919934159708685
s6_83.tif,EpsonV370-1,300,2480,3508,0.7069555302166477,25495.0732421875,0.9700554013252258,0.11193183809518814,-5.043431282043457,25.304279327392578,-1320.0523546106667,0.02178890646264759
s6_84.tif,EpsonV370-1,300,2480,3508,0.7069555302166477,25495.0732421875,0.9796087145805359,0.07538408786058426,-7.186070442199707,57.50067138671875,-1288.7481342496333,0.012809316033398315
s6_85.tif,EpsonV370-1,300,2480,3508,0.7069555302166477,25495.0732421875,0.9712374210357666,0.11174890398979187,-5.5242133140563965,30.941993713378906,-1281.655226820967,0.011732284731673226
s6_86.tif,EpsonV370-1,300,2480,3508,0.7069555302166477,25495.0732421875,0.9713045358657837,0.10916870832443237,-5.282222270965576,27.469532012939453,-1285.4839436260522,0.012940467870673484
s6_87.tif,EpsonV370-1,300,2480,3508,0.7069555302166477,25495.0732421875,0.973129391670227,0.10254466533660889,-5.645321846008301,32.08196258544922,-1267.1453619869583,0.01602121418324935
s6_88.tif,EpsonV370-1,300,2480,3508,0.7069555302166477,25495.0732421875,0.969617486000061,0.10334748774766922,-5.021705627441406,25.640798568725586,-1203.1480210359225,0.015171658329348586
s6_89.tif,EpsonV370-1,300,2480,3508,0.7069555302166477,25495.0732421875,0.9658135175704956,0.12048559635877609,-4.447575092315674,19.39557647705078,-1329.3590676129938,0.028313394269319895
s6_9.tif,EpsonV370-1,300,2480,3508,0.7069555302166477,25495.0732421875,0.966863751411438,0.11959630250930786,-4.7205023765563965,21.909442901611328,-1296.5246801356648,0.02309904549968735
s6_90.tif,EpsonV370-1,300,2480,3508,0.7069555302166477,25495.0732421875,0.9716874957084656,0.10069091618061066,-5.3529205322265625,29.65353775024414,-1253.5044724252307,0.025597597197189834
s6_91.tif,EpsonV370-1,300,2480,3508,0.7069555302166477,25495.0732421875,0.97126704454422,0.1121450737118721,-5.441822528839111,29.38336944580078,-1285.4342522099887,0.014352332916467429
s6_92.tif,EpsonV370-1,300,2480,3508,0.7069555302166477,25495.0732421875,0.9739506840705872,0.1018478199839592,-5.9582014083862305,35.935760498046875,-1271.249753541779,0.013167483539927171
s6_93.tif,EpsonV370-1,300,2480,3508,0.7069555302166477,25495.0732421875,0.9729798436164856,0.10376789420843124,-5.705760478973389,32.851402282714844,-1264.0186638117605,0.015674196307058522
s6_94.tif,EpsonV370-1,300,2480,3508,0.7069555302166477,25495.0732421875,0.9739741086959839,0.10107026994228363,-6.125870704650879,38.05015182495117,-1239.6025559471225,0.011790561665501895
s6_95.tif,EpsonV370-1,300,2480,3508,0.7069555302166477,25495.0732421875,0.9794448018074036,0.08875346928834915,-6.544764041900635,44.02676010131836,-1384.433283518227,0.012865638908301762
s6_96.tif,EpsonV370-1,300,2480,3508,0.7069555302166477,25495.0732421875,0.9730590581893921,0.10892903059720993,-5.635671615600586,31.825672149658203,-1322.458361505746,0.00868303325118623
s6_97.tif,EpsonV370-1,300,2480,3508,0.7069555302166477,25495.0732421875,0.9721099734306335,0.10282082110643387,-5.477020263671875,30.931785583496094,-1271.1722469622612,0.014427276823481812
s6_98.tif,EpsonV370-1,300,2480,3508,0.7069555302166477,25495.0732421875,0.9518274068832397,0.13959404826164246,-3.6413047313690186,12.510666847229004,-1147.9974233877383,0.04514151984404311
s6_99.tif,EpsonV370-1,300,2480,3508,0.7069555302166477,25495.0732421875,0.9723499417304993,0.10212409496307373,-6.088686466217041,38.18340301513672,-1204.622588830117,0.012106544488174496
s7_1.tif,EpsonV370-2,150,1236,1754,0.7046750285062714,6353.5263671875,0.9665012955665588,0.12472240626811981,-4.603332996368408,20.59765625,-1362.541061241276,0.03228496677035938
s7_10.tif,EpsonV370-2,150,1236,1754,0.7046750285062714,6353.5263671875,0.9660720229148865,0.12511864304542542,-4.065680027008057,15.315628051757812,-1470.1032841211866,0.02878072496337544
s7_100.tif,EpsonV370-2,150,1236,1754,0.7046750285062714,6353.5263671875,0.9800796508789062,0.09329744428396225,-6.230741024017334,39.99716567993164,-1498.7206029516458,0.021345108545239175
s7_11.tif,EpsonV370-2,150,1236,1754,0.7046750285062714,6353.5263671875,0.9689556956291199,0.11123012006282806,-4.616600513458252,21.720535278320312,-1385.9847444004808,0.05149487256128387
s7_12.tif,EpsonV370-2,150,1236,1754,0.7046750285062714,6353.5263671875,0.9829647541046143,0.07653015851974487,-7.27662992477417,56.80344009399414,-1458.9612619767763,0.018283221337820534
s7_13.tif,EpsonV370-2,150,1236,1754,0.7046750285062714,6353.5263671875,0.9771020412445068,0.09630357474088669,-5.517937183380127,31.47308349609375,-1460.578293543822,0.03684689272416631
s7_14.tif,EpsonV370-2,150,1236,1754,0.7046750285062714,6353.5263671875,0.9759922027587891,0.10150692611932755,-5.227382183074951,27.678936004638672,-1538.5448163382816,0.03561715616270531
s7_15.tif,EpsonV370-2,150,1236,1754,0.7046750285062714,6353.5263671875,0.9733805656433105,0.1041170060634613,-5.172482490539551,27.330392837524414,-1414.9364634727233,0.04091018956209201
s7_16.tif,EpsonV370-2,150,1236,1754,0.7046750285062714,6353.5263671875,0.9715480208396912,0.10211742669343948,-4.5792999267578125,21.517667770385742,-1428.1278969692298,0.047390061735911995
s7_17.tif,EpsonV370-2,150,1236,1754,0.7046750285062714,6353.5263671875,0.9776421785354614,0.08791348338127136,-5.655734539031982,34.02192687988281,-1382.9841584911194,0.0388367965224194
s7_18.tif,EpsonV370-2,150,1236,1754,0.7046750285062714,6353.5263671875,0.9883794188499451,0.06153864413499832,-8.988389015197754,86.61306762695312,-1504.898567282629,0.012387312587410007
s7_19.tif,EpsonV370-2,150,1236,1754,0.7046750285062714,6353.5263671875,0.9793059825897217,0.09419531375169754,-5.97178840637207,36.50655746459961,-1487.5905033264848,0.026266822390246244
s7_2.tif,EpsonV370-2,150,1236,1754,0.7046750285062714,6353.5263671875,0.9519942998886108,0.1292659044265747,-3.4030301570892334,11.370802879333496,-1183.468495459868,0.08227288158734727
s7_20.tif,EpsonV370-2,150,1236,1754,0.7046750285062714,6353.5263671875,0.9636357426643372,0.12062427401542664,-4.433826923370361,19.676042556762695,-1222.8359766703593,0.04694955220245541
s7_21.tif,EpsonV370-2,150,1236,1754,0.7046750285062714,6353.5263671875,0.9891875386238098,0.06317674368619919,-8.51442813873291,77.33686828613281,-1620.61649650762,0.015618023343776408
s7_22.tif,EpsonV370-2,150,1236,1754,0.7046750285062714,6353.5263671875,0.9902875423431396,0.057015981525182724,-9.737955093383789,102.56314849853516,-1573.0228862073777,0.0119223559280129
s7_23.tif,EpsonV370-2,150,1236,1754,0.7046750285062714,6353.5263671875,0.9809421896934509,0.07968804240226746,-6.2201337814331055,41.09699249267578,-1445.918181116688,0.024938836058495974
s7_24.tif,EpsonV370-2,150,1236,1754,0.7046750285062714,6353.5263671875,0.9850876927375793,0.07205627858638763,-6.812224864959717,48.940895080566406,-1540.6162569662774,0.025692084297380374
s7_25.tif,EpsonV370-2,150,1236,1754,0.7046750285062714,6353.5263671875,0.974425196647644,0.11365433782339096,-5.365816116333008,28.636140823364258,-1518.2898926670225,0.027013612897750127
s7_26.tif,EpsonV370-2,150,1236,1754,0.7046750285062714,6353.5263671875,0.9805296063423157,0.09120476245880127,-6.259720325469971,40.18538284301758,-1482.306907414534,0.02284237969246438
s7_27.tif,EpsonV370-2,150,1236,1754,0.7046750285062714,6353.5263671875,0.9583418965339661,0.14088685810565948,-3.8952808380126953,14.449369430541992,-1420.2701528757484,0.044730398940194024
s7_28.tif,EpsonV370-2,150,1236,1754,0.7046750285062714,6353.5263671875,0.984655499458313,0.07886432111263275,-7.488747596740723,58.47986602783203,-1508.2367783233142,0.015939064846693458
s7_29.tif,EpsonV370-2,150,1236,1754,0.7046750285062714,6353.5263671875,0.9866887927055359,0.06213618814945221,-7.769914150238037,66.3584213256836,-1493.4533880168638,0.012884096637182511
s7_3.tif,EpsonV370-2,150,1236,1754,0.7046750285062714,6353.5263671875,0.9758954644203186,0.1037948802113533,-5.288869857788086,28.538219451904297,-1566.5830468310705,0.03642667891790563
s7_30.tif,EpsonV370-2,150,1236,1754,0.7046750285062714,6353.5263671875,0.9719832539558411,0.10079026222229004,-4.338699817657471,17.870967864990234,-1408.5354310796504,0.024574896768551218
s7_31.tif,EpsonV370-2,150,1236,1754,0.7046750285062714,6353.5263671875,0.9526734352111816,0.135692298412323,-3.460329294204712,11.50103759765625,-1237.1411081382066,0.06850730461672441
s7_32.tif,EpsonV370-2,150,1236,1754,0.7046750285062714,6353.5263671875,0.9824226498603821,0.07931157946586609,-6.358909606933594,43.65507125854492,-1505.8526135319523,0.03872240242367884
s7_33.tif,EpsonV370-2,150,1236,1754,0.7046750285062714,6353.5263671875,0.9563002586364746,0.1360461562871933,-3.6599724292755127,12.779544830322266,-1350.379483061845,0.06201036558139878
s7_34.tif,EpsonV370-2,150,1236,1754,0.7046750285062714,6353.5263671875,0.9828439950942993,0.0786466971039772,-6.5950775146484375,46.53493118286133,-1489.357617057822,0.028866059270903677
s7_35.tif,EpsonV370-2,150,1236,1754,0.7046750285062714,6353.5263671875,0.9687361717224121,0.12624867260456085,-4.763201713562012,22.070316314697266,-1457.8197557358822,0.030433904196787372
s7_36.tif,EpsonV370-2,150,1236,1754,0.7046750285062714,6353.5263671875,0.9807975888252258,0.0917222648859024,-6.286375999450684,40.36967468261719,-1515.5357538949636,0.02234236677700162
s7_37.tif,EpsonV370-2,150,1236,1754,0.7046750285062714,6353.5263671875,0.9778410792350769,0.09791800379753113,-5.846067428588867,34.80881118774414,-1451.2700608263815,0.026916285660515217
s7_38.tif,EpsonV370-2,150,1236,1754,0.7046750285062714,6353.5263671875,0.9824190735816956,0.08166028559207916,-6.450948238372803,43.09471893310547,-1474.138702748083,0.022679091341842778
s7_39.tif,EpsonV370-2,150,1236,1754,0.7046750285062714,6353.5263671875,0.9842357635498047,0.07766787707805634,-6.671060562133789,48.07435989379883,-1600.699387421159,0.031456532087544696
s7_4.tif,EpsonV370-2,150,1236,1754,0.7046750285062714,6353.5263671875,0.9635799527168274,0.11970009654760361,-4.131113529205322,16.967557907104492,-1310.304133957962,0.057941533545146924
s7_40.tif,EpsonV370-2,150,1236,1754,0.7046750285062714,6353.5263671875,0.9782810211181641,0.0824277475476265,-6.218218803405762,43.67232894897461,-1385.4173700705128,0.04460308937869244
s7_41.tif,EpsonV370-2,150,1236,1754,0.7046750285062714,6353.5263671875,0.9576674699783325,0.14914189279079437,-4.093492031097412,16.21272087097168,-1422.6250996660006,0.052169705490547724
s7_42.tif,EpsonV370-2,150,1236,1754,0.7046750285062714,6353.5263671875,0.9639142155647278,0.13214080035686493,-4.2321014404296875,16.768457412719727,-1362.9543923446613,0.02490562486853904
s7_43.tif,EpsonV370-2,150,1236,1754,0.7046750285062714,6353.5263671875,0.9829860925674438,0.07975318282842636,-6.267531394958496,41.177101135253906,-1555.042196049148,0.027656618436638584
s7_44.tif,EpsonV370-2,150,1236,1754,0.7046750285062714,6353.5263671875,0.9715346693992615,0.10952107608318329,-4.915134429931641,24.228286743164062,-1391.280051035478,0.040555936869218025
s7_45.tif,EpsonV370-2,150,1236,1754,0.7046750285062714,6353.5263671875,0.9801519513130188,0.0888863056898117,-5.8505730628967285,35.58327865600586,-1515.182832668981,0.03210092142601469
s7_46.tif,EpsonV370-2,150,1236,1754,0.7046750285062714,6353.5263671875,0.9741905331611633,0.1005745381116867,-5.124797821044922,26.9658145904541,-1421.204597581513,0.03859278652954135
s7_47.tif,EpsonV370-2,150,1236,1754,0.7046750285062714,6353.5263671875,0.9749276041984558,0.08046675473451614,-5.117461204528809,30.098846435546875,-1305.3343450461823,0.06250622709811693
s7_48.tif,EpsonV370-2,150,1236,1754,0.7046750285062714,6353.5263671875,0.9800176024436951,0.06567013263702393,-6.245307922363281,47.38703155517578,-1303.361597401535,0.04066940843490422
s7_49.tif,EpsonV370-2,150,1236,1754,0.7046750285062714,6353.5263671875,0.9858386516571045,0.07693824917078018,-7.515462398529053,59.452789306640625,-1596.2016647041514,0.016961231470923602
s7_5.tif,EpsonV370-2,150,1236,1754,0.7046750285062714,6353.5263671875,0.984295129776001,0.07596839964389801,-7.0014495849609375,51.95903015136719,-1516.1916728591411,0.02132896421678789
s7_50.tif,EpsonV370-2,150,1236,1754,0.7046750285062714,6353.5263671875,0.9773154854774475,0.10047485679388046,-5.852205753326416,35.216270446777344,-1480.3056292081876,0.021554523548578744
s7_51.tif,EpsonV370-2,150,1236,1754,0.7046750285062714,6353.5263671875,0.977500319480896,0.09243876487016678,-5.3874592781066895,30.315032958984375,-1492.7623693479934,0.03429055363053658
s7_52.tif,EpsonV370-2,150,1236,1754,0.7046750285062714,6353.5263671875,0.9179455041885376,0.16252979636192322,-1.6701281070709229,1.102419376373291,-1246.2937720662528,0.0127867693999476
s7_53.tif,EpsonV370-2,150,1236,1754,0.7046750285062714,6353.5263671875,0.9745063781738281,0.10262543708086014,-5.094748497009277,26.376630783081055,-1439.6806325291225,0.024407918285712177
s7_54.tif,EpsonV370-2,150,1236,1754,0.7046750285062714,6353.5263671875,0.9817906022071838,0.08081043511629105,-6.620477676391602,46.31267547607422,-1438.0083538160602,0.015005461395681808
s7_55.tif,EpsonV370-2,150,1236,1754,0.7046750285062714,6353.5263671875,0.9618128538131714,0.10170337557792664,-3.4640438556671143,13.521688461303711,-1277.6632124045134,0.03404239223891392
s7_56.tif,EpsonV370-2,150,1236,1754,0.7046750285062714,6353.5263671875,0.9514294862747192,0.12657766044139862,-3.674180030822754,14.589290618896484,-1199.1715959352905,0.046414483030926997
s7_57.tif,EpsonV370-2,150,1236,1754,0.7046750285062714,6353.5263671875,0.9779759049415588,0.09668264538049698,-5.491816520690918,30.536853790283203,-1532.238102863273,0.02971063828216965
s7_58.tif,EpsonV370-2,150,1236,1754,0.7046750285062714,6353.5263671875,0.982030987739563,0.07854979485273361,-6.168630123138428,40.10877227783203,-1477.664115029661,0.027558368666349316
s7_59.tif,EpsonV370-2,150,1236,1754,0.7046750285062714,6353.5263671875,0.9621849060058594,0.12986323237419128,-4.010801315307617,15.464311599731445,-1386.2606856462473,0.038384755325783323
s7_6.tif,EpsonV370-2,150,1236,1754,0.7046750285062714,6353.5263671875,0.9891434907913208,0.059457749128341675,-8.799430847167969,83.84032440185547,-1574.0912084630756,0.013960692711619857
s7_60.tif,EpsonV370-2,150,1236,1754,0.7046750285062714,6353.5263671875,0.9824150204658508,0.08671317249536514,-6.490478515625,43.1920166015625,-1549.8492627669718,0.021232098246080158
s7_61.tif,EpsonV370-2,150,1236,1754,0.7046750285062714,6353.5263671875,0.9845241904258728,0.07590010017156601,-6.638467311859131,46.68474578857422,-1582.2953702831285,0.024274612259357252
s7_62.tif,EpsonV370-2,150,1236,1754,0.7046750285062714,6353.5263671875,0.9724503755569458,0.11060497909784317,-4.955361366271973,24.29707145690918,-1448.9318712414392,0.02989468362651434
s7_63.tif,EpsonV370-2,150,1236,1754,0.7046750285062714,6353.5263671875,0.9598467946052551,0.11669076234102249,-4.459111213684082,19.781049728393555,-1065.0049369075105,0.03380530124394357
s7_64.tif,EpsonV370-2,150,1236,1754,0.7046750285062714,6353.5263671875,0.9570949077606201,0.13771474361419678,-4.046272277832031,15.335830688476562,-1209.1736879445968,0.029481850084688534
s7_65.tif,EpsonV370-2,150,1236,1754,0.7046750285062714,6353.5263671875,0.9630821943283081,0.13296960294246674,-4.063889503479004,15.469720840454102,-1456.8526783336456,0.038224695840851974
s7_66.tif,EpsonV370-2,150,1236,1754,0.7046750285062714,6353.5263671875,0.9594309329986572,0.1453905701637268,-3.8963093757629395,13.790546417236328,-1425.3832101313808,0.024300443184879315
s7_67.tif,EpsonV370-2,150,1236,1754,0.7046750285062714,6353.5263671875,0.8789993524551392,0.16143599152565002,-1.118048071861267,0.6744606494903564,-884.9654670201595,0.01894052613905156
s7_68.tif,EpsonV370-2,150,1236,1754,0.7046750285062714,6353.5263671875,0.9738641977310181,0.11579698324203491,-5.5351362228393555,30.72894287109375,-1475.2641908700455,0.02261866542678224
s7_69.tif,EpsonV370-2,150,1236,1754,0.7046750285062714,6353.5263671875,0.9823483824729919,0.08194020390510559,-6.556166172027588,45.1317138671875,-1485.0134789716128,0.024551372175665054
s7_7.tif,EpsonV370-2,150,1236,1754,0.7046750285062714,6353.5263671875,0.9825106263160706,0.07980621606111526,-6.473753929138184,43.81007385253906,-1481.5111309503257,0.02398908827903304
s7_70.tif,EpsonV370-2,150,1236,1754,0.7046750285062714,6353.5263671875,0.94717937707901,0.14421041309833527,-3.2670586109161377,9.968563079833984,-1170.7353856468476,0.08438086961655836
s7_71.tif,EpsonV370-2,150,1236,1754,0.7046750285062714,6353.5263671875,0.9852713942527771,0.07187127321958542,-6.555541515350342,45.44647979736328,-1599.6845672948741,0.025514496684416202
s7_72.tif,EpsonV370-2,150,1236,1754,0.7046750285062714,6353.5263671875,0.9722656607627869,0.11177454143762589,-4.982141017913818,24.887527465820312,-1456.7260987745562,0.03751988058732145
s7_73.tif,EpsonV370-2,150,1236,1754,0.7046750285062714,6353.5263671875,0.9623691439628601,0.12804733216762543,-4.2271728515625,17.462406158447266,-1322.0780072996517,0.042083190340709904
s7_74.tif,EpsonV370-2,150,1236,1754,0.7046750285062714,6353.5263671875,0.9833021759986877,0.07431532442569733,-6.354608535766602,43.832515716552734,-1513.5547266312935,0.02458504463214917
s7_75.tif,EpsonV370-2,150,1236,1754,0.7046750285062714,6353.5263671875,0.984785795211792,0.07182399928569794,-6.712380409240723,48.19784927368164,-1526.495450924591,0.022783337576985384
s7_76.tif,EpsonV370-2,150,1236,1754,0.7046750285062714,6353.5263671875,0.9831960797309875,0.07801852375268936,-7.463535785675049,59.87856674194336,-1440.744459064123,0.013611513950544848
s7_77.tif,EpsonV370-2,150,1236,1754,0.7046750285062714,6353.5263671875,0.9648727774620056,0.11859910935163498,-3.963897466659546,15.395198822021484,-1432.8789275408885,0.05055342757931017
s7_78.tif,EpsonV370-2,150,1236,1754,0.7046750285062714,6353.5263671875,0.9649794101715088,0.10411365330219269,-4.457503318786621,21.514087677001953,-1271.7428550003267,0.03551244866103553
s7_79.tif,EpsonV370-2,150,1236,1754,0.7046750285062714,6353.5263671875,0.9782181978225708,0.09226579964160919,-5.682360649108887,33.98160934448242,-1497.915520175438,0.0309482163745927
s7_8.tif,EpsonV370-2,150,1236,1754,0.7046750285062714,6353.5263671875,0.9792883396148682,0.08937186747789383,-6.188196659088135,39.72502517700195,-1403.585321106863,0.026081854512847197
s7_80.tif,EpsonV370-2,150,1236,1754,0.7046750285062714,6353.5263671875,0.9763151407241821,0.09343114495277405,-5.60968017578125,32.99612808227539,-1402.3093627660858,0.03597971165306853
s7_81.tif,EpsonV370-2,150,1236,1754,0.7046750285062714,6353.5263671875,0.9693445563316345,0.10877291113138199,-4.452986240386963,20.03718376159668,-1383.8374336232234,0.04087790090518943
s7_82.tif,EpsonV370-2,150,1236,1754,0.7046750285062714,6353.5263671875,0.9800553917884827,0.09274700284004211,-6.664992809295654,45.62624740600586,-1415.009697601903,0.017154502145811885
s7_83.tif,EpsonV370-2,150,1236,1754,0.7046750285062714,6353.5263671875,0.9751557111740112,0.10379166901111603,-5.064792633056641,25.841562271118164,-1545.6608987263671,0.03912970076717849
s7_84.tif,EpsonV370-2,150,1236,1754,0.7046750285062714,6353.5263671875,0.9827277660369873,0.07191137224435806,-7.218651294708252,58.559356689453125,-1420.2351785338062,0.021583122073263884
s7_85.tif,EpsonV370-2,150,1236,1754,0.7046750285062714,6353.5263671875,0.9752403497695923,0.10819779336452484,-5.593470096588135,32.02837371826172,-1468.2725779772516,0.02154622075108951
s7_86.tif,EpsonV370-2,150,1236,1754,0.7046750285062714,6353.5263671875,0.9757345914840698,0.1056932657957077,-5.309954643249512,27.881608963012695,-1504.3128227892482,0.024869646079419026
s7_87.tif,EpsonV370-2,150,1236,1754,0.7046750285062714,6353.5263671875,0.9776630401611328,0.0964709222316742,-5.672850608825684,32.7927131652832,-1457.9201003487053,0.029577793522341904
s7_88.tif,EpsonV370-2,150,1236,1754,0.7046750285062714,6353.5263671875,0.9749826192855835,0.09825445711612701,-5.005613803863525,25.548669815063477,-1427.5846232266576,0.026927356057167527
s7_89.tif,EpsonV370-2,150,1236,1754,0.7046750285062714,6353.5263671875,0.9688144326210022,0.11255127936601639,-4.345292568206787,18.805797576904297,-1472.0153221050743,0.04939149719734458
s7_9.tif,EpsonV370-2,150,1236,1754,0.7046750285062714,6353.5263671875,0.9717339277267456,0.112176813185215,-4.804436683654785,23.140010833740234,-1515.8078164841675,0.04117034388342134
s7_90.tif,EpsonV370-2,150,1236,1754,0.7046750285062714,6353.5263671875,0.9759194850921631,0.09421707689762115,-5.402515888214111,30.935928344726562,-1415.2919431593518,0.046003955821737094
s7_91.tif,EpsonV370-2,150,1236,1754,0.7046750285062714,6353.5263671875,0.9748485088348389,0.10786937177181244,-5.435321807861328,29.61907196044922,-1452.0507383929203,0.02683925415047621
s7_92.tif,EpsonV370-2,150,1236,1754,0.7046750285062714,6353.5263671875,0.9778236746788025,0.0972275361418724,-5.865965843200684,35.10962677001953,-1451.6704653671288,0.024743720317498975
s7_93.tif,EpsonV370-2,150,1236,1754,0.7046750285062714,6353.5263671875,0.9767075181007385,0.09921518713235855,-5.623969078063965,32.26557159423828,-1441.922044515966,0.028846224810234952
s7_94.tif,EpsonV370-2,150,1236,1754,0.7046750285062714,6353.5263671875,0.9787660837173462,0.09783484786748886,-6.124649524688721,38.260528564453125,-1462.362187694054,0.021859881989571686
s7_95.tif,EpsonV370-2,150,1236,1754,0.7046750285062714,6353.5263671875,0.9828037619590759,0.08418618887662888,-6.476044178009033,43.35638427734375,-1562.8718285619354,0.023199399984501445
s7_96.tif,EpsonV370-2,150,1236,1754,0.7046750285062714,6353.5263671875,0.9766390323638916,0.10579647868871689,-5.696507930755615,32.65247344970703,-1476.0510199371201,0.01683899584122099
s7_97.tif,EpsonV370-2,150,1236,1754,0.7046750285062714,6353.5263671875,0.9759455323219299,0.09847468882799149,-5.439964294433594,30.774673461914062,-1445.6415737374355,0.026971637643776778
s7_98.tif,EpsonV370-2,150,1236,1754,0.7046750285062714,6353.5263671875,0.957615077495575,0.12826764583587646,-3.634471893310547,12.850835800170898,-1324.005296683856,0.07608452985870484
s7_99.tif,EpsonV370-2,150,1236,1754,0.7046750285062714,6353.5263671875,0.9779139757156372,0.09861396253108978,-6.184452533721924,39.77817916870117,-1454.092102260304,0.023172185259397845
s7_1.tif,EpsonV370-2,300,2480,3508,0.7069555302166477,25495.0732421875,0.9615588784217834,0.1304377168416977,-4.544182300567627,19.848670959472656,-1190.5877660738481,0.016456279655717807
s7_10.tif,EpsonV370-2,300,2480,3508,0.7069555302166477,25495.0732421875,0.961712658405304,0.13003548979759216,-4.059353828430176,15.25021743774414,-1274.0835194026981,0.01554178007871409
s7_100.tif,EpsonV370-2,300,2480,3508,0.7069555302166477,25495.0732421875,0.9761568903923035,0.09778327494859695,-6.1361589431762695,38.422889709472656,-1318.8720113190436,0.011684122926398647
s7_11.tif,EpsonV370-2,300,2480,3508,0.7069555302166477,25495.0732421875,0.9653825759887695,0.11954120546579361,-4.597860336303711,20.932279586791992,-1266.4492993334804,0.028035917901938427
s7_12.tif,EpsonV370-2,300,2480,3508,0.7069555302166477,25495.0732421875,0.9780293703079224,0.08227498829364777,-7.03344202041626,52.55387496948242,-1257.2514803210584,0.010082139441644903
s7_13.tif,EpsonV370-2,300,2480,3508,0.7069555302166477,25495.0732421875,0.9719535112380981,0.10494212806224823,-5.426738739013672,29.678211212158203,-1261.9154750678304,0.019482312318387464
s7_14.tif,EpsonV370-2,300,2480,3508,0.7069555302166477,25495.0732421875,0.9720517992973328,0.10932061076164246,-5.219184398651123,27.183015823364258,-1365.19847930184,0.01990151543016883
s7_15.tif,EpsonV370-2,300,2480,3508,0.7069555302166477,25495.0732421875,0.9702816605567932,0.11056876927614212,-5.175043106079102,26.953994750976562,-1308.6081992708844,0.02261535844337367
s7_16.tif,EpsonV370-2,300,2480,3508,0.7069555302166477,25495.0732421875,0.9672497510910034,0.10916411876678467,-4.58287239074707,21.27017593383789,-1258.5119274800848,0.02626082778533858
s7_17.tif,EpsonV370-2,300,2480,3508,0.7069555302166477,25495.0732421875,0.9733704328536987,0.09649920463562012,-5.59240198135376,32.31676483154297,-1250.146460717106,0.02239328539375437
s7_18.tif,EpsonV370-2,300,2480,3508,0.7069555302166477,25495.0732421875,0.9856513738632202,0.06585641205310822,-8.891790390014648,84.1408920288086,-1400.0938132195358,0.006835987788281163
s7_19.tif,EpsonV370-2,300,2480,3508,0.7069555302166477,25495.0732421875,0.9743961691856384,0.10064037144184113,-5.895336627960205,35.11429977416992,-1277.1309514911993,0.014628200058851657
s7_2.tif,EpsonV370-2,300,2480,3508,0.7069555302166477,25495.0732421875,0.9457715153694153,0.1413678526878357,-3.4267711639404297,11.126790046691895,-1031.5336070399499,0.05184129823077206
s7_20.tif,EpsonV370-2,300,2480,3508,0.7069555302166477,25495.0732421875,0.9572582244873047,0.1279684454202652,-4.3696088790893555,18.762935638427734,-1062.7452657908952,0.025576562327583038
s7_21.tif,EpsonV370-2,300,2480,3508,0.7069555302166477,25495.0732421875,0.9853059649467468,0.06858281046152115,-8.346467971801758,73.8199234008789,-1409.5551116153877,0.009191088571743848
s7_22.tif,EpsonV370-2,300,2480,3508,0.7069555302166477,25495.0732421875,0.9860110282897949,0.062286749482154846,-9.33548355102539,93.61956024169922,-1368.6481985790997,0.006676329679626292
s7_23.tif,EpsonV370-2,300,2480,3508,0.7069555302166477,25495.0732421875,0.9763030409812927,0.08605268597602844,-6.168610095977783,40.0483512878418,-1254.1693458048157,0.013682320594401736
s7_24.tif,EpsonV370-2,300,2480,3508,0.7069555302166477,25495.0732421875,0.9806663393974304,0.07885072380304337,-6.827373027801514,48.75700378417969,-1341.4242952696668,0.01403876393129069
s7_25.tif,EpsonV370-2,300,2480,3508,0.7069555302166477,25495.0732421875,0.9695594310760498,0.11858164519071579,-5.235988140106201,26.896503448486328,-1288.9496675941082,0.015116944679442381
s7_26.tif,EpsonV370-2,300,2480,3508,0.7069555302166477,25495.0732421875,0.9757816195487976,0.09621810913085938,-6.163371562957764,38.608394622802734,-1280.3684035845395,0.01248758597859271
s7_27.tif,EpsonV370-2,300,2480,3508,0.7069555302166477,25495.0732421875,0.9541823267936707,0.14682669937610626,-3.8605754375457764,13.944013595581055,-1253.6063312173542,0.025783002905800566
s7_28.tif,EpsonV370-2,300,2480,3508,0.7069555302166477,25495.0732421875,0.9804366230964661,0.08300754427909851,-7.312024116516113,55.52070617675781,-1318.3501017183592,0.008548777908559239
s7_29.tif,EpsonV370-2,300,2480,3508,0.7069555302166477,25495.0732421875,0.983738899230957,0.06511985510587692,-7.684379577636719,65.02775573730469,-1350.5067633841686,0.0071434647073969175
s7_3.tif,EpsonV370-2,300,2480,3508,0.7069555302166477,25495.0732421875,0.9721914529800415,0.1099814847111702,-5.231442928314209,27.391944885253906,-1383.6498018122747,0.019886227792695037
s7_30.tif,EpsonV370-2,300,2480,3508,0.7069555302166477,25495.0732421875,0.9688159823417664,0.10348669439554214,-4.319169521331787,17.793869018554688,-1273.3863041600478,0.01470452330157796
s7_31.tif,EpsonV370-2,300,2480,3508,0.7069555302166477,25495.0732421875,0.9489989876747131,0.14495150744915009,-3.483944892883301,11.29175853729248,-1156.3129047439638,0.0413577720969581
s7_32.tif,EpsonV370-2,300,2480,3508,0.7069555302166477,25495.0732421875,0.9778310656547546,0.08707525581121445,-6.1460795402526855,39.511497497558594,-1309.1789209148237,0.02005669069775996
s7_33.tif,EpsonV370-2,300,2480,3508,0.7069555302166477,25495.0732421875,0.9511581659317017,0.14534015953540802,-3.670797348022461,12.61270523071289,-1185.525882371571,0.03611468716666054
s7_34.tif,EpsonV370-2,300,2480,3508,0.7069555302166477,25495.0732421875,0.9784488081932068,0.0844552218914032,-6.419947147369385,43.238895416259766,-1301.0027076691977,0.016264666936403428
s7_35.tif,EpsonV370-2,300,2480,3508,0.7069555302166477,25495.0732421875,0.9636387228965759,0.1318669319152832,-4.691508769989014,21.159767150878906,-1245.3379492199401,0.016465820061058595
s7_36.tif,EpsonV370-2,300,2480,3508,0.7069555302166477,25495.0732421875,0.976483941078186,0.09744331240653992,-6.224254608154297,39.26728057861328,-1332.2308923639569,0.01218436201125538
s7_37.tif,EpsonV370-2,300,2480,3508,0.7069555302166477,25495.0732421875,0.9745417237281799,0.10378991812467575,-5.790998458862305,33.66303634643555,-1324.257933261638,0.014833031412071946
s7_38.tif,EpsonV370-2,300,2480,3508,0.7069555302166477,25495.0732421875,0.9778716564178467,0.08756575733423233,-6.443434715270996,42.77458572387695,-1284.4834416658434,0.012748625262073786
s7_39.tif,EpsonV370-2,300,2480,3508,0.7069555302166477,25495.0732421875,0.980186402797699,0.08428238332271576,-6.465658664703369,44.19227981567383,-1395.3978744604053,0.01677260731231839
s7_4.tif,EpsonV370-2,300,2480,3508,0.7069555302166477,25495.0732421875,0.9598114490509033,0.12906678020954132,-4.150010585784912,16.673974990844727,-1215.652291010321,0.033618089528083275
s7_40.tif,EpsonV370-2,300,2480,3508,0.7069555302166477,25495.0732421875,0.9735550284385681,0.08812106400728226,-5.983994483947754,39.72135925292969,-1209.7989535643908,0.02399618843564939
s7_41.tif,EpsonV370-2,300,2480,3508,0.7069555302166477,25495.0732421875,0.9522746205329895,0.15730798244476318,-3.9207088947296143,14.383508682250977,-1242.363805297738,0.027838557950491043
s7_42.tif,EpsonV370-2,300,2480,3508,0.7069555302166477,25495.0732421875,0.9605833292007446,0.13646720349788666,-4.218498706817627,16.57568359375,-1245.645395759346,0.013617836649869423
s7_43.tif,EpsonV370-2,300,2480,3508,0.7069555302166477,25495.0732421875,0.9790454506874084,0.08677647262811661,-6.288336753845215,40.920997619628906,-1365.5124654519764,0.016771917644462425
s7_44.tif,EpsonV370-2,300,2480,3508,0.7069555302166477,25495.0732421875,0.9667755961418152,0.11671649664640427,-4.906681537628174,23.796117782592773,-1219.4236418942912,0.02193281715525803
s7_45.tif,EpsonV370-2,300,2480,3508,0.7069555302166477,25495.0732421875,0.9753738045692444,0.09707513451576233,-5.79689359664917,34.200836181640625,-1307.3332494653423,0.017954812962077463
s7_46.tif,EpsonV370-2,300,2480,3508,0.7069555302166477,25495.0732421875,0.969514012336731,0.10816069692373276,-5.111546993255615,26.350482940673828,-1251.4341760963414,0.023053412476551294
s7_47.tif,EpsonV370-2,300,2480,3508,0.7069555302166477,25495.0732421875,0.9698129892349243,0.0887506753206253,-5.091872692108154,28.906217575073242,-1142.0064486016788,0.03342716647662486
s7_48.tif,EpsonV370-2,300,2480,3508,0.7069555302166477,25495.0732421875,0.9763097763061523,0.07227995991706848,-6.190603256225586,45.080047607421875,-1189.5064177917457,0.021965231544488175
s7_49.tif,EpsonV370-2,300,2480,3508,0.7069555302166477,25495.0732421875,0.9823395609855652,0.08143889158964157,-7.392423152923584,56.90976333618164,-1403.14065417106,0.009949148490087174
s7_5.tif,EpsonV370-2,300,2480,3508,0.7069555302166477,25495.0732421875,0.9803177714347839,0.08078818768262863,-6.945127487182617,50.6270751953125,-1324.3518499702536,0.01243976900724611
s7_50.tif,EpsonV370-2,300,2480,3508,0.7069555302166477,25495.0732421875,0.9736838936805725,0.1033087745308876,-5.774417877197266,34.19375228881836,-1305.6343261383681,0.012033209806157354
s7_51.tif,EpsonV370-2,300,2480,3508,0.7069555302166477,25495.0732421875,0.9747375845909119,0.09873016923666,-5.394700050354004,29.780109405517578,-1382.5821599527155,0.01942529977562806
s7_52.tif,EpsonV370-2,300,2480,3508,0.7069555302166477,25495.0732421875,0.9135721921920776,0.1647321730852127,-1.6916229724884033,1.2357988357543945,-1058.5734587270529,0.007562552874535624
s7_53.tif,EpsonV370-2,300,2480,3508,0.7069555302166477,25495.0732421875,0.9710721373558044,0.10727334767580032,-5.068085193634033,25.871002197265625,-1296.3735327751172,0.012918743333210726
s7_54.tif,EpsonV370-2,300,2480,3508,0.7069555302166477,25495.0732421875,0.9791365265846252,0.08401673287153244,-6.565877437591553,45.365516662597656,-1340.0146502060416,0.00856406554603303
s7_55.tif,EpsonV370-2,300,2480,3508,0.7069555302166477,25495.0732421875,0.9565736055374146,0.10774149000644684,-3.576874017715454,14.37285041809082,-1087.4967952473494,0.01798676757273697
s7_56.tif,EpsonV370-2,300,2480,3508,0.7069555302166477,25495.0732421875,0.9464789032936096,0.1325875222682953,-3.680405616760254,14.243070602416992,-1024.2474078261139,0.024945401294736456
s7_57.tif,EpsonV370-2,300,2480,3508,0.7069555302166477,25495.0732421875,0.9732983708381653,0.10333116352558136,-5.449769973754883,29.768096923828125,-1318.4619589974022,0.016175240004413876
s7_58.tif,EpsonV370-2,300,2480,3508,0.7069555302166477,25495.0732421875,0.9779099225997925,0.08433827757835388,-6.1889872550964355,39.953163146972656,-1297.1337849408671,0.016672145694633465
s7_59.tif,EpsonV370-2,300,2480,3508,0.7069555302166477,25495.0732421875,0.9570237994194031,0.1357061266899109,-3.983137607574463,15.03525161743164,-1183.905437808177,0.021918334130282855
s7_6.tif,EpsonV370-2,300,2480,3508,0.7069555302166477,25495.0732421875,0.9850865006446838,0.064666248857975,-8.593992233276367,79.6268081665039,-1377.6668170630662,0.008327164637510575
s7_60.tif,EpsonV370-2,300,2480,3508,0.7069555302166477,25495.0732421875,0.9780471920967102,0.09183603525161743,-6.411356449127197,41.891258239746094,-1342.886630554201,0.011614121639018649
s7_61.tif,EpsonV370-2,300,2480,3508,0.7069555302166477,25495.0732421875,0.9809080362319946,0.0818733274936676,-6.621993064880371,45.76799392700195,-1385.3452151005056,0.014466013168058263
s7_62.tif,EpsonV370-2,300,2480,3508,0.7069555302166477,25495.0732421875,0.9681402444839478,0.11619236320257187,-4.940979480743408,23.967626571655273,-1273.8087160121875,0.016202251995438996
s7_63.tif,EpsonV370-2,300,2480,3508,0.7069555302166477,25495.0732421875,0.9567371606826782,0.12092843651771545,-4.470803737640381,19.742076873779297,-1013.692067370705,0.018139529002832236
s7_64.tif,EpsonV370-2,300,2480,3508,0.7069555302166477,25495.0732421875,0.9538742899894714,0.14105463027954102,-4.008315563201904,14.955163955688477,-1120.5369910285365,0.015672012358847978
s7_65.tif,EpsonV370-2,300,2480,3508,0.7069555302166477,25495.0732421875,0.9599791765213013,0.13875751197338104,-4.052489757537842,15.20785140991211,-1338.904104755645,0.021238206679663075
s7_66.tif,EpsonV370-2,300,2480,3508,0.7069555302166477,25495.0732421875,0.9550856947898865,0.14970916509628296,-3.873197317123413,13.570648193359375,-1244.739929922794,0.013267485379041453
s7_67.tif,EpsonV370-2,300,2480,3508,0.7069555302166477,25495.0732421875,0.8747822642326355,0.16456566751003265,-1.1418136358261108,0.73911452293396,-773.1229644048748,0.011093537352411078
s7_68.tif,EpsonV370-2,300,2480,3508,0.7069555302166477,25495.0732421875,0.9699138402938843,0.11959811300039291,-5.447696208953857,29.434734344482422,-1299.707197808542,0.013406223562732187
s7_69.tif,EpsonV370-2,300,2480,3508,0.7069555302166477,25495.0732421875,0.9775907397270203,0.08917626738548279,-6.436983585357666,42.88652420043945,-1288.6328843700903,0.01449750800014713
s7_7.tif,EpsonV370-2,300,2480,3508,0.7069555302166477,25495.0732421875,0.9778395891189575,0.08607354760169983,-6.490073204040527,43.75661849975586,-1277.897722823676,0.013673239967631588
s7_70.tif,EpsonV370-2,300,2480,3508,0.7069555302166477,25495.0732421875,0.9426109194755554,0.15582381188869476,-3.2986345291137695,9.846527099609375,-1078.7393805532804,0.04834077408320153
s7_71.tif,EpsonV370-2,300,2480,3508,0.7069555302166477,25495.0732421875,0.9813691973686218,0.07904550433158875,-6.576840877532959,45.149837493896484,-1399.4105265553223,0.015410858130724243
s7_72.tif,EpsonV370-2,300,2480,3508,0.7069555302166477,25495.0732421875,0.9679898619651794,0.11917203664779663,-4.950982093811035,24.127851486206055,-1285.120995671982,0.0207141740537757
s7_73.tif,EpsonV370-2,300,2480,3508,0.7069555302166477,25495.0732421875,0.958848237991333,0.13396655023097992,-4.223599433898926,17.185346603393555,-1202.8639452315253,0.0243230909993747
s7_74.tif,EpsonV370-2,300,2480,3508,0.7069555302166477,25495.0732421875,0.9791000485420227,0.08011709898710251,-6.424138069152832,44.26602554321289,-1315.7740653456465,0.014746133262220915
s7_75.tif,EpsonV370-2,300,2480,3508,0.7069555302166477,25495.0732421875,0.9795465469360352,0.0780235081911087,-6.581546783447266,46.035823822021484,-1287.557207552665,0.01212505057564277
s7_76.tif,EpsonV370-2,300,2480,3508,0.7069555302166477,25495.0732421875,0.9789060354232788,0.08204170316457748,-7.289416790008545,56.777347564697266,-1265.2720215754073,0.007561173538823703
s7_77.tif,EpsonV370-2,300,2480,3508,0.7069555302166477,25495.0732421875,0.9613168835639954,0.12704095244407654,-4.000899314880371,15.426858901977539,-1308.6150798226981,0.027268777356824953
s7_78.tif,EpsonV370-2,300,2480,3508,0.7069555302166477,25495.0732421875,0.9619757533073425,0.11048737913370132,-4.552594184875488,22.026010513305664,-1170.9180309718586,0.019008625445985215
s7_79.tif,EpsonV370-2,300,2480,3508,0.7069555302166477,25495.0732421875,0.9742873311042786,0.09820523113012314,-5.6795759201049805,33.41603469848633,-1309.3913823995094,0.0175134255342627
s7_8.tif,EpsonV370-2,300,2480,3508,0.7069555302166477,25495.0732421875,0.9758321046829224,0.094809390604496,-6.134052276611328,38.502498626708984,-1278.7961772832637,0.014368310221797182
s7_80.tif,EpsonV370-2,300,2480,3508,0.7069555302166477,25495.0732421875,0.9712240695953369,0.10101152211427689,-5.532419681549072,31.465282440185547,-1226.023994589346,0.018746091882149558
s7_81.tif,EpsonV370-2,300,2480,3508,0.7069555302166477,25495.0732421875,0.9657545685768127,0.11816530674695969,-4.535790920257568,20.303569793701172,-1267.4780839470536,0.028603629492036636
s7_82.tif,EpsonV370-2,300,2480,3508,0.7069555302166477,25495.0732421875,0.9770223498344421,0.09627243131399155,-6.593939304351807,44.32537841796875,-1301.1349352285713,0.009259365689483944
s7_83.tif,EpsonV370-2,300,2480,3508,0.7069555302166477,25495.0732421875,0.9713709950447083,0.1120205745100975,-5.074816703796387,25.518909454345703,-1375.6900546437507,0.02169465185566631
s7_84.tif,EpsonV370-2,300,2480,3508,0.7069555302166477,25495.0732421875,0.9785868525505066,0.07623229920864105,-7.094931602478027,56.14210510253906,-1249.394643086403,0.013098056975760474
s7_85.tif,EpsonV370-2,300,2480,3508,0.7069555302166477,25495.0732421875,0.9725022315979004,0.11197587102651596,-5.532439708709717,30.954010009765625,-1341.7403769818889,0.01185768933681539
s7_86.tif,EpsonV370-2,300,2480,3508,0.7069555302166477,25495.0732421875,0.9720098376274109,0.1097835823893547,-5.260096073150635,27.159944534301758,-1327.8329789969673,0.013136793320336926
s7_87.tif,EpsonV370-2,300,2480,3508,0.7069555302166477,25495.0732421875,0.9724738597869873,0.1034797877073288,-5.600333213806152,31.56298828125,-1249.0111285351543,0.016320989811306873
s7_88.tif,EpsonV370-2,300,2480,3508,0.7069555302166477,25495.0732421875,0.9699124097824097,0.10430341213941574,-4.98671817779541,25.235458374023438,-1226.0772271582123,0.015509020855555965
s7_89.tif,EpsonV370-2,300,2480,3508,0.7069555302166477,25495.0732421875,0.9649701714515686,0.12150762230157852,-4.402910232543945,19.008705139160156,-1320.693381520926,0.02861029628131092
s7_9.tif,EpsonV370-2,300,2480,3508,0.7069555302166477,25495.0732421875,0.9677171111106873,0.11923204362392426,-4.751154899597168,22.19820785522461,-1337.2661500941356,0.023088815426490602
s7_90.tif,EpsonV370-2,300,2480,3508,0.7069555302166477,25495.0732421875,0.9711660146713257,0.10139523446559906,-5.324192523956299,29.30743408203125,-1231.0742132881053,0.02620105657115533
s7_91.tif,EpsonV370-2,300,2480,3508,0.7069555302166477,25495.0732421875,0.9715860486030579,0.11329980194568634,-5.385089874267578,28.71327781677246,-1322.8273519811264,0.014446587523448707
s7_92.tif,EpsonV370-2,300,2480,3508,0.7069555302166477,25495.0732421875,0.9750921726226807,0.10209175199270248,-5.871114253997803,34.80046463012695,-1337.1076994287603,0.013449097914444404
s7_93.tif,EpsonV370-2,300,2480,3508,0.7069555302166477,25495.0732421875,0.9718610644340515,0.10531427711248398,-5.594515323638916,31.56151580810547,-1240.380479673005,0.016004892043991612
s7_94.tif,EpsonV370-2,300,2480,3508,0.7069555302166477,25495.0732421875,0.9745294451713562,0.10238716751337051,-6.055251121520996,37.03415298461914,-1277.149525602378,0.012099647809614889
s7_95.tif,EpsonV370-2,300,2480,3508,0.7069555302166477,25495.0732421875,0.9786732792854309,0.09012296795845032,-6.456387996673584,42.76320266723633,-1353.4235595940484,0.012953341670651415
s7_96.tif,EpsonV370-2,300,2480,3508,0.7069555302166477,25495.0732421875,0.9737462997436523,0.10902558267116547,-5.649557590484619,31.951160430908203,-1353.43243917864,0.00885372604553647
s7_97.tif,EpsonV370-2,300,2480,3508,0.7069555302166477,25495.0732421875,0.9732139706611633,0.10356888920068741,-5.476826190948486,30.768444061279297,-1326.7655060781142,0.014627280501710376
s7_98.tif,EpsonV370-2,300,2480,3508,0.7069555302166477,25495.0732421875,0.95182865858078,0.13968819379806519,-3.65122389793396,12.58288860321045,-1141.3780514969733,0.04521761319748409
s7_99.tif,EpsonV370-2,300,2480,3508,0.7069555302166477,25495.0732421875,0.9731615781784058,0.10317093878984451,-6.031688213348389,37.33918762207031,-1249.070686185843,0.012380802405561482
s8_1.tif,EpsonV39-1,150,1240,1754,0.7069555302166477,6374.0810546875,0.9714323282241821,0.1253662109375,-4.799258232116699,22.18596839904785,-1679.4343938297357,0.03029297090521205
s8_10.tif,EpsonV39-1,150,1240,1754,0.7069555302166477,6374.0810546875,0.9689977169036865,0.12584161758422852,-4.1880388259887695,16.286922454833984,-1720.6889867742486,0.02703497995365432
s8_100.tif,EpsonV39-1,150,1240,1754,0.7069555302166477,6374.0810546875,0.9847033023834229,0.09198043495416641,-6.8300395011901855,47.677757263183594,-1823.857962736478,0.0189709236031927
s8_11.tif,EpsonV39-1,150,1240,1754,0.7069555302166477,6374.0810546875,0.9739067554473877,0.1141863539814949,-4.950645923614502,24.565771102905273,-1746.6825958438708,0.04928688343693677
s8_12.tif,EpsonV39-1,150,1240,1754,0.7069555302166477,6374.0810546875,0.9869657158851624,0.07709657400846481,-7.912910461425781,65.40617370605469,-1720.3484506489226,0.01656904035016736
s8_13.tif,EpsonV39-1,150,1240,1754,0.7069555302166477,6374.0810546875,0.9797301888465881,0.10134657472372055,-5.786660671234131,33.966461181640625,-1722.7813628432898,0.03540340971787987
s8_14.tif,EpsonV39-1,150,1240,1754,0.7069555302166477,6374.0810546875,0.9788654446601868,0.10520520806312561,-5.64038610458374,31.960224151611328,-1753.1726041886814,0.033314175892889986
s8_15.tif,EpsonV39-1,150,1240,1754,0.7069555302166477,6374.0810546875,0.9777594804763794,0.10734007507562637,-5.592269420623779,31.525676727294922,-1736.789641805788,0.03852070842682164
s8_16.tif,EpsonV39-1,150,1240,1754,0.7069555302166477,6374.0810546875,0.975947380065918,0.10152631253004074,-5.001446723937988,25.73052406311035,-1677.5294832188777,0.04470564975907603
s8_17.tif,EpsonV39-1,150,1240,1754,0.7069555302166477,6374.0810546875,0.982131838798523,0.0905204638838768,-6.022756576538086,37.69248580932617,-1746.31076045778,0.0363363004377092
s8_18.tif,EpsonV39-1,150,1240,1754,0.7069555302166477,6374.0810546875,0.9927694201469421,0.06167187541723251,-10.02647876739502,104.4727783203125,-1894.7440094156793,0.010826406002869018
s8_19.tif,EpsonV39-1,150,1240,1754,0.7069555302166477,6374.0810546875,0.9822850823402405,0.09697235375642776,-6.300769329071045,40.08729934692383,-1742.5286236741958,0.02488827380733439
s8_2.tif,EpsonV39-1,150,1240,1754,0.7069555302166477,6374.0810546875,0.9574010372161865,0.1344274878501892,-3.698209524154663,13.397127151489258,-1476.024087821145,0.08134264538198403
s8_20.tif,EpsonV39-1,150,1240,1754,0.7069555302166477,6374.0810546875,0.9691820740699768,0.12108135968446732,-4.651252746582031,21.449729919433594,-1506.6081079693813,0.04451024386655387
s8_21.tif,EpsonV39-1,150,1240,1754,0.7069555302166477,6374.0810546875,0.9918279051780701,0.06386005133390427,-9.315625190734863,91.13627624511719,-1877.39853243718,0.013948762276087837
s8_22.tif,EpsonV39-1,150,1240,1754,0.7069555302166477,6374.0810546875,0.9933298826217651,0.05831502005457878,-10.529397010803223,116.3175277709961,-1881.4258345733156,0.010602034060396512
s8_23.tif,EpsonV39-1,150,1240,1754,0.7069555302166477,6374.0810546875,0.9856154918670654,0.07928826659917831,-6.97062349319458,51.13216781616211,-1767.0948671470692,0.022627082796925
s8_24.tif,EpsonV39-1,150,1240,1754,0.7069555302166477,6374.0810546875,0.988466203212738,0.07297047972679138,-7.505709648132324,58.9015007019043,-1830.8972338560802,0.023988946923161805
s8_25.tif,EpsonV39-1,150,1240,1754,0.7069555302166477,6374.0810546875,0.9767158031463623,0.11605662107467651,-5.4718403816223145,29.403472900390625,-1749.6595256724918,0.025611505498951706
s8_26.tif,EpsonV39-1,150,1240,1754,0.7069555302166477,6374.0810546875,0.9843407273292542,0.09203562885522842,-6.660473823547363,44.909481048583984,-1801.1003193830659,0.02120820612792879
s8_27.tif,EpsonV39-1,150,1240,1754,0.7069555302166477,6374.0810546875,0.9618340134620667,0.14001302421092987,-4.0434441566467285,15.44802474975586,-1579.052236185466,0.04261273770552102
s8_28.tif,EpsonV39-1,150,1240,1754,0.7069555302166477,6374.0810546875,0.9892768263816833,0.07776937633752823,-8.248699188232422,69.5487289428711,-1872.4696230313937,0.013715194762202523
s8_29.tif,EpsonV39-1,150,1240,1754,0.7069555302166477,6374.0810546875,0.9918321371078491,0.0566757470369339,-9.16226577758789,91.7445297241211,-1818.7499001325684,0.01086502740280281
s8_3.tif,EpsonV39-1,150,1240,1754,0.7069555302166477,6374.0810546875,0.9783755540847778,0.10561936348676682,-5.548823356628418,31.042953491210938,-1751.604055434672,0.034536727112222755
s8_30.tif,EpsonV39-1,150,1240,1754,0.7069555302166477,6374.0810546875,0.977850615978241,0.09307371079921722,-4.541862964630127,19.841583251953125,-1701.6870232548174,0.023102034060396515
s8_31.tif,EpsonV39-1,150,1240,1754,0.7069555302166477,6374.0810546875,0.9572376608848572,0.1370912492275238,-3.615248203277588,12.403600692749023,-1493.8472425699085,0.06638650825762313
s8_32.tif,EpsonV39-1,150,1240,1754,0.7069555302166477,6374.0810546875,0.9846936464309692,0.0824115201830864,-6.6177659034729,46.39963150024414,-1734.2377319370567,0.037443907014381876
s8_33.tif,EpsonV39-1,150,1240,1754,0.7069555302166477,6374.0810546875,0.9594693779945374,0.13897354900836945,-3.867898941040039,14.294197082519531,-1532.4959371859327,0.06043743333210726
s8_34.tif,EpsonV39-1,150,1240,1754,0.7069555302166477,6374.0810546875,0.9865607619285583,0.07924239337444305,-7.014781951904297,51.59741973876953,-1808.9106123675613,0.027258432338985544
s8_35.tif,EpsonV39-1,150,1240,1754,0.7069555302166477,6374.0810546875,0.9719984531402588,0.12760543823242188,-4.938938617706299,23.532672882080078,-1712.567783848369,0.028954555486077903
s8_36.tif,EpsonV39-1,150,1240,1754,0.7069555302166477,6374.0810546875,0.9846211075782776,0.09312334656715393,-6.7453131675720215,45.9204216003418,-1851.3448408701568,0.02068957590024644
s8_37.tif,EpsonV39-1,150,1240,1754,0.7069555302166477,6374.0810546875,0.9817456603050232,0.1001858338713646,-6.200378894805908,38.67082214355469,-1787.195121668862,0.02495264280722404
s8_38.tif,EpsonV39-1,150,1240,1754,0.7069555302166477,6374.0810546875,0.9861430525779724,0.08266040682792664,-7.045163154602051,51.197601318359375,-1767.8900753394948,0.021028892485379043
s8_39.tif,EpsonV39-1,150,1240,1754,0.7069555302166477,6374.0810546875,0.986444354057312,0.07892127335071564,-7.100161552429199,53.96942901611328,-1810.9554998425995,0.02990491779159157
s8_4.tif,EpsonV39-1,150,1240,1754,0.7069555302166477,6374.0810546875,0.9682430028915405,0.12458327412605286,-4.428066253662109,19.329849243164062,-1661.0650573547048,0.055628609261779524
s8_40.tif,EpsonV39-1,150,1240,1754,0.7069555302166477,6374.0810546875,0.9827290177345276,0.08248472958803177,-6.7575178146362305,50.514923095703125,-1670.2935565119512,0.04319481737595174
s8_41.tif,EpsonV39-1,150,1240,1754,0.7069555302166477,6374.0810546875,0.9601644277572632,0.15141580998897552,-4.071016311645508,15.654886245727539,-1691.8276719680957,0.05033517857799684
s8_42.tif,EpsonV39-1,150,1240,1754,0.7069555302166477,6374.0810546875,0.9683099985122681,0.13283783197402954,-4.368334770202637,17.84906578063965,-1689.7775257659946,0.02342433883841542
s8_43.tif,EpsonV39-1,150,1240,1754,0.7069555302166477,6374.0810546875,0.9858430624008179,0.08211518824100494,-6.850311756134033,48.83195114135742,-1800.3234867907313,0.02590760289844411
s8_44.tif,EpsonV39-1,150,1240,1754,0.7069555302166477,6374.0810546875,0.9756781458854675,0.11302810162305832,-5.201570987701416,26.929410934448242,-1745.5747875737313,0.03873726413359326
s8_45.tif,EpsonV39-1,150,1240,1754,0.7069555302166477,6374.0810546875,0.9827076196670532,0.09253353625535965,-6.185006618499756,39.1867561340332,-1776.1003565007286,0.03053389487622761
s8_46.tif,EpsonV39-1,150,1240,1754,0.7069555302166477,6374.0810546875,0.97829270362854,0.10394237190485,-5.512391090393066,30.84466552734375,-1743.0721995783756,0.036536763894508405
s8_47.tif,EpsonV39-1,150,1240,1754,0.7069555302166477,6374.0810546875,0.9800580143928528,0.08143707364797592,-5.738570213317871,37.34925079345703,-1621.2478241187996,0.06028202817523081
s8_48.tif,EpsonV39-1,150,1240,1754,0.7069555302166477,6374.0810546875,0.985360324382782,0.06569067388772964,-7.098405361175537,59.40851593017578,-1634.6507499350575,0.03963061389634752
s8_49.tif,EpsonV39-1,150,1240,1754,0.7069555302166477,6374.0810546875,0.9887509346008301,0.07769080251455307,-8.122213363647461,68.11122131347656,-1835.6740492213191,0.015216831573914003
s8_5.tif,EpsonV39-1,150,1240,1754,0.7069555302166477,6374.0810546875,0.9882409572601318,0.07673674076795578,-7.754972457885742,62.58299255371094,-1811.3047180977612,0.019328631331150918
s8_50.tif,EpsonV39-1,150,1240,1754,0.7069555302166477,6374.0810546875,0.9822338223457336,0.09757325798273087,-6.34938383102417,41.34683609008789,-1794.121954832193,0.019891860080185383
s8_51.tif,EpsonV39-1,150,1240,1754,0.7069555302166477,6374.0810546875,0.981234610080719,0.09341145306825638,-5.794968128204346,34.63328552246094,-1758.8693603967395,0.03206173906646559
s8_52.tif,EpsonV39-1,150,1240,1754,0.7069555302166477,6374.0810546875,0.9319222569465637,0.14270980656147003,-1.8232594728469849,2.0718040466308594,-1518.0881610035542,0.01128894324493324
s8_53.tif,EpsonV39-1,150,1240,1754,0.7069555302166477,6374.0810546875,0.9793263077735901,0.10134478658437729,-5.523938179016113,31.227642059326172,-1762.5012710445799,0.022374664361643433
s8_54.tif,EpsonV39-1,150,1240,1754,0.7069555302166477,6374.0810546875,0.9875658750534058,0.0771573856472969,-7.459054470062256,58.38214111328125,-1834.8919070369418,0.01310552837753338
s8_55.tif,EpsonV39-1,150,1240,1754,0.7069555302166477,6374.0810546875,0.966399610042572,0.10239852964878082,-3.8113503456115723,16.727819442749023,-1545.0871221750924,0.03176977967410895
s8_56.tif,EpsonV39-1,150,1240,1754,0.7069555302166477,6374.0810546875,0.9565460681915283,0.1271580010652542,-3.9127955436706543,16.394676208496094,-1471.505042402261,0.04420587045278994
s8_57.tif,EpsonV39-1,150,1240,1754,0.7069555302166477,6374.0810546875,0.9810382723808289,0.09759256988763809,-5.85842752456665,34.51451110839844,-1762.0652048374805,0.02780740795233016
s8_58.tif,EpsonV39-1,150,1240,1754,0.7069555302166477,6374.0810546875,0.9862399697303772,0.078810915350914,-6.864055633544922,49.13417434692383,-1777.773347459625,0.025548515834773973
s8_59.tif,EpsonV39-1,150,1240,1754,0.7069555302166477,6374.0810546875,0.9665824770927429,0.13065575063228607,-4.276244163513184,17.736764907836914,-1664.2125132708852,0.03664527163717953
s8_6.tif,EpsonV39-1,150,1240,1754,0.7069555302166477,6374.0810546875,0.9928866624832153,0.059454191476106644,-10.015406608581543,105.7103271484375,-1896.1664111980917,0.01222091440762129
s8_60.tif,EpsonV39-1,150,1240,1754,0.7069555302166477,6374.0810546875,0.9856634140014648,0.08831463009119034,-6.957963943481445,49.07513427734375,-1834.5209827622161,0.01944035752381653
s8_61.tif,EpsonV39-1,150,1240,1754,0.7069555302166477,6374.0810546875,0.9878105521202087,0.07600241154432297,-7.401492118835449,57.28328323364258,-1821.260660350003,0.022254202376135655
s8_62.tif,EpsonV39-1,150,1240,1754,0.7069555302166477,6374.0810546875,0.9770593643188477,0.11151061952114105,-5.343985080718994,28.25625991821289,-1764.603336104804,0.027576599109868687
s8_63.tif,EpsonV39-1,150,1240,1754,0.7069555302166477,6374.0810546875,0.9679824113845825,0.11576831340789795,-4.811481475830078,22.878400802612305,-1318.005906614682,0.03159322470298304
s8_64.tif,EpsonV39-1,150,1240,1754,0.7069555302166477,6374.0810546875,0.9649466872215271,0.13336065411567688,-4.233603477478027,16.79203987121582,-1532.554672496761,0.027334755581711848
s8_65.tif,EpsonV39-1,150,1240,1754,0.7069555302166477,6374.0810546875,0.9668378829956055,0.1323115974664688,-4.223021507263184,16.70433235168457,-1679.868472404999,0.03617997572369147
s8_66.tif,EpsonV39-1,150,1240,1754,0.7069555302166477,6374.0810546875,0.9631789922714233,0.14609408378601074,-4.007180213928223,14.589603424072266,-1731.4949110833634,0.022352135211682053
s8_67.tif,EpsonV39-1,150,1240,1754,0.7069555302166477,6374.0810546875,0.8980253338813782,0.145085409283638,-1.4147651195526123,2.3379158973693848,-1110.1048111977502,0.017481241034317873
s8_68.tif,EpsonV39-1,150,1240,1754,0.7069555302166477,6374.0810546875,0.9778928160667419,0.11651381850242615,-5.776702404022217,32.99583053588867,-1795.866910258192,0.020721300621620628
s8_69.tif,EpsonV39-1,150,1240,1754,0.7069555302166477,6374.0810546875,0.9859100580215454,0.08479773998260498,-7.080777168273926,51.852561950683594,-1795.063650708299,0.022704325596792585
s8_7.tif,EpsonV39-1,150,1240,1754,0.7069555302166477,6374.0810546875,0.9869077801704407,0.08090978860855103,-7.237706184387207,54.002967834472656,-1805.5614992154074,0.021952127855224924
s8_70.tif,EpsonV39-1,150,1240,1754,0.7069555302166477,6374.0810546875,0.9511465430259705,0.15230262279510498,-3.48684024810791,11.33197021484375,-1429.7265551756816,0.08163690366719388
s8_71.tif,EpsonV39-1,150,1240,1754,0.7069555302166477,6374.0810546875,0.9883447289466858,0.07238571345806122,-7.302139759063721,55.717247009277344,-1843.321708291642,0.023465718909773052
s8_72.tif,EpsonV39-1,150,1240,1754,0.7069555302166477,6374.0810546875,0.9753855466842651,0.11614961177110672,-5.257401943206787,27.41310691833496,-1756.6353871388674,0.03567008128885129
s8_73.tif,EpsonV39-1,150,1240,1754,0.7069555302166477,6374.0810546875,0.9679679274559021,0.12879137694835663,-4.517421722412109,19.8303279876709,-1638.0599459246566,0.040060506859896275
s8_74.tif,EpsonV39-1,150,1240,1754,0.7069555302166477,6374.0810546875,0.9872069954872131,0.07449021190404892,-7.178577899932861,55.394630432128906,-1821.2144203937023,0.022602714532681062
s8_75.tif,EpsonV39-1,150,1240,1754,0.7069555302166477,6374.0810546875,0.9879570007324219,0.07115820050239563,-7.405933856964111,59.224609375,-1748.8623670477202,0.020874406885643872
s8_76.tif,EpsonV39-1,150,1240,1754,0.7069555302166477,6374.0810546875,0.9874157309532166,0.07823187112808228,-8.066941261291504,68.53717041015625,-1760.4824318404292,0.012137234707764741
s8_77.tif,EpsonV39-1,150,1240,1754,0.7069555302166477,6374.0810546875,0.968400776386261,0.11926611512899399,-4.296111583709717,18.515426635742188,-1621.463913306609,0.04821054180306764
s8_78.tif,EpsonV39-1,150,1240,1754,0.7069555302166477,6374.0810546875,0.9722736477851868,0.10313046723604202,-5.169486999511719,28.479034423828125,-1579.7963415624,0.03304704454334793
s8_79.tif,EpsonV39-1,150,1240,1754,0.7069555302166477,6374.0810546875,0.9821909666061401,0.09204179793596268,-6.293615341186523,41.41941452026367,-1761.251635310756,0.028731562879317323
s8_8.tif,EpsonV39-1,150,1240,1754,0.7069555302166477,6374.0810546875,0.9840583205223083,0.09093614667654037,-6.6852312088012695,45.60255813598633,-1743.579116460313,0.023736528487880236
s8_80.tif,EpsonV39-1,150,1240,1754,0.7069555302166477,6374.0810546875,0.9812458753585815,0.09530103951692581,-6.131557464599609,38.70787048339844,-1723.2905711912572,0.03348107551403244
s8_81.tif,EpsonV39-1,150,1240,1754,0.7069555302166477,6374.0810546875,0.9732863903045654,0.11292798817157745,-4.765908718109131,22.79875946044922,-1698.0392190742464,0.037797016956633685
s8_82.tif,EpsonV39-1,150,1240,1754,0.7069555302166477,6374.0810546875,0.9855324029922485,0.09211941808462143,-7.2847676277160645,53.58529281616211,-1780.0140300559522,0.015045334167065142
s8_83.tif,EpsonV39-1,150,1240,1754,0.7069555302166477,6374.0810546875,0.9776625633239746,0.10776334255933762,-5.4613261222839355,29.940685272216797,-1747.8651151972792,0.03698826645087726
s8_84.tif,EpsonV39-1,150,1240,1754,0.7069555302166477,6374.0810546875,0.9880363345146179,0.07067584991455078,-8.313733100891113,75.20594787597656,-1755.4530199838287,0.020138761172619268
s8_85.tif,EpsonV39-1,150,1240,1754,0.7069555302166477,6374.0810546875,0.9796137809753418,0.10788653790950775,-5.996606826782227,36.46477508544922,-1793.1687628436202,0.01964587854489278
s8_86.tif,EpsonV39-1,150,1240,1754,0.7069555302166477,6374.0810546875,0.9796057343482971,0.10565241426229477,-5.6073174476623535,30.863445281982422,-1799.8312665916562,0.022840420053702137
s8_87.tif,EpsonV39-1,150,1240,1754,0.7069555302166477,6374.0810546875,0.9812551736831665,0.09957747161388397,-6.054357051849365,36.92292404174805,-1754.2180950338511,0.027538437488505537
s8_88.tif,EpsonV39-1,150,1240,1754,0.7069555302166477,6374.0810546875,0.979375958442688,0.09714721143245697,-5.5248894691467285,31.817340850830078,-1686.403338789154,0.025098392614117043
s8_89.tif,EpsonV39-1,150,1240,1754,0.7069555302166477,6374.0810546875,0.97187739610672,0.1162770465016365,-4.7309041023254395,22.378398895263672,-1672.5484183765911,0.04694707029094788
s8_9.tif,EpsonV39-1,150,1240,1754,0.7069555302166477,6374.0810546875,0.9746034145355225,0.11499392241239548,-5.061634063720703,25.455751419067383,-1737.1854959036395,0.0386636995622908
s8_90.tif,EpsonV39-1,150,1240,1754,0.7069555302166477,6374.0810546875,0.9803439974784851,0.09554511308670044,-5.8613362312316895,35.960121154785156,-1745.5741692928957,0.04385781807481517
s8_91.tif,EpsonV39-1,150,1240,1754,0.7069555302166477,6374.0810546875,0.9791520237922668,0.10966010391712189,-5.8144025802612305,33.60965347290039,-1780.723159744043,0.024739305550446906
s8_92.tif,EpsonV39-1,150,1240,1754,0.7069555302166477,6374.0810546875,0.9831018447875977,0.09716209769248962,-6.4829254150390625,42.48921585083008,-1814.2166062190843,0.02248087321146136
s8_93.tif,EpsonV39-1,150,1240,1754,0.7069555302166477,6374.0810546875,0.9812448024749756,0.10091723501682281,-6.140151023864746,38.06520080566406,-1758.5847784839866,0.026595891418692758
s8_94.tif,EpsonV39-1,150,1240,1754,0.7069555302166477,6374.0810546875,0.9827259182929993,0.09908217936754227,-6.59217643737793,43.737335205078125,-1738.1366104841027,0.01984220399455622
s8_95.tif,EpsonV39-1,150,1240,1754,0.7069555302166477,6374.0810546875,0.9865028262138367,0.08447559177875519,-7.230329990386963,53.628639221191406,-1823.429651114201,0.021114871078088793
s8_96.tif,EpsonV39-1,150,1240,1754,0.7069555302166477,6374.0810546875,0.9807170033454895,0.10576451569795609,-6.084104061126709,37.15287780761719,-1807.8884046625292,0.015089932688417258
s8_97.tif,EpsonV39-1,150,1240,1754,0.7069555302166477,6374.0810546875,0.9806152582168579,0.09849685430526733,-6.03164005279541,37.63665008544922,-1768.168157811776,0.024919078971567293
s8_98.tif,EpsonV39-1,150,1240,1754,0.7069555302166477,6374.0810546875,0.960447371006012,0.13542017340660095,-3.8705620765686035,14.543441772460938,-1575.3594384837522,0.07387032405193658
s8_99.tif,EpsonV39-1,150,1240,1754,0.7069555302166477,6374.0810546875,0.9814854264259338,0.0991041362285614,-6.52417516708374,43.59138488769531,-1702.3457715177442,0.021164986942288595
s8_1.tif,EpsonV39-1,300,2480,3508,0.7069555302166477,25495.0732421875,0.9700349569320679,0.13087959587574005,-4.758045196533203,21.492517471313477,-1626.4341016696874,0.015605459410747783
s8_10.tif,EpsonV39-1,300,2480,3508,0.7069555302166477,25495.0732421875,0.9673433303833008,0.13245707750320435,-4.224468231201172,16.571653366088867,-1654.190622421524,0.0149213088976349
s8_100.tif,EpsonV39-1,300,2480,3508,0.7069555302166477,25495.0732421875,0.9830602407455444,0.09801176935434341,-6.6959733963012695,44.95252227783203,-1709.9002263539912,0.010800198624342517
s8_11.tif,EpsonV39-1,300,2480,3508,0.7069555302166477,25495.0732421875,0.9714065790176392,0.1257481426000595,-4.849255561828613,22.74524688720703,-1668.0798112470377,0.026862907823592158
s8_12.tif,EpsonV39-1,300,2480,3508,0.7069555302166477,25495.0732421875,0.9851114749908447,0.08362064510583878,-7.704406261444092,60.8349609375,-1622.236928270174,0.009264768087688969
s8_13.tif,EpsonV39-1,300,2480,3508,0.7069555302166477,25495.0732421875,0.9778639674186707,0.11049369722604752,-5.69449520111084,31.966922760009766,-1658.3544711850166,0.018900002758671423
s8_14.tif,EpsonV39-1,300,2480,3508,0.7069555302166477,25495.0732421875,0.976661205291748,0.11457338184118271,-5.5455427169799805,30.120376586914062,-1656.257216684175,0.0189936826424394
s8_15.tif,EpsonV39-1,300,2480,3508,0.7069555302166477,25495.0732421875,0.9754563570022583,0.1156880259513855,-5.476579189300537,29.537452697753906,-1619.4837432726938,0.02216569500128738
s8_16.tif,EpsonV39-1,300,2480,3508,0.7069555302166477,25495.0732421875,0.9743601083755493,0.10886378586292267,-5.013051986694336,25.32537841796875,-1610.071488001763,0.025257361054915953
s8_17.tif,EpsonV39-1,300,2480,3508,0.7069555302166477,25495.0732421875,0.9798450469970703,0.10061866790056229,-5.9239702224731445,35.25690841674805,-1640.802080788072,0.02159499485048001
s8_18.tif,EpsonV39-1,300,2480,3508,0.7069555302166477,25495.0732421875,0.9914582371711731,0.06675021350383759,-9.816924095153809,98.45306396484375,-1774.9219362217943,0.00626252896604995
s8_19.tif,EpsonV39-1,300,2480,3508,0.7069555302166477,25495.0732421875,0.9807489514350891,0.10398495197296143,-6.212034702301025,38.12611389160156,-1673.8407981164935,0.014017269283113252
s8_2.tif,EpsonV39-1,300,2480,3508,0.7069555302166477,25495.0732421875,0.9541735649108887,0.14955615997314453,-3.6758456230163574,12.585707664489746,-1434.3285762445319,0.050179313642549746
s8_20.tif,EpsonV39-1,300,2480,3508,0.7069555302166477,25495.0732421875,0.9670830965042114,0.12868449091911316,-4.603015899658203,20.512203216552734,-1451.3534759826584,0.0247306847022474
s8_21.tif,EpsonV39-1,300,2480,3508,0.7069555302166477,25495.0732421875,0.9908958077430725,0.06993632018566132,-9.118539810180664,85.05870819091797,-1823.5990768893505,0.00857429561922978
s8_22.tif,EpsonV39-1,300,2480,3508,0.7069555302166477,25495.0732421875,0.9925261735916138,0.06314191222190857,-10.34405517578125,109.78608703613281,-1822.6840239260407,0.006008271416485821
s8_23.tif,EpsonV39-1,300,2480,3508,0.7069555302166477,25495.0732421875,0.9839339852333069,0.08689497411251068,-6.886294841766357,48.78617858886719,-1669.8433668557661,0.012862420458307279
s8_24.tif,EpsonV39-1,300,2480,3508,0.7069555302166477,25495.0732421875,0.987117350101471,0.08152466267347336,-7.476662635803223,56.837745666503906,-1767.1554394315895,0.013354268584249825
s8_25.tif,EpsonV39-1,300,2480,3508,0.7069555302166477,25495.0732421875,0.9752610325813293,0.12196063250303268,-5.365701198577881,27.746295928955078,-1688.0350236484107,0.014600728289255894
s8_26.tif,EpsonV39-1,300,2480,3508,0.7069555302166477,25495.0732421875,0.9825730323791504,0.09823255240917206,-6.534360408782959,42.40807342529297,-1683.946730225819,0.01183447051899805
s8_27.tif,EpsonV39-1,300,2480,3508,0.7069555302166477,25495.0732421875,0.9600171446800232,0.1468280702829361,-4.013176441192627,14.926887512207031,-1524.8961707225783,0.02492861937690808
s8_28.tif,EpsonV39-1,300,2480,3508,0.7069555302166477,25495.0732421875,0.9879241585731506,0.08267311751842499,-8.05107307434082,65.2070541381836,-1757.420696011712,0.007706348622503402
s8_29.tif,EpsonV39-1,300,2480,3508,0.7069555302166477,25495.0732421875,0.990703284740448,0.06042169779539108,-9.106996536254883,89.53844451904297,-1725.376776281281,0.006283563835656748
s8_3.tif,EpsonV39-1,300,2480,3508,0.7069555302166477,25495.0732421875,0.9762409329414368,0.1142372190952301,-5.435091495513916,28.95758628845215,-1648.7250356716725,0.01905322396733733
s8_30.tif,EpsonV39-1,300,2480,3508,0.7069555302166477,25495.0732421875,0.9764112830162048,0.09716950356960297,-4.6085662841796875,20.707258224487305,-1614.4220986726884,0.014271411888034722
s8_31.tif,EpsonV39-1,300,2480,3508,0.7069555302166477,25495.0732421875,0.9539149403572083,0.1487956941127777,-3.6218197345733643,12.070878982543945,-1406.6865897949963,0.04044384724316769
s8_32.tif,EpsonV39-1,300,2480,3508,0.7069555302166477,25495.0732421875,0.9823839068412781,0.09207413345575333,-6.447324752807617,42.25864028930664,-1620.088058025003,0.01932001048295141
s8_33.tif,EpsonV39-1,300,2480,3508,0.7069555302166477,25495.0732421875,0.9560311436653137,0.1497834175825119,-3.8493430614471436,13.78936767578125,-1420.401767412059,0.03531973001802332
s8_34.tif,EpsonV39-1,300,2480,3508,0.7069555302166477,25495.0732421875,0.9851294755935669,0.08723315596580505,-6.887344837188721,48.0316047668457,-1736.6212759263262,0.015366259609372126
s8_35.tif,EpsonV39-1,300,2480,3508,0.7069555302166477,25495.0732421875,0.9705799221992493,0.13340511918067932,-4.860718727111816,22.397327423095703,-1665.31789835006,0.01590557987273329
s8_36.tif,EpsonV39-1,300,2480,3508,0.7069555302166477,25495.0732421875,0.983189582824707,0.099512480199337,-6.626306056976318,43.500732421875,-1762.435247920253,0.01157929341229264
s8_37.tif,EpsonV39-1,300,2480,3508,0.7069555302166477,25495.0732421875,0.9797773361206055,0.10727792233228683,-6.061046123504639,36.19276428222656,-1670.7149641065498,0.014267043991613639
s8_38.tif,EpsonV39-1,300,2480,3508,0.7069555302166477,25495.0732421875,0.9844198226928711,0.08991144597530365,-6.988193988800049,49.382530212402344,-1669.514758154609,0.012133441534556958
s8_39.tif,EpsonV39-1,300,2480,3508,0.7069555302166477,25495.0732421875,0.984745442867279,0.08670224249362946,-6.91376256942749,49.41749954223633,-1708.1208092265126,0.016294437598852393
s8_4.tif,EpsonV39-1,300,2480,3508,0.7069555302166477,25495.0732421875,0.9657653570175171,0.13629673421382904,-4.355010986328125,18.0093994140625,-1607.3995666868652,0.0325537021370508
s8_40.tif,EpsonV39-1,300,2480,3508,0.7069555302166477,25495.0732421875,0.9806257486343384,0.09020610898733139,-6.4487996101379395,44.4677619934082,-1577.6112715899392,0.02391963530363777
s8_41.tif,EpsonV39-1,300,2480,3508,0.7069555302166477,25495.0732421875,0.9575467705726624,0.1604531705379486,-3.9446756839752197,14.211626052856445,-1610.9556484544178,0.027087624599992643
s8_42.tif,EpsonV39-1,300,2480,3508,0.7069555302166477,25495.0732421875,0.9662284851074219,0.13862010836601257,-4.359032154083252,17.659835815429688,-1576.5300524183444,0.013080010666862839
s8_43.tif,EpsonV39-1,300,2480,3508,0.7069555302166477,25495.0732421875,0.9838621020317078,0.09142710268497467,-6.767858505249023,46.28403854370117,-1690.828743898352,0.015996730974362747
s8_44.tif,EpsonV39-1,300,2480,3508,0.7069555302166477,25495.0732421875,0.9735046625137329,0.12266341596841812,-5.115537643432617,25.344167709350586,-1661.5195642395524,0.02124452863500938
s8_45.tif,EpsonV39-1,300,2480,3508,0.7069555302166477,25495.0732421875,0.9807411432266235,0.10182956606149673,-6.105830669403076,37.136817932128906,-1684.4677448067805,0.017379744914849008
s8_46.tif,EpsonV39-1,300,2480,3508,0.7069555302166477,25495.0732421875,0.9764731526374817,0.11350265145301819,-5.431784152984619,29.023212432861328,-1686.5593979254709,0.022055922867546988
s8_47.tif,EpsonV39-1,300,2480,3508,0.7069555302166477,25495.0732421875,0.9776173830032349,0.09270480275154114,-5.640085220336914,34.26596450805664,-1533.9807596215203,0.033337969433920624
s8_48.tif,EpsonV39-1,300,2480,3508,0.7069555302166477,25495.0732421875,0.983333170413971,0.0744016245007515,-6.9569244384765625,54.34822082519531,-1538.0208405578521,0.021806148159046603
s8_49.tif,EpsonV39-1,300,2480,3508,0.7069555302166477,25495.0732421875,0.9877077341079712,0.083119697868824,-7.958332538604736,64.05590057373047,-1774.6247867744846,0.009121891896862471
s8_5.tif,EpsonV39-1,300,2480,3508,0.7069555302166477,25495.0732421875,0.986947238445282,0.08373630046844482,-7.622866630554199,58.870689392089844,-1744.8384866573638,0.011604811122963181
s8_50.tif,EpsonV39-1,300,2480,3508,0.7069555302166477,25495.0732421875,0.9808923006057739,0.10127057135105133,-6.246771812438965,39.627281188964844,-1694.3984222932427,0.011386761135836981
s8_51.tif,EpsonV39-1,300,2480,3508,0.7069555302166477,25495.0732421875,0.9792463779449463,0.1021980494260788,-5.7539448738098145,33.26042556762695,-1659.1028314369846,0.01870022896972818
s8_52.tif,EpsonV39-1,300,2480,3508,0.7069555302166477,25495.0732421875,0.9313904643058777,0.14429433643817902,-1.8913160562515259,2.4635372161865234,-1430.4982346941085,0.006895873947107074
s8_53.tif,EpsonV39-1,300,2480,3508,0.7069555302166477,25495.0732421875,0.9776297211647034,0.10694212466478348,-5.493135452270508,30.389896392822266,-1654.8405409231214,0.012073555375731048
s8_54.tif,EpsonV39-1,300,2480,3508,0.7069555302166477,25495.0732421875,0.9863201975822449,0.08140891045331955,-7.407374382019043,56.77460479736328,-1724.304460425488,0.007590139588774046
s8_55.tif,EpsonV39-1,300,2480,3508,0.7069555302166477,25495.0732421875,0.964191198348999,0.11042787879705429,-3.9641170501708984,17.39362335205078,-1428.4558913754172,0.017358250266671572
s8_56.tif,EpsonV39-1,300,2480,3508,0.7069555302166477,25495.0732421875,0.9538112282752991,0.1364254206418991,-3.8801698684692383,15.468412399291992,-1360.747863204276,0.02437010335822268
s8_57.tif,EpsonV39-1,300,2480,3508,0.7069555302166477,25495.0732421875,0.9791884422302246,0.10432486236095428,-5.784830093383789,33.040184020996094,-1650.4968673774795,0.015348098355831832
s8_58.tif,EpsonV39-1,300,2480,3508,0.7069555302166477,25495.0732421875,0.9848461747169495,0.08650629967451096,-6.816029071807861,47.04338455200195,-1709.431241809847,0.015632816235700887
s8_59.tif,EpsonV39-1,300,2480,3508,0.7069555302166477,25495.0732421875,0.9643625617027283,0.13831555843353271,-4.231770038604736,17.002275466918945,-1574.1432465704534,0.021298207783131642
s8_6.tif,EpsonV39-1,300,2480,3508,0.7069555302166477,25495.0732421875,0.9916231632232666,0.06534585356712341,-9.808236122131348,99.06291961669922,-1787.2586360284863,0.007487264133593262
s8_60.tif,EpsonV39-1,300,2480,3508,0.7069555302166477,25495.0732421875,0.9839939475059509,0.09423647075891495,-6.835940361022949,46.529964447021484,-1713.7749929290135,0.010848360429617097
s8_61.tif,EpsonV39-1,300,2480,3508,0.7069555302166477,25495.0732421875,0.9861927628517151,0.08383581042289734,-7.2982330322265625,54.16325378417969,-1723.8934013722119,0.013523696987530805
s8_62.tif,EpsonV39-1,300,2480,3508,0.7069555302166477,25495.0732421875,0.9755431413650513,0.1180880218744278,-5.290471076965332,27.197460174560547,-1696.8755591023382,0.015399363666458233
s8_63.tif,EpsonV39-1,300,2480,3508,0.7069555302166477,25495.0732421875,0.9648453593254089,0.12148450314998627,-4.760256290435791,22.13397979736328,-1225.9354208709235,0.01732238753816162
s8_64.tif,EpsonV39-1,300,2480,3508,0.7069555302166477,25495.0732421875,0.9625388979911804,0.13816428184509277,-4.186737537384033,16.30229377746582,-1433.1973902957027,0.014878204656637363
s8_65.tif,EpsonV39-1,300,2480,3508,0.7069555302166477,25495.0732421875,0.9644476175308228,0.14020033180713654,-4.197906017303467,16.294822692871094,-1574.3430267698302,0.02050704380770221
s8_66.tif,EpsonV39-1,300,2480,3508,0.7069555302166477,25495.0732421875,0.9613106846809387,0.1516743153333664,-4.001789093017578,14.495718002319336,-1629.508642149014,0.012472068451833598
s8_67.tif,EpsonV39-1,300,2480,3508,0.7069555302166477,25495.0732421875,0.8976469039916992,0.14825429022312164,-1.514135479927063,2.661283493041992,-1050.0817718541443,0.010195244970022437
s8_68.tif,EpsonV39-1,300,2480,3508,0.7069555302166477,25495.0732421875,0.9761512875556946,0.12205854803323746,-5.642379283905029,30.924556732177734,-1687.828878985495,0.012604714569463346
s8_69.tif,EpsonV39-1,300,2480,3508,0.7069555302166477,25495.0732421875,0.9839906096458435,0.09289678931236267,-6.93527364730835,48.416786193847656,-1683.600426282744,0.013630250671276713
s8_7.tif,EpsonV39-1,300,2480,3508,0.7069555302166477,25495.0732421875,0.9850177764892578,0.08900970965623856,-7.158539295196533,51.67198944091797,-1689.350811248129,0.012845293706550924
s8_70.tif,EpsonV39-1,300,2480,3508,0.7069555302166477,25495.0732421875,0.9475713968276978,0.16732899844646454,-3.451477289199829,10.628243446350098,-1399.8227696669082,0.047251903483282454
s8_71.tif,EpsonV39-1,300,2480,3508,0.7069555302166477,25495.0732421875,0.9866335391998291,0.08191557973623276,-7.33308219909668,54.77131271362305,-1742.6293287929025,0.01448647331445176
s8_72.tif,EpsonV39-1,300,2480,3508,0.7069555302166477,25495.0732421875,0.9730080962181091,0.1254463642835617,-5.154336452484131,25.673349380493164,-1648.1085509502943,0.019967493655055724
s8_73.tif,EpsonV39-1,300,2480,3508,0.7069555302166477,25495.0732421875,0.965774655342102,0.13596604764461517,-4.4712324142456055,19.058616638183594,-1545.971985998146,0.023301118181483796
s8_74.tif,EpsonV39-1,300,2480,3508,0.7069555302166477,25495.0732421875,0.9854128360748291,0.08332131803035736,-7.1898322105407715,53.79069137573242,-1706.6862530739509,0.013827725567366757
s8_75.tif,EpsonV39-1,300,2480,3508,0.7069555302166477,25495.0732421875,0.9865095019340515,0.07794028520584106,-7.429348945617676,57.976558685302734,-1668.0563906834411,0.011231470923603193
s8_76.tif,EpsonV39-1,300,2480,3508,0.7069555302166477,25495.0732421875,0.9856054782867432,0.08248060196638107,-7.94798469543457,65.50634002685547,-1613.0320616584113,0.006751503475925994
s8_77.tif,EpsonV39-1,300,2480,3508,0.7069555302166477,25495.0732421875,0.9662045240402222,0.12976813316345215,-4.321972846984863,18.245624542236328,-1575.3128006031334,0.02632944973700666
s8_78.tif,EpsonV39-1,300,2480,3508,0.7069555302166477,25495.0732421875,0.9706333875656128,0.11220405250787735,-5.2018723487854,27.882272720336914,-1511.4264478225164,0.018068952992238936
s8_79.tif,EpsonV39-1,300,2480,3508,0.7069555302166477,25495.0732421875,0.9801474213600159,0.10106859356164932,-6.182213306427002,38.663578033447266,-1654.6835787466916,0.016565132232316915
s8_8.tif,EpsonV39-1,300,2480,3508,0.7069555302166477,25495.0732421875,0.9825210571289062,0.09811782836914062,-6.5543646812438965,42.83122253417969,-1679.272045208273,0.013668987015853165
s8_80.tif,EpsonV39-1,300,2480,3508,0.7069555302166477,25495.0732421875,0.97951340675354,0.10484117269515991,-6.033849239349365,36.32478332519531,-1676.0948187553963,0.017725958178541213
s8_81.tif,EpsonV39-1,300,2480,3508,0.7069555302166477,25495.0732421875,0.9703264832496643,0.12586435675621033,-4.784862995147705,22.229352951049805,-1589.8457067776221,0.027866489498657446
s8_82.tif,EpsonV39-1,300,2480,3508,0.7069555302166477,25495.0732421875,0.9835864901542664,0.09694382548332214,-7.130758762359619,50.66605758666992,-1637.0500112824648,0.008404177548092839
s8_83.tif,EpsonV39-1,300,2480,3508,0.7069555302166477,25495.0732421875,0.975266695022583,0.11816638708114624,-5.3763427734375,28.22801971435547,-1649.3534999452668,0.020912338617721706
s8_84.tif,EpsonV39-1,300,2480,3508,0.7069555302166477,25495.0732421875,0.9870898723602295,0.07631448656320572,-8.15365982055664,70.3508071899414,-1702.509522461958,0.01231666329495715
s8_85.tif,EpsonV39-1,300,2480,3508,0.7069555302166477,25495.0732421875,0.9781064987182617,0.11296062171459198,-5.895732402801514,34.68846130371094,-1694.7223691251386,0.0111421589362563
s8_86.tif,EpsonV39-1,300,2480,3508,0.7069555302166477,25495.0732421875,0.9781545400619507,0.11047011613845825,-5.536090850830078,29.69729232788086,-1703.1968392950112,0.012289191525361386
s8_87.tif,EpsonV39-1,300,2480,3508,0.7069555302166477,25495.0732421875,0.9791526198387146,0.10742282122373581,-5.954958438873291,34.95863723754883,-1642.4486038888513,0.015473158127046015
s8_88.tif,EpsonV39-1,300,2480,3508,0.7069555302166477,25495.0732421875,0.9777823686599731,0.10382456332445145,-5.556396007537842,31.583904266357422,-1614.3124856016316,0.014553026262551954
s8_89.tif,EpsonV39-1,300,2480,3508,0.7069555302166477,25495.0732421875,0.9696834683418274,0.12790417671203613,-4.725465297698975,21.69257926940918,-1630.5155302620335,0.027649359068672528
s8_9.tif,EpsonV39-1,300,2480,3508,0.7069555302166477,25495.0732421875,0.9723137617111206,0.12418365478515625,-4.9554524421691895,23.749086380004883,-1645.4957883723357,0.022317996652812006
s8_90.tif,EpsonV39-1,300,2480,3508,0.7069555302166477,25495.0732421875,0.9779748916625977,0.10639052093029022,-5.709682941436768,32.76346206665039,-1641.272000748198,0.024206077353146723
s8_91.tif,EpsonV39-1,300,2480,3508,0.7069555302166477,25495.0732421875,0.9772986769676208,0.11644869297742844,-5.708973407745361,31.787174224853516,-1678.5831699364173,0.013581744032074154
s8_92.tif,EpsonV39-1,300,2480,3508,0.7069555302166477,25495.0732421875,0.9817270040512085,0.10377553105354309,-6.373384952545166,40.23690414428711,-1746.6258889099024,0.012496206826792217
s8_93.tif,EpsonV39-1,300,2480,3508,0.7069555302166477,25495.0732421875,0.979106605052948,0.10902097821235657,-6.037867546081543,35.9954833984375,-1645.0385575453868,0.015069587486666421
s8_94.tif,EpsonV39-1,300,2480,3508,0.7069555302166477,25495.0732421875,0.9811797738075256,0.10500361025333405,-6.469902038574219,41.35535430908203,-1660.2952250494006,0.011219631625409203
s8_95.tif,EpsonV39-1,300,2480,3508,0.7069555302166477,25495.0732421875,0.984913170337677,0.0919346958398819,-7.114340782165527,50.805240631103516,-1727.007517894928,0.012132636922058336
s8_96.tif,EpsonV39-1,300,2480,3508,0.7069555302166477,25495.0732421875,0.9793113470077515,0.10978210717439651,-6.014102458953857,35.89131164550781,-1696.9771235013322,0.008047044543347924
s8_97.tif,EpsonV39-1,300,2480,3508,0.7069555302166477,25495.0732421875,0.9786944389343262,0.10614483803510666,-5.953921794891357,35.77848815917969,-1661.405395616073,0.013841748813771287
s8_98.tif,EpsonV39-1,300,2480,3508,0.7069555302166477,25495.0732421875,0.9572048187255859,0.1507449448108673,-3.8322410583496094,13.619064331054688,-1537.8155490114495,0.043990809026372896
s8_99.tif,EpsonV39-1,300,2480,3508,0.7069555302166477,25495.0732421875,0.9800170063972473,0.10514921694993973,-6.400008678436279,41.003631591796875,-1632.0591474170533,0.011511820907051164
s9_1.tif,EpsonV39-2,150,1240,1754,0.7069555302166477,6374.0810546875,0.9707412123680115,0.12453750520944595,-4.7819504737854,22.031694412231445,-1590.0380437824124,0.03036745503365579
s9_10.tif,EpsonV39-2,150,1240,1754,0.7069555302166477,6374.0810546875,0.9686170220375061,0.12573154270648956,-4.182247161865234,16.256351470947266,-1675.0588486123638,0.027069463346452348
s9_100.tif,EpsonV39-2,150,1240,1754,0.7069555302166477,6374.0810546875,0.9846770763397217,0.09157940745353699,-6.825651168823242,47.6386833190918,-1814.4957623847804,0.018965866038915657
s9_11.tif,EpsonV39-2,150,1240,1754,0.7069555302166477,6374.0810546875,0.9735307693481445,0.11436150223016739,-4.926178455352783,24.316267013549805,-1712.4361020078727,0.04930297568690918
s9_12.tif,EpsonV39-2,150,1240,1754,0.7069555302166477,6374.0810546875,0.9868873357772827,0.07661173492670059,-7.906696319580078,65.34186553955078,-1707.7884353276436,0.01653363740022805
s9_13.tif,EpsonV39-2,150,1240,1754,0.7069555302166477,6374.0810546875,0.9798445701599121,0.10047833621501923,-5.7801833152771,33.92729187011719,-1720.3816883161292,0.035361110089380955
s9_14.tif,EpsonV39-2,150,1240,1754,0.7069555302166477,6374.0810546875,0.9785083532333374,0.10514423251152039,-5.620640754699707,31.728076934814453,-1710.463977523404,0.0332562437929893
s9_15.tif,EpsonV39-2,150,1240,1754,0.7069555302166477,6374.0810546875,0.9773666858673096,0.1071857437491417,-5.569669723510742,31.295326232910156,-1693.818836955362,0.038613583698091
s9_16.tif,EpsonV39-2,150,1240,1754,0.7069555302166477,6374.0810546875,0.9757879376411438,0.10086745768785477,-4.995657920837402,25.690757751464844,-1640.7070259408802,0.04478657078750874
s9_17.tif,EpsonV39-2,150,1240,1754,0.7069555302166477,6374.0810546875,0.9818041324615479,0.0900549590587616,-5.995355606079102,37.48479080200195,-1701.914565832485,0.03662596093721264
s9_18.tif,EpsonV39-2,150,1240,1754,0.7069555302166477,6374.0810546875,0.9927365183830261,0.06147335097193718,-10.030560493469238,104.6735610961914,-1888.2400646361723,0.010846636259977196
s9_19.tif,EpsonV39-2,150,1240,1754,0.7069555302166477,6374.0810546875,0.9823523163795471,0.09659673273563385,-6.299354076385498,40.05271911621094,-1746.7433330439524,0.024773329164674292
s9_2.tif,EpsonV39-2,150,1240,1754,0.7069555302166477,6374.0810546875,0.9569518566131592,0.13409769535064697,-3.6871724128723145,13.309864044189453,-1423.5532613539835,0.08122310295361754
s9_20.tif,EpsonV39-2,150,1240,1754,0.7069555302166477,6374.0810546875,0.9684860706329346,0.12047811597585678,-4.631025314331055,21.262210845947266,-1446.878098419512,0.044475300695185196
s9_21.tif,EpsonV39-2,150,1240,1754,0.7069555302166477,6374.0810546875,0.9917276501655579,0.06376052647829056,-9.299399375915527,90.74230194091797,-1856.8987216046294,0.014018648618825173
s9_22.tif,EpsonV39-2,150,1240,1754,0.7069555302166477,6374.0810546875,0.9931721687316895,0.05779678001999855,-10.51474380493164,116.29576110839844,-1851.8853047386485,0.010650770588884393
s9_23.tif,EpsonV39-2,150,1240,1754,0.7069555302166477,6374.0810546875,0.9853141903877258,0.07907306402921677,-6.943978309631348,50.8040771484375,-1723.4703461702352,0.02266524441828815
s9_24.tif,EpsonV39-2,150,1240,1754,0.7069555302166477,6374.0810546875,0.9883763194084167,0.0727837085723877,-7.499569892883301,58.75199890136719,-1813.3109971286626,0.023939750616103286
s9_25.tif,EpsonV39-2,150,1240,1754,0.7069555302166477,6374.0810546875,0.9765205979347229,0.11559857428073883,-5.470376968383789,29.380783081054688,-1708.9730898891087,0.02552322801338875
s9_26.tif,EpsonV39-2,150,1240,1754,0.7069555302166477,6374.0810546875,0.9838030338287354,0.0917387306690216,-6.633963108062744,44.584232330322266,-1725.5745865916572,0.02116406738514731
s9_27.tif,EpsonV39-2,150,1240,1754,0.7069555302166477,6374.0810546875,0.9615381360054016,0.13921497762203217,-4.033108711242676,15.381780624389648,-1554.1816464705898,0.042545150255636884
s9_28.tif,EpsonV39-2,150,1240,1754,0.7069555302166477,6374.0810546875,0.988904595375061,0.07750409096479416,-8.212457656860352,69.00836181640625,-1808.963967870191,0.013740022805017104
s9_29.tif,EpsonV39-2,150,1240,1754,0.7069555302166477,6374.0810546875,0.9915291666984558,0.056276362389326096,-9.158612251281738,91.82527923583984,-1767.4272295946234,0.010918821495567735
s9_3.tif,EpsonV39-2,150,1240,1754,0.7069555302166477,6374.0810546875,0.9782483577728271,0.10532057285308838,-5.539575099945068,30.9356689453125,-1725.9670755576522,0.034528910876521865
s9_30.tif,EpsonV39-2,150,1240,1754,0.7069555302166477,6374.0810546875,0.9780905246734619,0.09245556592941284,-4.533807754516602,19.759462356567383,-1718.3697410401116,0.02268869312539081
s9_31.tif,EpsonV39-2,150,1240,1754,0.7069555302166477,6374.0810546875,0.9569901823997498,0.136447012424469,-3.6055455207824707,12.336923599243164,-1464.8063592223573,0.06643478500754037
s9_32.tif,EpsonV39-2,150,1240,1754,0.7069555302166477,6374.0810546875,0.9841958284378052,0.08240460604429245,-6.568406105041504,45.6616096496582,-1676.707873583588,0.03728298451465774
s9_33.tif,EpsonV39-2,150,1240,1754,0.7069555302166477,6374.0810546875,0.9590197205543518,0.13850350677967072,-3.856619119644165,14.215507507324219,-1490.1058836893335,0.06035191451796815
s9_34.tif,EpsonV39-2,150,1240,1754,0.7069555302166477,6374.0810546875,0.9863643646240234,0.07878207415342331,-6.982255458831787,51.12858581542969,-1772.2395120833532,0.027331537131717366
s9_35.tif,EpsonV39-2,150,1240,1754,0.7069555302166477,6374.0810546875,0.971409797668457,0.12756864726543427,-4.919729709625244,23.352548599243164,-1658.9692168805698,0.028930647000404604
s9_36.tif,EpsonV39-2,150,1240,1754,0.7069555302166477,6374.0810546875,0.9844054579734802,0.0931469053030014,-6.729348659515381,45.70571517944336,-1819.513999280341,0.02072451907161511
s9_37.tif,EpsonV39-2,150,1240,1754,0.7069555302166477,6374.0810546875,0.9816136956214905,0.09993621706962585,-6.178574562072754,38.40729522705078,-1771.2251549986984,0.024947585242946997
s9_38.tif,EpsonV39-2,150,1240,1754,0.7069555302166477,6374.0810546875,0.9859877824783325,0.08243834227323532,-7.030791282653809,50.99726486206055,-1749.4964787919357,0.021011420899694707
s9_39.tif,EpsonV39-2,150,1240,1754,0.7069555302166477,6374.0810546875,0.9865080118179321,0.07856303453445435,-7.116546154022217,54.15274429321289,-1809.9177022902734,0.0298938831058962
s9_4.tif,EpsonV39-2,150,1240,1754,0.7069555302166477,6374.0810546875,0.9679428339004517,0.12437380105257034,-4.41122579574585,19.18259048461914,-1622.536314467336,0.05560699966895943
s9_40.tif,EpsonV39-2,150,1240,1754,0.7069555302166477,6374.0810546875,0.9821516275405884,0.08242270350456238,-6.693277835845947,49.70771789550781,-1631.6947376017083,0.04311757457608416
s9_41.tif,EpsonV39-2,150,1240,1754,0.7069555302166477,6374.0810546875,0.9599381685256958,0.15110760927200317,-4.064388751983643,15.60322380065918,-1653.9306749945893,0.05046897414205319
s9_42.tif,EpsonV39-2,150,1240,1754,0.7069555302166477,6374.0810546875,0.9677221775054932,0.1325468122959137,-4.354498863220215,17.728601455688477,-1622.9970683179674,0.02338755655276419
s9_43.tif,EpsonV39-2,150,1240,1754,0.7069555302166477,6374.0810546875,0.9857385754585266,0.08192996680736542,-6.842391490936279,48.73906707763672,-1786.5452626529207,0.02588599330562401
s9_44.tif,EpsonV39-2,150,1240,1754,0.7069555302166477,6374.0810546875,0.975300133228302,0.1127706915140152,-5.190768718719482,26.816617965698242,-1694.5165853205683,0.03879749512634715
s9_45.tif,EpsonV39-2,150,1240,1754,0.7069555302166477,6374.0810546875,0.9823684096336365,0.0925406664609909,-6.17191219329834,39.081695556640625,-1741.896295933099,0.030626770147496967
s9_46.tif,EpsonV39-2,150,1240,1754,0.7069555302166477,6374.0810546875,0.9780119061470032,0.10381678491830826,-5.498842239379883,30.71038055419922,-1712.542406991411,0.03650274028028102
s9_47.tif,EpsonV39-2,150,1240,1754,0.7069555302166477,6374.0810546875,0.9793591499328613,0.08189159631729126,-5.6862287521362305,36.74458694458008,-1575.100530937037,0.06089169455989995
s9_48.tif,EpsonV39-2,150,1240,1754,0.7069555302166477,6374.0810546875,0.9843857884407043,0.06603619456291199,-7.013594627380371,58.369388580322266,-1553.8047337910023,0.039581417589289
s9_49.tif,EpsonV39-2,150,1240,1754,0.7069555302166477,6374.0810546875,0.9888060092926025,0.07737556099891663,-8.122718811035156,68.17980194091797,-1846.4569623530338,0.015181888402545335
s9_5.tif,EpsonV39-2,150,1240,1754,0.7069555302166477,6374.0810546875,0.9882988929748535,0.07623139768838882,-7.773115634918213,62.837066650390625,-1809.67027416381,0.019243572295582448
s9_50.tif,EpsonV39-2,150,1240,1754,0.7069555302166477,6374.0810546875,0.9816033244132996,0.09720862656831741,-6.312772274017334,40.9285888671875,-1708.6762413112722,0.020068415051311288
s9_51.tif,EpsonV39-2,150,1240,1754,0.7069555302166477,6374.0810546875,0.9810733199119568,0.09307479113340378,-5.798877716064453,34.6716423034668,-1724.845103051384,0.03206311840217751
s9_52.tif,EpsonV39-2,150,1240,1754,0.7069555302166477,6374.0810546875,0.9317238330841064,0.14179527759552002,-1.8197180032730103,2.0675363540649414,-1451.6458118687476,0.01121491889506014
s9_53.tif,EpsonV39-2,150,1240,1754,0.7069555302166477,6374.0810546875,0.978987991809845,0.10071399062871933,-5.522091865539551,31.276592254638672,-1706.5597996293425,0.022376503475925996
s9_54.tif,EpsonV39-2,150,1240,1754,0.7069555302166477,6374.0810546875,0.9871871471405029,0.07687974721193314,-7.442363262176514,58.250736236572266,-1777.9616651085773,0.013160242027439584
s9_55.tif,EpsonV39-2,150,1240,1754,0.7069555302166477,6374.0810546875,0.9658308625221252,0.10253062844276428,-3.7802157402038574,16.37830352783203,-1494.227461589063,0.031856218045389344
s9_56.tif,EpsonV39-2,150,1240,1754,0.7069555302166477,6374.0810546875,0.9555684328079224,0.12702986598014832,-3.8545780181884766,15.955106735229492,-1409.2814430467613,0.04424403207415309
s9_57.tif,EpsonV39-2,150,1240,1754,0.7069555302166477,6374.0810546875,0.981116771697998,0.09676001965999603,-5.828569412231445,34.139339447021484,-1760.203462521806,0.02767407216684445
s9_58.tif,EpsonV39-2,150,1240,1754,0.7069555302166477,6374.0810546875,0.985680103302002,0.07891739159822464,-6.808681488037109,48.42277908325195,-1726.6928294660681,0.025643230220325892
s9_59.tif,EpsonV39-2,150,1240,1754,0.7069555302166477,6374.0810546875,0.9661518931388855,0.13063237071037292,-4.260283470153809,17.58753776550293,-1620.0367143061565,0.03692987457240593
s9_6.tif,EpsonV39-2,150,1240,1754,0.7069555302166477,6374.0810546875,0.9927934408187866,0.059340883046388626,-10.002100944519043,105.4715347290039,-1880.03346561076,0.01224574245043587
s9_60.tif,EpsonV39-2,150,1240,1754,0.7069555302166477,6374.0810546875,0.9854097366333008,0.08814658224582672,-6.930649757385254,48.66744613647461,-1803.19023135313,0.019409552359583623
s9_61.tif,EpsonV39-2,150,1240,1754,0.7069555302166477,6374.0810546875,0.9875256419181824,0.07624932378530502,-7.374634265899658,56.9262580871582,-1793.633414268518,0.022320410490307866
s9_62.tif,EpsonV39-2,150,1240,1754,0.7069555302166477,6374.0810546875,0.9768031239509583,0.11127305030822754,-5.3277692794799805,28.090068817138672,-1735.2855266169531,0.02760372604553647
s9_63.tif,EpsonV39-2,150,1240,1754,0.7069555302166477,6374.0810546875,0.9672508835792542,0.11520059406757355,-4.787067413330078,22.670495986938477,-1286.5607510136913,0.0315950638172656
s9_64.tif,EpsonV39-2,150,1240,1754,0.7069555302166477,6374.0810546875,0.9647659063339233,0.13234367966651917,-4.224155426025391,16.730485916137695,-1507.1113150006295,0.027332456688858645
s9_65.tif,EpsonV39-2,150,1240,1754,0.7069555302166477,6374.0810546875,0.9666138887405396,0.13176663219928741,-4.2135820388793945,16.6337947845459,-1643.0978123070163,0.036279287894949795
s9_66.tif,EpsonV39-2,150,1240,1754,0.7069555302166477,6374.0810546875,0.9630095362663269,0.1459590196609497,-4.000650405883789,14.532201766967773,-1706.2275233376336,0.02239259572589841
s9_67.tif,EpsonV39-2,150,1240,1754,0.7069555302166477,6374.0810546875,0.8987289071083069,0.14432571828365326,-1.4342676401138306,2.4344472885131836,-1098.4227084463944,0.017545610034207525
s9_68.tif,EpsonV39-2,150,1240,1754,0.7069555302166477,6374.0810546875,0.9775963425636292,0.11642280966043472,-5.764787673950195,32.865203857421875,-1760.8560531786636,0.02077233604296171
s9_69.tif,EpsonV39-2,150,1240,1754,0.7069555302166477,6374.0810546875,0.9855372905731201,0.08465288579463959,-7.061281204223633,51.591796875,-1742.112655547119,0.022690072461102734
s9_7.tif,EpsonV39-2,150,1240,1754,0.7069555302166477,6374.0810546875,0.9864866733551025,0.0808553397655487,-7.2204790115356445,53.7584114074707,-1744.6823510729105,0.021965921212344135
s9_70.tif,EpsonV39-2,150,1240,1754,0.7069555302166477,6374.0810546875,0.9514100551605225,0.15158148109912872,-3.4865739345550537,11.323240280151367,-1441.0644748165735,0.08161621363151506
s9_71.tif,EpsonV39-2,150,1240,1754,0.7069555302166477,6374.0810546875,0.9882706999778748,0.07227002084255219,-7.294665336608887,55.633583068847656,-1831.4234701183934,0.023426637731268622
s9_72.tif,EpsonV39-2,150,1240,1754,0.7069555302166477,6374.0810546875,0.9751138091087341,0.11617876589298248,-5.23768949508667,27.218582153320312,-1730.2130838671073,0.03569031154595947
s9_73.tif,EpsonV39-2,150,1240,1754,0.7069555302166477,6374.0810546875,0.9673614501953125,0.12825900316238403,-4.499135494232178,19.697444915771484,-1581.4549985716867,0.040136370324051936
s9_74.tif,EpsonV39-2,150,1240,1754,0.7069555302166477,6374.0810546875,0.9871184825897217,0.07422635704278946,-7.198495864868164,55.72208023071289,-1797.17135670006,0.022663865082576232
s9_75.tif,EpsonV39-2,150,1240,1754,0.7069555302166477,6374.0810546875,0.9880757331848145,0.07050605863332748,-7.430744647979736,59.67477035522461,-1749.1132702362513,0.020827969250009196
s9_76.tif,EpsonV39-2,150,1240,1754,0.7069555302166477,6374.0810546875,0.987413227558136,0.07787493616342545,-8.078582763671875,68.8484115600586,-1756.319606969969,0.012022290065104645
s9_77.tif,EpsonV39-2,150,1240,1754,0.7069555302166477,6374.0810546875,0.9689329862594604,0.11788657307624817,-4.308730125427246,18.67632484436035,-1641.109953586488,0.048180196417405376
s9_78.tif,EpsonV39-2,150,1240,1754,0.7069555302166477,6374.0810546875,0.9719598293304443,0.10310950130224228,-5.175812244415283,28.543046951293945,-1539.9909719918242,0.033057619450472656
s9_79.tif,EpsonV39-2,150,1240,1754,0.7069555302166477,6374.0810546875,0.9818209409713745,0.09230437874794006,-6.28076696395874,41.16455078125,-1716.989570882417,0.028677768786552395
s9_8.tif,EpsonV39-2,150,1240,1754,0.7069555302166477,6374.0810546875,0.9835955500602722,0.09069963544607162,-6.652249336242676,45.167633056640625,-1688.4645601839743,0.023914922573288703
s9_80.tif,EpsonV39-2,150,1240,1754,0.7069555302166477,6374.0810546875,0.981055736541748,0.09493163228034973,-6.1206464767456055,38.615638732910156,-1705.12945348308,0.0335477434067753
s9_81.tif,EpsonV39-2,150,1240,1754,0.7069555302166477,6374.0810546875,0.9733825922012329,0.1123005673289299,-4.782602310180664,22.944889068603516,-1683.4936507616794,0.03785586861367565
s9_82.tif,EpsonV39-2,150,1240,1754,0.7069555302166477,6374.0810546875,0.9853516817092896,0.09188085794448853,-7.276731967926025,53.47770309448242,-1754.5772303315764,0.015025563688527605
s9_83.tif,EpsonV39-2,150,1240,1754,0.7069555302166477,6374.0810546875,0.9770103693008423,0.10792745649814606,-5.423183917999268,29.529571533203125,-1681.0552337400668,0.037056313679332036
s9_84.tif,EpsonV39-2,150,1240,1754,0.7069555302166477,6374.0810546875,0.9879205822944641,0.07042888551950455,-8.297684669494629,74.94667053222656,-1731.9968770876642,0.019944734615809027
s9_85.tif,EpsonV39-2,150,1240,1754,0.7069555302166477,6374.0810546875,0.9793177843093872,0.10778319835662842,-5.986298561096191,36.375213623046875,-1755.5274783355944,0.01966840769485416
s9_86.tif,EpsonV39-2,150,1240,1754,0.7069555302166477,6374.0810546875,0.9794855117797852,0.10510600358247757,-5.599497318267822,30.795642852783203,-1776.2172835618292,0.02284547761797918
s9_87.tif,EpsonV39-2,150,1240,1754,0.7069555302166477,6374.0810546875,0.9811487197875977,0.09926111251115799,-6.0463972091674805,36.808685302734375,-1734.3226032172747,0.027490620517158938
s9_88.tif,EpsonV39-2,150,1240,1754,0.7069555302166477,6374.0810546875,0.9796768426895142,0.09602538496255875,-5.551231861114502,32.21366882324219,-1698.7131002020658,0.025007816235700888
s9_89.tif,EpsonV39-2,150,1240,1754,0.7069555302166477,6374.0810546875,0.9722267389297485,0.11545391380786896,-4.737846374511719,22.44927215576172,-1689.858886429511,0.04663947842718946
s9_9.tif,EpsonV39-2,150,1240,1754,0.7069555302166477,6374.0810546875,0.9745243787765503,0.11428766697645187,-5.059391021728516,25.470111846923828,-1706.4025815529308,0.0386443888623239
s9_90.tif,EpsonV39-2,150,1240,1754,0.7069555302166477,6374.0810546875,0.9803095459938049,0.09500764310359955,-5.855050563812256,35.924964904785156,-1728.0618292993581,0.043936899988965314
s9_91.tif,EpsonV39-2,150,1240,1754,0.7069555302166477,6374.0810546875,0.9788540005683899,0.10958737879991531,-5.799814701080322,33.43952941894531,-1746.1801838601261,0.024819766800308972
s9_92.tif,EpsonV39-2,150,1240,1754,0.7069555302166477,6374.0810546875,0.9831019639968872,0.0968940481543541,-6.468629837036133,42.2950553894043,-1812.1386299917865,0.02249098834001545
s9_93.tif,EpsonV39-2,150,1240,1754,0.7069555302166477,6374.0810546875,0.9806812405586243,0.10098589211702347,-6.102822780609131,37.6248893737793,-1700.306293420432,0.02669612314709236
s9_94.tif,EpsonV39-2,150,1240,1754,0.7069555302166477,6374.0810546875,0.9827499389648438,0.09876570105552673,-6.5822577476501465,43.6032600402832,-1741.4717932627475,0.019849560451686468
s9_95.tif,EpsonV39-2,150,1240,1754,0.7069555302166477,6374.0810546875,0.9867379069328308,0.0839310958981514,-7.248297691345215,53.86655807495117,-1843.0486122517325,0.021081307242432044
s9_96.tif,EpsonV39-2,150,1240,1754,0.7069555302166477,6374.0810546875,0.9805331826210022,0.10544788092374802,-6.076427459716797,37.07316589355469,-1774.8541241743944,0.015124875859785928
s9_97.tif,EpsonV39-2,150,1240,1754,0.7069555302166477,6374.0810546875,0.9803652763366699,0.09825731068849564,-6.025978088378906,37.53065872192383,-1729.253305405109,0.024943447235811232
s9_98.tif,EpsonV39-2,150,1240,1754,0.7069555302166477,6374.0810546875,0.9600769281387329,0.1353004276752472,-3.860018014907837,14.463241577148438,-1542.2890672075557,0.07404549968735057
s9_99.tif,EpsonV39-2,150,1240,1754,0.7069555302166477,6374.0810546875,0.9816126227378845,0.09860018640756607,-6.542044162750244,43.83347702026367,-1708.6707316730735,0.021225677713613125
s9_1.tif,EpsonV39-2,300,2480,3508,0.7069555302166477,25495.0732421875,0.969156801700592,0.1303499937057495,-4.739528179168701,21.341533660888672,-1539.8814661369179,0.015631207010703644
s9_10.tif,EpsonV39-2,300,2480,3508,0.7069555302166477,25495.0732421875,0.9669967293739319,0.132653146982193,-4.22092866897583,16.542604446411133,-1622.8214023272185,0.014936136756538052
s9_100.tif,EpsonV39-2,300,2480,3508,0.7069555302166477,25495.0732421875,0.9829543828964233,0.09781220555305481,-6.691400051116943,44.912818908691406,-1699.4579615850407,0.01080433663147828
s9_11.tif,EpsonV39-2,300,2480,3508,0.7069555302166477,25495.0732421875,0.9711171984672546,0.12566019594669342,-4.838498592376709,22.645845413208008,-1638.1641277714853,0.026883712803913634
s9_12.tif,EpsonV39-2,300,2480,3508,0.7069555302166477,25495.0732421875,0.984720766544342,0.08333663642406464,-7.691813945770264,60.697383880615234,-1582.6523788509332,0.00926511292161695
s9_13.tif,EpsonV39-2,300,2480,3508,0.7069555302166477,25495.0732421875,0.9771418571472168,0.11012135446071625,-5.667343616485596,31.709705352783203,-1584.8417992964694,0.018929198697907088
s9_14.tif,EpsonV39-2,300,2480,3508,0.7069555302166477,25495.0732421875,0.9767168164253235,0.11410636454820633,-5.545569896697998,30.13045883178711,-1658.101124237786,0.019012533563835657
s9_15.tif,EpsonV39-2,300,2480,3508,0.7069555302166477,25495.0732421875,0.9756265878677368,0.11544399708509445,-5.477816581726074,29.55636215209961,-1638.378206240008,0.022172706624489644
s9_16.tif,EpsonV39-2,300,2480,3508,0.7069555302166477,25495.0732421875,0.9740232229232788,0.10840098559856415,-4.9986042976379395,25.199583053588867,-1573.6568766795604,0.02528069481737595
s9_17.tif,EpsonV39-2,300,2480,3508,0.7069555302166477,25495.0732421875,0.9799073338508606,0.10028456151485443,-5.925917148590088,35.29612731933594,-1646.0865667363648,0.02163028285577666
s9_18.tif,EpsonV39-2,300,2480,3508,0.7069555302166477,25495.0732421875,0.9911538362503052,0.06662857532501221,-9.789666175842285,98.0891342163086,-1741.3250311708498,0.006266552028543054
s9_19.tif,EpsonV39-2,300,2480,3508,0.7069555302166477,25495.0732421875,0.9802042245864868,0.10390112549066544,-6.19500207901001,37.95487976074219,-1621.8162971813197,0.014042901938426455
s9_2.tif,EpsonV39-2,300,2480,3508,0.7069555302166477,25495.0732421875,0.9533531665802002,0.14944235980510712,-3.6620631217956543,12.494539260864258,-1376.1471558584062,0.0501468992533196
s9_20.tif,EpsonV39-2,300,2480,3508,0.7069555302166477,25495.0732421875,0.9661505222320557,0.1283782422542572,-4.581579685211182,20.345199584960938,-1393.137298094324,0.024761949645050945
s9_21.tif,EpsonV39-2,300,2480,3508,0.7069555302166477,25495.0732421875,0.9905601739883423,0.06981109827756882,-9.091025352478027,84.67744445800781,-1779.3852452945987,0.008580617574576083
s9_22.tif,EpsonV39-2,300,2480,3508,0.7069555302166477,25495.0732421875,0.9919597506523132,0.06301094591617584,-10.278899192810059,108.67723083496094,-1762.466777851143,0.006038616802148085
s9_23.tif,EpsonV39-2,300,2480,3508,0.7069555302166477,25495.0732421875,0.9833713173866272,0.08666655421257019,-6.856139183044434,48.44870376586914,-1612.6634699716342,0.012894719902894767
s9_24.tif,EpsonV39-2,300,2480,3508,0.7069555302166477,25495.0732421875,0.9868913888931274,0.08138071745634079,-7.467336654663086,56.7188606262207,-1737.9094369771633,0.013345647736050318
s9_25.tif,EpsonV39-2,300,2480,3508,0.7069555302166477,25495.0732421875,0.974678635597229,0.12176677584648132,-5.3537774085998535,27.633642196655273,-1625.6582805923545,0.01459682017140545
s9_26.tif,EpsonV39-2,300,2480,3508,0.7069555302166477,25495.0732421875,0.9824360013008118,0.09791100025177002,-6.534895420074463,42.43721008300781,-1667.073492264877,0.011844125868981498
s9_27.tif,EpsonV39-2,300,2480,3508,0.7069555302166477,25495.0732421875,0.9599701166152954,0.14639590680599213,-4.008098602294922,14.894327163696289,-1522.7967143708247,0.024935056276897048
s9_28.tif,EpsonV39-2,300,2480,3508,0.7069555302166477,25495.0732421875,0.9873541593551636,0.08262660354375839,-8.017468452453613,64.75466918945312,-1706.853791195021,0.007740717070658771
s9_29.tif,EpsonV39-2,300,2480,3508,0.7069555302166477,25495.0732421875,0.9905899167060852,0.059977833181619644,-9.123624801635742,89.91744232177734,-1707.2653490531638,0.006278391326737043
s9_3.tif,EpsonV39-2,300,2480,3508,0.7069555302166477,25495.0732421875,0.9763460159301758,0.11396066099405289,-5.439720630645752,29.008888244628906,-1657.8619108618107,0.01905012046198551
s9_30.tif,EpsonV39-2,300,2480,3508,0.7069555302166477,25495.0732421875,0.9766458868980408,0.09641817957162857,-4.6032185554504395,20.653352737426758,-1623.9952007067943,0.014202215213153345
s9_31.tif,EpsonV39-2,300,2480,3508,0.7069555302166477,25495.0732421875,0.9531538486480713,0.14864055812358856,-3.60664701461792,11.966981887817383,-1361.6346361920334,0.04050419318056424
s9_32.tif,EpsonV39-2,300,2480,3508,0.7069555302166477,25495.0732421875,0.982297956943512,0.09179379791021347,-6.444783687591553,42.23032760620117,-1611.6055866249737,0.019354149041821457
s9_33.tif,EpsonV39-2,300,2480,3508,0.7069555302166477,25495.0732421875,0.9565877914428711,0.14950254559516907,-3.855046510696411,13.822526931762695,-1457.37664622948,0.03533674182513701
s9_34.tif,EpsonV39-2,300,2480,3508,0.7069555302166477,25495.0732421875,0.9847581386566162,0.08690798282623291,-6.867023944854736,47.826480865478516,-1695.2188473784522,0.015374650568286314
s9_35.tif,EpsonV39-2,300,2480,3508,0.7069555302166477,25495.0732421875,0.9698631167411804,0.13371391594409943,-4.844200611114502,22.249755859375,-1610.523583785928,0.015954661235149152
s9_36.tif,EpsonV39-2,300,2480,3508,0.7069555302166477,25495.0732421875,0.9825977087020874,0.09968509525060654,-6.599978923797607,43.19300842285156,-1700.8755458192359,0.011590557987273329
s9_37.tif,EpsonV39-2,300,2480,3508,0.7069555302166477,25495.0732421875,0.9794248938560486,0.10738539695739746,-6.043039321899414,35.98970413208008,-1644.698235126124,0.014295895096921323
s9_38.tif,EpsonV39-2,300,2480,3508,0.7069555302166477,25495.0732421875,0.9844647645950317,0.08943171799182892,-6.993687629699707,49.479000091552734,-1669.782428461649,0.012109877882811638
s9_39.tif,EpsonV39-2,300,2480,3508,0.7069555302166477,25495.0732421875,0.9852198362350464,0.08617391437292099,-6.939694404602051,49.74711990356445,-1757.5072122523968,0.01629236859528451
s9_4.tif,EpsonV39-2,300,2480,3508,0.7069555302166477,25495.0732421875,0.9652320146560669,0.13632482290267944,-4.342416286468506,17.9078369140625,-1561.937753969111,0.03259358792805385
s9_40.tif,EpsonV39-2,300,2480,3508,0.7069555302166477,25495.0732421875,0.980654239654541,0.08990563452243805,-6.447433948516846,44.47001647949219,-1580.7129837774814,0.02399630338029205
s9_41.tif,EpsonV39-2,300,2480,3508,0.7069555302166477,25495.0732421875,0.9570695161819458,0.1604067087173462,-3.940798759460449,14.193338394165039,-1564.7836575988765,0.02709532589105087
s9_42.tif,EpsonV39-2,300,2480,3508,0.7069555302166477,25495.0732421875,0.9660449028015137,0.138467475771904,-4.35192346572876,17.586008071899414,-1561.7580047944678,0.013065987420458306
s9_43.tif,EpsonV39-2,300,2480,3508,0.7069555302166477,25495.0732421875,0.983816921710968,0.09123985469341278,-6.760199069976807,46.19267654418945,-1689.517343316977,0.016045237613565307
s9_44.tif,EpsonV39-2,300,2480,3508,0.7069555302166477,25495.0732421875,0.9733265042304993,0.12213665246963501,-5.11205530166626,25.315187454223633,-1636.2640770742403,0.02126878195461066
s9_45.tif,EpsonV39-2,300,2480,3508,0.7069555302166477,25495.0732421875,0.9807192087173462,0.101670041680336,-6.102238178253174,37.10472869873047,-1686.258707564672,0.017360204325596793
s9_46.tif,EpsonV39-2,300,2480,3508,0.7069555302166477,25495.0732421875,0.9762546420097351,0.11327198147773743,-5.427945613861084,29.01584243774414,-1658.9451273045786,0.02207994629786295
s9_47.tif,EpsonV39-2,300,2480,3508,0.7069555302166477,25495.0732421875,0.9774685502052307,0.09268346428871155,-5.632362365722656,34.173038482666016,-1527.049915132556,0.03336210780887924
s9_48.tif,EpsonV39-2,300,2480,3508,0.7069555302166477,25495.0732421875,0.9831373691558838,0.0742122232913971,-6.965931415557861,54.50172424316406,-1513.4833035980007,0.021845689116121676
s9_49.tif,EpsonV39-2,300,2480,3508,0.7069555302166477,25495.0732421875,0.987737238407135,0.08294835686683655,-7.9528913497924805,63.979454040527344,-1780.8845568003583,0.009135110530768382
s9_5.tif,EpsonV39-2,300,2480,3508,0.7069555302166477,25495.0732421875,0.9869024157524109,0.08343638479709625,-7.610973834991455,58.66146469116211,-1737.6373261385882,0.011620558539007614
s9_50.tif,EpsonV39-2,300,2480,3508,0.7069555302166477,25495.0732421875,0.9800042510032654,0.1011153906583786,-6.214594841003418,39.295204162597656,-1617.3637443349219,0.01141078456615294
s9_51.tif,EpsonV39-2,300,2480,3508,0.7069555302166477,25495.0732421875,0.9795762896537781,0.1016663983464241,-5.766299724578857,33.36227798461914,-1683.919521844139,0.01867678026262552
s9_52.tif,EpsonV39-2,300,2480,3508,0.7069555302166477,25495.0732421875,0.9310917258262634,0.14372605085372925,-1.8879833221435547,2.4588704109191895,-1380.3369008406194,0.0069388632434619485
s9_53.tif,EpsonV39-2,300,2480,3508,0.7069555302166477,25495.0732421875,0.9773370623588562,0.10637363791465759,-5.498408317565918,30.499561309814453,-1615.0815741576653,0.012109073270313016
s9_54.tif,EpsonV39-2,300,2480,3508,0.7069555302166477,25495.0732421875,0.9861918091773987,0.08114537596702576,-7.411384582519531,56.83956527709961,-1704.7898862629702,0.007647037186890793
s9_55.tif,EpsonV39-2,300,2480,3508,0.7069555302166477,25495.0732421875,0.9640870690345764,0.11022329330444336,-3.952690362930298,17.254535675048828,-1417.1723561292047,0.017412734027292456
s9_56.tif,EpsonV39-2,300,2480,3508,0.7069555302166477,25495.0732421875,0.9534963369369507,0.13608355820178986,-3.8660058975219727,15.362203598022461,-1336.5984649843988,0.02440424191709273
s9_57.tif,EpsonV39-2,300,2480,3508,0.7069555302166477,25495.0732421875,0.9791883826255798,0.10404372960329056,-5.772671222686768,32.90003967285156,-1655.7757164113216,0.015365684886158826
s9_58.tif,EpsonV39-2,300,2480,3508,0.7069555302166477,25495.0732421875,0.9844245314598083,0.0866396352648735,-6.7861528396606445,46.706146240234375,-1682.9696387718095,0.01570661069628867
s9_59.tif,EpsonV39-2,300,2480,3508,0.7069555302166477,25495.0732421875,0.9641140699386597,0.1381044238805771,-4.225828647613525,16.964336395263672,-1555.3332297824386,0.02128039136351933
s9_6.tif,EpsonV39-2,300,2480,3508,0.7069555302166477,25495.0732421875,0.9912434220314026,0.06533805280923843,-9.770722389221191,98.41991424560547,-1744.8396320767513,0.007500252878213852
s9_60.tif,EpsonV39-2,300,2480,3508,0.7069555302166477,25495.0732421875,0.9841604232788086,0.09376298636198044,-6.839565277099609,46.57185745239258,-1724.9626114545292,0.010846521315334534
s9_61.tif,EpsonV39-2,300,2480,3508,0.7069555302166477,25495.0732421875,0.9862604141235352,0.08379340916872025,-7.291000843048096,54.03376770019531,-1734.984501182456,0.013495880384007062
s9_62.tif,EpsonV39-2,300,2480,3508,0.7069555302166477,25495.0732421875,0.9752852916717529,0.11802589148283005,-5.281529903411865,27.119909286499023,-1669.5856513388378,0.015434076948541582
s9_63.tif,EpsonV39-2,300,2480,3508,0.7069555302166477,25495.0732421875,0.9658432602882385,0.120731420814991,-4.783463478088379,22.307024002075195,-1245.9271078588367,0.017276869459668224
s9_64.tif,EpsonV39-2,300,2480,3508,0.7069555302166477,25495.0732421875,0.9630624651908875,0.13729426264762878,-4.192607879638672,16.35852813720703,-1455.517311178669,0.014859813513811748
s9_65.tif,EpsonV39-2,300,2480,3508,0.7069555302166477,25495.0732421875,0.9646039605140686,0.13945125043392181,-4.1983208656311035,16.315580368041992,-1581.1945624580335,0.02052830856659433
s9_66.tif,EpsonV39-2,300,2480,3508,0.7069555302166477,25495.0732421875,0.9609349966049194,0.1517060548067093,-3.9936106204986572,14.420135498046875,-1601.4874505022788,0.012454596866149262
s9_67.tif,EpsonV39-2,300,2480,3508,0.7069555302166477,25495.0732421875,0.8958501219749451,0.14940017461776733,-1.4808833599090576,2.4919652938842773,-1011.3924321717886,0.010176853827196823
s9_68.tif,EpsonV39-2,300,2480,3508,0.7069555302166477,25495.0732421875,0.9763747453689575,0.12168824672698975,-5.654761791229248,31.070831298828125,-1701.0419950142748,0.012594714385551918
s9_69.tif,EpsonV39-2,300,2480,3508,0.7069555302166477,25495.0732421875,0.9841082096099854,0.09230980277061462,-6.949117660522461,48.62468338012695,-1685.706091007844,0.013593583330268142
s9_7.tif,EpsonV39-2,300,2480,3508,0.7069555302166477,25495.0732421875,0.9848819971084595,0.08870092034339905,-7.156234264373779,51.622772216796875,-1669.7343451006118,0.012824603670872108
s9_70.tif,EpsonV39-2,300,2480,3508,0.7069555302166477,25495.0732421875,0.9469768404960632,0.1671273559331894,-3.4412450790405273,10.561721801757812,-1364.6684168874303,0.047247075808290726
s9_71.tif,EpsonV39-2,300,2480,3508,0.7069555302166477,25495.0732421875,0.9868394136428833,0.0814545676112175,-7.34273624420166,54.92607498168945,-1763.4762095248789,0.01446176021627984
s9_72.tif,EpsonV39-2,300,2480,3508,0.7069555302166477,25495.0732421875,0.9729982614517212,0.12525668740272522,-5.1523966789245605,25.685253143310547,-1656.191042875223,0.019971516717548828
s9_73.tif,EpsonV39-2,300,2480,3508,0.7069555302166477,25495.0732421875,0.9657513499259949,0.13546644151210785,-4.4688944816589355,19.046104431152344,-1540.8439597976064,0.02330445157612094
s9_74.tif,EpsonV39-2,300,2480,3508,0.7069555302166477,25495.0732421875,0.9857401847839355,0.08249608427286148,-7.2352824211120605,54.477176666259766,-1723.1346797759254,0.013797839960275131
s9_75.tif,EpsonV39-2,300,2480,3508,0.7069555302166477,25495.0732421875,0.9866595268249512,0.07753753662109375,-7.435174465179443,58.06776809692383,-1678.7976106500091,0.011226183470040828
s9_76.tif,EpsonV39-2,300,2480,3508,0.7069555302166477,25495.0732421875,0.9859106540679932,0.08224182575941086,-7.96850061416626,65.8690414428711,-1640.2387405315017,0.00673403189024166
s9_77.tif,EpsonV39-2,300,2480,3508,0.7069555302166477,25495.0732421875,0.9660286903381348,0.1293221116065979,-4.315934181213379,18.213354110717773,-1554.6232744028239,0.026339449920918086
s9_78.tif,EpsonV39-2,300,2480,3508,0.7069555302166477,25495.0732421875,0.970443606376648,0.11182782799005508,-5.202432632446289,27.90481948852539,-1485.7928988000526,0.018102516827895685
s9_79.tif,EpsonV39-2,300,2480,3508,0.7069555302166477,25495.0732421875,0.9802958369255066,0.10082867741584778,-6.202417373657227,38.88359832763672,-1663.3077504030834,0.016469498289623716
s9_8.tif,EpsonV39-2,300,2480,3508,0.7069555302166477,25495.0732421875,0.9818184971809387,0.0980154424905777,-6.528184413909912,42.51615905761719,-1610.4506861477446,0.013701401405083313
s9_80.tif,EpsonV39-2,300,2480,3508,0.7069555302166477,25495.0732421875,0.9790948033332825,0.10450754314661026,-6.018552303314209,36.212100982666016,-1632.286724635286,0.017776648765954316
s9_81.tif,EpsonV39-2,300,2480,3508,0.7069555302166477,25495.0732421875,0.9703380465507507,0.12504933774471283,-4.787209510803223,22.264299392700195,-1573.2799890910653,0.027783614411299517
s9_82.tif,EpsonV39-2,300,2480,3508,0.7069555302166477,25495.0732421875,0.9837735891342163,0.0965709239244461,-7.139965534210205,50.7988395690918,-1651.7181183262624,0.008391648582042888
s9_83.tif,EpsonV39-2,300,2480,3508,0.7069555302166477,25495.0732421875,0.9751502275466919,0.11800036579370499,-5.367928981781006,28.131338119506836,-1641.0011075097034,0.02090728105344466
s9_84.tif,EpsonV39-2,300,2480,3508,0.7069555302166477,25495.0732421875,0.9867221713066101,0.07611648738384247,-8.126577377319336,70.02999114990234,-1666.687007065134,0.012311720675322765
s9_85.tif,EpsonV39-2,300,2480,3508,0.7069555302166477,25495.0732421875,0.9780893921852112,0.1127663254737854,-5.898820877075195,34.744319915771484,-1693.5128837452105,0.011102043255967926
s9_86.tif,EpsonV39-2,300,2480,3508,0.7069555302166477,25495.0732421875,0.9781031608581543,0.1099928766489029,-5.537585258483887,29.729015350341797,-1689.2315786193426,0.012279191341449957
s9_87.tif,EpsonV39-2,300,2480,3508,0.7069555302166477,25495.0732421875,0.9793639779090881,0.10684694349765778,-5.964914321899414,35.09324645996094,-1652.7689987492058,0.015459249825284143
s9_88.tif,EpsonV39-2,300,2480,3508,0.7069555302166477,25495.0732421875,0.9773520231246948,0.10315658897161484,-5.556097507476807,31.645904541015625,-1562.5003718186033,0.014563486225034023
s9_89.tif,EpsonV39-2,300,2480,3508,0.7069555302166477,25495.0732421875,0.969375729560852,0.12758809328079224,-4.718699932098389,21.656593322753906,-1596.9182091352968,0.027648784345459226
s9_9.tif,EpsonV39-2,300,2480,3508,0.7069555302166477,25495.0732421875,0.9725591540336609,0.12359219044446945,-4.961911201477051,23.80849266052246,-1659.007602943251,0.022328111781366095
s9_90.tif,EpsonV39-2,300,2480,3508,0.7069555302166477,25495.0732421875,0.9777513146400452,0.10585188865661621,-5.703263282775879,32.770301818847656,-1623.5971005342565,0.02423837679773421
s9_91.tif,EpsonV39-2,300,2480,3508,0.7069555302166477,25495.0732421875,0.9772891402244568,0.11628147959709167,-5.700552940368652,31.687999725341797,-1681.5973887731684,0.013608756023099276
s9_92.tif,EpsonV39-2,300,2480,3508,0.7069555302166477,25495.0732421875,0.981521487236023,0.10358044505119324,-6.372427940368652,40.29423904418945,-1718.3010454072864,0.012505172508919703
s9_93.tif,EpsonV39-2,300,2480,3508,0.7069555302166477,25495.0732421875,0.9789769649505615,0.10879078507423401,-6.0261688232421875,35.85221481323242,-1632.5282259822284,0.015121542465148784
s9_94.tif,EpsonV39-2,300,2480,3508,0.7069555302166477,25495.0732421875,0.9806010127067566,0.1049758791923523,-6.450018882751465,41.138057708740234,-1607.703113793507,0.011245839003935705
s9_95.tif,EpsonV39-2,300,2480,3508,0.7069555302166477,25495.0732421875,0.9853812456130981,0.09151060879230499,-7.132909297943115,51.02802276611328,-1779.712380697672,0.012127234523853312
s9_96.tif,EpsonV39-2,300,2480,3508,0.7069555302166477,25495.0732421875,0.9793974161148071,0.10945621877908707,-6.020809650421143,35.980445861816406,-1703.10800415035,0.008056699893331371
s9_97.tif,EpsonV39-2,300,2480,3508,0.7069555302166477,25495.0732421875,0.9788669943809509,0.10552190989255905,-5.975959300994873,36.03657531738281,-1664.9152655375856,0.013806920587045279
s9_98.tif,EpsonV39-2,300,2480,3508,0.7069555302166477,25495.0732421875,0.9567520618438721,0.15052233636379242,-3.821852684020996,13.552600860595703,-1501.9537443755476,0.044063568985176736
s9_99.tif,EpsonV39-2,300,2480,3508,0.7069555302166477,25495.0732421875,0.980108916759491,0.10465226322412491,-6.4096245765686035,41.1680908203125,-1634.5797874919936,0.01150814267848604
s10_1.tif,EpsonV550,150,1239,1754,0.7063854047890535,6368.9423828125,0.9701963663101196,0.12144112586975098,-4.79574728012085,22.230045318603516,-1457.2234236050888,0.030952887117005935
s10_10.tif,EpsonV550,150,1239,1754,0.7063854047890535,6368.9423828125,0.9696605205535889,0.11735985428094864,-4.205742835998535,16.55291748046875,-1523.7122587685585,0.027139626892250437
s10_100.tif,EpsonV550,150,1239,1754,0.7063854047890535,6368.9423828125,0.9830548763275146,0.08919810503721237,-6.743287086486816,46.348411560058594,-1558.689405309525,0.018995898225939004
s10_11.tif,EpsonV550,150,1239,1754,0.7063854047890535,6368.9423828125,0.9734984636306763,0.10849042236804962,-4.965217590332031,24.832918167114258,-1512.2388881780703,0.049686500037272124
s10_12.tif,EpsonV550,150,1239,1754,0.7063854047890535,6368.9423828125,0.9852578639984131,0.07329782843589783,-7.86003303527832,65.17737579345703,-1483.8598969325242,0.01719349201134177
s10_13.tif,EpsonV550,150,1239,1754,0.7063854047890535,6368.9423828125,0.9787009358406067,0.09494800120592117,-5.800036907196045,34.441993713378906,-1481.8668414520687,0.03639829818250088
s10_14.tif,EpsonV550,150,1239,1754,0.7063854047890535,6368.9423828125,0.9791101217269897,0.09936794638633728,-5.65639066696167,32.22868728637695,-1611.5070401485182,0.033473126799760354
s10_15.tif,EpsonV550,150,1239,1754,0.7063854047890535,6368.9423828125,0.9766265749931335,0.10172595828771591,-5.5732808113098145,31.530494689941406,-1480.884171157877,0.038763007280487906
s10_16.tif,EpsonV550,150,1239,1754,0.7063854047890535,6368.9423828125,0.9736074209213257,0.10119061172008514,-4.855582237243652,24.117799758911133,-1440.5294058781137,0.04523041073878868
s10_17.tif,EpsonV550,150,1239,1754,0.7063854047890535,6368.9423828125,0.9813728928565979,0.08520958572626114,-6.047979831695557,38.372039794921875,-1526.2783618367923,0.037337463636673195
s10_18.tif,EpsonV550,150,1239,1754,0.7063854047890535,6368.9423828125,0.9910352230072021,0.05930667743086815,-9.886977195739746,102.77888488769531,-1623.9519860341425,0.011773849326755034
s10_19.tif,EpsonV550,150,1239,1754,0.7063854047890535,6368.9423828125,0.981467604637146,0.0919317901134491,-6.306053638458252,40.3508415222168,-1536.6454338629283,0.025166965303795405
s10_2.tif,EpsonV550,150,1239,1754,0.7063854047890535,6368.9423828125,0.9576631784439087,0.12716084718704224,-3.700762987136841,13.519678115844727,-1291.4495779245478,0.08125552754777964
s10_20.tif,EpsonV550,150,1239,1754,0.7063854047890535,6368.9423828125,0.9663257598876953,0.11799246072769165,-4.5916900634765625,20.944652557373047,-1262.1806449034214,0.045097427487315975
s10_21.tif,EpsonV550,150,1239,1754,0.7063854047890535,6368.9423828125,0.9913918375968933,0.0608164481818676,-9.323809623718262,91.7070541381836,-1732.862722587451,0.014396242233824129
s10_22.tif,EpsonV550,150,1239,1754,0.7063854047890535,6368.9423828125,0.9916984438896179,0.05540474131703377,-10.484294891357422,116.75093841552734,-1626.973462522754,0.011042671518484672
s10_23.tif,EpsonV550,150,1239,1754,0.7063854047890535,6368.9423828125,0.9837172627449036,0.07864575833082199,-6.855640888214111,49.35911178588867,-1524.1101281836782,0.023263326164201646
s10_24.tif,EpsonV550,150,1239,1754,0.7063854047890535,6368.9423828125,0.9872874617576599,0.06908059865236282,-7.493469715118408,59.15532684326172,-1588.2060892470358,0.024642854842108847
s10_25.tif,EpsonV550,150,1239,1754,0.7063854047890535,6368.9423828125,0.9760041236877441,0.11034967005252838,-5.4899001121521,29.683731079101562,-1520.3893832366152,0.02548584901753446
s10_26.tif,EpsonV550,150,1239,1754,0.7063854047890535,6368.9423828125,0.9829451441764832,0.08751991391181946,-6.651823997497559,44.98427963256836,-1542.066634278617,0.021650041459484282
s10_27.tif,EpsonV550,150,1239,1754,0.7063854047890535,6368.9423828125,0.962247371673584,0.1377398520708084,-4.065608501434326,15.634366989135742,-1511.5132739309324,0.042621822321491844
s10_28.tif,EpsonV550,150,1239,1754,0.7063854047890535,6368.9423828125,0.9874477982521057,0.07429014891386032,-8.205765724182129,69.41259002685547,-1583.6799471489808,0.014197457581103677
s10_29.tif,EpsonV550,150,1239,1754,0.7063854047890535,6368.9423828125,0.9835834503173828,0.05764096602797508,-8.474210739135742,80.13227844238281,-1269.8512183166984,0.010965826525419128
s10_3.tif,EpsonV550,150,1239,1754,0.7063854047890535,6368.9423828125,0.9788987040519714,0.09935948252677917,-5.600862979888916,31.816539764404297,-1628.4176820557,0.035441186891624635
s10_30.tif,EpsonV550,150,1239,1754,0.7063854047890535,6368.9423828125,0.9754023551940918,0.09608186781406403,-4.507907390594482,19.341686248779297,-1486.8020997819922,0.023873024462476175
s10_31.tif,EpsonV550,150,1239,1754,0.7063854047890535,6368.9423828125,0.9567771553993225,0.13318808376789093,-3.618964433670044,12.492324829101562,-1319.3911840380833,0.06724305012962416
s10_32.tif,EpsonV550,150,1239,1754,0.7063854047890535,6368.9423828125,0.9832871556282043,0.07682596892118454,-6.707162380218506,48.4880256652832,-1491.3056640781924,0.03733378243940059
s10_33.tif,EpsonV550,150,1239,1754,0.7063854047890535,6368.9423828125,0.9602146744728088,0.13418494164943695,-3.875006914138794,14.396598815917969,-1440.8638023390922,0.06060723189610189
s10_34.tif,EpsonV550,150,1239,1754,0.7063854047890535,6368.9423828125,0.9851912260055542,0.0758909210562706,-7.0456719398498535,52.48863220214844,-1556.8415072031546,0.027760828932001845
s10_35.tif,EpsonV550,150,1239,1754,0.7063854047890535,6368.9423828125,0.9719355702400208,0.12193294614553452,-4.961609840393066,23.826068878173828,-1529.805021849018,0.02901841795025414
s10_36.tif,EpsonV550,150,1239,1754,0.7063854047890535,6368.9423828125,0.9830914735794067,0.0894910991191864,-6.705455780029297,45.64960479736328,-1571.2799058415467,0.021317813405632047
s10_37.tif,EpsonV550,150,1239,1754,0.7063854047890535,6368.9423828125,0.980809211730957,0.09500482678413391,-6.205781936645508,38.921409606933594,-1545.3692057966553,0.025248871943110776
s10_38.tif,EpsonV550,150,1239,1754,0.7063854047890535,6368.9423828125,0.9845173358917236,0.07894134521484375,-6.9580254554748535,49.92086410522461,-1531.5043675612703,0.021533623595738276
s10_39.tif,EpsonV550,150,1239,1754,0.7063854047890535,6368.9423828125,0.9865368008613586,0.07458184659481049,-7.15340518951416,55.029109954833984,-1688.7637574084877,0.03028613026100609
s10_4.tif,EpsonV550,150,1239,1754,0.7063854047890535,6368.9423828125,0.9678571820259094,0.11792295426130295,-4.44005823135376,19.58555030822754,-1423.9144766745685,0.055819834843084365
s10_40.tif,EpsonV550,150,1239,1754,0.7063854047890535,6368.9423828125,0.9812494516372681,0.07850393652915955,-6.750155448913574,50.90019607543945,-1433.6330009689273,0.043599180197367395
s10_41.tif,EpsonV550,150,1239,1754,0.7063854047890535,6368.9423828125,0.9607185125350952,0.14443734288215637,-4.107520580291748,16.030555725097656,-1489.7114214949563,0.05064913312405727
s10_42.tif,EpsonV550,150,1239,1754,0.7063854047890535,6368.9423828125,0.9676936864852905,0.1252279430627823,-4.380126953125,18.04851531982422,-1444.3990411598056,0.02422687955030494
s10_43.tif,EpsonV550,150,1239,1754,0.7063854047890535,6368.9423828125,0.9858219623565674,0.07756300270557404,-6.885339260101318,49.63452911376953,-1669.575928131302,0.02629387181887037
s10_44.tif,EpsonV550,150,1239,1754,0.7063854047890535,6368.9423828125,0.9745787978172302,0.10728767514228821,-5.197180271148682,27.019792556762695,-1477.5784661342118,0.03915597508933805
s10_45.tif,EpsonV550,150,1239,1754,0.7063854047890535,6368.9423828125,0.981845498085022,0.0875217616558075,-6.212360858917236,39.88467788696289,-1549.1404437049114,0.031169157456771242
s10_46.tif,EpsonV550,150,1239,1754,0.7063854047890535,6368.9423828125,0.9773892760276794,0.09875007718801498,-5.536252975463867,31.36310577392578,-1495.9908111344225,0.03700017393657113
s10_47.tif,EpsonV550,150,1239,1754,0.7063854047890535,6368.9423828125,0.9785721898078918,0.07715535163879395,-5.704937934875488,37.33863830566406,-1382.9520390536209,0.060800954902572514
s10_48.tif,EpsonV550,150,1239,1754,0.7063854047890535,6368.9423828125,0.9833292365074158,0.06250176578760147,-7.049132347106934,59.5699462890625,-1393.7295584662963,0.040073973659192914
s10_49.tif,EpsonV550,150,1239,1754,0.7063854047890535,6368.9423828125,0.9884881973266602,0.07393207401037216,-8.155106544494629,69.07917785644531,-1704.6465971157843,0.015618399728327641
s10_5.tif,EpsonV550,150,1239,1754,0.7063854047890535,6368.9423828125,0.9872127771377563,0.07217175513505936,-7.792853832244873,63.62274932861328,-1592.5686381069404,0.020066206332947728
s10_50.tif,EpsonV550,150,1239,1754,0.7063854047890535,6368.9423828125,0.9789685010910034,0.10175725817680359,-6.179879188537598,38.48832702636719,-1510.6331333827577,0.019741340673640695
s10_51.tif,EpsonV550,150,1239,1754,0.7063854047890535,6368.9423828125,0.9812047481536865,0.088262639939785,-5.82382345199585,35.291568756103516,-1611.7368025059484,0.032728604651376815
s10_52.tif,EpsonV550,150,1239,1754,0.7063854047890535,6368.9423828125,0.9238436818122864,0.15423187613487244,-1.7294138669967651,1.3830680847167969,-1283.9142077637919,0.011538712850967648
s10_53.tif,EpsonV550,150,1239,1754,0.7063854047890535,6368.9423828125,0.9714776277542114,0.10274282842874527,-5.243003845214844,27.66983413696289,-1244.9502423494316,0.022387201213322622
s10_54.tif,EpsonV550,150,1239,1754,0.7063854047890535,6368.9423828125,0.9857413172721863,0.07632184028625488,-7.224177360534668,54.70988464355469,-1589.9955180900672,0.013870291173501269
s10_55.tif,EpsonV550,150,1239,1754,0.7063854047890535,6368.9423828125,0.9660658240318298,0.09507956355810165,-3.829578161239624,17.239364624023438,-1313.8683246239611,0.03298168696386813
s10_56.tif,EpsonV550,150,1239,1754,0.7063854047890535,6368.9423828125,0.9574671387672424,0.11963507533073425,-4.001537322998047,17.21670150756836,-1271.51940185462,0.04475047464437334
s10_57.tif,EpsonV550,150,1239,1754,0.7063854047890535,6368.9423828125,0.9806948900222778,0.09422743320465088,-5.8311967849731445,34.2501106262207,-1618.7044510957178,0.02829552283584713
s10_58.tif,EpsonV550,150,1239,1754,0.7063854047890535,6368.9423828125,0.9811525940895081,0.0756809264421463,-6.729777812957764,47.85791778564453,-1337.0370552112377,0.025522200840601396
s10_59.tif,EpsonV550,150,1239,1754,0.7063854047890535,6368.9423828125,0.9657918810844421,0.12627257406711578,-4.184518337249756,16.745553970336914,-1460.9355108134816,0.037486091976554455
s10_6.tif,EpsonV550,150,1239,1754,0.7063854047890535,6368.9423828125,0.9906653761863708,0.05698021501302719,-9.696717262268066,101.40966796875,-1608.7217323278032,0.012777895882856941
s10_60.tif,EpsonV550,150,1239,1754,0.7063854047890535,6368.9423828125,0.9844748973846436,0.08397224545478821,-6.91190242767334,48.68854522705078,-1589.3429893050395,0.020282016523053958
s10_61.tif,EpsonV550,150,1239,1754,0.7063854047890535,6368.9423828125,0.9868484735488892,0.07238341122865677,-7.355828285217285,56.964927673339844,-1613.8364557578059,0.022790752464331498
s10_62.tif,EpsonV550,150,1239,1754,0.7063854047890535,6368.9423828125,0.9762726426124573,0.1072513684630394,-5.308719635009766,27.856603622436523,-1546.5616710248705,0.028328193461641463
s10_63.tif,EpsonV550,150,1239,1754,0.7063854047890535,6368.9423828125,0.9643076658248901,0.11379361897706985,-4.78079891204834,22.628877639770508,-1135.3510238551332,0.03247276144093105
s10_64.tif,EpsonV550,150,1239,1754,0.7063854047890535,6368.9423828125,0.9624630808830261,0.13304659724235535,-4.23884916305542,16.8056583404541,-1319.0858745155506,0.028032317230856165
s10_65.tif,EpsonV550,150,1239,1754,0.7063854047890535,6368.9423828125,0.9667581915855408,0.12992550432682037,-4.242685317993164,16.870929718017578,-1566.6721217376937,0.03681565392328201
s10_66.tif,EpsonV550,150,1239,1754,0.7063854047890535,6368.9423828125,0.9629091024398804,0.13815636932849884,-4.006284236907959,14.656606674194336,-1468.0027207075298,0.023100433184889052
s10_67.tif,EpsonV550,150,1239,1754,0.7063854047890535,6368.9423828125,0.8893908858299255,0.152796670794487,-1.2228307723999023,1.1509332656860352,-970.2972949214401,0.01808894324790195
s10_68.tif,EpsonV550,150,1239,1754,0.7063854047890535,6368.9423828125,0.977057158946991,0.11192933470010757,-5.797320365905762,33.40264129638672,-1557.1601373667963,0.021615990384712725
s10_69.tif,EpsonV550,150,1239,1754,0.7063854047890535,6368.9423828125,0.9841330051422119,0.08047539740800858,-7.088089942932129,52.42021942138672,-1519.149385496682,0.023251362273065693
s10_7.tif,EpsonV550,150,1239,1754,0.7063854047890535,6368.9423828125,0.9847735166549683,0.07692290842533112,-7.1299896240234375,53.03248977661133,-1526.0321083918343,0.02256251823343024
s10_70.tif,EpsonV550,150,1239,1754,0.7063854047890535,6368.9423828125,0.9531482458114624,0.14215275645256042,-3.517947196960449,11.61731243133545,-1296.7251287412132,0.08225129141001819
s10_71.tif,EpsonV550,150,1239,1754,0.7063854047890535,6368.9423828125,0.9880056381225586,0.06834869086742401,-7.280713081359863,55.75003433227539,-1684.4050163441357,0.02453517982188527
s10_72.tif,EpsonV550,150,1239,1754,0.7063854047890535,6368.9423828125,0.9749141335487366,0.11007290333509445,-5.2760772705078125,27.757007598876953,-1522.8003088654827,0.036406120726705155
s10_73.tif,EpsonV550,150,1239,1754,0.7063854047890535,6368.9423828125,0.9668682813644409,0.12558294832706451,-4.499382495880127,19.717802047729492,-1432.6719736788893,0.04106881722211332
s10_74.tif,EpsonV550,150,1239,1754,0.7063854047890535,6368.9423828125,0.9856396317481995,0.0713801458477974,-7.020814418792725,53.48283386230469,-1560.2650305746615,0.023694026245095954
s10_75.tif,EpsonV550,150,1239,1754,0.7063854047890535,6368.9423828125,0.9857653975486755,0.07089725881814957,-7.172928810119629,54.42013168334961,-1515.6955932874935,0.021737469894708556
s10_76.tif,EpsonV550,150,1239,1754,0.7063854047890535,6368.9423828125,0.9847560524940491,0.07576073706150055,-7.793980598449707,64.90443420410156,-1500.2032542023187,0.013061348072847213
s10_77.tif,EpsonV550,150,1239,1754,0.7063854047890535,6368.9423828125,0.9685231447219849,0.11584892123937607,-4.2169365882873535,17.534189224243164,-1517.4195802928984,0.04868107303219299
s10_78.tif,EpsonV550,150,1239,1754,0.7063854047890535,6368.9423828125,0.9698898792266846,0.09931638836860657,-4.9226250648498535,26.238550186157227,-1362.620662768877,0.033870696105201256
s10_79.tif,EpsonV550,150,1239,1754,0.7063854047890535,6368.9423828125,0.980739951133728,0.08858969062566757,-6.198855876922607,40.5230827331543,-1527.6754649830536,0.029520441228305095
s10_8.tif,EpsonV550,150,1239,1754,0.7063854047890535,6368.9423828125,0.9820168018341064,0.08602331578731537,-6.65000581741333,45.48292922973633,-1476.9206163710762,0.024666782624380754
s10_80.tif,EpsonV550,150,1239,1754,0.7063854047890535,6368.9423828125,0.9802776575088501,0.0899117961525917,-6.138499736785889,39.2088508605957,-1489.2266213070743,0.0339420193023579
s10_81.tif,EpsonV550,150,1239,1754,0.7063854047890535,6368.9423828125,0.9733513593673706,0.10409329831600189,-4.812469482421875,23.55814552307129,-1457.9829608449181,0.03897283552502616
s10_82.tif,EpsonV550,150,1239,1754,0.7063854047890535,6368.9423828125,0.9832882881164551,0.08830399066209793,-7.2450127601623535,53.2250862121582,-1507.6559243003196,0.015683280830257232
s10_83.tif,EpsonV550,150,1239,1754,0.7063854047890535,6368.9423828125,0.9778662323951721,0.10180631279945374,-5.474074840545654,30.242938995361328,-1596.7906945913264,0.03728132537826603
s10_84.tif,EpsonV550,150,1239,1754,0.7063854047890535,6368.9423828125,0.986117959022522,0.06754196435213089,-8.138978958129883,73.31684875488281,-1512.8860595603426,0.019768029353867053
s10_85.tif,EpsonV550,150,1239,1754,0.7063854047890535,6368.9423828125,0.9782508015632629,0.10416433960199356,-5.904894828796387,35.46126937866211,-1545.854400270182,0.020138449829422523
s10_86.tif,EpsonV550,150,1239,1754,0.7063854047890535,6368.9423828125,0.9785763621330261,0.10083211213350296,-5.596639633178711,30.88650131225586,-1542.913132226846,0.023857379374067622
s10_87.tif,EpsonV550,150,1239,1754,0.7063854047890535,6368.9423828125,0.9800741672515869,0.09423080086708069,-6.092824459075928,37.595977783203125,-1504.1625830576104,0.028113303570853385
s10_88.tif,EpsonV550,150,1239,1754,0.7063854047890535,6368.9423828125,0.9768810272216797,0.09639282524585724,-5.349206447601318,29.249168395996094,-1452.268513468431,0.025430170908786374
s10_89.tif,EpsonV550,150,1239,1754,0.7063854047890535,6368.9423828125,0.972463846206665,0.11012369394302368,-4.700471878051758,22.099365234375,-1549.2857945526414,0.04737792919769226
s10_9.tif,EpsonV550,150,1239,1754,0.7063854047890535,6368.9423828125,0.975091278553009,0.10910305380821228,-5.104158878326416,26.06097412109375,-1600.4185354349413,0.038674658545945484
s10_90.tif,EpsonV550,150,1239,1754,0.7063854047890535,6368.9423828125,0.9790430665016174,0.09136302769184113,-5.85930061340332,36.12766647338867,-1492.2065618638642,0.04448082694415532
s10_91.tif,EpsonV550,150,1239,1754,0.7063854047890535,6368.9423828125,0.9785647392272949,0.10418516397476196,-5.822579860687256,33.79629898071289,-1563.5281363799816,0.02532111543958557
s10_92.tif,EpsonV550,150,1239,1754,0.7063854047890535,6368.9423828125,0.9820815324783325,0.09318457543849945,-6.451364517211914,42.18814468383789,-1579.4349064552534,0.023255043470338292
s10_93.tif,EpsonV550,150,1239,1754,0.7063854047890535,6368.9423828125,0.9796928763389587,0.09571673721075058,-6.131233215332031,38.13840866088867,-1491.5466121831073,0.027639349422006014
s10_94.tif,EpsonV550,150,1239,1754,0.7063854047890535,6368.9423828125,0.9811407923698425,0.09381534159183502,-6.588975429534912,43.945068359375,-1496.2903797771437,0.020865946440420283
s10_95.tif,EpsonV550,150,1239,1754,0.7063854047890535,6368.9423828125,0.986335039138794,0.07984038442373276,-7.227241039276123,53.87333297729492,-1676.0800945459328,0.021837322370727854
s10_96.tif,EpsonV550,150,1239,1754,0.7063854047890535,6368.9423828125,0.979251503944397,0.1024056002497673,-5.975548267364502,35.8270378112793,-1557.7326969832145,0.015449064653787998
s10_97.tif,EpsonV550,150,1239,1754,0.7063854047890535,6368.9423828125,0.9793617129325867,0.09463698416948318,-5.8778910636901855,35.96333312988281,-1546.3529356940508,0.02587651607808924
s10_98.tif,EpsonV550,150,1239,1754,0.7063854047890535,6368.9423828125,0.9613088369369507,0.12723581492900848,-3.906919002532959,14.967018127441406,-1384.836071405828,0.07449132755937542
s10_99.tif,EpsonV550,150,1239,1754,0.7063854047890535,6368.9423828125,0.9795997142791748,0.09452550858259201,-6.497433662414551,43.74711990356445,-1460.5496740155404,0.021771981119139187
s10_1.tif,EpsonV550,300,2478,3508,0.7063854047890535,25474.5185546875,0.9683621525764465,0.12651243805885315,-4.757930755615234,21.584714889526367,-1385.8738827287432,0.01611352076149247
s10_10.tif,EpsonV550,300,2478,3508,0.7063854047890535,25474.5185546875,0.9678424596786499,0.12358997762203217,-4.257142066955566,16.966218948364258,-1454.0427406280126,0.017918687874044156
s10_100.tif,EpsonV550,300,2478,3508,0.7063854047890535,25474.5185546875,0.9815903306007385,0.09446824342012405,-6.627577304840088,44.01063919067383,-1498.8198675860838,0.011289196698334166
s10_11.tif,EpsonV550,300,2478,3508,0.7063854047890535,25474.5185546875,0.971049427986145,0.11852306872606277,-4.879531383514404,23.213848114013672,-1450.8534271886936,0.027383046061901173
s10_12.tif,EpsonV550,300,2478,3508,0.7063854047890535,25474.5185546875,0.9838327765464783,0.07852479815483093,-7.721293926239014,61.539398193359375,-1426.3329925213077,0.009737226935688563
s10_13.tif,EpsonV550,300,2478,3508,0.7063854047890535,25474.5185546875,0.976460337638855,0.10334132611751556,-5.709994792938232,32.498905181884766,-1415.4190404519575,0.01937241568447722
s10_14.tif,EpsonV550,300,2478,3508,0.7063854047890535,25474.5185546875,0.9772597551345825,0.10725157707929611,-5.595590591430664,30.845165252685547,-1545.777549355965,0.01940439608578294
s10_15.tif,EpsonV550,300,2478,3508,0.7063854047890535,25474.5185546875,0.9744858741760254,0.10933268815279007,-5.4947404861450195,29.957496643066406,-1412.2869146431724,0.022543076910334317
s10_16.tif,EpsonV550,300,2478,3508,0.7063854047890535,25474.5185546875,0.9715350270271301,0.1083497628569603,-4.856586456298828,23.64349937438965,-1373.825285073882,0.025871109319595104
s10_17.tif,EpsonV550,300,2478,3508,0.7063854047890535,25474.5185546875,0.979428768157959,0.09406525641679764,-5.9620184898376465,36.05851364135742,-1471.7724973565118,0.022015515326204695
s10_18.tif,EpsonV550,300,2478,3508,0.7063854047890535,25474.5185546875,0.9896050095558167,0.0635954812169075,-9.722733497619629,97.82664489746094,-1541.6008700203865,0.006786517246869372
s10_19.tif,EpsonV550,300,2478,3508,0.7063854047890535,25474.5185546875,0.9795170426368713,0.09863245487213135,-6.2174458503723145,38.4482536315918,-1460.2817174838488,0.014523588651973167
s10_2.tif,EpsonV550,300,2478,3508,0.7063854047890535,25474.5185546875,0.9544277787208557,0.14048153162002563,-3.6856634616851807,12.765799522399902,-1246.7295336268717,0.0504364289441498
s10_20.tif,EpsonV550,300,2478,3508,0.7063854047890535,25474.5185546875,0.963532567024231,0.12581343948841095,-4.522676467895508,19.835973739624023,-1211.744129307898,0.025181229943226736
s10_21.tif,EpsonV550,300,2478,3508,0.7063854047890535,25474.5185546875,0.9902077913284302,0.06601523607969284,-9.155817985534668,86.4959487915039,-1656.376202379208,0.008964865732930979
s10_22.tif,EpsonV550,300,2478,3508,0.7063854047890535,25474.5185546875,0.990269124507904,0.060047946870326996,-10.252647399902344,109.4531021118164,-1542.4549752631128,0.00659820099889288
s10_23.tif,EpsonV550,300,2478,3508,0.7063854047890535,25474.5185546875,0.9821615219116211,0.08550558984279633,-6.798582077026367,47.3648681640625,-1465.185398118311,0.01345661662999274
s10_24.tif,EpsonV550,300,2478,3508,0.7063854047890535,25474.5185546875,0.9852596521377563,0.07698430866003036,-7.440444469451904,56.91633605957031,-1498.9457135596524,0.013855681421825635
s10_25.tif,EpsonV550,300,2478,3508,0.7063854047890535,25474.5185546875,0.9743679165840149,0.11558105051517487,-5.3830976486206055,28.067781448364258,-1459.8577287879343,0.01497016389610557
s10_26.tif,EpsonV550,300,2478,3508,0.7063854047890535,25474.5185546875,0.9810659885406494,0.09310264140367508,-6.557988166809082,43.00505447387695,-1453.9287389075262,0.012249644074238706
s10_27.tif,EpsonV550,300,2478,3508,0.7063854047890535,25474.5185546875,0.9601811170578003,0.14458127319812775,-4.021023750305176,14.989084243774414,-1447.5635117501527,0.025353440953135596
s10_28.tif,EpsonV550,300,2478,3508,0.7063854047890535,25474.5185546875,0.9859721064567566,0.07900265604257584,-8.00413990020752,64.99396514892578,-1511.4100864276493,0.0082164323124453
s10_29.tif,EpsonV550,300,2478,3508,0.7063854047890535,25474.5185546875,0.9885830879211426,0.059852927923202515,-8.765266418457031,82.92051696777344,-1509.8410819426615,0.0068226389951067685
s10_3.tif,EpsonV550,300,2478,3508,0.7063854047890535,25474.5185546875,0.9771904945373535,0.10666278004646301,-5.507800579071045,29.96767807006836,-1559.0879426363529,0.019560386820209406
s10_30.tif,EpsonV550,300,2478,3508,0.7063854047890535,25474.5185546875,0.9738341569900513,0.09972600638866425,-4.548198223114014,19.84403419494629,-1418.695114866886,0.014798643110685319
s10_31.tif,EpsonV550,300,2478,3508,0.7063854047890535,25474.5185546875,0.9538134932518005,0.14373837411403656,-3.6292779445648193,12.176716804504395,-1261.2331709464343,0.04077018009337357
s10_32.tif,EpsonV550,300,2478,3508,0.7063854047890535,25474.5185546875,0.9811263680458069,0.08532916754484177,-6.542649269104004,44.08573913574219,-1406.1721694204298,0.019721324163470926
s10_33.tif,EpsonV550,300,2478,3508,0.7063854047890535,25474.5185546875,0.957570493221283,0.14450199902057648,-3.8603508472442627,13.885076522827148,-1392.1809689164854,0.03576156609175568
s10_34.tif,EpsonV550,300,2478,3508,0.7063854047890535,25474.5185546875,0.9833998680114746,0.08270558714866638,-6.93176794052124,49.2617301940918,-1480.3429036379416,0.015908294013544964
s10_35.tif,EpsonV550,300,2478,3508,0.7063854047890535,25474.5185546875,0.9699912071228027,0.12774674594402313,-4.87716007232666,22.641551971435547,-1460.7323555186906,0.01644873978812869
s10_36.tif,EpsonV550,300,2478,3508,0.7063854047890535,25474.5185546875,0.9813705086708069,0.09511862695217133,-6.614835739135742,43.667205810546875,-1493.723206436674,0.012091927778590708
s10_37.tif,EpsonV550,300,2478,3508,0.7063854047890535,25474.5185546875,0.9791399240493774,0.10125113278627396,-6.0984721183776855,36.85206985473633,-1482.0630677950103,0.014661518512280935
s10_38.tif,EpsonV550,300,2478,3508,0.7063854047890535,25474.5185546875,0.9826518893241882,0.08552141487598419,-6.930596351623535,48.70758819580078,-1446.029253960426,0.012595216468204119
s10_39.tif,EpsonV550,300,2478,3508,0.7063854047890535,25474.5185546875,0.9849218130111694,0.08123453706502914,-6.996975898742676,51.01421356201172,-1599.7492740203425,0.016870697025500574
s10_4.tif,EpsonV550,300,2478,3508,0.7063854047890535,25474.5185546875,0.9654138684272766,0.12811172008514404,-4.392680644989014,18.509469985961914,-1376.5685238362782,0.033092007844631385
s10_40.tif,EpsonV550,300,2478,3508,0.7063854047890535,25474.5185546875,0.979587197303772,0.08508657664060593,-6.5043625831604,45.73069381713867,-1388.253659271265,0.02447938667572241
s10_41.tif,EpsonV550,300,2478,3508,0.7063854047890535,25474.5185546875,0.9583076238632202,0.15187250077724457,-4.005457401275635,14.801010131835938,-1416.4322690809142,0.027385691922440853
s10_42.tif,EpsonV550,300,2478,3508,0.7063854047890535,25474.5185546875,0.9660413265228271,0.1304323971271515,-4.39171838760376,18.065462112426758,-1382.58492713229,0.016057037390840998
s10_43.tif,EpsonV550,300,2478,3508,0.7063854047890535,25474.5185546875,0.9841234683990479,0.08565878123044968,-6.841305255889893,47.63617706298828,-1591.5458435283992,0.016463579614633864
s10_44.tif,EpsonV550,300,2478,3508,0.7063854047890535,25474.5185546875,0.9725625514984131,0.11559388041496277,-5.143065452575684,25.81263542175293,-1423.6813130288833,0.021775547278997023
s10_45.tif,EpsonV550,300,2478,3508,0.7063854047890535,25474.5185546875,0.9800199270248413,0.09581129997968674,-6.156521320343018,38.05343246459961,-1484.7245367507965,0.0178249323810076
s10_46.tif,EpsonV550,300,2478,3508,0.7063854047890535,25474.5185546875,0.9753566980361938,0.10750113427639008,-5.470134258270264,29.699718475341797,-1441.2030716022116,0.022551704716441974
s10_47.tif,EpsonV550,300,2478,3508,0.7063854047890535,25474.5185546875,0.9768540263175964,0.08661280572414398,-5.698301315307617,35.450260162353516,-1347.714166825681,0.033859077326309606
s10_48.tif,EpsonV550,300,2478,3508,0.7063854047890535,25474.5185546875,0.9817920923233032,0.06975232809782028,-6.998550891876221,55.913639068603516,-1340.105282603241,0.022420331988776028
s10_49.tif,EpsonV550,300,2478,3508,0.7063854047890535,25474.5185546875,0.9871651530265808,0.07898169755935669,-7.985540390014648,64.931640625,-1624.8119291367484,0.009593660242057126
s10_5.tif,EpsonV550,300,2478,3508,0.7063854047890535,25474.5185546875,0.985657811164856,0.07855579257011414,-7.606246471405029,59.126033782958984,-1526.4342622532636,0.012079963887454756
s10_50.tif,EpsonV550,300,2478,3508,0.7063854047890535,25474.5185546875,0.9776104688644409,0.10465796291828156,-6.075016021728516,36.873939514160156,-1444.5666385839259,0.011648918694316139
s10_51.tif,EpsonV550,300,2478,3508,0.7063854047890535,25474.5185546875,0.9795196652412415,0.096075639128685,-5.815130710601807,34.210479736328125,-1544.5467685636415,0.019259679018003815
s10_52.tif,EpsonV550,300,2478,3508,0.7063854047890535,25474.5185546875,0.9222012758255005,0.15694491565227509,-1.7806613445281982,1.6465797424316406,-1187.1504980124012,0.00766977451746406
s10_53.tif,EpsonV550,300,2478,3508,0.7063854047890535,25474.5185546875,0.9756311774253845,0.10700596868991852,-5.299849033355713,27.734392166137695,-1469.0597142832257,0.01265250510075897
s10_54.tif,EpsonV550,300,2478,3508,0.7063854047890535,25474.5185546875,0.9841641783714294,0.08018650114536285,-7.158969402313232,53.08686065673828,-1499.0042354236195,0.00821447667639423
s10_55.tif,EpsonV550,300,2478,3508,0.7063854047890535,25474.5185546875,0.9639508128166199,0.10223936289548874,-3.9911892414093018,18.038841247558594,-1233.9227039200996,0.020077595037009836
s10_56.tif,EpsonV550,300,2478,3508,0.7063854047890535,25474.5185546875,0.9553595185279846,0.12783174216747284,-3.985743761062622,16.401704788208008,-1204.94058817573,0.025504715153556543
s10_57.tif,EpsonV550,300,2478,3508,0.7063854047890535,25474.5185546875,0.9791802763938904,0.10079517215490341,-5.803224086761475,33.32115173339844,-1558.7514866920424,0.015766797993379367
s10_58.tif,EpsonV550,300,2478,3508,0.7063854047890535,25474.5185546875,0.9833437204360962,0.08171071112155914,-6.8236565589904785,47.65778350830078,-1480.2435181990493,0.016116511734276456
s10_59.tif,EpsonV550,300,2478,3508,0.7063854047890535,25474.5185546875,0.9637689590454102,0.1327812820672989,-4.16274881362915,16.293033599853516,-1396.3323537693047,0.02173597440831656
s10_6.tif,EpsonV550,300,2478,3508,0.7063854047890535,25474.5185546875,0.9891905188560486,0.06223567575216293,-9.547966003417969,95.95897674560547,-1527.5853991075383,0.007944483863931906
s10_60.tif,EpsonV550,300,2478,3508,0.7063854047890535,25474.5185546875,0.98296719789505,0.08889087289571762,-6.834278583526611,46.8514289855957,-1514.9070657063319,0.01137179356213815
s10_61.tif,EpsonV550,300,2478,3508,0.7063854047890535,25474.5185546875,0.9852693676948547,0.07908480614423752,-7.293036460876465,54.514591217041016,-1537.3575007382822,0.013926659506737972
s10_62.tif,EpsonV550,300,2478,3508,0.7063854047890535,25474.5185546875,0.9742909669876099,0.11338609457015991,-5.257882595062256,26.869901657104492,-1464.1342188136891,0.015861243710904534
s10_63.tif,EpsonV550,300,2478,3508,0.7063854047890535,25474.5185546875,0.962486207485199,0.11903460323810577,-4.739231586456299,21.965124130249023,-1101.0152535923764,0.017814694051093177
s10_64.tif,EpsonV550,300,2478,3508,0.7063854047890535,25474.5185546875,0.9609028697013855,0.1374678760766983,-4.188159465789795,16.247800827026367,-1285.611062786996,0.01542720754498193
s10_65.tif,EpsonV550,300,2478,3508,0.7063854047890535,25474.5185546875,0.9648016691207886,0.1366901844739914,-4.207155227661133,16.338977813720703,-1501.2613022775242,0.02103125520544302
s10_66.tif,EpsonV550,300,2478,3508,0.7063854047890535,25474.5185546875,0.9611896872520447,0.14261433482170105,-4.020277500152588,14.7401123046875,-1396.263991922881,0.014579381798136025
s10_67.tif,EpsonV550,300,2478,3508,0.7063854047890535,25474.5185546875,0.8875900506973267,0.15695728361606598,-1.2953952550888062,1.3127074241638184,-896.3207327378288,0.011485450527929705
s10_68.tif,EpsonV550,300,2478,3508,0.7063854047890535,25474.5185546875,0.9752071499824524,0.11659836024045944,-5.678495407104492,31.54163360595703,-1472.3970133439313,0.013089762314295102
s10_69.tif,EpsonV550,300,2478,3508,0.7063854047890535,25474.5185546875,0.9824417233467102,0.08727380633354187,-6.974380970001221,49.439422607421875,-1451.1157180323016,0.014093233683323164
s10_7.tif,EpsonV550,300,2478,3508,0.7063854047890535,25474.5185546875,0.9830523133277893,0.08396261185407639,-7.104943752288818,51.539676666259766,-1455.7805581854136,0.013318341657440665
s10_70.tif,EpsonV550,300,2478,3508,0.7063854047890535,25474.5185546875,0.9493715763092041,0.1559654027223587,-3.489663600921631,10.979039192199707,-1251.8619554902243,0.04751436357160803
s10_71.tif,EpsonV550,300,2478,3508,0.7063854047890535,25474.5185546875,0.9865413308143616,0.07619199901819229,-7.376229286193848,55.88926315307617,-1612.3210211164162,0.01488066478741546
s10_72.tif,EpsonV550,300,2478,3508,0.7063854047890535,25474.5185546875,0.9728133082389832,0.11829385906457901,-5.1864094734191895,26.164813995361328,-1462.4166876497661,0.020458598954724034
s10_73.tif,EpsonV550,300,2478,3508,0.7063854047890535,25474.5185546875,0.9648264050483704,0.13226318359375,-4.457809925079346,18.98370933532715,-1373.9006131129995,0.02387831618355554
s10_74.tif,EpsonV550,300,2478,3508,0.7063854047890535,25474.5185546875,0.983686089515686,0.0788789615035057,-7.075530052185059,52.76004409790039,-1472.146356473385,0.014296044645560523
s10_75.tif,EpsonV550,300,2478,3508,0.7063854047890535,25474.5185546875,0.9844149351119995,0.07632804661989212,-7.187633037567139,53.605342864990234,-1456.7796121524925,0.011866339408229133
s10_76.tif,EpsonV550,300,2478,3508,0.7063854047890535,25474.5185546875,0.983246386051178,0.07961983978748322,-7.722041130065918,62.757911682128906,-1414.3612345138058,0.007370332126820927
s10_77.tif,EpsonV550,300,2478,3508,0.7063854047890535,25474.5185546875,0.9664760231971741,0.12442920356988907,-4.2444071769714355,17.42481231689453,-1462.9269862862209,0.026812000334988952
s10_78.tif,EpsonV550,300,2478,3508,0.7063854047890535,25474.5185546875,0.9679890275001526,0.10766573250293732,-4.985540866851807,26.03704833984375,-1295.9949659773695,0.01862582286262784
s10_79.tif,EpsonV550,300,2478,3508,0.7063854047890535,25474.5185546875,0.9792197346687317,0.09574940800666809,-6.161591053009033,38.82637023925781,-1468.4647106372588,0.017171059715461855
s10_8.tif,EpsonV550,300,2478,3508,0.7063854047890535,25474.5185546875,0.9801997542381287,0.09287330508232117,-6.5369791984558105,42.98841857910156,-1410.4537940576658,0.0141332667036627
s10_80.tif,EpsonV550,300,2478,3508,0.7063854047890535,25474.5185546875,0.9781237840652466,0.09810735285282135,-6.060731887817383,37.08976745605469,-1418.800859272749,0.018250455778237314
s10_81.tif,EpsonV550,300,2478,3508,0.7063854047890535,25474.5185546875,0.9707212448120117,0.11575738340616226,-4.858181953430176,23.20022964477539,-1395.7757255589943,0.027988027826170183
s10_82.tif,EpsonV550,300,2478,3508,0.7063854047890535,25474.5185546875,0.9817277789115906,0.09245475381612778,-7.112290382385254,50.68394470214844,-1429.289447459962,0.008870650090235348
s10_83.tif,EpsonV550,300,2478,3508,0.7063854047890535,25474.5185546875,0.9759353399276733,0.11112140119075775,-5.421025276184082,28.861671447753906,-1544.647651694766,0.02139753433406681
s10_84.tif,EpsonV550,300,2478,3508,0.7063854047890535,25474.5185546875,0.9844499230384827,0.07294301688671112,-7.9351887702941895,68.06231689453125,-1437.8608684883964,0.012750171865897664
s10_85.tif,EpsonV550,300,2478,3508,0.7063854047890535,25474.5185546875,0.9770097732543945,0.10864293575286865,-5.8194193840026855,33.88228225708008,-1497.596261395624,0.011669050241900675
s10_86.tif,EpsonV550,300,2478,3508,0.7063854047890535,25474.5185546875,0.9769031405448914,0.10511530190706253,-5.537918567657471,29.87822723388672,-1464.4905853787282,0.012824946185497371
s10_87.tif,EpsonV550,300,2478,3508,0.7063854047890535,25474.5185546875,0.9782965779304504,0.10106927156448364,-5.997025966644287,35.713199615478516,-1443.5793739427702,0.01597685631274716
s10_88.tif,EpsonV550,300,2478,3508,0.7063854047890535,25474.5185546875,0.9753228425979614,0.10186567157506943,-5.373193264007568,29.156322479248047,-1385.9517381745302,0.015102456923089666
s10_89.tif,EpsonV550,300,2478,3508,0.7063854047890535,25474.5185546875,0.9701108932495117,0.12078918516635895,-4.718924045562744,21.703765869140625,-1488.014634523368,0.028275161213433056
s10_9.tif,EpsonV550,300,2478,3508,0.7063854047890535,25474.5185546875,0.9728516340255737,0.11791709810495377,-4.99308967590332,24.223970413208008,-1533.5380088397405,0.022806052440495748
s10_90.tif,EpsonV550,300,2478,3508,0.7063854047890535,25474.5185546875,0.9770182967185974,0.10027294605970383,-5.741824626922607,33.40791702270508,-1430.2958046651665,0.024871204110424875
s10_91.tif,EpsonV550,300,2478,3508,0.7063854047890535,25474.5185546875,0.9768442511558533,0.1101473942399025,-5.730356693267822,32.16838836669922,-1494.907844500607,0.01412095770028244
s10_92.tif,EpsonV550,300,2478,3508,0.7063854047890535,25474.5185546875,0.9801375269889832,0.09911411255598068,-6.357410430908203,40.27295684814453,-1488.9495208992616,0.013040411263359294
s10_93.tif,EpsonV550,300,2478,3508,0.7063854047890535,25474.5185546875,0.9775874018669128,0.10297395288944244,-6.049597263336182,36.37252426147461,-1413.2128299638175,0.015601834340600937
s10_94.tif,EpsonV550,300,2478,3508,0.7063854047890535,25474.5185546875,0.9792079329490662,0.09935509413480759,-6.48202657699585,41.79233169555664,-1411.3979178538195,0.01172886969758044
s10_95.tif,EpsonV550,300,2478,3508,0.7063854047890535,25474.5185546875,0.9846447110176086,0.08691111207008362,-7.146331787109375,51.53739929199219,-1591.7911699679346,0.012557714270989496
s10_96.tif,EpsonV550,300,2478,3508,0.7063854047890535,25474.5185546875,0.9777367115020752,0.10619118064641953,-5.901956081390381,34.57553482055664,-1482.9407500195555,0.008678652644986256
s10_97.tif,EpsonV550,300,2478,3508,0.7063854047890535,25474.5185546875,0.9774407148361206,0.10130582749843597,-5.856668472290039,34.855037689208984,-1457.3226842078502,0.01432721978496286
s10_98.tif,EpsonV550,300,2478,3508,0.7063854047890535,25474.5185546875,0.9579726457595825,0.14081034064292908,-3.869152307510376,14.041772842407227,-1337.7371248745244,0.044366249679045615
s10_99.tif,EpsonV550,300,2478,3508,0.7063854047890535,25474.5185546875,0.9779055714607239,0.09980277717113495,-6.383179664611816,41.37144470214844,-1388.0406084259548,0.012017498571235309
s11_1.tif,HP,150,1240,1743,0.7114170969592656,6334.1005859375,0.9327592849731445,0.11961869150400162,-4.494053840637207,19.46278953552246,-958.2818096703917,0.031088408935280292
s11_10.tif,HP,150,1240,1727,0.7180081065431384,6275.9599609375,0.9326348900794983,0.12207671999931335,-4.003228187561035,14.856527328491211,-963.5887818766423,0.027897995778620392
s11_100.tif,HP,150,1240,1743,0.7114170969592656,6334.1005859375,0.9400325417518616,0.08831626921892166,-6.387569904327393,41.97782516479492,-1004.8120231137008,0.019245646179186792
s11_11.tif,HP,150,1240,1727,0.7180081065431384,6275.9599609375,0.9362308979034424,0.11049533635377884,-4.6519012451171875,21.422739028930664,-961.3894198330468,0.04990660664587108
s11_12.tif,HP,150,1240,1727,0.7180081065431384,6275.9599609375,0.9478439092636108,0.07610772550106049,-6.9218292236328125,51.113590240478516,-989.0725954356361,0.01728757681603377
s11_13.tif,HP,150,1240,1727,0.7180081065431384,6275.9599609375,0.9395345449447632,0.09792902320623398,-5.336509704589844,28.718172073364258,-1000.8130413859302,0.03647757625567365
s11_14.tif,HP,150,1240,1743,0.7114170969592656,6334.1005859375,0.9380126595497131,0.10017160326242447,-5.199429988861084,27.247920989990234,-975.2621909805783,0.033745118723742897
s11_15.tif,HP,150,1240,1743,0.7114170969592656,6334.1005859375,0.9380923509597778,0.10344712436199188,-5.285961627960205,28.214691162109375,-962.144225040921,0.03902337460440842
s11_16.tif,HP,150,1240,1743,0.7114170969592656,6334.1005859375,0.9394643306732178,0.09705804288387299,-4.88787317276001,24.603485107421875,-954.5135926262259,0.044559806044454316
s11_17.tif,HP,150,1240,1727,0.7180081065431384,6275.9599609375,0.9477479457855225,0.08922386914491653,-5.789914131164551,34.60017013549805,-1001.6526874203319,0.03911360367596242
s11_18.tif,HP,150,1240,1727,0.7180081065431384,6275.9599609375,0.9499579071998596,0.060404181480407715,-9.143893241882324,89.69815826416016,-1056.66093159536,0.01135102826082896
s11_19.tif,HP,150,1240,1743,0.7114170969592656,6334.1005859375,0.9432283043861389,0.09292633831501007,-6.00663948059082,36.52517318725586,-1008.1088684515187,0.025160550034238335
s11_2.tif,HP,150,1240,1743,0.7114170969592656,6334.1005859375,0.9216642379760742,0.13190728425979614,-3.504732131958008,11.68847370147705,-841.1385703359359,0.08032868802398534
s11_20.tif,HP,150,1240,1743,0.7114170969592656,6334.1005859375,0.9282098412513733,0.11325262486934662,-4.447170734405518,19.564895629882812,-887.4127653025972,0.0453519145707253
s11_21.tif,HP,150,1240,1727,0.7180081065431384,6275.9599609375,0.9485717415809631,0.06277944147586823,-8.515213012695312,77.59332275390625,-1054.0296830401883,0.014438612548331061
s11_22.tif,HP,150,1240,1743,0.7114170969592656,6334.1005859375,0.9510011076927185,0.05702219530940056,-9.606517791748047,99.94483184814453,-1054.24024892325,0.01092202913034627
s11_23.tif,HP,150,1240,1727,0.7180081065431384,6275.9599609375,0.9429295659065247,0.07762810587882996,-6.5294671058654785,45.282535552978516,-982.7884868417169,0.022537217251620376
s11_24.tif,HP,150,1240,1743,0.7114170969592656,6334.1005859375,0.9482717514038086,0.07344608753919601,-7.063086032867432,52.56089782714844,-1028.8309658771834,0.024478559398885866
s11_25.tif,HP,150,1240,1743,0.7114170969592656,6334.1005859375,0.9390926361083984,0.10999155789613724,-5.221508502960205,26.659820556640625,-1005.1227511491625,0.025987822256769013
s11_26.tif,HP,150,1240,1727,0.7180081065431384,6275.9599609375,0.9405397772789001,0.088257797062397,-6.2082014083862305,39.4256706237793,-998.3991920074111,0.02190027457646114
s11_27.tif,HP,150,1240,1727,0.7180081065431384,6275.9599609375,0.9213542342185974,0.13266444206237793,-3.8828189373016357,14.14898681640625,-875.4096186815262,0.04269150307264135
s11_28.tif,HP,150,1240,1727,0.7180081065431384,6275.9599609375,0.946082353591919,0.07466766238212585,-7.647832870483398,60.75429153442383,-1041.7447340113304,0.0142882492481835
s11_29.tif,HP,150,1240,1727,0.7180081065431384,6275.9599609375,0.9508291482925415,0.054543666541576385,-8.47307300567627,80.99913787841797,-1040.93710883482,0.01097045034275361
s11_3.tif,HP,150,1240,1743,0.7114170969592656,6334.1005859375,0.936387836933136,0.10369701683521271,-5.110953330993652,26.2161808013916,-975.4607425267562,0.03516230821905132
s11_30.tif,HP,150,1240,1743,0.7114170969592656,6334.1005859375,0.9393523335456848,0.08936509490013123,-4.338167190551758,18.462949752807617,-950.9089066618104,0.023281143005200525
s11_31.tif,HP,150,1240,1743,0.7114170969592656,6334.1005859375,0.9155930280685425,0.13149188458919525,-3.526277780532837,11.627970695495605,-836.9632545181718,0.06605500342383358
s11_32.tif,HP,150,1240,1743,0.7114170969592656,6334.1005859375,0.9407018423080444,0.08226969093084335,-6.170236587524414,39.8685188293457,-993.5376465440346,0.03656099050580201
s11_33.tif,HP,150,1240,1727,0.7180081065431384,6275.9599609375,0.918639600276947,0.13311006128787994,-3.7058420181274414,12.936062812805176,-853.0963951739001,0.06128518594616807
s11_34.tif,HP,150,1240,1727,0.7180081065431384,6275.9599609375,0.9422174692153931,0.07841566205024719,-6.423537254333496,43.46309280395508,-1002.8428312922293,0.027608009414050096
s11_35.tif,HP,150,1240,1743,0.7114170969592656,6334.1005859375,0.930636465549469,0.11932238191366196,-4.730144500732422,21.590681076049805,-963.9567711763776,0.029403790276312625
s11_36.tif,HP,150,1240,1743,0.7114170969592656,6334.1005859375,0.9401662349700928,0.09048763662576675,-6.105826377868652,38.12051010131836,-1004.7025482057414,0.021636314844631983
s11_37.tif,HP,150,1240,1743,0.7114170969592656,6334.1005859375,0.9439375996589661,0.09575891494750977,-5.783927917480469,33.75788116455078,-1015.9644921477778,0.0255445746118113
s11_38.tif,HP,150,1240,1743,0.7114170969592656,6334.1005859375,0.9400058388710022,0.08031672984361649,-6.438236236572266,43.40365982055664,-1004.4727271286162,0.02150491366387208
s11_39.tif,HP,150,1240,1743,0.7114170969592656,6334.1005859375,0.9488232135772705,0.0786796435713768,-6.372191905975342,43.118011474609375,-1021.2403748234663,0.030397164695648956
s11_4.tif,HP,150,1240,1743,0.7114170969592656,6334.1005859375,0.9293240308761597,0.12157434970140457,-4.122454643249512,16.494722366333008,-916.2380804884654,0.05684165232358004
s11_40.tif,HP,150,1240,1743,0.7114170969592656,6334.1005859375,0.9411977529525757,0.08050873130559921,-6.00273323059082,40.13470458984375,-927.566513234114,0.04204791516295597
s11_41.tif,HP,150,1240,1743,0.7114170969592656,6334.1005859375,0.9279996752738953,0.14330759644508362,-3.8741493225097656,13.850807189941406,-955.4370176859057,0.05091286806211019
s11_42.tif,HP,150,1240,1743,0.7114170969592656,6334.1005859375,0.9320727586746216,0.12581263482570648,-4.16606330871582,16.205032348632812,-971.88119918329,0.02407602761275517
s11_43.tif,HP,150,1240,1743,0.7114170969592656,6334.1005859375,0.9463746547698975,0.08085542172193527,-6.257453441619873,41.037620544433594,-999.382353429927,0.026971943071826477
s11_44.tif,HP,150,1240,1743,0.7114170969592656,6334.1005859375,0.9408643245697021,0.10824019461870193,-4.947787761688232,24.194398880004883,-980.6858832800671,0.03914043269853608
s11_45.tif,HP,150,1240,1727,0.7180081065431384,6275.9599609375,0.9496074318885803,0.09011540561914444,-5.861684322357178,35.032711029052734,-1022.1829219884626,0.03096970319592058
s11_46.tif,HP,150,1240,1727,0.7180081065431384,6275.9599609375,0.9423515796661377,0.10043399035930634,-5.166415214538574,26.89493751525879,-972.4917384112065,0.03761230550834003
s11_47.tif,HP,150,1240,1727,0.7180081065431384,6275.9599609375,0.9417747855186462,0.08280704915523529,-5.128803730010986,29.21136474609375,-924.7882915946791,0.05912639856547808
s11_48.tif,HP,150,1240,1727,0.7180081065431384,6275.9599609375,0.9446789622306824,0.06790388375520706,-6.120096683502197,43.86357116699219,-939.177009109671,0.039318135121504755
s11_49.tif,HP,150,1240,1727,0.7180081065431384,6275.9599609375,0.9518243670463562,0.07350244373083115,-7.482710361480713,58.7656364440918,-1049.890621480263,0.016057586342155893
s11_5.tif,HP,150,1240,1743,0.7114170969592656,6334.1005859375,0.9449845552444458,0.07666625827550888,-6.7225260734558105,47.805362701416016,-1032.3340002240914,0.020190439176059075
s11_50.tif,HP,150,1240,1743,0.7114170969592656,6334.1005859375,0.9460808634757996,0.09204656630754471,-5.795866966247559,34.84457015991211,-1001.1747791464251,0.02062720929802158
s11_51.tif,HP,150,1240,1743,0.7114170969592656,6334.1005859375,0.9471815824508667,0.092323899269104,-5.612363338470459,32.36766052246094,-1007.915759081784,0.03241815187015343
s11_52.tif,HP,150,1240,1727,0.7180081065431384,6275.9599609375,0.9031317234039307,0.13257403671741486,-1.8165724277496338,2.1803526878356934,-829.1090274771883,0.012101910828025478
s11_53.tif,HP,150,1240,1743,0.7114170969592656,6334.1005859375,0.9398233294487,0.09793470054864883,-5.253061771392822,28.277563095092773,-986.2495511753373,0.022893416985916015
s11_54.tif,HP,150,1240,1743,0.7114170969592656,6334.1005859375,0.9439122080802917,0.07529377192258835,-6.8438615798950195,50.13203048706055,-1003.8554726772284,0.014079821590509503
s11_55.tif,HP,150,1240,1743,0.7114170969592656,6334.1005859375,0.9257988929748535,0.09982249140739441,-3.799285411834717,16.361618041992188,-852.3111114092451,0.03237928673218218
s11_56.tif,HP,150,1240,1743,0.7114170969592656,6334.1005859375,0.9245548844337463,0.1226566880941391,-3.8239994049072266,15.250600814819336,-836.9755350516065,0.04494290526159939
s11_57.tif,HP,150,1240,1727,0.7180081065431384,6275.9599609375,0.9448933005332947,0.09578385949134827,-5.566015243530273,31.042194366455078,-1008.0757832914992,0.027938154920895828
s11_58.tif,HP,150,1240,1727,0.7180081065431384,6275.9599609375,0.9441867470741272,0.07814310491085052,-6.393925189971924,42.905845642089844,-1004.0318025970996,0.02596708818200497
s11_59.tif,HP,150,1240,1743,0.7114170969592656,6334.1005859375,0.9306220412254333,0.12343834340572357,-4.1626739501953125,16.70500946044922,-932.6658744621068,0.036507782281198525
s11_6.tif,HP,150,1240,1743,0.7114170969592656,6334.1005859375,0.9530371427536011,0.06109298765659332,-8.286422729492188,75.11244201660156,-1055.0855116900523,0.012969389077045508
s11_60.tif,HP,150,1240,1727,0.7180081065431384,6275.9599609375,0.9448469877243042,0.08600036799907684,-6.411422252655029,42.18708038330078,-1018.0897755873036,0.020235071072342493
s11_61.tif,HP,150,1240,1727,0.7180081065431384,6275.9599609375,0.9471198320388794,0.07436686754226685,-7.011630535125732,51.761775970458984,-1029.5877039378809,0.022165978668957916
s11_62.tif,HP,150,1240,1727,0.7180081065431384,6275.9599609375,0.9391247630119324,0.10619718581438065,-5.071453094482422,25.5051212310791,-985.0242186173244,0.02820806171432841
s11_63.tif,HP,150,1240,1727,0.7180081065431384,6275.9599609375,0.9319988489151001,0.10824471712112427,-4.6605706214904785,21.535079956054688,-871.4938111454346,0.032312232661523804
s11_64.tif,HP,150,1240,1727,0.7180081065431384,6275.9599609375,0.9226647615432739,0.1264517456293106,-3.991658926010132,14.876914978027344,-881.7820347444361,0.027929749519024227
s11_65.tif,HP,150,1240,1727,0.7180081065431384,6275.9599609375,0.9293673634529114,0.1255725473165512,-4.0608344078063965,15.39889144897461,-943.5613134455295,0.03713319760165867
s11_66.tif,HP,150,1240,1743,0.7114170969592656,6334.1005859375,0.9305812120437622,0.13733969628810883,-3.897207260131836,13.819009780883789,-958.8369293772218,0.02289573038698573
s11_67.tif,HP,150,1240,1727,0.7180081065431384,6275.9599609375,0.8711712956428528,0.13503168523311615,-1.4349833726882935,2.3098926544189453,-590.7198741873033,0.017765283822403197
s11_68.tif,HP,150,1240,1743,0.7114170969592656,6334.1005859375,0.9364306926727295,0.1085076704621315,-5.481766223907471,29.828899383544922,-969.5041921765467,0.021461421723761406
s11_69.tif,HP,150,1240,1743,0.7114170969592656,6334.1005859375,0.9460941553115845,0.0814586877822876,-6.626005172729492,45.681114196777344,-1019.0904018173421,0.023489811781688966
s11_7.tif,HP,150,1240,1743,0.7114170969592656,6334.1005859375,0.9481052756309509,0.0804690569639206,-6.444272041320801,43.58419418334961,-1023.7471460776159,0.0225195713730498
s11_70.tif,HP,150,1240,1743,0.7114170969592656,6334.1005859375,0.9176756143569946,0.14415620267391205,-3.3994157314300537,10.523780822753906,-854.1998438561404,0.08116567653100883
s11_71.tif,HP,150,1240,1727,0.7180081065431384,6275.9599609375,0.9481024146080017,0.0718727558851242,-6.965744972229004,51.23062515258789,-1030.9009074363596,0.023377290472010013
s11_72.tif,HP,150,1240,1743,0.7114170969592656,6334.1005859375,0.9320629239082336,0.11008284986019135,-4.997681140899658,24.658777236938477,-957.0718020542777,0.03622277126940943
s11_73.tif,HP,150,1240,1743,0.7114170969592656,6334.1005859375,0.9295889735221863,0.11923655867576599,-4.39682674407959,18.750377655029297,-910.9056337706094,0.03991495937667722
s11_74.tif,HP,150,1240,1743,0.7114170969592656,6334.1005859375,0.9445529580116272,0.07410679757595062,-6.70511531829834,48.68971252441406,-1001.0737012055841,0.023343604834082876
s11_75.tif,HP,150,1240,1743,0.7114170969592656,6334.1005859375,0.9511200189590454,0.07046651840209961,-7.005236625671387,52.91105270385742,-1037.6727748338424,0.020795624895896953
s11_76.tif,HP,150,1240,1743,0.7114170969592656,6334.1005859375,0.9524263143539429,0.07490333169698715,-7.443173885345459,59.533199310302734,-1032.7007411387824,0.01297494123961283
s11_77.tif,HP,150,1240,1743,0.7114170969592656,6334.1005859375,0.9276795983314514,0.11620897054672241,-4.186112880706787,17.33739471435547,-913.9099668887417,0.04843799159772731
s11_78.tif,HP,150,1240,1743,0.7114170969592656,6334.1005859375,0.932350218296051,0.09956566244363785,-4.999156475067139,26.45669174194336,-868.2143975637925,0.033484629763292806
s11_79.tif,HP,150,1240,1727,0.7180081065431384,6275.9599609375,0.9405423998832703,0.08990737795829773,-5.97916316986084,37.014400482177734,-977.3121855169838,0.028869286661561164
s11_8.tif,HP,150,1240,1743,0.7114170969592656,6334.1005859375,0.9467921853065491,0.08837457746267319,-6.076567649841309,37.88343811035156,-1025.3926418551562,0.024504006810652748
s11_80.tif,HP,150,1240,1727,0.7180081065431384,6275.9599609375,0.9401499032974243,0.09256263822317123,-5.834391117095947,34.87189483642578,-965.2224732751404,0.033557166072062314
s11_81.tif,HP,150,1240,1743,0.7114170969592656,6334.1005859375,0.9399113655090332,0.11155201494693756,-4.709034442901611,21.851604461669922,-970.2858621065028,0.03954203912423889
s11_82.tif,HP,150,1240,1743,0.7114170969592656,6334.1005859375,0.9493958950042725,0.08593272417783737,-6.929515838623047,48.900272369384766,-1041.548121458385,0.015323043325375233
s11_83.tif,HP,150,1240,1743,0.7114170969592656,6334.1005859375,0.9444769620895386,0.10306572169065475,-5.262143135070801,27.65359878540039,-988.6533501737864,0.03665306386837673
s11_84.tif,HP,150,1240,1743,0.7114170969592656,6334.1005859375,0.9491128325462341,0.06793229281902313,-7.624829292297363,64.44903564453125,-993.66143198754,0.02014787259637629
s11_85.tif,HP,150,1240,1743,0.7114170969592656,6334.1005859375,0.94019615650177,0.10231927782297134,-5.728549957275391,33.290863037109375,-999.5356320109664,0.01967038661558677
s11_86.tif,HP,150,1240,1727,0.7180081065431384,6275.9599609375,0.9348700046539307,0.10207612812519073,-5.356584072113037,28.345853805541992,-972.1846298469683,0.023593029120047817
s11_87.tif,HP,150,1240,1743,0.7114170969592656,6334.1005859375,0.9472031593322754,0.09637031704187393,-5.7904953956604,33.816707611083984,-1015.7986191518321,0.028230895933966278
s11_88.tif,HP,150,1240,1743,0.7114170969592656,6334.1005859375,0.9400765299797058,0.09280911087989807,-5.312978744506836,29.432350158691406,-983.4680271962609,0.025556141617159883
s11_89.tif,HP,150,1240,1727,0.7180081065431384,6275.9599609375,0.939686119556427,0.11291473358869553,-4.6296162605285645,21.272199630737305,-956.7371974155734,0.046474867848403906
s11_9.tif,HP,150,1240,1727,0.7180081065431384,6275.9599609375,0.9395262598991394,0.11192423105239868,-4.652541637420654,21.30329704284668,-975.827788309099,0.04012925640211443
s11_90.tif,HP,150,1240,1743,0.7114170969592656,6334.1005859375,0.9429187774658203,0.09327308088541031,-5.569491386413574,32.127410888671875,-979.1106272042746,0.04299826032239557
s11_91.tif,HP,150,1240,1743,0.7114170969592656,6334.1005859375,0.9353386759757996,0.10414043068885803,-5.563131332397461,30.71678924560547,-998.9551372228538,0.024861195935817
s11_92.tif,HP,150,1240,1743,0.7114170969592656,6334.1005859375,0.943345844745636,0.09375526756048203,-6.132454872131348,38.13526916503906,-1001.2692274297328,0.022638017507819297
s11_93.tif,HP,150,1240,1743,0.7114170969592656,6334.1005859375,0.9441729784011841,0.09661363065242767,-5.911409854888916,35.2650032043457,-1012.9275994449943,0.02668461865896767
s11_94.tif,HP,150,1240,1743,0.7114170969592656,6334.1005859375,0.9460105299949646,0.09360364079475403,-6.312015056610107,40.265987396240234,-1025.290322930812,0.020147409916162345
s11_95.tif,HP,150,1240,1727,0.7180081065431384,6275.9599609375,0.9504587650299072,0.0812673568725586,-6.942072868347168,49.72559356689453,-1042.0571557098986,0.020840260007097895
s11_96.tif,HP,150,1240,1727,0.7180081065431384,6275.9599609375,0.9396268129348755,0.09863921254873276,-5.874316692352295,34.88634490966797,-1009.3644484568126,0.015051739918187422
s11_97.tif,HP,150,1240,1727,0.7180081065431384,6275.9599609375,0.9420824646949768,0.09490904211997986,-5.783595561981201,34.465816497802734,-989.511927337924,0.025271307693744513
s11_98.tif,HP,150,1240,1727,0.7180081065431384,6275.9599609375,0.9169138669967651,0.13137882947921753,-3.7354085445404053,13.237594604492188,-859.6196839486549,0.07449194015353867
s11_99.tif,HP,150,1240,1727,0.7180081065431384,6275.9599609375,0.9475989937782288,0.09549373388290405,-6.146080493927002,38.58115768432617,-1012.4956032750081,0.022058576311709658
s11_1.tif,HP,300,2481,3487,0.7114998566102667,25352.6689453125,0.911872923374176,0.11894921958446503,-4.52802848815918,19.77118682861328,-850.430883193652,0.016087622975046255
s11_10.tif,HP,300,2481,3471,0.7147796024200519,25236.3408203125,0.9194125533103943,0.12290653586387634,-4.079228401184082,15.59457015991211,-869.8469848960556,0.015179147171049675
s11_100.tif,HP,300,2481,3487,0.7114998566102667,25352.6689453125,0.9375409483909607,0.0851455107331276,-6.166684627532959,39.17848587036133,-932.2256087938775,0.011251788326006644
s11_11.tif,HP,300,2481,3471,0.7147796024200519,25236.3408203125,0.9244412183761597,0.11485084891319275,-4.610439777374268,20.727426528930664,-874.4447205470849,0.027406096764682693
s11_12.tif,HP,300,2481,3471,0.7147796024200519,25236.3408203125,0.9376561641693115,0.07740109413862228,-6.860471248626709,50.460968017578125,-900.0399568683856,0.009667596464330293
s11_13.tif,HP,300,2481,3471,0.7147796024200519,25236.3408203125,0.9224275946617126,0.10020418465137482,-5.307219505310059,28.27184295654297,-891.8403028661729,0.019410672943816973
s11_14.tif,HP,300,2481,3471,0.7147796024200519,25236.3408203125,0.9224209189414978,0.10217762738466263,-5.249689102172852,27.517885208129883,-885.6697600198187,0.019072986968317322
s11_15.tif,HP,300,2481,3487,0.7114998566102667,25352.6689453125,0.9258628487586975,0.10383064299821854,-5.16579008102417,26.821138381958008,-873.0771581569996,0.022782842750877417
s11_16.tif,HP,300,2481,3487,0.7114998566102667,25352.6689453125,0.9241978526115417,0.09991531074047089,-4.643739223480225,22.067581176757812,-851.5508367622019,0.02586667563647183
s11_17.tif,HP,300,2481,3471,0.7147796024200519,25236.3408203125,0.9308984875679016,0.09245975315570831,-5.536243915557861,31.510833740234375,-891.3421501887196,0.022039583810163813
s11_18.tif,HP,300,2481,3487,0.7114998566102667,25352.6689453125,0.9375289082527161,0.06292429566383362,-8.428566932678223,77.98612976074219,-946.0126401101513,0.006787691993998091
s11_19.tif,HP,300,2481,3487,0.7114998566102667,25352.6689453125,0.9271625280380249,0.09430216252803802,-5.718181610107422,33.21816635131836,-898.6788384446479,0.014544839605203735
s11_2.tif,HP,300,2481,3487,0.7114998566102667,25352.6689453125,0.898607611656189,0.13716207444667816,-3.490140914916992,11.344111442565918,-751.0771263809943,0.050601028961489596
s11_20.tif,HP,300,2481,3487,0.7114998566102667,25352.6689453125,0.9035886526107788,0.11328276246786118,-4.286527156829834,18.1704158782959,-787.3452812896313,0.02532108954928694
s11_21.tif,HP,300,2481,3471,0.7147796024200519,25236.3408203125,0.9323027729988098,0.06466405838727951,-7.926706790924072,68.57975769042969,-938.4548687671379,0.008958200444960495
s11_22.tif,HP,300,2481,3487,0.7114998566102667,25352.6689453125,0.9395866394042969,0.058858368545770645,-8.931982040405273,88.3123550415039,-956.3161941665874,0.0064879664168645285
s11_23.tif,HP,300,2481,3471,0.7147796024200519,25236.3408203125,0.9357632398605347,0.07865763455629349,-6.2895612716674805,42.14125442504883,-905.8969681558519,0.01298012402179352
s11_24.tif,HP,300,2481,3487,0.7114998566102667,25352.6689453125,0.9313827157020569,0.07481905072927475,-6.748403072357178,48.35158157348633,-919.9640451712494,0.013805293040413712
s11_25.tif,HP,300,2481,3487,0.7114998566102667,25352.6689453125,0.9211042523384094,0.10811299085617065,-5.076842784881592,25.27812385559082,-889.9555765588034,0.01497749399595226
s11_26.tif,HP,300,2481,3487,0.7114998566102667,25352.6689453125,0.9252845048904419,0.08834516257047653,-6.0378875732421875,37.383602142333984,-901.717092003148,0.012228988491485678
s11_27.tif,HP,300,2481,3487,0.7114998566102667,25352.6689453125,0.9144970774650574,0.13155069947242737,-3.8444530963897705,13.835556030273438,-809.1357944004477,0.025195327332579915
s11_28.tif,HP,300,2481,3487,0.7114998566102667,25352.6689453125,0.9346873164176941,0.07545234262943268,-7.218008041381836,54.885189056396484,-936.603012821658,0.008134896622417554
s11_29.tif,HP,300,2481,3471,0.7147796024200519,25236.3408203125,0.9478486776351929,0.056222639977931976,-8.013364791870117,73.35546875,-960.9308311276233,0.006352630321762014
s11_3.tif,HP,300,2481,3487,0.7114998566102667,25352.6689453125,0.9209036231040955,0.104702889919281,-5.148747444152832,26.423603057861328,-877.9091573304511,0.019267511377261567
s11_30.tif,HP,300,2481,3487,0.7114998566102667,25352.6689453125,0.9261052012443542,0.09040223807096481,-4.277281284332275,18.258132934570312,-855.1465674121524,0.014810928412979077
s11_31.tif,HP,300,2481,3487,0.7114998566102667,25352.6689453125,0.9069775938987732,0.13247638940811157,-3.4721968173980713,11.16214656829834,-767.2551424264785,0.040895607303779447
s11_32.tif,HP,300,2481,3487,0.7114998566102667,25352.6689453125,0.9346894025802612,0.08398367464542389,-5.944945335388184,36.852874755859375,-911.135990823923,0.019764549549908816
s11_33.tif,HP,300,2481,3487,0.7114998566102667,25352.6689453125,0.909083366394043,0.13177205622196198,-3.6763834953308105,12.656842231750488,-784.5974560876338,0.03567000225516622
s11_34.tif,HP,300,2481,3471,0.7147796024200519,25236.3408203125,0.9324612021446228,0.07885894924402237,-6.3209228515625,42.02464294433594,-911.8114308489602,0.015627266214878133
s11_35.tif,HP,300,2481,3487,0.7114998566102667,25352.6689453125,0.9218425154685974,0.11805671453475952,-4.647160053253174,20.764509201049805,-881.1941521081078,0.016106579779770477
s11_36.tif,HP,300,2481,3487,0.7114998566102667,25352.6689453125,0.9280907511711121,0.08977942913770676,-6.086740970611572,37.853919982910156,-913.2946772528863,0.012075600199601282
s11_37.tif,HP,300,2481,3487,0.7114998566102667,25352.6689453125,0.9334939122200012,0.09487364441156387,-5.691455364227295,32.63812255859375,-917.3699552593598,0.014638698906643169
s11_38.tif,HP,300,2481,3487,0.7114998566102667,25352.6689453125,0.9374902248382568,0.08046972006559372,-6.370667934417725,42.44344711303711,-930.7402415888234,0.012614019689878233
s11_39.tif,HP,300,2481,3487,0.7114998566102667,25352.6689453125,0.9368939399719238,0.07913164794445038,-6.2825517654418945,41.89260482788086,-919.134542106076,0.01661633288241568
s11_4.tif,HP,300,2481,3487,0.7114998566102667,25352.6689453125,0.9191380143165588,0.12506084144115448,-4.163734436035156,16.564489364624023,-841.5096382066322,0.03319833545383689
s11_40.tif,HP,300,2481,3487,0.7114998566102667,25352.6689453125,0.925338625907898,0.08234632015228271,-5.712432384490967,36.04845428466797,-840.272136644664,0.024467686565878884
s11_41.tif,HP,300,2481,3487,0.7114998566102667,25352.6689453125,0.9112681150436401,0.14067505300045013,-3.787398099899292,13.109121322631836,-844.5230894580744,0.027503549488299202
s11_42.tif,HP,300,2481,3487,0.7114998566102667,25352.6689453125,0.9224017858505249,0.12478417903184891,-4.15523099899292,16.13410186767578,-881.6569774545912,0.01348476121419259
s11_43.tif,HP,300,2481,3487,0.7114998566102667,25352.6689453125,0.93808513879776,0.08184178173542023,-6.227144718170166,40.47064208984375,-920.5839794069745,0.016417055252265944
s11_44.tif,HP,300,2481,3487,0.7114998566102667,25352.6689453125,0.9209706783294678,0.10838300734758377,-4.812090873718262,22.79969596862793,-867.4423760312214,0.021668899292784035
s11_45.tif,HP,300,2481,3487,0.7114998566102667,25352.6689453125,0.9347363710403442,0.0906137153506279,-5.747913360595703,33.68970489501953,-914.7304926710473,0.01752383211345139
s11_46.tif,HP,300,2481,3471,0.7147796024200519,25236.3408203125,0.9247186779975891,0.10161224007606506,-5.02903938293457,25.38058853149414,-872.767624430371,0.022682092923795028
s11_47.tif,HP,300,2481,3487,0.7114998566102667,25352.6689453125,0.9286086559295654,0.08625463396310806,-4.989861488342285,27.186037063598633,-836.9795328764048,0.03401567427215984
s11_48.tif,HP,300,2481,3471,0.7147796024200519,25236.3408203125,0.9377180933952332,0.07022149860858917,-6.053983688354492,42.451927185058594,-868.1562538480101,0.022603245338731665
s11_49.tif,HP,300,2481,3471,0.7147796024200519,25236.3408203125,0.9411482214927673,0.0745682641863823,-7.132214069366455,53.6940803527832,-949.2288038733528,0.009581665370152252
s11_5.tif,HP,300,2481,3487,0.7114998566102667,25352.6689453125,0.9385936260223389,0.07672800123691559,-7.032511234283447,51.8729248046875,-950.4613997584107,0.011889846631358463
s11_50.tif,HP,300,2481,3487,0.7114998566102667,25352.6689453125,0.9281607270240784,0.09031292796134949,-5.6604838371276855,33.49453353881836,-890.0049112103135,0.011973187217981407
s11_51.tif,HP,300,2481,3471,0.7147796024200519,25236.3408203125,0.926676332950592,0.09383194148540497,-5.325993537902832,29.028533935546875,-887.4651846596454,0.01933925723716901
s11_52.tif,HP,300,2481,3487,0.7114998566102667,25352.6689453125,0.8841881155967712,0.13223199546337128,-1.807879090309143,2.0594944953918457,-708.1960574676798,0.007333509261728396
s11_53.tif,HP,300,2481,3471,0.7147796024200519,25236.3408203125,0.9286990165710449,0.09576471149921417,-5.152431011199951,27.33632469177246,-889.7860298742895,0.01253769500987685
s11_54.tif,HP,300,2481,3487,0.7114998566102667,25352.6689453125,0.9308127164840698,0.07426461577415466,-6.561776638031006,46.71323013305664,-904.0899002703529,0.008170498426411823
s11_55.tif,HP,300,2481,3487,0.7114998566102667,25352.6689453125,0.9133109450340271,0.10231085121631622,-3.655050277709961,14.460432052612305,-766.8330920269799,0.018019714383371552
s11_56.tif,HP,300,2481,3487,0.7114998566102667,25352.6689453125,0.9146754741668701,0.12194036692380905,-3.638836145401001,13.560873031616211,-747.4898898329084,0.024998130327338938
s11_57.tif,HP,300,2481,3471,0.7147796024200519,25236.3408203125,0.9305698871612549,0.09328707307577133,-5.414957523345947,29.689170837402344,-897.1157947034785,0.015881343558204555
s11_58.tif,HP,300,2481,3487,0.7114998566102667,25352.6689453125,0.9289869666099548,0.07882940024137497,-6.150667190551758,39.97499465942383,-897.8753788504567,0.016350706435731173
s11_59.tif,HP,300,2481,3487,0.7114998566102667,25352.6689453125,0.9071044921875,0.12055393308401108,-4.006719589233398,15.38998031616211,-818.6991361952055,0.021452514302273417
s11_6.tif,HP,300,2481,3487,0.7114998566102667,25352.6689453125,0.9335801601409912,0.06193201243877411,-8.354436874389648,77.2080078125,-941.0133942574341,0.007921401388724655
s11_60.tif,HP,300,2481,3471,0.7147796024200519,25236.3408203125,0.9343299865722656,0.08382061868906021,-6.305724143981934,40.96442413330078,-923.6849249363664,0.011338027261291258
s11_61.tif,HP,300,2481,3487,0.7114998566102667,25352.6689453125,0.937017560005188,0.07589251548051834,-6.627727031707764,46.44634246826172,-932.7531544660599,0.013898227619671476
s11_62.tif,HP,300,2481,3471,0.7147796024200519,25236.3408203125,0.926566481590271,0.10399376600980759,-4.9783616065979,24.50751495361328,-888.2875919047771,0.01570890075434727
s11_63.tif,HP,300,2481,3487,0.7114998566102667,25352.6689453125,0.9070121645927429,0.10602786391973495,-4.447424411773682,19.738252639770508,-778.2437055893872,0.017739639152598463
s11_64.tif,HP,300,2481,3471,0.7147796024200519,25236.3408203125,0.9019302725791931,0.1202993094921112,-3.9370601177215576,14.621984481811523,-789.5499137799288,0.0153085083047177
s11_65.tif,HP,300,2481,3471,0.7147796024200519,25236.3408203125,0.9188101887702942,0.12220772355794907,-4.02532958984375,15.132940292358398,-855.3882706305654,0.020950116883706547
s11_66.tif,HP,300,2481,3487,0.7114998566102667,25352.6689453125,0.9138356447219849,0.13477130234241486,-3.851240873336792,13.48968505859375,-859.0485793218324,0.012847627631022441
s11_67.tif,HP,300,2481,3471,0.7147796024200519,25236.3408203125,0.8385655879974365,0.1411033421754837,-1.3321369886398315,1.5832462310791016,-487.47264348363603,0.010708175565586269
s11_68.tif,HP,300,2481,3487,0.7114998566102667,25352.6689453125,0.925767719745636,0.11093530803918839,-5.31199836730957,27.876380920410156,-893.6524199761631,0.013173707790333578
s11_69.tif,HP,300,2481,3487,0.7114998566102667,25352.6689453125,0.9290554523468018,0.08567889034748077,-6.3667311668396,42.121036529541016,-913.8910136978736,0.014195641391350865
s11_7.tif,HP,300,2481,3487,0.7114998566102667,25352.6689453125,0.9384772181510925,0.08221554756164551,-6.554203033447266,44.77162170410156,-933.1228809641324,0.013236126537596257
s11_70.tif,HP,300,2481,3487,0.7114998566102667,25352.6689453125,0.8909816145896912,0.15012983977794647,-3.3065569400787354,9.753683090209961,-755.2770067969335,0.047755080857129616
s11_71.tif,HP,300,2481,3471,0.7147796024200519,25236.3408203125,0.927696704864502,0.07706672698259354,-6.591861248016357,46.34087371826172,-904.3264321865151,0.014878504464526774
s11_72.tif,HP,300,2481,3487,0.7114998566102667,25352.6689453125,0.92069011926651,0.11357139050960541,-4.874129295349121,23.329008102416992,-871.4315936954272,0.0204074626467144
s11_73.tif,HP,300,2481,3487,0.7114998566102667,25352.6689453125,0.917831301689148,0.12323672324419022,-4.2639360427856445,17.5336971282959,-827.6287307950188,0.023598100944291614
s11_74.tif,HP,300,2481,3487,0.7114998566102667,25352.6689453125,0.9333250522613525,0.07756440341472626,-6.58505916595459,46.751346588134766,-909.0302948632876,0.014278750797428394
s11_75.tif,HP,300,2481,3487,0.7114998566102667,25352.6689453125,0.9354550242424011,0.07283268868923187,-6.718544006347656,49.140804290771484,-927.2942889091127,0.011669878342393877
s11_76.tif,HP,300,2481,3487,0.7114998566102667,25352.6689453125,0.9342793822288513,0.07612495869398117,-7.112512111663818,54.95906066894531,-915.3415251509612,0.007244504751742726
s11_77.tif,HP,300,2481,3487,0.7114998566102667,25352.6689453125,0.9188992977142334,0.11888804286718369,-4.127283096313477,16.715293884277344,-833.1241669180818,0.026444280229197016
s11_78.tif,HP,300,2481,3487,0.7114998566102667,25352.6689453125,0.9264311790466309,0.10260073095560074,-4.881410598754883,25.07874870300293,-802.1205509670508,0.018453987037937998
s11_79.tif,HP,300,2481,3471,0.7147796024200519,25236.3408203125,0.9323824644088745,0.09263960272073746,-5.812282085418701,34.860774993896484,-894.6946083792039,0.016612454597319345
s11_8.tif,HP,300,2481,3487,0.7114998566102667,25352.6689453125,0.9366079568862915,0.09021568298339844,-6.063148498535156,37.55360412597656,-926.8471715947508,0.0141640852469014
s11_80.tif,HP,300,2481,3487,0.7114998566102667,25352.6689453125,0.93157958984375,0.09582311660051346,-5.655672550201416,32.66399002075195,-885.4376961736368,0.018056356499820198
s11_81.tif,HP,300,2481,3487,0.7114998566102667,25352.6689453125,0.9235311150550842,0.11459691822528839,-4.585625171661377,20.59585189819336,-866.8949088007641,0.028396253164428203
s11_82.tif,HP,300,2481,3487,0.7114998566102667,25352.6689453125,0.9328833222389221,0.0868707150220871,-6.647246837615967,45.3565673828125,-932.1223159681755,0.008827282355942444
s11_83.tif,HP,300,2481,3487,0.7114998566102667,25352.6689453125,0.9280865788459778,0.10621701180934906,-5.12253475189209,26.033559799194336,-892.0187353087445,0.020922879672722324
s11_84.tif,HP,300,2481,3487,0.7114998566102667,25352.6689453125,0.9369837641716003,0.07078497856855392,-7.203108310699463,57.815147399902344,-900.8538544731681,0.012757467218309684
s11_85.tif,HP,300,2481,3471,0.7147796024200519,25236.3408203125,0.9245629906654358,0.09638482332229614,-5.479066848754883,30.58521270751953,-901.2995178667542,0.011401082104721901
s11_86.tif,HP,300,2481,3471,0.7147796024200519,25236.3408203125,0.933048665523529,0.0980037972331047,-5.205956935882568,26.797006607055664,-914.1310411830632,0.012777605334973921
s11_87.tif,HP,300,2481,3487,0.7114998566102667,25352.6689453125,0.9285585284233093,0.0928080603480339,-5.549566268920898,31.142833709716797,-905.8382277522867,0.015886264719987764
s11_88.tif,HP,300,2481,3487,0.7114998566102667,25352.6689453125,0.9299865961074829,0.09020613878965378,-5.128007411956787,27.424928665161133,-890.9256061770634,0.015043264861123489
s11_89.tif,HP,300,2481,3471,0.7147796024200519,25236.3408203125,0.9174436330795288,0.11051467061042786,-4.4483418464660645,19.45758056640625,-848.7931911674702,0.028008659531831143
s11_9.tif,HP,300,2481,3487,0.7114998566102667,25352.6689453125,0.9200741648674011,0.11207663267850876,-4.722380638122559,21.82134437561035,-872.4319641250632,0.022472714049200076
s11_90.tif,HP,300,2481,3487,0.7114998566102667,25352.6689453125,0.9338011145591736,0.09343449026346207,-5.3074822425842285,28.846126556396484,-895.1811993566071,0.024225640534826946
s11_91.tif,HP,300,2481,3471,0.7147796024200519,25236.3408203125,0.9331492185592651,0.0993284285068512,-5.4140944480896,29.085914611816406,-926.664968464685,0.013808313972709445
s11_92.tif,HP,300,2481,3487,0.7114998566102667,25352.6689453125,0.9341673254966736,0.09051396697759628,-5.906277656555176,35.50973129272461,-921.2139503430191,0.01293328002309956
s11_93.tif,HP,300,2481,3487,0.7114998566102667,25352.6689453125,0.9263246059417725,0.0927591398358345,-5.622604846954346,31.999637603759766,-904.8423236226744,0.015475572481053888
s11_94.tif,HP,300,2481,3487,0.7114998566102667,25352.6689453125,0.9361124634742737,0.0892290323972702,-6.01339054107666,36.73169708251953,-932.3228094193186,0.011611620844948711
s11_95.tif,HP,300,2481,3487,0.7114998566102667,25352.6689453125,0.9300457835197449,0.07927528768777847,-6.563263893127441,44.82838439941406,-924.821141636406,0.012165182660950496
s11_96.tif,HP,300,2481,3471,0.7147796024200519,25236.3408203125,0.9314302206039429,0.09429360926151276,-5.590171813964844,31.734325408935547,-914.787524311178,0.00843251117017132
s11_97.tif,HP,300,2481,3471,0.7147796024200519,25236.3408203125,0.9300093054771423,0.09076837450265884,-5.58444881439209,32.2292594909668,-894.8626950963812,0.013922811349546673
s11_98.tif,HP,300,2481,3471,0.7147796024200519,25236.3408203125,0.9119169116020203,0.12963636219501495,-3.652693510055542,12.400819778442383,-806.1626323153115,0.044846509066717485
s11_99.tif,HP,300,2481,3471,0.7147796024200519,25236.3408203125,0.9359091520309448,0.09073863178491592,-5.902548313140869,35.81455612182617,-909.6789798204334,0.011919803993496642
