path,scanner,dpi
D:\Infosys_AI-Tracefinder\Data\Residuals_vis\Canon120-1\150\s1_100_res_vis.png,Canon120-1,150
D:\Infosys_AI-Tracefinder\Data\Residuals_vis\Canon120-1\150\s1_10_res_vis.png,Canon120-1,150
D:\Infosys_AI-Tracefinder\Data\Residuals_vis\Canon120-1\150\s1_11_res_vis.png,Canon120-1,150
D:\Infosys_AI-Tracefinder\Data\Residuals_vis\Canon120-1\150\s1_12_res_vis.png,Canon120-1,150
D:\Infosys_AI-Tracefinder\Data\Residuals_vis\Canon120-1\150\s1_13_res_vis.png,Canon120-1,150
D:\Infosys_AI-Tracefinder\Data\Residuals_vis\Canon120-1\150\s1_14_res_vis.png,Canon120-1,150
D:\Infosys_AI-Tracefinder\Data\Residuals_vis\Canon120-1\150\s1_15_res_vis.png,Canon120-1,150
D:\Infosys_AI-Tracefinder\Data\Residuals_vis\Canon120-1\150\s1_16_res_vis.png,Canon120-1,150
D:\Infosys_AI-Tracefinder\Data\Residuals_vis\Canon120-1\150\s1_17_res_vis.png,Canon120-1,150
D:\Infosys_AI-Tracefinder\Data\Residuals_vis\Canon120-1\150\s1_18_res_vis.png,Canon120-1,150
D:\Infosys_AI-Tracefinder\Data\Residuals_vis\Canon120-1\150\s1_19_res_vis.png,Canon120-1,150
D:\Infosys_AI-Tracefinder\Data\Residuals_vis\Canon120-1\150\s1_1_res_vis.png,Canon120-1,150
D:\Infosys_AI-Tracefinder\Data\Residuals_vis\Canon120-1\150\s1_20_res_vis.png,Canon120-1,150
D:\Infosys_AI-Tracefinder\Data\Residuals_vis\Canon120-1\150\s1_21_res_vis.png,Canon120-1,150
D:\Infosys_AI-Tracefinder\Data\Residuals_vis\Canon120-1\150\s1_22_res_vis.png,Canon120-1,150
D:\Infosys_AI-Tracefinder\Data\Residuals_vis\Canon120-1\150\s1_23_res_vis.png,Canon120-1,150
D:\Infosys_AI-Tracefinder\Data\Residuals_vis\Canon120-1\150\s1_24_res_vis.png,Canon120-1,150
D:\Infosys_AI-Tracefinder\Data\Residuals_vis\Canon120-1\150\s1_25_res_vis.png,Canon120-1,150
D:\Infosys_AI-Tracefinder\Data\Residuals_vis\Canon120-1\150\s1_26_res_vis.png,Canon120-1,150
D:\Infosys_AI-Tracefinder\Data\Residuals_vis\Canon120-1\150\s1_27_res_vis.png,Canon120-1,150
D:\Infosys_AI-Tracefinder\Data\Residuals_vis\Canon120-1\150\s1_28_res_vis.png,Canon120-1,150
D:\Infosys_AI-Tracefinder\Data\Residuals_vis\Canon120-1\150\s1_29_res_vis.png,Canon120-1,150
D:\Infosys_AI-Tracefinder\Data\Residuals_vis\Canon120-1\150\s1_2_res_vis.png,Canon120-1,150
D:\Infosys_AI-Tracefinder\Data\Residuals_vis\Canon120-1\150\s1_30_res_vis.png,Canon120-1,150
D:\Infosys_AI-Tracefinder\Data\Residuals_vis\Canon120-1\150\s1_31_res_vis.png,Canon120-1,150
D:\Infosys_AI-Tracefinder\Data\Residuals_vis\Canon120-1\150\s1_32_res_vis.png,Canon120-1,150
D:\Infosys_AI-Tracefinder\Data\Residuals_vis\Canon120-1\150\s1_33_res_vis.png,Canon120-1,150
D:\Infosys_AI-Tracefinder\Data\Residuals_vis\Canon120-1\150\s1_34_res_vis.png,Canon120-1,150
D:\Infosys_AI-Tracefinder\Data\Residuals_vis\Canon120-1\150\s1_35_res_vis.png,Canon120-1,150
D:\Infosys_AI-Tracefinder\Data\Residuals_vis\Canon120-1\150\s1_36_res_vis.png,Canon120-1,150
D:\Infosys_AI-Tracefinder\Data\Residuals_vis\Canon120-1\150\s1_37_res_vis.png,Canon120-1,150
D:\Infosys_AI-Tracefinder\Data\Residuals_vis\Canon120-1\150\s1_38_res_vis.png,Canon120-1,150
D:\Infosys_AI-Tracefinder\Data\Residuals_vis\Canon120-1\150\s1_39_res_vis.png,Canon120-1,150
D:\Infosys_AI-Tracefinder\Data\Residuals_vis\Canon120-1\150\s1_3_res_vis.png,Canon120-1,150
D:\Infosys_AI-Tracefinder\Data\Residuals_vis\Canon120-1\150\s1_40_res_vis.png,Canon120-1,150
D:\Infosys_AI-Tracefinder\Data\Residuals_vis\Canon120-1\150\s1_41_res_vis.png,Canon120-1,150
D:\Infosys_AI-Tracefinder\Data\Residuals_vis\Canon120-1\150\s1_42_res_vis.png,Canon120-1,150
D:\Infosys_AI-Tracefinder\Data\Residuals_vis\Canon120-1\150\s1_43_res_vis.png,Canon120-1,150
D:\Infosys_AI-Tracefinder\Data\Residuals_vis\Canon120-1\150\s1_44_res_vis.png,Canon120-1,150
D:\Infosys_AI-Tracefinder\Data\Residuals_vis\Canon120-1\150\s1_45_res_vis.png,Canon120-1,150
D:\Infosys_AI-Tracefinder\Data\Residuals_vis\Canon120-1\150\s1_46_res_vis.png,Canon120-1,150
D:\Infosys_AI-Tracefinder\Data\Residuals_vis\Canon120-1\150\s1_47_res_vis.png,Canon120-1,150
D:\Infosys_AI-Tracefinder\Data\Residuals_vis\Canon120-1\150\s1_48_res_vis.png,Canon120-1,150
D:\Infosys_AI-Tracefinder\Data\Residuals_vis\Canon120-1\150\s1_49_res_vis.png,Canon120-1,150
D:\Infosys_AI-Tracefinder\Data\Residuals_vis\Canon120-1\150\s1_4_res_vis.png,Canon120-1,150
D:\Infosys_AI-Tracefinder\Data\Residuals_vis\Canon120-1\150\s1_50_res_vis.png,Canon120-1,150
D:\Infosys_AI-Tracefinder\Data\Residuals_vis\Canon120-1\150\s1_51_res_vis.png,Canon120-1,150
D:\Infosys_AI-Tracefinder\Data\Residuals_vis\Canon120-1\150\s1_52_res_vis.png,Canon120-1,150
D:\Infosys_AI-Tracefinder\Data\Residuals_vis\Canon120-1\150\s1_53_res_vis.png,Canon120-1,150
D:\Infosys_AI-Tracefinder\Data\Residuals_vis\Canon120-1\150\s1_54_res_vis.png,Canon120-1,150
D:\Infosys_AI-Tracefinder\Data\Residuals_vis\Canon120-1\150\s1_55_res_vis.png,Canon120-1,150
D:\Infosys_AI-Tracefinder\Data\Residuals_vis\Canon120-1\150\s1_56_res_vis.png,Canon120-1,150
D:\Infosys_AI-Tracefinder\Data\Residuals_vis\Canon120-1\150\s1_57_res_vis.png,Canon120-1,150
D:\Infosys_AI-Tracefinder\Data\Residuals_vis\Canon120-1\150\s1_58_res_vis.png,Canon120-1,150
D:\Infosys_AI-Tracefinder\Data\Residuals_vis\Canon120-1\150\s1_59_res_vis.png,Canon120-1,150
D:\Infosys_AI-Tracefinder\Data\Residuals_vis\Canon120-1\150\s1_5_res_vis.png,Canon120-1,150
D:\Infosys_AI-Tracefinder\Data\Residuals_vis\Canon120-1\150\s1_60_res_vis.png,Canon120-1,150
D:\Infosys_AI-Tracefinder\Data\Residuals_vis\Canon120-1\150\s1_61_res_vis.png,Canon120-1,150
D:\Infosys_AI-Tracefinder\Data\Residuals_vis\Canon120-1\150\s1_62_res_vis.png,Canon120-1,150
D:\Infosys_AI-Tracefinder\Data\Residuals_vis\Canon120-1\150\s1_63_res_vis.png,Canon120-1,150
D:\Infosys_AI-Tracefinder\Data\Residuals_vis\Canon120-1\150\s1_64_res_vis.png,Canon120-1,150
D:\Infosys_AI-Tracefinder\Data\Residuals_vis\Canon120-1\150\s1_65_res_vis.png,Canon120-1,150
D:\Infosys_AI-Tracefinder\Data\Residuals_vis\Canon120-1\150\s1_66_res_vis.png,Canon120-1,150
D:\Infosys_AI-Tracefinder\Data\Residuals_vis\Canon120-1\150\s1_67_res_vis.png,Canon120-1,150
D:\Infosys_AI-Tracefinder\Data\Residuals_vis\Canon120-1\150\s1_68_res_vis.png,Canon120-1,150
D:\Infosys_AI-Tracefinder\Data\Residuals_vis\Canon120-1\150\s1_69_res_vis.png,Canon120-1,150
D:\Infosys_AI-Tracefinder\Data\Residuals_vis\Canon120-1\150\s1_6_res_vis.png,Canon120-1,150
D:\Infosys_AI-Tracefinder\Data\Residuals_vis\Canon120-1\150\s1_70_res_vis.png,Canon120-1,150
D:\Infosys_AI-Tracefinder\Data\Residuals_vis\Canon120-1\150\s1_71_res_vis.png,Canon120-1,150
D:\Infosys_AI-Tracefinder\Data\Residuals_vis\Canon120-1\150\s1_72_res_vis.png,Canon120-1,150
D:\Infosys_AI-Tracefinder\Data\Residuals_vis\Canon120-1\150\s1_73_res_vis.png,Canon120-1,150
D:\Infosys_AI-Tracefinder\Data\Residuals_vis\Canon120-1\150\s1_74_res_vis.png,Canon120-1,150
D:\Infosys_AI-Tracefinder\Data\Residuals_vis\Canon120-1\150\s1_75_res_vis.png,Canon120-1,150
D:\Infosys_AI-Tracefinder\Data\Residuals_vis\Canon120-1\150\s1_76_res_vis.png,Canon120-1,150
D:\Infosys_AI-Tracefinder\Data\Residuals_vis\Canon120-1\150\s1_77_res_vis.png,Canon120-1,150
D:\Infosys_AI-Tracefinder\Data\Residuals_vis\Canon120-1\150\s1_78_res_vis.png,Canon120-1,150
D:\Infosys_AI-Tracefinder\Data\Residuals_vis\Canon120-1\150\s1_79_res_vis.png,Canon120-1,150
D:\Infosys_AI-Tracefinder\Data\Residuals_vis\Canon120-1\150\s1_7_res_vis.png,Canon120-1,150
D:\Infosys_AI-Tracefinder\Data\Residuals_vis\Canon120-1\150\s1_80_res_vis.png,Canon120-1,150
D:\Infosys_AI-Tracefinder\Data\Residuals_vis\Canon120-1\150\s1_81_res_vis.png,Canon120-1,150
D:\Infosys_AI-Tracefinder\Data\Residuals_vis\Canon120-1\150\s1_82_res_vis.png,Canon120-1,150
D:\Infosys_AI-Tracefinder\Data\Residuals_vis\Canon120-1\150\s1_83_res_vis.png,Canon120-1,150
D:\Infosys_AI-Tracefinder\Data\Residuals_vis\Canon120-1\150\s1_84_res_vis.png,Canon120-1,150
D:\Infosys_AI-Tracefinder\Data\Residuals_vis\Canon120-1\150\s1_85_res_vis.png,Canon120-1,150
D:\Infosys_AI-Tracefinder\Data\Residuals_vis\Canon120-1\150\s1_86_res_vis.png,Canon120-1,150
D:\Infosys_AI-Tracefinder\Data\Residuals_vis\Canon120-1\150\s1_87_res_vis.png,Canon120-1,150
D:\Infosys_AI-Tracefinder\Data\Residuals_vis\Canon120-1\150\s1_88_res_vis.png,Canon120-1,150
D:\Infosys_AI-Tracefinder\Data\Residuals_vis\Canon120-1\150\s1_89_res_vis.png,Canon120-1,150
D:\Infosys_AI-Tracefinder\Data\Residuals_vis\Canon120-1\150\s1_8_res_vis.png,Canon120-1,150
D:\Infosys_AI-Tracefinder\Data\Residuals_vis\Canon120-1\150\s1_90_res_vis.png,Canon120-1,150
D:\Infosys_AI-Tracefinder\Data\Residuals_vis\Canon120-1\150\s1_91_res_vis.png,Canon120-1,150
D:\Infosys_AI-Tracefinder\Data\Residuals_vis\Canon120-1\150\s1_92_res_vis.png,Canon120-1,150
D:\Infosys_AI-Tracefinder\Data\Residuals_vis\Canon120-1\150\s1_93_res_vis.png,Canon120-1,150
D:\Infosys_AI-Tracefinder\Data\Residuals_vis\Canon120-1\150\s1_94_res_vis.png,Canon120-1,150
D:\Infosys_AI-Tracefinder\Data\Residuals_vis\Canon120-1\150\s1_95_res_vis.png,Canon120-1,150
D:\Infosys_AI-Tracefinder\Data\Residuals_vis\Canon120-1\150\s1_96_res_vis.png,Canon120-1,150
D:\Infosys_AI-Tracefinder\Data\Residuals_vis\Canon120-1\150\s1_97_res_vis.png,Canon120-1,150
D:\Infosys_AI-Tracefinder\Data\Residuals_vis\Canon120-1\150\s1_98_res_vis.png,Canon120-1,150
D:\Infosys_AI-Tracefinder\Data\Residuals_vis\Canon120-1\150\s1_99_res_vis.png,Canon120-1,150
D:\Infosys_AI-Tracefinder\Data\Residuals_vis\Canon120-1\150\s1_9_res_vis.png,Canon120-1,150
D:\Infosys_AI-Tracefinder\Data\Residuals_vis\Canon120-1\300\s1_100_res_vis.png,Canon120-1,300
D:\Infosys_AI-Tracefinder\Data\Residuals_vis\Canon120-1\300\s1_10_res_vis.png,Canon120-1,300
D:\Infosys_AI-Tracefinder\Data\Residuals_vis\Canon120-1\300\s1_11_res_vis.png,Canon120-1,300
D:\Infosys_AI-Tracefinder\Data\Residuals_vis\Canon120-1\300\s1_12_res_vis.png,Canon120-1,300
D:\Infosys_AI-Tracefinder\Data\Residuals_vis\Canon120-1\300\s1_13_res_vis.png,Canon120-1,300
D:\Infosys_AI-Tracefinder\Data\Residuals_vis\Canon120-1\300\s1_14_res_vis.png,Canon120-1,300
D:\Infosys_AI-Tracefinder\Data\Residuals_vis\Canon120-1\300\s1_15_res_vis.png,Canon120-1,300
D:\Infosys_AI-Tracefinder\Data\Residuals_vis\Canon120-1\300\s1_16_res_vis.png,Canon120-1,300
D:\Infosys_AI-Tracefinder\Data\Residuals_vis\Canon120-1\300\s1_17_res_vis.png,Canon120-1,300
D:\Infosys_AI-Tracefinder\Data\Residuals_vis\Canon120-1\300\s1_18_res_vis.png,Canon120-1,300
D:\Infosys_AI-Tracefinder\Data\Residuals_vis\Canon120-1\300\s1_19_res_vis.png,Canon120-1,300
D:\Infosys_AI-Tracefinder\Data\Residuals_vis\Canon120-1\300\s1_1_res_vis.png,Canon120-1,300
D:\Infosys_AI-Tracefinder\Data\Residuals_vis\Canon120-1\300\s1_20_res_vis.png,Canon120-1,300
D:\Infosys_AI-Tracefinder\Data\Residuals_vis\Canon120-1\300\s1_21_res_vis.png,Canon120-1,300
D:\Infosys_AI-Tracefinder\Data\Residuals_vis\Canon120-1\300\s1_22_res_vis.png,Canon120-1,300
D:\Infosys_AI-Tracefinder\Data\Residuals_vis\Canon120-1\300\s1_23_res_vis.png,Canon120-1,300
D:\Infosys_AI-Tracefinder\Data\Residuals_vis\Canon120-1\300\s1_24_res_vis.png,Canon120-1,300
D:\Infosys_AI-Tracefinder\Data\Residuals_vis\Canon120-1\300\s1_25_res_vis.png,Canon120-1,300
D:\Infosys_AI-Tracefinder\Data\Residuals_vis\Canon120-1\300\s1_26_res_vis.png,Canon120-1,300
D:\Infosys_AI-Tracefinder\Data\Residuals_vis\Canon120-1\300\s1_27_res_vis.png,Canon120-1,300
D:\Infosys_AI-Tracefinder\Data\Residuals_vis\Canon120-1\300\s1_28_res_vis.png,Canon120-1,300
D:\Infosys_AI-Tracefinder\Data\Residuals_vis\Canon120-1\300\s1_29_res_vis.png,Canon120-1,300
D:\Infosys_AI-Tracefinder\Data\Residuals_vis\Canon120-1\300\s1_2_res_vis.png,Canon120-1,300
D:\Infosys_AI-Tracefinder\Data\Residuals_vis\Canon120-1\300\s1_30_res_vis.png,Canon120-1,300
D:\Infosys_AI-Tracefinder\Data\Residuals_vis\Canon120-1\300\s1_31_res_vis.png,Canon120-1,300
D:\Infosys_AI-Tracefinder\Data\Residuals_vis\Canon120-1\300\s1_32_res_vis.png,Canon120-1,300
D:\Infosys_AI-Tracefinder\Data\Residuals_vis\Canon120-1\300\s1_33_res_vis.png,Canon120-1,300
D:\Infosys_AI-Tracefinder\Data\Residuals_vis\Canon120-1\300\s1_34_res_vis.png,Canon120-1,300
D:\Infosys_AI-Tracefinder\Data\Residuals_vis\Canon120-1\300\s1_35_res_vis.png,Canon120-1,300
D:\Infosys_AI-Tracefinder\Data\Residuals_vis\Canon120-1\300\s1_36_res_vis.png,Canon120-1,300
D:\Infosys_AI-Tracefinder\Data\Residuals_vis\Canon120-1\300\s1_37_res_vis.png,Canon120-1,300
D:\Infosys_AI-Tracefinder\Data\Residuals_vis\Canon120-1\300\s1_38_res_vis.png,Canon120-1,300
D:\Infosys_AI-Tracefinder\Data\Residuals_vis\Canon120-1\300\s1_39_res_vis.png,Canon120-1,300
D:\Infosys_AI-Tracefinder\Data\Residuals_vis\Canon120-1\300\s1_3_res_vis.png,Canon120-1,300
D:\Infosys_AI-Tracefinder\Data\Residuals_vis\Canon120-1\300\s1_40_res_vis.png,Canon120-1,300
D:\Infosys_AI-Tracefinder\Data\Residuals_vis\Canon120-1\300\s1_41_res_vis.png,Canon120-1,300
D:\Infosys_AI-Tracefinder\Data\Residuals_vis\Canon120-1\300\s1_42_res_vis.png,Canon120-1,300
D:\Infosys_AI-Tracefinder\Data\Residuals_vis\Canon120-1\300\s1_43_res_vis.png,Canon120-1,300
D:\Infosys_AI-Tracefinder\Data\Residuals_vis\Canon120-1\300\s1_44_res_vis.png,Canon120-1,300
D:\Infosys_AI-Tracefinder\Data\Residuals_vis\Canon120-1\300\s1_45_res_vis.png,Canon120-1,300
D:\Infosys_AI-Tracefinder\Data\Residuals_vis\Canon120-1\300\s1_46_res_vis.png,Canon120-1,300
D:\Infosys_AI-Tracefinder\Data\Residuals_vis\Canon120-1\300\s1_47_res_vis.png,Canon120-1,300
D:\Infosys_AI-Tracefinder\Data\Residuals_vis\Canon120-1\300\s1_48_res_vis.png,Canon120-1,300
D:\Infosys_AI-Tracefinder\Data\Residuals_vis\Canon120-1\300\s1_49_res_vis.png,Canon120-1,300
D:\Infosys_AI-Tracefinder\Data\Residuals_vis\Canon120-1\300\s1_4_res_vis.png,Canon120-1,300
D:\Infosys_AI-Tracefinder\Data\Residuals_vis\Canon120-1\300\s1_50_res_vis.png,Canon120-1,300
D:\Infosys_AI-Tracefinder\Data\Residuals_vis\Canon120-1\300\s1_51_res_vis.png,Canon120-1,300
D:\Infosys_AI-Tracefinder\Data\Residuals_vis\Canon120-1\300\s1_52_res_vis.png,Canon120-1,300
D:\Infosys_AI-Tracefinder\Data\Residuals_vis\Canon120-1\300\s1_53_res_vis.png,Canon120-1,300
D:\Infosys_AI-Tracefinder\Data\Residuals_vis\Canon120-1\300\s1_54_res_vis.png,Canon120-1,300
D:\Infosys_AI-Tracefinder\Data\Residuals_vis\Canon120-1\300\s1_55_res_vis.png,Canon120-1,300
D:\Infosys_AI-Tracefinder\Data\Residuals_vis\Canon120-1\300\s1_56_res_vis.png,Canon120-1,300
D:\Infosys_AI-Tracefinder\Data\Residuals_vis\Canon120-1\300\s1_57_res_vis.png,Canon120-1,300
D:\Infosys_AI-Tracefinder\Data\Residuals_vis\Canon120-1\300\s1_58_res_vis.png,Canon120-1,300
D:\Infosys_AI-Tracefinder\Data\Residuals_vis\Canon120-1\300\s1_59_res_vis.png,Canon120-1,300
D:\Infosys_AI-Tracefinder\Data\Residuals_vis\Canon120-1\300\s1_5_res_vis.png,Canon120-1,300
D:\Infosys_AI-Tracefinder\Data\Residuals_vis\Canon120-1\300\s1_60_res_vis.png,Canon120-1,300
D:\Infosys_AI-Tracefinder\Data\Residuals_vis\Canon120-1\300\s1_61_res_vis.png,Canon120-1,300
D:\Infosys_AI-Tracefinder\Data\Residuals_vis\Canon120-1\300\s1_62_res_vis.png,Canon120-1,300
D:\Infosys_AI-Tracefinder\Data\Residuals_vis\Canon120-1\300\s1_63_res_vis.png,Canon120-1,300
D:\Infosys_AI-Tracefinder\Data\Residuals_vis\Canon120-1\300\s1_64_res_vis.png,Canon120-1,300
D:\Infosys_AI-Tracefinder\Data\Residuals_vis\Canon120-1\300\s1_65_res_vis.png,Canon120-1,300
D:\Infosys_AI-Tracefinder\Data\Residuals_vis\Canon120-1\300\s1_66_res_vis.png,Canon120-1,300
D:\Infosys_AI-Tracefinder\Data\Residuals_vis\Canon120-1\300\s1_67_res_vis.png,Canon120-1,300
D:\Infosys_AI-Tracefinder\Data\Residuals_vis\Canon120-1\300\s1_68_res_vis.png,Canon120-1,300
D:\Infosys_AI-Tracefinder\Data\Residuals_vis\Canon120-1\300\s1_69_res_vis.png,Canon120-1,300
D:\Infosys_AI-Tracefinder\Data\Residuals_vis\Canon120-1\300\s1_6_res_vis.png,Canon120-1,300
D:\Infosys_AI-Tracefinder\Data\Residuals_vis\Canon120-1\300\s1_70_res_vis.png,Canon120-1,300
D:\Infosys_AI-Tracefinder\Data\Residuals_vis\Canon120-1\300\s1_71_res_vis.png,Canon120-1,300
D:\Infosys_AI-Tracefinder\Data\Residuals_vis\Canon120-1\300\s1_72_res_vis.png,Canon120-1,300
D:\Infosys_AI-Tracefinder\Data\Residuals_vis\Canon120-1\300\s1_73_res_vis.png,Canon120-1,300
D:\Infosys_AI-Tracefinder\Data\Residuals_vis\Canon120-1\300\s1_74_res_vis.png,Canon120-1,300
D:\Infosys_AI-Tracefinder\Data\Residuals_vis\Canon120-1\300\s1_75_res_vis.png,Canon120-1,300
D:\Infosys_AI-Tracefinder\Data\Residuals_vis\Canon120-1\300\s1_76_res_vis.png,Canon120-1,300
D:\Infosys_AI-Tracefinder\Data\Residuals_vis\Canon120-1\300\s1_77_res_vis.png,Canon120-1,300
D:\Infosys_AI-Tracefinder\Data\Residuals_vis\Canon120-1\300\s1_78_res_vis.png,Canon120-1,300
D:\Infosys_AI-Tracefinder\Data\Residuals_vis\Canon120-1\300\s1_79_res_vis.png,Canon120-1,300
D:\Infosys_AI-Tracefinder\Data\Residuals_vis\Canon120-1\300\s1_7_res_vis.png,Canon120-1,300
D:\Infosys_AI-Tracefinder\Data\Residuals_vis\Canon120-1\300\s1_80_res_vis.png,Canon120-1,300
D:\Infosys_AI-Tracefinder\Data\Residuals_vis\Canon120-1\300\s1_81_res_vis.png,Canon120-1,300
D:\Infosys_AI-Tracefinder\Data\Residuals_vis\Canon120-1\300\s1_82_res_vis.png,Canon120-1,300
D:\Infosys_AI-Tracefinder\Data\Residuals_vis\Canon120-1\300\s1_83_res_vis.png,Canon120-1,300
D:\Infosys_AI-Tracefinder\Data\Residuals_vis\Canon120-1\300\s1_84_res_vis.png,Canon120-1,300
D:\Infosys_AI-Tracefinder\Data\Residuals_vis\Canon120-1\300\s1_85_res_vis.png,Canon120-1,300
D:\Infosys_AI-Tracefinder\Data\Residuals_vis\Canon120-1\300\s1_86_res_vis.png,Canon120-1,300
D:\Infosys_AI-Tracefinder\Data\Residuals_vis\Canon120-1\300\s1_87_res_vis.png,Canon120-1,300
D:\Infosys_AI-Tracefinder\Data\Residuals_vis\Canon120-1\300\s1_88_res_vis.png,Canon120-1,300
D:\Infosys_AI-Tracefinder\Data\Residuals_vis\Canon120-1\300\s1_89_res_vis.png,Canon120-1,300
D:\Infosys_AI-Tracefinder\Data\Residuals_vis\Canon120-1\300\s1_8_res_vis.png,Canon120-1,300
D:\Infosys_AI-Tracefinder\Data\Residuals_vis\Canon120-1\300\s1_90_res_vis.png,Canon120-1,300
D:\Infosys_AI-Tracefinder\Data\Residuals_vis\Canon120-1\300\s1_91_res_vis.png,Canon120-1,300
D:\Infosys_AI-Tracefinder\Data\Residuals_vis\Canon120-1\300\s1_92_res_vis.png,Canon120-1,300
D:\Infosys_AI-Tracefinder\Data\Residuals_vis\Canon120-1\300\s1_93_res_vis.png,Canon120-1,300
D:\Infosys_AI-Tracefinder\Data\Residuals_vis\Canon120-1\300\s1_94_res_vis.png,Canon120-1,300
D:\Infosys_AI-Tracefinder\Data\Residuals_vis\Canon120-1\300\s1_95_res_vis.png,Canon120-1,300
D:\Infosys_AI-Tracefinder\Data\Residuals_vis\Canon120-1\300\s1_96_res_vis.png,Canon120-1,300
D:\Infosys_AI-Tracefinder\Data\Residuals_vis\Canon120-1\300\s1_97_res_vis.png,Canon120-1,300
D:\Infosys_AI-Tracefinder\Data\Residuals_vis\Canon120-1\300\s1_98_res_vis.png,Canon120-1,300
D:\Infosys_AI-Tracefinder\Data\Residuals_vis\Canon120-1\300\s1_99_res_vis.png,Canon120-1,300
D:\Infosys_AI-Tracefinder\Data\Residuals_vis\Canon120-1\300\s1_9_res_vis.png,Canon120-1,300
D:\Infosys_AI-Tracefinder\Data\Residuals_vis\Canon120-2\150\s2_100_res_vis.png,Canon120-2,150
D:\Infosys_AI-Tracefinder\Data\Residuals_vis\Canon120-2\150\s2_10_res_vis.png,Canon120-2,150
D:\Infosys_AI-Tracefinder\Data\Residuals_vis\Canon120-2\150\s2_11_res_vis.png,Canon120-2,150
D:\Infosys_AI-Tracefinder\Data\Residuals_vis\Canon120-2\150\s2_12_res_vis.png,Canon120-2,150
D:\Infosys_AI-Tracefinder\Data\Residuals_vis\Canon120-2\150\s2_13_res_vis.png,Canon120-2,150
D:\Infosys_AI-Tracefinder\Data\Residuals_vis\Canon120-2\150\s2_14_res_vis.png,Canon120-2,150
D:\Infosys_AI-Tracefinder\Data\Residuals_vis\Canon120-2\150\s2_15_res_vis.png,Canon120-2,150
D:\Infosys_AI-Tracefinder\Data\Residuals_vis\Canon120-2\150\s2_16_res_vis.png,Canon120-2,150
D:\Infosys_AI-Tracefinder\Data\Residuals_vis\Canon120-2\150\s2_17_res_vis.png,Canon120-2,150
D:\Infosys_AI-Tracefinder\Data\Residuals_vis\Canon120-2\150\s2_18_res_vis.png,Canon120-2,150
D:\Infosys_AI-Tracefinder\Data\Residuals_vis\Canon120-2\150\s2_19_res_vis.png,Canon120-2,150
D:\Infosys_AI-Tracefinder\Data\Residuals_vis\Canon120-2\150\s2_1_res_vis.png,Canon120-2,150
D:\Infosys_AI-Tracefinder\Data\Residuals_vis\Canon120-2\150\s2_20_res_vis.png,Canon120-2,150
D:\Infosys_AI-Tracefinder\Data\Residuals_vis\Canon120-2\150\s2_21_res_vis.png,Canon120-2,150
D:\Infosys_AI-Tracefinder\Data\Residuals_vis\Canon120-2\150\s2_22_res_vis.png,Canon120-2,150
D:\Infosys_AI-Tracefinder\Data\Residuals_vis\Canon120-2\150\s2_23_res_vis.png,Canon120-2,150
D:\Infosys_AI-Tracefinder\Data\Residuals_vis\Canon120-2\150\s2_24_res_vis.png,Canon120-2,150
D:\Infosys_AI-Tracefinder\Data\Residuals_vis\Canon120-2\150\s2_25_res_vis.png,Canon120-2,150
D:\Infosys_AI-Tracefinder\Data\Residuals_vis\Canon120-2\150\s2_26_res_vis.png,Canon120-2,150
D:\Infosys_AI-Tracefinder\Data\Residuals_vis\Canon120-2\150\s2_27_res_vis.png,Canon120-2,150
D:\Infosys_AI-Tracefinder\Data\Residuals_vis\Canon120-2\150\s2_28_res_vis.png,Canon120-2,150
D:\Infosys_AI-Tracefinder\Data\Residuals_vis\Canon120-2\150\s2_29_res_vis.png,Canon120-2,150
D:\Infosys_AI-Tracefinder\Data\Residuals_vis\Canon120-2\150\s2_2_res_vis.png,Canon120-2,150
D:\Infosys_AI-Tracefinder\Data\Residuals_vis\Canon120-2\150\s2_30_res_vis.png,Canon120-2,150
D:\Infosys_AI-Tracefinder\Data\Residuals_vis\Canon120-2\150\s2_31_res_vis.png,Canon120-2,150
D:\Infosys_AI-Tracefinder\Data\Residuals_vis\Canon120-2\150\s2_32_res_vis.png,Canon120-2,150
D:\Infosys_AI-Tracefinder\Data\Residuals_vis\Canon120-2\150\s2_33_res_vis.png,Canon120-2,150
D:\Infosys_AI-Tracefinder\Data\Residuals_vis\Canon120-2\150\s2_34_res_vis.png,Canon120-2,150
D:\Infosys_AI-Tracefinder\Data\Residuals_vis\Canon120-2\150\s2_35_res_vis.png,Canon120-2,150
D:\Infosys_AI-Tracefinder\Data\Residuals_vis\Canon120-2\150\s2_36_res_vis.png,Canon120-2,150
D:\Infosys_AI-Tracefinder\Data\Residuals_vis\Canon120-2\150\s2_37_res_vis.png,Canon120-2,150
D:\Infosys_AI-Tracefinder\Data\Residuals_vis\Canon120-2\150\s2_38_res_vis.png,Canon120-2,150
D:\Infosys_AI-Tracefinder\Data\Residuals_vis\Canon120-2\150\s2_39_res_vis.png,Canon120-2,150
D:\Infosys_AI-Tracefinder\Data\Residuals_vis\Canon120-2\150\s2_3_res_vis.png,Canon120-2,150
D:\Infosys_AI-Tracefinder\Data\Residuals_vis\Canon120-2\150\s2_40_res_vis.png,Canon120-2,150
D:\Infosys_AI-Tracefinder\Data\Residuals_vis\Canon120-2\150\s2_41_res_vis.png,Canon120-2,150
D:\Infosys_AI-Tracefinder\Data\Residuals_vis\Canon120-2\150\s2_42_res_vis.png,Canon120-2,150
D:\Infosys_AI-Tracefinder\Data\Residuals_vis\Canon120-2\150\s2_43_res_vis.png,Canon120-2,150
D:\Infosys_AI-Tracefinder\Data\Residuals_vis\Canon120-2\150\s2_44_res_vis.png,Canon120-2,150
D:\Infosys_AI-Tracefinder\Data\Residuals_vis\Canon120-2\150\s2_45_res_vis.png,Canon120-2,150
D:\Infosys_AI-Tracefinder\Data\Residuals_vis\Canon120-2\150\s2_46_res_vis.png,Canon120-2,150
D:\Infosys_AI-Tracefinder\Data\Residuals_vis\Canon120-2\150\s2_47_res_vis.png,Canon120-2,150
D:\Infosys_AI-Tracefinder\Data\Residuals_vis\Canon120-2\150\s2_48_res_vis.png,Canon120-2,150
D:\Infosys_AI-Tracefinder\Data\Residuals_vis\Canon120-2\150\s2_49_res_vis.png,Canon120-2,150
D:\Infosys_AI-Tracefinder\Data\Residuals_vis\Canon120-2\150\s2_4_res_vis.png,Canon120-2,150
D:\Infosys_AI-Tracefinder\Data\Residuals_vis\Canon120-2\150\s2_50_res_vis.png,Canon120-2,150
D:\Infosys_AI-Tracefinder\Data\Residuals_vis\Canon120-2\150\s2_51_res_vis.png,Canon120-2,150
D:\Infosys_AI-Tracefinder\Data\Residuals_vis\Canon120-2\150\s2_52_res_vis.png,Canon120-2,150
D:\Infosys_AI-Tracefinder\Data\Residuals_vis\Canon120-2\150\s2_53_res_vis.png,Canon120-2,150
D:\Infosys_AI-Tracefinder\Data\Residuals_vis\Canon120-2\150\s2_54_res_vis.png,Canon120-2,150
D:\Infosys_AI-Tracefinder\Data\Residuals_vis\Canon120-2\150\s2_55_res_vis.png,Canon120-2,150
D:\Infosys_AI-Tracefinder\Data\Residuals_vis\Canon120-2\150\s2_56_res_vis.png,Canon120-2,150
D:\Infosys_AI-Tracefinder\Data\Residuals_vis\Canon120-2\150\s2_57_res_vis.png,Canon120-2,150
D:\Infosys_AI-Tracefinder\Data\Residuals_vis\Canon120-2\150\s2_58_res_vis.png,Canon120-2,150
D:\Infosys_AI-Tracefinder\Data\Residuals_vis\Canon120-2\150\s2_59_res_vis.png,Canon120-2,150
D:\Infosys_AI-Tracefinder\Data\Residuals_vis\Canon120-2\150\s2_5_res_vis.png,Canon120-2,150
D:\Infosys_AI-Tracefinder\Data\Residuals_vis\Canon120-2\150\s2_60_res_vis.png,Canon120-2,150
D:\Infosys_AI-Tracefinder\Data\Residuals_vis\Canon120-2\150\s2_61_res_vis.png,Canon120-2,150
D:\Infosys_AI-Tracefinder\Data\Residuals_vis\Canon120-2\150\s2_62_res_vis.png,Canon120-2,150
D:\Infosys_AI-Tracefinder\Data\Residuals_vis\Canon120-2\150\s2_63_res_vis.png,Canon120-2,150
D:\Infosys_AI-Tracefinder\Data\Residuals_vis\Canon120-2\150\s2_64_res_vis.png,Canon120-2,150
D:\Infosys_AI-Tracefinder\Data\Residuals_vis\Canon120-2\150\s2_65_res_vis.png,Canon120-2,150
D:\Infosys_AI-Tracefinder\Data\Residuals_vis\Canon120-2\150\s2_66_res_vis.png,Canon120-2,150
D:\Infosys_AI-Tracefinder\Data\Residuals_vis\Canon120-2\150\s2_67_res_vis.png,Canon120-2,150
D:\Infosys_AI-Tracefinder\Data\Residuals_vis\Canon120-2\150\s2_68_res_vis.png,Canon120-2,150
D:\Infosys_AI-Tracefinder\Data\Residuals_vis\Canon120-2\150\s2_69_res_vis.png,Canon120-2,150
D:\Infosys_AI-Tracefinder\Data\Residuals_vis\Canon120-2\150\s2_6_res_vis.png,Canon120-2,150
D:\Infosys_AI-Tracefinder\Data\Residuals_vis\Canon120-2\150\s2_70_res_vis.png,Canon120-2,150
D:\Infosys_AI-Tracefinder\Data\Residuals_vis\Canon120-2\150\s2_71_res_vis.png,Canon120-2,150
D:\Infosys_AI-Tracefinder\Data\Residuals_vis\Canon120-2\150\s2_72_res_vis.png,Canon120-2,150
D:\Infosys_AI-Tracefinder\Data\Residuals_vis\Canon120-2\150\s2_73_res_vis.png,Canon120-2,150
D:\Infosys_AI-Tracefinder\Data\Residuals_vis\Canon120-2\150\s2_74_res_vis.png,Canon120-2,150
D:\Infosys_AI-Tracefinder\Data\Residuals_vis\Canon120-2\150\s2_75_res_vis.png,Canon120-2,150
D:\Infosys_AI-Tracefinder\Data\Residuals_vis\Canon120-2\150\s2_76_res_vis.png,Canon120-2,150
D:\Infosys_AI-Tracefinder\Data\Residuals_vis\Canon120-2\150\s2_77_res_vis.png,Canon120-2,150
D:\Infosys_AI-Tracefinder\Data\Residuals_vis\Canon120-2\150\s2_78_res_vis.png,Canon120-2,150
D:\Infosys_AI-Tracefinder\Data\Residuals_vis\Canon120-2\150\s2_79_res_vis.png,Canon120-2,150
D:\Infosys_AI-Tracefinder\Data\Residuals_vis\Canon120-2\150\s2_7_res_vis.png,Canon120-2,150
D:\Infosys_AI-Tracefinder\Data\Residuals_vis\Canon120-2\150\s2_80_res_vis.png,Canon120-2,150
D:\Infosys_AI-Tracefinder\Data\Residuals_vis\Canon120-2\150\s2_81_res_vis.png,Canon120-2,150
D:\Infosys_AI-Tracefinder\Data\Residuals_vis\Canon120-2\150\s2_82_res_vis.png,Canon120-2,150
D:\Infosys_AI-Tracefinder\Data\Residuals_vis\Canon120-2\150\s2_83_res_vis.png,Canon120-2,150
D:\Infosys_AI-Tracefinder\Data\Residuals_vis\Canon120-2\150\s2_84_res_vis.png,Canon120-2,150
D:\Infosys_AI-Tracefinder\Data\Residuals_vis\Canon120-2\150\s2_85_res_vis.png,Canon120-2,150
D:\Infosys_AI-Tracefinder\Data\Residuals_vis\Canon120-2\150\s2_86_res_vis.png,Canon120-2,150
D:\Infosys_AI-Tracefinder\Data\Residuals_vis\Canon120-2\150\s2_87_res_vis.png,Canon120-2,150
D:\Infosys_AI-Tracefinder\Data\Residuals_vis\Canon120-2\150\s2_88_res_vis.png,Canon120-2,150
D:\Infosys_AI-Tracefinder\Data\Residuals_vis\Canon120-2\150\s2_89_res_vis.png,Canon120-2,150
D:\Infosys_AI-Tracefinder\Data\Residuals_vis\Canon120-2\150\s2_8_res_vis.png,Canon120-2,150
D:\Infosys_AI-Tracefinder\Data\Residuals_vis\Canon120-2\150\s2_90_res_vis.png,Canon120-2,150
D:\Infosys_AI-Tracefinder\Data\Residuals_vis\Canon120-2\150\s2_91_res_vis.png,Canon120-2,150
D:\Infosys_AI-Tracefinder\Data\Residuals_vis\Canon120-2\150\s2_92_res_vis.png,Canon120-2,150
D:\Infosys_AI-Tracefinder\Data\Residuals_vis\Canon120-2\150\s2_93_res_vis.png,Canon120-2,150
D:\Infosys_AI-Tracefinder\Data\Residuals_vis\Canon120-2\150\s2_94_res_vis.png,Canon120-2,150
D:\Infosys_AI-Tracefinder\Data\Residuals_vis\Canon120-2\150\s2_95_res_vis.png,Canon120-2,150
D:\Infosys_AI-Tracefinder\Data\Residuals_vis\Canon120-2\150\s2_96_res_vis.png,Canon120-2,150
D:\Infosys_AI-Tracefinder\Data\Residuals_vis\Canon120-2\150\s2_97_res_vis.png,Canon120-2,150
D:\Infosys_AI-Tracefinder\Data\Residuals_vis\Canon120-2\150\s2_98_res_vis.png,Canon120-2,150
D:\Infosys_AI-Tracefinder\Data\Residuals_vis\Canon120-2\150\s2_99_res_vis.png,Canon120-2,150
D:\Infosys_AI-Tracefinder\Data\Residuals_vis\Canon120-2\150\s2_9_res_vis.png,Canon120-2,150
D:\Infosys_AI-Tracefinder\Data\Residuals_vis\Canon120-2\300\s2_100_res_vis.png,Canon120-2,300
D:\Infosys_AI-Tracefinder\Data\Residuals_vis\Canon120-2\300\s2_10_res_vis.png,Canon120-2,300
D:\Infosys_AI-Tracefinder\Data\Residuals_vis\Canon120-2\300\s2_11_res_vis.png,Canon120-2,300
D:\Infosys_AI-Tracefinder\Data\Residuals_vis\Canon120-2\300\s2_12_res_vis.png,Canon120-2,300
D:\Infosys_AI-Tracefinder\Data\Residuals_vis\Canon120-2\300\s2_13_res_vis.png,Canon120-2,300
D:\Infosys_AI-Tracefinder\Data\Residuals_vis\Canon120-2\300\s2_14_res_vis.png,Canon120-2,300
D:\Infosys_AI-Tracefinder\Data\Residuals_vis\Canon120-2\300\s2_15_res_vis.png,Canon120-2,300
D:\Infosys_AI-Tracefinder\Data\Residuals_vis\Canon120-2\300\s2_16_res_vis.png,Canon120-2,300
D:\Infosys_AI-Tracefinder\Data\Residuals_vis\Canon120-2\300\s2_17_res_vis.png,Canon120-2,300
D:\Infosys_AI-Tracefinder\Data\Residuals_vis\Canon120-2\300\s2_18_res_vis.png,Canon120-2,300
D:\Infosys_AI-Tracefinder\Data\Residuals_vis\Canon120-2\300\s2_19_res_vis.png,Canon120-2,300
D:\Infosys_AI-Tracefinder\Data\Residuals_vis\Canon120-2\300\s2_1_res_vis.png,Canon120-2,300
D:\Infosys_AI-Tracefinder\Data\Residuals_vis\Canon120-2\300\s2_20_res_vis.png,Canon120-2,300
D:\Infosys_AI-Tracefinder\Data\Residuals_vis\Canon120-2\300\s2_21_res_vis.png,Canon120-2,300
D:\Infosys_AI-Tracefinder\Data\Residuals_vis\Canon120-2\300\s2_22_res_vis.png,Canon120-2,300
D:\Infosys_AI-Tracefinder\Data\Residuals_vis\Canon120-2\300\s2_23_res_vis.png,Canon120-2,300
D:\Infosys_AI-Tracefinder\Data\Residuals_vis\Canon120-2\300\s2_24_res_vis.png,Canon120-2,300
D:\Infosys_AI-Tracefinder\Data\Residuals_vis\Canon120-2\300\s2_25_res_vis.png,Canon120-2,300
D:\Infosys_AI-Tracefinder\Data\Residuals_vis\Canon120-2\300\s2_26_res_vis.png,Canon120-2,300
D:\Infosys_AI-Tracefinder\Data\Residuals_vis\Canon120-2\300\s2_27_res_vis.png,Canon120-2,300
D:\Infosys_AI-Tracefinder\Data\Residuals_vis\Canon120-2\300\s2_28_res_vis.png,Canon120-2,300
D:\Infosys_AI-Tracefinder\Data\Residuals_vis\Canon120-2\300\s2_29_res_vis.png,Canon120-2,300
D:\Infosys_AI-Tracefinder\Data\Residuals_vis\Canon120-2\300\s2_2_res_vis.png,Canon120-2,300
D:\Infosys_AI-Tracefinder\Data\Residuals_vis\Canon120-2\300\s2_30_res_vis.png,Canon120-2,300
D:\Infosys_AI-Tracefinder\Data\Residuals_vis\Canon120-2\300\s2_31_res_vis.png,Canon120-2,300
D:\Infosys_AI-Tracefinder\Data\Residuals_vis\Canon120-2\300\s2_32_res_vis.png,Canon120-2,300
D:\Infosys_AI-Tracefinder\Data\Residuals_vis\Canon120-2\300\s2_33_res_vis.png,Canon120-2,300
D:\Infosys_AI-Tracefinder\Data\Residuals_vis\Canon120-2\300\s2_34_res_vis.png,Canon120-2,300
D:\Infosys_AI-Tracefinder\Data\Residuals_vis\Canon120-2\300\s2_35_res_vis.png,Canon120-2,300
D:\Infosys_AI-Tracefinder\Data\Residuals_vis\Canon120-2\300\s2_36_res_vis.png,Canon120-2,300
D:\Infosys_AI-Tracefinder\Data\Residuals_vis\Canon120-2\300\s2_37_res_vis.png,Canon120-2,300
D:\Infosys_AI-Tracefinder\Data\Residuals_vis\Canon120-2\300\s2_38_res_vis.png,Canon120-2,300
D:\Infosys_AI-Tracefinder\Data\Residuals_vis\Canon120-2\300\s2_39_res_vis.png,Canon120-2,300
D:\Infosys_AI-Tracefinder\Data\Residuals_vis\Canon120-2\300\s2_3_res_vis.png,Canon120-2,300
D:\Infosys_AI-Tracefinder\Data\Residuals_vis\Canon120-2\300\s2_40_res_vis.png,Canon120-2,300
D:\Infosys_AI-Tracefinder\Data\Residuals_vis\Canon120-2\300\s2_41_res_vis.png,Canon120-2,300
D:\Infosys_AI-Tracefinder\Data\Residuals_vis\Canon120-2\300\s2_42_res_vis.png,Canon120-2,300
D:\Infosys_AI-Tracefinder\Data\Residuals_vis\Canon120-2\300\s2_43_res_vis.png,Canon120-2,300
D:\Infosys_AI-Tracefinder\Data\Residuals_vis\Canon120-2\300\s2_44_res_vis.png,Canon120-2,300
D:\Infosys_AI-Tracefinder\Data\Residuals_vis\Canon120-2\300\s2_45_res_vis.png,Canon120-2,300
D:\Infosys_AI-Tracefinder\Data\Residuals_vis\Canon120-2\300\s2_46_res_vis.png,Canon120-2,300
D:\Infosys_AI-Tracefinder\Data\Residuals_vis\Canon120-2\300\s2_47_res_vis.png,Canon120-2,300
D:\Infosys_AI-Tracefinder\Data\Residuals_vis\Canon120-2\300\s2_48_res_vis.png,Canon120-2,300
D:\Infosys_AI-Tracefinder\Data\Residuals_vis\Canon120-2\300\s2_49_res_vis.png,Canon120-2,300
D:\Infosys_AI-Tracefinder\Data\Residuals_vis\Canon120-2\300\s2_4_res_vis.png,Canon120-2,300
D:\Infosys_AI-Tracefinder\Data\Residuals_vis\Canon120-2\300\s2_50_res_vis.png,Canon120-2,300
D:\Infosys_AI-Tracefinder\Data\Residuals_vis\Canon120-2\300\s2_51_res_vis.png,Canon120-2,300
D:\Infosys_AI-Tracefinder\Data\Residuals_vis\Canon120-2\300\s2_52_res_vis.png,Canon120-2,300
D:\Infosys_AI-Tracefinder\Data\Residuals_vis\Canon120-2\300\s2_53_res_vis.png,Canon120-2,300
D:\Infosys_AI-Tracefinder\Data\Residuals_vis\Canon120-2\300\s2_54_res_vis.png,Canon120-2,300
D:\Infosys_AI-Tracefinder\Data\Residuals_vis\Canon120-2\300\s2_55_res_vis.png,Canon120-2,300
D:\Infosys_AI-Tracefinder\Data\Residuals_vis\Canon120-2\300\s2_56_res_vis.png,Canon120-2,300
D:\Infosys_AI-Tracefinder\Data\Residuals_vis\Canon120-2\300\s2_57_res_vis.png,Canon120-2,300
D:\Infosys_AI-Tracefinder\Data\Residuals_vis\Canon120-2\300\s2_58_res_vis.png,Canon120-2,300
D:\Infosys_AI-Tracefinder\Data\Residuals_vis\Canon120-2\300\s2_59_res_vis.png,Canon120-2,300
D:\Infosys_AI-Tracefinder\Data\Residuals_vis\Canon120-2\300\s2_5_res_vis.png,Canon120-2,300
D:\Infosys_AI-Tracefinder\Data\Residuals_vis\Canon120-2\300\s2_60_res_vis.png,Canon120-2,300
D:\Infosys_AI-Tracefinder\Data\Residuals_vis\Canon120-2\300\s2_61_res_vis.png,Canon120-2,300
D:\Infosys_AI-Tracefinder\Data\Residuals_vis\Canon120-2\300\s2_62_res_vis.png,Canon120-2,300
D:\Infosys_AI-Tracefinder\Data\Residuals_vis\Canon120-2\300\s2_63_res_vis.png,Canon120-2,300
D:\Infosys_AI-Tracefinder\Data\Residuals_vis\Canon120-2\300\s2_64_res_vis.png,Canon120-2,300
D:\Infosys_AI-Tracefinder\Data\Residuals_vis\Canon120-2\300\s2_65_res_vis.png,Canon120-2,300
D:\Infosys_AI-Tracefinder\Data\Residuals_vis\Canon120-2\300\s2_66_res_vis.png,Canon120-2,300
D:\Infosys_AI-Tracefinder\Data\Residuals_vis\Canon120-2\300\s2_67_res_vis.png,Canon120-2,300
D:\Infosys_AI-Tracefinder\Data\Residuals_vis\Canon120-2\300\s2_68_res_vis.png,Canon120-2,300
D:\Infosys_AI-Tracefinder\Data\Residuals_vis\Canon120-2\300\s2_69_res_vis.png,Canon120-2,300
D:\Infosys_AI-Tracefinder\Data\Residuals_vis\Canon120-2\300\s2_6_res_vis.png,Canon120-2,300
D:\Infosys_AI-Tracefinder\Data\Residuals_vis\Canon120-2\300\s2_70_res_vis.png,Canon120-2,300
D:\Infosys_AI-Tracefinder\Data\Residuals_vis\Canon120-2\300\s2_71_res_vis.png,Canon120-2,300
D:\Infosys_AI-Tracefinder\Data\Residuals_vis\Canon120-2\300\s2_72_res_vis.png,Canon120-2,300
D:\Infosys_AI-Tracefinder\Data\Residuals_vis\Canon120-2\300\s2_73_res_vis.png,Canon120-2,300
D:\Infosys_AI-Tracefinder\Data\Residuals_vis\Canon120-2\300\s2_74_res_vis.png,Canon120-2,300
D:\Infosys_AI-Tracefinder\Data\Residuals_vis\Canon120-2\300\s2_75_res_vis.png,Canon120-2,300
D:\Infosys_AI-Tracefinder\Data\Residuals_vis\Canon120-2\300\s2_76_res_vis.png,Canon120-2,300
D:\Infosys_AI-Tracefinder\Data\Residuals_vis\Canon120-2\300\s2_77_res_vis.png,Canon120-2,300
D:\Infosys_AI-Tracefinder\Data\Residuals_vis\Canon120-2\300\s2_78_res_vis.png,Canon120-2,300
D:\Infosys_AI-Tracefinder\Data\Residuals_vis\Canon120-2\300\s2_79_res_vis.png,Canon120-2,300
D:\Infosys_AI-Tracefinder\Data\Residuals_vis\Canon120-2\300\s2_7_res_vis.png,Canon120-2,300
D:\Infosys_AI-Tracefinder\Data\Residuals_vis\Canon120-2\300\s2_80_res_vis.png,Canon120-2,300
D:\Infosys_AI-Tracefinder\Data\Residuals_vis\Canon120-2\300\s2_81_res_vis.png,Canon120-2,300
D:\Infosys_AI-Tracefinder\Data\Residuals_vis\Canon120-2\300\s2_82_res_vis.png,Canon120-2,300
D:\Infosys_AI-Tracefinder\Data\Residuals_vis\Canon120-2\300\s2_83_res_vis.png,Canon120-2,300
D:\Infosys_AI-Tracefinder\Data\Residuals_vis\Canon120-2\300\s2_84_res_vis.png,Canon120-2,300
D:\Infosys_AI-Tracefinder\Data\Residuals_vis\Canon120-2\300\s2_85_res_vis.png,Canon120-2,300
D:\Infosys_AI-Tracefinder\Data\Residuals_vis\Canon120-2\300\s2_86_res_vis.png,Canon120-2,300
D:\Infosys_AI-Tracefinder\Data\Residuals_vis\Canon120-2\300\s2_87_res_vis.png,Canon120-2,300
D:\Infosys_AI-Tracefinder\Data\Residuals_vis\Canon120-2\300\s2_88_res_vis.png,Canon120-2,300
D:\Infosys_AI-Tracefinder\Data\Residuals_vis\Canon120-2\300\s2_89_res_vis.png,Canon120-2,300
D:\Infosys_AI-Tracefinder\Data\Residuals_vis\Canon120-2\300\s2_8_res_vis.png,Canon120-2,300
D:\Infosys_AI-Tracefinder\Data\Residuals_vis\Canon120-2\300\s2_90_res_vis.png,Canon120-2,300
D:\Infosys_AI-Tracefinder\Data\Residuals_vis\Canon120-2\300\s2_91_res_vis.png,Canon120-2,300
D:\Infosys_AI-Tracefinder\Data\Residuals_vis\Canon120-2\300\s2_92_res_vis.png,Canon120-2,300
D:\Infosys_AI-Tracefinder\Data\Residuals_vis\Canon120-2\300\s2_93_res_vis.png,Canon120-2,300
D:\Infosys_AI-Tracefinder\Data\Residuals_vis\Canon120-2\300\s2_94_res_vis.png,Canon120-2,300
D:\Infosys_AI-Tracefinder\Data\Residuals_vis\Canon120-2\300\s2_95_res_vis.png,Canon120-2,300
D:\Infosys_AI-Tracefinder\Data\Residuals_vis\Canon120-2\300\s2_96_res_vis.png,Canon120-2,300
D:\Infosys_AI-Tracefinder\Data\Residuals_vis\Canon120-2\300\s2_97_res_vis.png,Canon120-2,300
D:\Infosys_AI-Tracefinder\Data\Residuals_vis\Canon120-2\300\s2_98_res_vis.png,Canon120-2,300
D:\Infosys_AI-Tracefinder\Data\Residuals_vis\Canon120-2\300\s2_99_res_vis.png,Canon120-2,300
D:\Infosys_AI-Tracefinder\Data\Residuals_vis\Canon120-2\300\s2_9_res_vis.png,Canon120-2,300
D:\Infosys_AI-Tracefinder\Data\Residuals_vis\Canon220\150\s3_100_res_vis.png,Canon220,150
D:\Infosys_AI-Tracefinder\Data\Residuals_vis\Canon220\150\s3_10_res_vis.png,Canon220,150
D:\Infosys_AI-Tracefinder\Data\Residuals_vis\Canon220\150\s3_11_res_vis.png,Canon220,150
D:\Infosys_AI-Tracefinder\Data\Residuals_vis\Canon220\150\s3_12_res_vis.png,Canon220,150
D:\Infosys_AI-Tracefinder\Data\Residuals_vis\Canon220\150\s3_13_res_vis.png,Canon220,150
D:\Infosys_AI-Tracefinder\Data\Residuals_vis\Canon220\150\s3_14_res_vis.png,Canon220,150
D:\Infosys_AI-Tracefinder\Data\Residuals_vis\Canon220\150\s3_15_res_vis.png,Canon220,150
D:\Infosys_AI-Tracefinder\Data\Residuals_vis\Canon220\150\s3_16_res_vis.png,Canon220,150
D:\Infosys_AI-Tracefinder\Data\Residuals_vis\Canon220\150\s3_17_res_vis.png,Canon220,150
D:\Infosys_AI-Tracefinder\Data\Residuals_vis\Canon220\150\s3_18_res_vis.png,Canon220,150
D:\Infosys_AI-Tracefinder\Data\Residuals_vis\Canon220\150\s3_19_res_vis.png,Canon220,150
D:\Infosys_AI-Tracefinder\Data\Residuals_vis\Canon220\150\s3_1_res_vis.png,Canon220,150
D:\Infosys_AI-Tracefinder\Data\Residuals_vis\Canon220\150\s3_20_res_vis.png,Canon220,150
D:\Infosys_AI-Tracefinder\Data\Residuals_vis\Canon220\150\s3_21_res_vis.png,Canon220,150
D:\Infosys_AI-Tracefinder\Data\Residuals_vis\Canon220\150\s3_22_res_vis.png,Canon220,150
D:\Infosys_AI-Tracefinder\Data\Residuals_vis\Canon220\150\s3_23_res_vis.png,Canon220,150
D:\Infosys_AI-Tracefinder\Data\Residuals_vis\Canon220\150\s3_24_res_vis.png,Canon220,150
D:\Infosys_AI-Tracefinder\Data\Residuals_vis\Canon220\150\s3_25_res_vis.png,Canon220,150
D:\Infosys_AI-Tracefinder\Data\Residuals_vis\Canon220\150\s3_26_res_vis.png,Canon220,150
D:\Infosys_AI-Tracefinder\Data\Residuals_vis\Canon220\150\s3_27_res_vis.png,Canon220,150
D:\Infosys_AI-Tracefinder\Data\Residuals_vis\Canon220\150\s3_28_res_vis.png,Canon220,150
D:\Infosys_AI-Tracefinder\Data\Residuals_vis\Canon220\150\s3_29_res_vis.png,Canon220,150
D:\Infosys_AI-Tracefinder\Data\Residuals_vis\Canon220\150\s3_2_res_vis.png,Canon220,150
D:\Infosys_AI-Tracefinder\Data\Residuals_vis\Canon220\150\s3_30_res_vis.png,Canon220,150
D:\Infosys_AI-Tracefinder\Data\Residuals_vis\Canon220\150\s3_31_res_vis.png,Canon220,150
D:\Infosys_AI-Tracefinder\Data\Residuals_vis\Canon220\150\s3_32_res_vis.png,Canon220,150
D:\Infosys_AI-Tracefinder\Data\Residuals_vis\Canon220\150\s3_33_res_vis.png,Canon220,150
D:\Infosys_AI-Tracefinder\Data\Residuals_vis\Canon220\150\s3_34_res_vis.png,Canon220,150
D:\Infosys_AI-Tracefinder\Data\Residuals_vis\Canon220\150\s3_35_res_vis.png,Canon220,150
D:\Infosys_AI-Tracefinder\Data\Residuals_vis\Canon220\150\s3_36_res_vis.png,Canon220,150
D:\Infosys_AI-Tracefinder\Data\Residuals_vis\Canon220\150\s3_37_res_vis.png,Canon220,150
D:\Infosys_AI-Tracefinder\Data\Residuals_vis\Canon220\150\s3_38_res_vis.png,Canon220,150
D:\Infosys_AI-Tracefinder\Data\Residuals_vis\Canon220\150\s3_39_res_vis.png,Canon220,150
D:\Infosys_AI-Tracefinder\Data\Residuals_vis\Canon220\150\s3_3_res_vis.png,Canon220,150
D:\Infosys_AI-Tracefinder\Data\Residuals_vis\Canon220\150\s3_40_res_vis.png,Canon220,150
D:\Infosys_AI-Tracefinder\Data\Residuals_vis\Canon220\150\s3_41_res_vis.png,Canon220,150
D:\Infosys_AI-Tracefinder\Data\Residuals_vis\Canon220\150\s3_42_res_vis.png,Canon220,150
D:\Infosys_AI-Tracefinder\Data\Residuals_vis\Canon220\150\s3_43_res_vis.png,Canon220,150
D:\Infosys_AI-Tracefinder\Data\Residuals_vis\Canon220\150\s3_44_res_vis.png,Canon220,150
D:\Infosys_AI-Tracefinder\Data\Residuals_vis\Canon220\150\s3_45_res_vis.png,Canon220,150
D:\Infosys_AI-Tracefinder\Data\Residuals_vis\Canon220\150\s3_46_res_vis.png,Canon220,150
D:\Infosys_AI-Tracefinder\Data\Residuals_vis\Canon220\150\s3_47_res_vis.png,Canon220,150
D:\Infosys_AI-Tracefinder\Data\Residuals_vis\Canon220\150\s3_48_res_vis.png,Canon220,150
D:\Infosys_AI-Tracefinder\Data\Residuals_vis\Canon220\150\s3_49_res_vis.png,Canon220,150
D:\Infosys_AI-Tracefinder\Data\Residuals_vis\Canon220\150\s3_4_res_vis.png,Canon220,150
D:\Infosys_AI-Tracefinder\Data\Residuals_vis\Canon220\150\s3_50_res_vis.png,Canon220,150
D:\Infosys_AI-Tracefinder\Data\Residuals_vis\Canon220\150\s3_51_res_vis.png,Canon220,150
D:\Infosys_AI-Tracefinder\Data\Residuals_vis\Canon220\150\s3_52_res_vis.png,Canon220,150
D:\Infosys_AI-Tracefinder\Data\Residuals_vis\Canon220\150\s3_53_res_vis.png,Canon220,150
D:\Infosys_AI-Tracefinder\Data\Residuals_vis\Canon220\150\s3_54_res_vis.png,Canon220,150
D:\Infosys_AI-Tracefinder\Data\Residuals_vis\Canon220\150\s3_55_res_vis.png,Canon220,150
D:\Infosys_AI-Tracefinder\Data\Residuals_vis\Canon220\150\s3_56_res_vis.png,Canon220,150
D:\Infosys_AI-Tracefinder\Data\Residuals_vis\Canon220\150\s3_57_res_vis.png,Canon220,150
D:\Infosys_AI-Tracefinder\Data\Residuals_vis\Canon220\150\s3_58_res_vis.png,Canon220,150
D:\Infosys_AI-Tracefinder\Data\Residuals_vis\Canon220\150\s3_59_res_vis.png,Canon220,150
D:\Infosys_AI-Tracefinder\Data\Residuals_vis\Canon220\150\s3_5_res_vis.png,Canon220,150
D:\Infosys_AI-Tracefinder\Data\Residuals_vis\Canon220\150\s3_60_res_vis.png,Canon220,150
D:\Infosys_AI-Tracefinder\Data\Residuals_vis\Canon220\150\s3_61_res_vis.png,Canon220,150
D:\Infosys_AI-Tracefinder\Data\Residuals_vis\Canon220\150\s3_62_res_vis.png,Canon220,150
D:\Infosys_AI-Tracefinder\Data\Residuals_vis\Canon220\150\s3_63_res_vis.png,Canon220,150
D:\Infosys_AI-Tracefinder\Data\Residuals_vis\Canon220\150\s3_64_res_vis.png,Canon220,150
D:\Infosys_AI-Tracefinder\Data\Residuals_vis\Canon220\150\s3_65_res_vis.png,Canon220,150
D:\Infosys_AI-Tracefinder\Data\Residuals_vis\Canon220\150\s3_66_res_vis.png,Canon220,150
D:\Infosys_AI-Tracefinder\Data\Residuals_vis\Canon220\150\s3_67_res_vis.png,Canon220,150
D:\Infosys_AI-Tracefinder\Data\Residuals_vis\Canon220\150\s3_68_res_vis.png,Canon220,150
D:\Infosys_AI-Tracefinder\Data\Residuals_vis\Canon220\150\s3_69_res_vis.png,Canon220,150
D:\Infosys_AI-Tracefinder\Data\Residuals_vis\Canon220\150\s3_6_res_vis.png,Canon220,150
D:\Infosys_AI-Tracefinder\Data\Residuals_vis\Canon220\150\s3_70_res_vis.png,Canon220,150
D:\Infosys_AI-Tracefinder\Data\Residuals_vis\Canon220\150\s3_71_res_vis.png,Canon220,150
D:\Infosys_AI-Tracefinder\Data\Residuals_vis\Canon220\150\s3_72_res_vis.png,Canon220,150
D:\Infosys_AI-Tracefinder\Data\Residuals_vis\Canon220\150\s3_73_res_vis.png,Canon220,150
D:\Infosys_AI-Tracefinder\Data\Residuals_vis\Canon220\150\s3_74_res_vis.png,Canon220,150
D:\Infosys_AI-Tracefinder\Data\Residuals_vis\Canon220\150\s3_75_res_vis.png,Canon220,150
D:\Infosys_AI-Tracefinder\Data\Residuals_vis\Canon220\150\s3_76_res_vis.png,Canon220,150
D:\Infosys_AI-Tracefinder\Data\Residuals_vis\Canon220\150\s3_77_res_vis.png,Canon220,150
D:\Infosys_AI-Tracefinder\Data\Residuals_vis\Canon220\150\s3_78_res_vis.png,Canon220,150
D:\Infosys_AI-Tracefinder\Data\Residuals_vis\Canon220\150\s3_79_res_vis.png,Canon220,150
D:\Infosys_AI-Tracefinder\Data\Residuals_vis\Canon220\150\s3_7_res_vis.png,Canon220,150
D:\Infosys_AI-Tracefinder\Data\Residuals_vis\Canon220\150\s3_80_res_vis.png,Canon220,150
D:\Infosys_AI-Tracefinder\Data\Residuals_vis\Canon220\150\s3_81_res_vis.png,Canon220,150
D:\Infosys_AI-Tracefinder\Data\Residuals_vis\Canon220\150\s3_82_res_vis.png,Canon220,150
D:\Infosys_AI-Tracefinder\Data\Residuals_vis\Canon220\150\s3_83_res_vis.png,Canon220,150
D:\Infosys_AI-Tracefinder\Data\Residuals_vis\Canon220\150\s3_84_res_vis.png,Canon220,150
D:\Infosys_AI-Tracefinder\Data\Residuals_vis\Canon220\150\s3_85_res_vis.png,Canon220,150
D:\Infosys_AI-Tracefinder\Data\Residuals_vis\Canon220\150\s3_86_res_vis.png,Canon220,150
D:\Infosys_AI-Tracefinder\Data\Residuals_vis\Canon220\150\s3_87_res_vis.png,Canon220,150
D:\Infosys_AI-Tracefinder\Data\Residuals_vis\Canon220\150\s3_88_res_vis.png,Canon220,150
D:\Infosys_AI-Tracefinder\Data\Residuals_vis\Canon220\150\s3_89_res_vis.png,Canon220,150
D:\Infosys_AI-Tracefinder\Data\Residuals_vis\Canon220\150\s3_8_res_vis.png,Canon220,150
D:\Infosys_AI-Tracefinder\Data\Residuals_vis\Canon220\150\s3_90_res_vis.png,Canon220,150
D:\Infosys_AI-Tracefinder\Data\Residuals_vis\Canon220\150\s3_91_res_vis.png,Canon220,150
D:\Infosys_AI-Tracefinder\Data\Residuals_vis\Canon220\150\s3_92_res_vis.png,Canon220,150
D:\Infosys_AI-Tracefinder\Data\Residuals_vis\Canon220\150\s3_93_res_vis.png,Canon220,150
D:\Infosys_AI-Tracefinder\Data\Residuals_vis\Canon220\150\s3_94_res_vis.png,Canon220,150
D:\Infosys_AI-Tracefinder\Data\Residuals_vis\Canon220\150\s3_95_res_vis.png,Canon220,150
D:\Infosys_AI-Tracefinder\Data\Residuals_vis\Canon220\150\s3_96_res_vis.png,Canon220,150
D:\Infosys_AI-Tracefinder\Data\Residuals_vis\Canon220\150\s3_97_res_vis.png,Canon220,150
D:\Infosys_AI-Tracefinder\Data\Residuals_vis\Canon220\150\s3_98_res_vis.png,Canon220,150
D:\Infosys_AI-Tracefinder\Data\Residuals_vis\Canon220\150\s3_99_res_vis.png,Canon220,150
D:\Infosys_AI-Tracefinder\Data\Residuals_vis\Canon220\150\s3_9_res_vis.png,Canon220,150
D:\Infosys_AI-Tracefinder\Data\Residuals_vis\Canon220\300\s3_100_res_vis.png,Canon220,300
D:\Infosys_AI-Tracefinder\Data\Residuals_vis\Canon220\300\s3_10_res_vis.png,Canon220,300
D:\Infosys_AI-Tracefinder\Data\Residuals_vis\Canon220\300\s3_11_res_vis.png,Canon220,300
D:\Infosys_AI-Tracefinder\Data\Residuals_vis\Canon220\300\s3_12_res_vis.png,Canon220,300
D:\Infosys_AI-Tracefinder\Data\Residuals_vis\Canon220\300\s3_13_res_vis.png,Canon220,300
D:\Infosys_AI-Tracefinder\Data\Residuals_vis\Canon220\300\s3_14_res_vis.png,Canon220,300
D:\Infosys_AI-Tracefinder\Data\Residuals_vis\Canon220\300\s3_15_res_vis.png,Canon220,300
D:\Infosys_AI-Tracefinder\Data\Residuals_vis\Canon220\300\s3_16_res_vis.png,Canon220,300
D:\Infosys_AI-Tracefinder\Data\Residuals_vis\Canon220\300\s3_17_res_vis.png,Canon220,300
D:\Infosys_AI-Tracefinder\Data\Residuals_vis\Canon220\300\s3_18_res_vis.png,Canon220,300
D:\Infosys_AI-Tracefinder\Data\Residuals_vis\Canon220\300\s3_19_res_vis.png,Canon220,300
D:\Infosys_AI-Tracefinder\Data\Residuals_vis\Canon220\300\s3_1_res_vis.png,Canon220,300
D:\Infosys_AI-Tracefinder\Data\Residuals_vis\Canon220\300\s3_20_res_vis.png,Canon220,300
D:\Infosys_AI-Tracefinder\Data\Residuals_vis\Canon220\300\s3_21_res_vis.png,Canon220,300
D:\Infosys_AI-Tracefinder\Data\Residuals_vis\Canon220\300\s3_22_res_vis.png,Canon220,300
D:\Infosys_AI-Tracefinder\Data\Residuals_vis\Canon220\300\s3_23_res_vis.png,Canon220,300
D:\Infosys_AI-Tracefinder\Data\Residuals_vis\Canon220\300\s3_24_res_vis.png,Canon220,300
D:\Infosys_AI-Tracefinder\Data\Residuals_vis\Canon220\300\s3_25_res_vis.png,Canon220,300
D:\Infosys_AI-Tracefinder\Data\Residuals_vis\Canon220\300\s3_26_res_vis.png,Canon220,300
D:\Infosys_AI-Tracefinder\Data\Residuals_vis\Canon220\300\s3_27_res_vis.png,Canon220,300
D:\Infosys_AI-Tracefinder\Data\Residuals_vis\Canon220\300\s3_28_res_vis.png,Canon220,300
D:\Infosys_AI-Tracefinder\Data\Residuals_vis\Canon220\300\s3_29_res_vis.png,Canon220,300
D:\Infosys_AI-Tracefinder\Data\Residuals_vis\Canon220\300\s3_2_res_vis.png,Canon220,300
D:\Infosys_AI-Tracefinder\Data\Residuals_vis\Canon220\300\s3_30_res_vis.png,Canon220,300
D:\Infosys_AI-Tracefinder\Data\Residuals_vis\Canon220\300\s3_31_res_vis.png,Canon220,300
D:\Infosys_AI-Tracefinder\Data\Residuals_vis\Canon220\300\s3_32_res_vis.png,Canon220,300
D:\Infosys_AI-Tracefinder\Data\Residuals_vis\Canon220\300\s3_33_res_vis.png,Canon220,300
D:\Infosys_AI-Tracefinder\Data\Residuals_vis\Canon220\300\s3_34_res_vis.png,Canon220,300
D:\Infosys_AI-Tracefinder\Data\Residuals_vis\Canon220\300\s3_35_res_vis.png,Canon220,300
D:\Infosys_AI-Tracefinder\Data\Residuals_vis\Canon220\300\s3_36_res_vis.png,Canon220,300
D:\Infosys_AI-Tracefinder\Data\Residuals_vis\Canon220\300\s3_37_res_vis.png,Canon220,300
D:\Infosys_AI-Tracefinder\Data\Residuals_vis\Canon220\300\s3_38_res_vis.png,Canon220,300
D:\Infosys_AI-Tracefinder\Data\Residuals_vis\Canon220\300\s3_39_res_vis.png,Canon220,300
D:\Infosys_AI-Tracefinder\Data\Residuals_vis\Canon220\300\s3_3_res_vis.png,Canon220,300
D:\Infosys_AI-Tracefinder\Data\Residuals_vis\Canon220\300\s3_40_res_vis.png,Canon220,300
D:\Infosys_AI-Tracefinder\Data\Residuals_vis\Canon220\300\s3_41_res_vis.png,Canon220,300
D:\Infosys_AI-Tracefinder\Data\Residuals_vis\Canon220\300\s3_42_res_vis.png,Canon220,300
D:\Infosys_AI-Tracefinder\Data\Residuals_vis\Canon220\300\s3_43_res_vis.png,Canon220,300
D:\Infosys_AI-Tracefinder\Data\Residuals_vis\Canon220\300\s3_44_res_vis.png,Canon220,300
D:\Infosys_AI-Tracefinder\Data\Residuals_vis\Canon220\300\s3_45_res_vis.png,Canon220,300
D:\Infosys_AI-Tracefinder\Data\Residuals_vis\Canon220\300\s3_46_res_vis.png,Canon220,300
D:\Infosys_AI-Tracefinder\Data\Residuals_vis\Canon220\300\s3_47_res_vis.png,Canon220,300
D:\Infosys_AI-Tracefinder\Data\Residuals_vis\Canon220\300\s3_48_res_vis.png,Canon220,300
D:\Infosys_AI-Tracefinder\Data\Residuals_vis\Canon220\300\s3_49_res_vis.png,Canon220,300
D:\Infosys_AI-Tracefinder\Data\Residuals_vis\Canon220\300\s3_4_res_vis.png,Canon220,300
D:\Infosys_AI-Tracefinder\Data\Residuals_vis\Canon220\300\s3_50_res_vis.png,Canon220,300
D:\Infosys_AI-Tracefinder\Data\Residuals_vis\Canon220\300\s3_51_res_vis.png,Canon220,300
D:\Infosys_AI-Tracefinder\Data\Residuals_vis\Canon220\300\s3_52_res_vis.png,Canon220,300
D:\Infosys_AI-Tracefinder\Data\Residuals_vis\Canon220\300\s3_53_res_vis.png,Canon220,300
D:\Infosys_AI-Tracefinder\Data\Residuals_vis\Canon220\300\s3_54_res_vis.png,Canon220,300
D:\Infosys_AI-Tracefinder\Data\Residuals_vis\Canon220\300\s3_55_res_vis.png,Canon220,300
D:\Infosys_AI-Tracefinder\Data\Residuals_vis\Canon220\300\s3_56_res_vis.png,Canon220,300
D:\Infosys_AI-Tracefinder\Data\Residuals_vis\Canon220\300\s3_57_res_vis.png,Canon220,300
D:\Infosys_AI-Tracefinder\Data\Residuals_vis\Canon220\300\s3_58_res_vis.png,Canon220,300
D:\Infosys_AI-Tracefinder\Data\Residuals_vis\Canon220\300\s3_59_res_vis.png,Canon220,300
D:\Infosys_AI-Tracefinder\Data\Residuals_vis\Canon220\300\s3_5_res_vis.png,Canon220,300
D:\Infosys_AI-Tracefinder\Data\Residuals_vis\Canon220\300\s3_60_res_vis.png,Canon220,300
D:\Infosys_AI-Tracefinder\Data\Residuals_vis\Canon220\300\s3_61_res_vis.png,Canon220,300
D:\Infosys_AI-Tracefinder\Data\Residuals_vis\Canon220\300\s3_62_res_vis.png,Canon220,300
D:\Infosys_AI-Tracefinder\Data\Residuals_vis\Canon220\300\s3_63_res_vis.png,Canon220,300
D:\Infosys_AI-Tracefinder\Data\Residuals_vis\Canon220\300\s3_64_res_vis.png,Canon220,300
D:\Infosys_AI-Tracefinder\Data\Residuals_vis\Canon220\300\s3_65_res_vis.png,Canon220,300
D:\Infosys_AI-Tracefinder\Data\Residuals_vis\Canon220\300\s3_66_res_vis.png,Canon220,300
D:\Infosys_AI-Tracefinder\Data\Residuals_vis\Canon220\300\s3_67_res_vis.png,Canon220,300
D:\Infosys_AI-Tracefinder\Data\Residuals_vis\Canon220\300\s3_68_res_vis.png,Canon220,300
D:\Infosys_AI-Tracefinder\Data\Residuals_vis\Canon220\300\s3_69_res_vis.png,Canon220,300
D:\Infosys_AI-Tracefinder\Data\Residuals_vis\Canon220\300\s3_6_res_vis.png,Canon220,300
D:\Infosys_AI-Tracefinder\Data\Residuals_vis\Canon220\300\s3_70_res_vis.png,Canon220,300
D:\Infosys_AI-Tracefinder\Data\Residuals_vis\Canon220\300\s3_71_res_vis.png,Canon220,300
D:\Infosys_AI-Tracefinder\Data\Residuals_vis\Canon220\300\s3_72_res_vis.png,Canon220,300
D:\Infosys_AI-Tracefinder\Data\Residuals_vis\Canon220\300\s3_73_res_vis.png,Canon220,300
D:\Infosys_AI-Tracefinder\Data\Residuals_vis\Canon220\300\s3_74_res_vis.png,Canon220,300
D:\Infosys_AI-Tracefinder\Data\Residuals_vis\Canon220\300\s3_75_res_vis.png,Canon220,300
D:\Infosys_AI-Tracefinder\Data\Residuals_vis\Canon220\300\s3_76_res_vis.png,Canon220,300
D:\Infosys_AI-Tracefinder\Data\Residuals_vis\Canon220\300\s3_77_res_vis.png,Canon220,300
D:\Infosys_AI-Tracefinder\Data\Residuals_vis\Canon220\300\s3_78_res_vis.png,Canon220,300
D:\Infosys_AI-Tracefinder\Data\Residuals_vis\Canon220\300\s3_79_res_vis.png,Canon220,300
D:\Infosys_AI-Tracefinder\Data\Residuals_vis\Canon220\300\s3_7_res_vis.png,Canon220,300
D:\Infosys_AI-Tracefinder\Data\Residuals_vis\Canon220\300\s3_80_res_vis.png,Canon220,300
D:\Infosys_AI-Tracefinder\Data\Residuals_vis\Canon220\300\s3_81_res_vis.png,Canon220,300
D:\Infosys_AI-Tracefinder\Data\Residuals_vis\Canon220\300\s3_82_res_vis.png,Canon220,300
D:\Infosys_AI-Tracefinder\Data\Residuals_vis\Canon220\300\s3_83_res_vis.png,Canon220,300
D:\Infosys_AI-Tracefinder\Data\Residuals_vis\Canon220\300\s3_84_res_vis.png,Canon220,300
D:\Infosys_AI-Tracefinder\Data\Residuals_vis\Canon220\300\s3_85_res_vis.png,Canon220,300
D:\Infosys_AI-Tracefinder\Data\Residuals_vis\Canon220\300\s3_86_res_vis.png,Canon220,300
D:\Infosys_AI-Tracefinder\Data\Residuals_vis\Canon220\300\s3_87_res_vis.png,Canon220,300
D:\Infosys_AI-Tracefinder\Data\Residuals_vis\Canon220\300\s3_88_res_vis.png,Canon220,300
D:\Infosys_AI-Tracefinder\Data\Residuals_vis\Canon220\300\s3_89_res_vis.png,Canon220,300
D:\Infosys_AI-Tracefinder\Data\Residuals_vis\Canon220\300\s3_8_res_vis.png,Canon220,300
D:\Infosys_AI-Tracefinder\Data\Residuals_vis\Canon220\300\s3_90_res_vis.png,Canon220,300
D:\Infosys_AI-Tracefinder\Data\Residuals_vis\Canon220\300\s3_91_res_vis.png,Canon220,300
D:\Infosys_AI-Tracefinder\Data\Residuals_vis\Canon220\300\s3_92_res_vis.png,Canon220,300
D:\Infosys_AI-Tracefinder\Data\Residuals_vis\Canon220\300\s3_93_res_vis.png,Canon220,300
D:\Infosys_AI-Tracefinder\Data\Residuals_vis\Canon220\300\s3_94_res_vis.png,Canon220,300
D:\Infosys_AI-Tracefinder\Data\Residuals_vis\Canon220\300\s3_95_res_vis.png,Canon220,300
D:\Infosys_AI-Tracefinder\Data\Residuals_vis\Canon220\300\s3_96_res_vis.png,Canon220,300
D:\Infosys_AI-Tracefinder\Data\Residuals_vis\Canon220\300\s3_97_res_vis.png,Canon220,300
D:\Infosys_AI-Tracefinder\Data\Residuals_vis\Canon220\300\s3_98_res_vis.png,Canon220,300
D:\Infosys_AI-Tracefinder\Data\Residuals_vis\Canon220\300\s3_99_res_vis.png,Canon220,300
D:\Infosys_AI-Tracefinder\Data\Residuals_vis\Canon220\300\s3_9_res_vis.png,Canon220,300
D:\Infosys_AI-Tracefinder\Data\Residuals_vis\Canon9000-1\150\s4_100_res_vis.png,Canon9000-1,150
D:\Infosys_AI-Tracefinder\Data\Residuals_vis\Canon9000-1\150\s4_10_res_vis.png,Canon9000-1,150
D:\Infosys_AI-Tracefinder\Data\Residuals_vis\Canon9000-1\150\s4_11_res_vis.png,Canon9000-1,150
D:\Infosys_AI-Tracefinder\Data\Residuals_vis\Canon9000-1\150\s4_12_res_vis.png,Canon9000-1,150
D:\Infosys_AI-Tracefinder\Data\Residuals_vis\Canon9000-1\150\s4_13_res_vis.png,Canon9000-1,150
D:\Infosys_AI-Tracefinder\Data\Residuals_vis\Canon9000-1\150\s4_14_res_vis.png,Canon9000-1,150
D:\Infosys_AI-Tracefinder\Data\Residuals_vis\Canon9000-1\150\s4_15_res_vis.png,Canon9000-1,150
D:\Infosys_AI-Tracefinder\Data\Residuals_vis\Canon9000-1\150\s4_16_res_vis.png,Canon9000-1,150
D:\Infosys_AI-Tracefinder\Data\Residuals_vis\Canon9000-1\150\s4_17_res_vis.png,Canon9000-1,150
D:\Infosys_AI-Tracefinder\Data\Residuals_vis\Canon9000-1\150\s4_18_res_vis.png,Canon9000-1,150
D:\Infosys_AI-Tracefinder\Data\Residuals_vis\Canon9000-1\150\s4_19_res_vis.png,Canon9000-1,150
D:\Infosys_AI-Tracefinder\Data\Residuals_vis\Canon9000-1\150\s4_1_res_vis.png,Canon9000-1,150
D:\Infosys_AI-Tracefinder\Data\Residuals_vis\Canon9000-1\150\s4_20_res_vis.png,Canon9000-1,150
D:\Infosys_AI-Tracefinder\Data\Residuals_vis\Canon9000-1\150\s4_21_res_vis.png,Canon9000-1,150
D:\Infosys_AI-Tracefinder\Data\Residuals_vis\Canon9000-1\150\s4_22_res_vis.png,Canon9000-1,150
D:\Infosys_AI-Tracefinder\Data\Residuals_vis\Canon9000-1\150\s4_23_res_vis.png,Canon9000-1,150
D:\Infosys_AI-Tracefinder\Data\Residuals_vis\Canon9000-1\150\s4_24_res_vis.png,Canon9000-1,150
D:\Infosys_AI-Tracefinder\Data\Residuals_vis\Canon9000-1\150\s4_25_res_vis.png,Canon9000-1,150
D:\Infosys_AI-Tracefinder\Data\Residuals_vis\Canon9000-1\150\s4_26_res_vis.png,Canon9000-1,150
D:\Infosys_AI-Tracefinder\Data\Residuals_vis\Canon9000-1\150\s4_27_res_vis.png,Canon9000-1,150
D:\Infosys_AI-Tracefinder\Data\Residuals_vis\Canon9000-1\150\s4_28_res_vis.png,Canon9000-1,150
D:\Infosys_AI-Tracefinder\Data\Residuals_vis\Canon9000-1\150\s4_29_res_vis.png,Canon9000-1,150
D:\Infosys_AI-Tracefinder\Data\Residuals_vis\Canon9000-1\150\s4_2_res_vis.png,Canon9000-1,150
D:\Infosys_AI-Tracefinder\Data\Residuals_vis\Canon9000-1\150\s4_30_res_vis.png,Canon9000-1,150
D:\Infosys_AI-Tracefinder\Data\Residuals_vis\Canon9000-1\150\s4_31_res_vis.png,Canon9000-1,150
D:\Infosys_AI-Tracefinder\Data\Residuals_vis\Canon9000-1\150\s4_32_res_vis.png,Canon9000-1,150
D:\Infosys_AI-Tracefinder\Data\Residuals_vis\Canon9000-1\150\s4_33_res_vis.png,Canon9000-1,150
D:\Infosys_AI-Tracefinder\Data\Residuals_vis\Canon9000-1\150\s4_34_res_vis.png,Canon9000-1,150
D:\Infosys_AI-Tracefinder\Data\Residuals_vis\Canon9000-1\150\s4_35_res_vis.png,Canon9000-1,150
D:\Infosys_AI-Tracefinder\Data\Residuals_vis\Canon9000-1\150\s4_36_res_vis.png,Canon9000-1,150
D:\Infosys_AI-Tracefinder\Data\Residuals_vis\Canon9000-1\150\s4_37_res_vis.png,Canon9000-1,150
D:\Infosys_AI-Tracefinder\Data\Residuals_vis\Canon9000-1\150\s4_38_res_vis.png,Canon9000-1,150
D:\Infosys_AI-Tracefinder\Data\Residuals_vis\Canon9000-1\150\s4_39_res_vis.png,Canon9000-1,150
D:\Infosys_AI-Tracefinder\Data\Residuals_vis\Canon9000-1\150\s4_3_res_vis.png,Canon9000-1,150
D:\Infosys_AI-Tracefinder\Data\Residuals_vis\Canon9000-1\150\s4_40_res_vis.png,Canon9000-1,150
D:\Infosys_AI-Tracefinder\Data\Residuals_vis\Canon9000-1\150\s4_41_res_vis.png,Canon9000-1,150
D:\Infosys_AI-Tracefinder\Data\Residuals_vis\Canon9000-1\150\s4_42_res_vis.png,Canon9000-1,150
D:\Infosys_AI-Tracefinder\Data\Residuals_vis\Canon9000-1\150\s4_43_res_vis.png,Canon9000-1,150
D:\Infosys_AI-Tracefinder\Data\Residuals_vis\Canon9000-1\150\s4_44_res_vis.png,Canon9000-1,150
D:\Infosys_AI-Tracefinder\Data\Residuals_vis\Canon9000-1\150\s4_45_res_vis.png,Canon9000-1,150
D:\Infosys_AI-Tracefinder\Data\Residuals_vis\Canon9000-1\150\s4_46_res_vis.png,Canon9000-1,150
D:\Infosys_AI-Tracefinder\Data\Residuals_vis\Canon9000-1\150\s4_47_res_vis.png,Canon9000-1,150
D:\Infosys_AI-Tracefinder\Data\Residuals_vis\Canon9000-1\150\s4_48_res_vis.png,Canon9000-1,150
D:\Infosys_AI-Tracefinder\Data\Residuals_vis\Canon9000-1\150\s4_49_res_vis.png,Canon9000-1,150
D:\Infosys_AI-Tracefinder\Data\Residuals_vis\Canon9000-1\150\s4_4_res_vis.png,Canon9000-1,150
D:\Infosys_AI-Tracefinder\Data\Residuals_vis\Canon9000-1\150\s4_50_res_vis.png,Canon9000-1,150
D:\Infosys_AI-Tracefinder\Data\Residuals_vis\Canon9000-1\150\s4_51_res_vis.png,Canon9000-1,150
D:\Infosys_AI-Tracefinder\Data\Residuals_vis\Canon9000-1\150\s4_52_res_vis.png,Canon9000-1,150
D:\Infosys_AI-Tracefinder\Data\Residuals_vis\Canon9000-1\150\s4_53_res_vis.png,Canon9000-1,150
D:\Infosys_AI-Tracefinder\Data\Residuals_vis\Canon9000-1\150\s4_54_res_vis.png,Canon9000-1,150
D:\Infosys_AI-Tracefinder\Data\Residuals_vis\Canon9000-1\150\s4_55_res_vis.png,Canon9000-1,150
D:\Infosys_AI-Tracefinder\Data\Residuals_vis\Canon9000-1\150\s4_56_res_vis.png,Canon9000-1,150
D:\Infosys_AI-Tracefinder\Data\Residuals_vis\Canon9000-1\150\s4_57_res_vis.png,Canon9000-1,150
D:\Infosys_AI-Tracefinder\Data\Residuals_vis\Canon9000-1\150\s4_58_res_vis.png,Canon9000-1,150
D:\Infosys_AI-Tracefinder\Data\Residuals_vis\Canon9000-1\150\s4_59_res_vis.png,Canon9000-1,150
D:\Infosys_AI-Tracefinder\Data\Residuals_vis\Canon9000-1\150\s4_5_res_vis.png,Canon9000-1,150
D:\Infosys_AI-Tracefinder\Data\Residuals_vis\Canon9000-1\150\s4_60_res_vis.png,Canon9000-1,150
D:\Infosys_AI-Tracefinder\Data\Residuals_vis\Canon9000-1\150\s4_61_res_vis.png,Canon9000-1,150
D:\Infosys_AI-Tracefinder\Data\Residuals_vis\Canon9000-1\150\s4_62_res_vis.png,Canon9000-1,150
D:\Infosys_AI-Tracefinder\Data\Residuals_vis\Canon9000-1\150\s4_63_res_vis.png,Canon9000-1,150
D:\Infosys_AI-Tracefinder\Data\Residuals_vis\Canon9000-1\150\s4_64_res_vis.png,Canon9000-1,150
D:\Infosys_AI-Tracefinder\Data\Residuals_vis\Canon9000-1\150\s4_65_res_vis.png,Canon9000-1,150
D:\Infosys_AI-Tracefinder\Data\Residuals_vis\Canon9000-1\150\s4_66_res_vis.png,Canon9000-1,150
D:\Infosys_AI-Tracefinder\Data\Residuals_vis\Canon9000-1\150\s4_67_res_vis.png,Canon9000-1,150
D:\Infosys_AI-Tracefinder\Data\Residuals_vis\Canon9000-1\150\s4_68_res_vis.png,Canon9000-1,150
D:\Infosys_AI-Tracefinder\Data\Residuals_vis\Canon9000-1\150\s4_69_res_vis.png,Canon9000-1,150
D:\Infosys_AI-Tracefinder\Data\Residuals_vis\Canon9000-1\150\s4_6_res_vis.png,Canon9000-1,150
D:\Infosys_AI-Tracefinder\Data\Residuals_vis\Canon9000-1\150\s4_70_res_vis.png,Canon9000-1,150
D:\Infosys_AI-Tracefinder\Data\Residuals_vis\Canon9000-1\150\s4_71_res_vis.png,Canon9000-1,150
D:\Infosys_AI-Tracefinder\Data\Residuals_vis\Canon9000-1\150\s4_72_res_vis.png,Canon9000-1,150
D:\Infosys_AI-Tracefinder\Data\Residuals_vis\Canon9000-1\150\s4_73_res_vis.png,Canon9000-1,150
D:\Infosys_AI-Tracefinder\Data\Residuals_vis\Canon9000-1\150\s4_74_res_vis.png,Canon9000-1,150
D:\Infosys_AI-Tracefinder\Data\Residuals_vis\Canon9000-1\150\s4_75_res_vis.png,Canon9000-1,150
D:\Infosys_AI-Tracefinder\Data\Residuals_vis\Canon9000-1\150\s4_76_res_vis.png,Canon9000-1,150
D:\Infosys_AI-Tracefinder\Data\Residuals_vis\Canon9000-1\150\s4_77_res_vis.png,Canon9000-1,150
D:\Infosys_AI-Tracefinder\Data\Residuals_vis\Canon9000-1\150\s4_78_res_vis.png,Canon9000-1,150
D:\Infosys_AI-Tracefinder\Data\Residuals_vis\Canon9000-1\150\s4_79_res_vis.png,Canon9000-1,150
D:\Infosys_AI-Tracefinder\Data\Residuals_vis\Canon9000-1\150\s4_7_res_vis.png,Canon9000-1,150
D:\Infosys_AI-Tracefinder\Data\Residuals_vis\Canon9000-1\150\s4_80_res_vis.png,Canon9000-1,150
D:\Infosys_AI-Tracefinder\Data\Residuals_vis\Canon9000-1\150\s4_81_res_vis.png,Canon9000-1,150
D:\Infosys_AI-Tracefinder\Data\Residuals_vis\Canon9000-1\150\s4_82_res_vis.png,Canon9000-1,150
D:\Infosys_AI-Tracefinder\Data\Residuals_vis\Canon9000-1\150\s4_83_res_vis.png,Canon9000-1,150
D:\Infosys_AI-Tracefinder\Data\Residuals_vis\Canon9000-1\150\s4_84_res_vis.png,Canon9000-1,150
D:\Infosys_AI-Tracefinder\Data\Residuals_vis\Canon9000-1\150\s4_85_res_vis.png,Canon9000-1,150
D:\Infosys_AI-Tracefinder\Data\Residuals_vis\Canon9000-1\150\s4_86_res_vis.png,Canon9000-1,150
D:\Infosys_AI-Tracefinder\Data\Residuals_vis\Canon9000-1\150\s4_87_res_vis.png,Canon9000-1,150
D:\Infosys_AI-Tracefinder\Data\Residuals_vis\Canon9000-1\150\s4_88_res_vis.png,Canon9000-1,150
D:\Infosys_AI-Tracefinder\Data\Residuals_vis\Canon9000-1\150\s4_89_res_vis.png,Canon9000-1,150
D:\Infosys_AI-Tracefinder\Data\Residuals_vis\Canon9000-1\150\s4_8_res_vis.png,Canon9000-1,150
D:\Infosys_AI-Tracefinder\Data\Residuals_vis\Canon9000-1\150\s4_90_res_vis.png,Canon9000-1,150
D:\Infosys_AI-Tracefinder\Data\Residuals_vis\Canon9000-1\150\s4_91_res_vis.png,Canon9000-1,150
D:\Infosys_AI-Tracefinder\Data\Residuals_vis\Canon9000-1\150\s4_92_res_vis.png,Canon9000-1,150
D:\Infosys_AI-Tracefinder\Data\Residuals_vis\Canon9000-1\150\s4_93_res_vis.png,Canon9000-1,150
D:\Infosys_AI-Tracefinder\Data\Residuals_vis\Canon9000-1\150\s4_94_res_vis.png,Canon9000-1,150
D:\Infosys_AI-Tracefinder\Data\Residuals_vis\Canon9000-1\150\s4_95_res_vis.png,Canon9000-1,150
D:\Infosys_AI-Tracefinder\Data\Residuals_vis\Canon9000-1\150\s4_96_res_vis.png,Canon9000-1,150
D:\Infosys_AI-Tracefinder\Data\Residuals_vis\Canon9000-1\150\s4_97_res_vis.png,Canon9000-1,150
D:\Infosys_AI-Tracefinder\Data\Residuals_vis\Canon9000-1\150\s4_98_res_vis.png,Canon9000-1,150
D:\Infosys_AI-Tracefinder\Data\Residuals_vis\Canon9000-1\150\s4_99_res_vis.png,Canon9000-1,150
D:\Infosys_AI-Tracefinder\Data\Residuals_vis\Canon9000-1\150\s4_9_res_vis.png,Canon9000-1,150
D:\Infosys_AI-Tracefinder\Data\Residuals_vis\Canon9000-1\300\s4_100_res_vis.png,Canon9000-1,300
D:\Infosys_AI-Tracefinder\Data\Residuals_vis\Canon9000-1\300\s4_10_res_vis.png,Canon9000-1,300
D:\Infosys_AI-Tracefinder\Data\Residuals_vis\Canon9000-1\300\s4_11_res_vis.png,Canon9000-1,300
D:\Infosys_AI-Tracefinder\Data\Residuals_vis\Canon9000-1\300\s4_12_res_vis.png,Canon9000-1,300
D:\Infosys_AI-Tracefinder\Data\Residuals_vis\Canon9000-1\300\s4_13_res_vis.png,Canon9000-1,300
D:\Infosys_AI-Tracefinder\Data\Residuals_vis\Canon9000-1\300\s4_14_res_vis.png,Canon9000-1,300
D:\Infosys_AI-Tracefinder\Data\Residuals_vis\Canon9000-1\300\s4_15_res_vis.png,Canon9000-1,300
D:\Infosys_AI-Tracefinder\Data\Residuals_vis\Canon9000-1\300\s4_16_res_vis.png,Canon9000-1,300
D:\Infosys_AI-Tracefinder\Data\Residuals_vis\Canon9000-1\300\s4_17_res_vis.png,Canon9000-1,300
D:\Infosys_AI-Tracefinder\Data\Residuals_vis\Canon9000-1\300\s4_18_res_vis.png,Canon9000-1,300
D:\Infosys_AI-Tracefinder\Data\Residuals_vis\Canon9000-1\300\s4_19_res_vis.png,Canon9000-1,300
D:\Infosys_AI-Tracefinder\Data\Residuals_vis\Canon9000-1\300\s4_1_res_vis.png,Canon9000-1,300
D:\Infosys_AI-Tracefinder\Data\Residuals_vis\Canon9000-1\300\s4_20_res_vis.png,Canon9000-1,300
D:\Infosys_AI-Tracefinder\Data\Residuals_vis\Canon9000-1\300\s4_21_res_vis.png,Canon9000-1,300
D:\Infosys_AI-Tracefinder\Data\Residuals_vis\Canon9000-1\300\s4_22_res_vis.png,Canon9000-1,300
D:\Infosys_AI-Tracefinder\Data\Residuals_vis\Canon9000-1\300\s4_23_res_vis.png,Canon9000-1,300
D:\Infosys_AI-Tracefinder\Data\Residuals_vis\Canon9000-1\300\s4_24_res_vis.png,Canon9000-1,300
D:\Infosys_AI-Tracefinder\Data\Residuals_vis\Canon9000-1\300\s4_25_res_vis.png,Canon9000-1,300
D:\Infosys_AI-Tracefinder\Data\Residuals_vis\Canon9000-1\300\s4_26_res_vis.png,Canon9000-1,300
D:\Infosys_AI-Tracefinder\Data\Residuals_vis\Canon9000-1\300\s4_27_res_vis.png,Canon9000-1,300
D:\Infosys_AI-Tracefinder\Data\Residuals_vis\Canon9000-1\300\s4_28_res_vis.png,Canon9000-1,300
D:\Infosys_AI-Tracefinder\Data\Residuals_vis\Canon9000-1\300\s4_29_res_vis.png,Canon9000-1,300
D:\Infosys_AI-Tracefinder\Data\Residuals_vis\Canon9000-1\300\s4_2_res_vis.png,Canon9000-1,300
D:\Infosys_AI-Tracefinder\Data\Residuals_vis\Canon9000-1\300\s4_30_res_vis.png,Canon9000-1,300
D:\Infosys_AI-Tracefinder\Data\Residuals_vis\Canon9000-1\300\s4_31_res_vis.png,Canon9000-1,300
D:\Infosys_AI-Tracefinder\Data\Residuals_vis\Canon9000-1\300\s4_32_res_vis.png,Canon9000-1,300
D:\Infosys_AI-Tracefinder\Data\Residuals_vis\Canon9000-1\300\s4_33_res_vis.png,Canon9000-1,300
D:\Infosys_AI-Tracefinder\Data\Residuals_vis\Canon9000-1\300\s4_34_res_vis.png,Canon9000-1,300
D:\Infosys_AI-Tracefinder\Data\Residuals_vis\Canon9000-1\300\s4_35_res_vis.png,Canon9000-1,300
D:\Infosys_AI-Tracefinder\Data\Residuals_vis\Canon9000-1\300\s4_36_res_vis.png,Canon9000-1,300
D:\Infosys_AI-Tracefinder\Data\Residuals_vis\Canon9000-1\300\s4_37_res_vis.png,Canon9000-1,300
D:\Infosys_AI-Tracefinder\Data\Residuals_vis\Canon9000-1\300\s4_38_res_vis.png,Canon9000-1,300
D:\Infosys_AI-Tracefinder\Data\Residuals_vis\Canon9000-1\300\s4_39_res_vis.png,Canon9000-1,300
D:\Infosys_AI-Tracefinder\Data\Residuals_vis\Canon9000-1\300\s4_3_res_vis.png,Canon9000-1,300
D:\Infosys_AI-Tracefinder\Data\Residuals_vis\Canon9000-1\300\s4_40_res_vis.png,Canon9000-1,300
D:\Infosys_AI-Tracefinder\Data\Residuals_vis\Canon9000-1\300\s4_41_res_vis.png,Canon9000-1,300
D:\Infosys_AI-Tracefinder\Data\Residuals_vis\Canon9000-1\300\s4_42_res_vis.png,Canon9000-1,300
D:\Infosys_AI-Tracefinder\Data\Residuals_vis\Canon9000-1\300\s4_43_res_vis.png,Canon9000-1,300
D:\Infosys_AI-Tracefinder\Data\Residuals_vis\Canon9000-1\300\s4_44_res_vis.png,Canon9000-1,300
D:\Infosys_AI-Tracefinder\Data\Residuals_vis\Canon9000-1\300\s4_45_res_vis.png,Canon9000-1,300
D:\Infosys_AI-Tracefinder\Data\Residuals_vis\Canon9000-1\300\s4_46_res_vis.png,Canon9000-1,300
D:\Infosys_AI-Tracefinder\Data\Residuals_vis\Canon9000-1\300\s4_47_res_vis.png,Canon9000-1,300
D:\Infosys_AI-Tracefinder\Data\Residuals_vis\Canon9000-1\300\s4_48_res_vis.png,Canon9000-1,300
D:\Infosys_AI-Tracefinder\Data\Residuals_vis\Canon9000-1\300\s4_49_res_vis.png,Canon9000-1,300
D:\Infosys_AI-Tracefinder\Data\Residuals_vis\Canon9000-1\300\s4_4_res_vis.png,Canon9000-1,300
D:\Infosys_AI-Tracefinder\Data\Residuals_vis\Canon9000-1\300\s4_50_res_vis.png,Canon9000-1,300
D:\Infosys_AI-Tracefinder\Data\Residuals_vis\Canon9000-1\300\s4_51_res_vis.png,Canon9000-1,300
D:\Infosys_AI-Tracefinder\Data\Residuals_vis\Canon9000-1\300\s4_52_res_vis.png,Canon9000-1,300
D:\Infosys_AI-Tracefinder\Data\Residuals_vis\Canon9000-1\300\s4_53_res_vis.png,Canon9000-1,300
D:\Infosys_AI-Tracefinder\Data\Residuals_vis\Canon9000-1\300\s4_54_res_vis.png,Canon9000-1,300
D:\Infosys_AI-Tracefinder\Data\Residuals_vis\Canon9000-1\300\s4_55_res_vis.png,Canon9000-1,300
D:\Infosys_AI-Tracefinder\Data\Residuals_vis\Canon9000-1\300\s4_56_res_vis.png,Canon9000-1,300
D:\Infosys_AI-Tracefinder\Data\Residuals_vis\Canon9000-1\300\s4_57_res_vis.png,Canon9000-1,300
D:\Infosys_AI-Tracefinder\Data\Residuals_vis\Canon9000-1\300\s4_58_res_vis.png,Canon9000-1,300
D:\Infosys_AI-Tracefinder\Data\Residuals_vis\Canon9000-1\300\s4_59_res_vis.png,Canon9000-1,300
D:\Infosys_AI-Tracefinder\Data\Residuals_vis\Canon9000-1\300\s4_5_res_vis.png,Canon9000-1,300
D:\Infosys_AI-Tracefinder\Data\Residuals_vis\Canon9000-1\300\s4_60_res_vis.png,Canon9000-1,300
D:\Infosys_AI-Tracefinder\Data\Residuals_vis\Canon9000-1\300\s4_61_res_vis.png,Canon9000-1,300
D:\Infosys_AI-Tracefinder\Data\Residuals_vis\Canon9000-1\300\s4_62_res_vis.png,Canon9000-1,300
D:\Infosys_AI-Tracefinder\Data\Residuals_vis\Canon9000-1\300\s4_63_res_vis.png,Canon9000-1,300
D:\Infosys_AI-Tracefinder\Data\Residuals_vis\Canon9000-1\300\s4_64_res_vis.png,Canon9000-1,300
D:\Infosys_AI-Tracefinder\Data\Residuals_vis\Canon9000-1\300\s4_65_res_vis.png,Canon9000-1,300
D:\Infosys_AI-Tracefinder\Data\Residuals_vis\Canon9000-1\300\s4_66_res_vis.png,Canon9000-1,300
D:\Infosys_AI-Tracefinder\Data\Residuals_vis\Canon9000-1\300\s4_67_res_vis.png,Canon9000-1,300
D:\Infosys_AI-Tracefinder\Data\Residuals_vis\Canon9000-1\300\s4_68_res_vis.png,Canon9000-1,300
D:\Infosys_AI-Tracefinder\Data\Residuals_vis\Canon9000-1\300\s4_69_res_vis.png,Canon9000-1,300
D:\Infosys_AI-Tracefinder\Data\Residuals_vis\Canon9000-1\300\s4_6_res_vis.png,Canon9000-1,300
D:\Infosys_AI-Tracefinder\Data\Residuals_vis\Canon9000-1\300\s4_70_res_vis.png,Canon9000-1,300
D:\Infosys_AI-Tracefinder\Data\Residuals_vis\Canon9000-1\300\s4_71_res_vis.png,Canon9000-1,300
D:\Infosys_AI-Tracefinder\Data\Residuals_vis\Canon9000-1\300\s4_72_res_vis.png,Canon9000-1,300
D:\Infosys_AI-Tracefinder\Data\Residuals_vis\Canon9000-1\300\s4_73_res_vis.png,Canon9000-1,300
D:\Infosys_AI-Tracefinder\Data\Residuals_vis\Canon9000-1\300\s4_74_res_vis.png,Canon9000-1,300
D:\Infosys_AI-Tracefinder\Data\Residuals_vis\Canon9000-1\300\s4_75_res_vis.png,Canon9000-1,300
D:\Infosys_AI-Tracefinder\Data\Residuals_vis\Canon9000-1\300\s4_76_res_vis.png,Canon9000-1,300
D:\Infosys_AI-Tracefinder\Data\Residuals_vis\Canon9000-1\300\s4_77_res_vis.png,Canon9000-1,300
D:\Infosys_AI-Tracefinder\Data\Residuals_vis\Canon9000-1\300\s4_78_res_vis.png,Canon9000-1,300
D:\Infosys_AI-Tracefinder\Data\Residuals_vis\Canon9000-1\300\s4_79_res_vis.png,Canon9000-1,300
D:\Infosys_AI-Tracefinder\Data\Residuals_vis\Canon9000-1\300\s4_7_res_vis.png,Canon9000-1,300
D:\Infosys_AI-Tracefinder\Data\Residuals_vis\Canon9000-1\300\s4_80_res_vis.png,Canon9000-1,300
D:\Infosys_AI-Tracefinder\Data\Residuals_vis\Canon9000-1\300\s4_81_res_vis.png,Canon9000-1,300
D:\Infosys_AI-Tracefinder\Data\Residuals_vis\Canon9000-1\300\s4_82_res_vis.png,Canon9000-1,300
D:\Infosys_AI-Tracefinder\Data\Residuals_vis\Canon9000-1\300\s4_83_res_vis.png,Canon9000-1,300
D:\Infosys_AI-Tracefinder\Data\Residuals_vis\Canon9000-1\300\s4_84_res_vis.png,Canon9000-1,300
D:\Infosys_AI-Tracefinder\Data\Residuals_vis\Canon9000-1\300\s4_85_res_vis.png,Canon9000-1,300
D:\Infosys_AI-Tracefinder\Data\Residuals_vis\Canon9000-1\300\s4_86_res_vis.png,Canon9000-1,300
D:\Infosys_AI-Tracefinder\Data\Residuals_vis\Canon9000-1\300\s4_87_res_vis.png,Canon9000-1,300
D:\Infosys_AI-Tracefinder\Data\Residuals_vis\Canon9000-1\300\s4_88_res_vis.png,Canon9000-1,300
D:\Infosys_AI-Tracefinder\Data\Residuals_vis\Canon9000-1\300\s4_89_res_vis.png,Canon9000-1,300
D:\Infosys_AI-Tracefinder\Data\Residuals_vis\Canon9000-1\300\s4_8_res_vis.png,Canon9000-1,300
D:\Infosys_AI-Tracefinder\Data\Residuals_vis\Canon9000-1\300\s4_90_res_vis.png,Canon9000-1,300
D:\Infosys_AI-Tracefinder\Data\Residuals_vis\Canon9000-1\300\s4_91_res_vis.png,Canon9000-1,300
D:\Infosys_AI-Tracefinder\Data\Residuals_vis\Canon9000-1\300\s4_92_res_vis.png,Canon9000-1,300
D:\Infosys_AI-Tracefinder\Data\Residuals_vis\Canon9000-1\300\s4_93_res_vis.png,Canon9000-1,300
D:\Infosys_AI-Tracefinder\Data\Residuals_vis\Canon9000-1\300\s4_94_res_vis.png,Canon9000-1,300
D:\Infosys_AI-Tracefinder\Data\Residuals_vis\Canon9000-1\300\s4_95_res_vis.png,Canon9000-1,300
D:\Infosys_AI-Tracefinder\Data\Residuals_vis\Canon9000-1\300\s4_96_res_vis.png,Canon9000-1,300
D:\Infosys_AI-Tracefinder\Data\Residuals_vis\Canon9000-1\300\s4_97_res_vis.png,Canon9000-1,300
D:\Infosys_AI-Tracefinder\Data\Residuals_vis\Canon9000-1\300\s4_98_res_vis.png,Canon9000-1,300
D:\Infosys_AI-Tracefinder\Data\Residuals_vis\Canon9000-1\300\s4_99_res_vis.png,Canon9000-1,300
D:\Infosys_AI-Tracefinder\Data\Residuals_vis\Canon9000-1\300\s4_9_res_vis.png,Canon9000-1,300
D:\Infosys_AI-Tracefinder\Data\Residuals_vis\Canon9000-2\150\s5_100_res_vis.png,Canon9000-2,150
D:\Infosys_AI-Tracefinder\Data\Residuals_vis\Canon9000-2\150\s5_10_res_vis.png,Canon9000-2,150
D:\Infosys_AI-Tracefinder\Data\Residuals_vis\Canon9000-2\150\s5_11_res_vis.png,Canon9000-2,150
D:\Infosys_AI-Tracefinder\Data\Residuals_vis\Canon9000-2\150\s5_12_res_vis.png,Canon9000-2,150
D:\Infosys_AI-Tracefinder\Data\Residuals_vis\Canon9000-2\150\s5_13_res_vis.png,Canon9000-2,150
D:\Infosys_AI-Tracefinder\Data\Residuals_vis\Canon9000-2\150\s5_14_res_vis.png,Canon9000-2,150
D:\Infosys_AI-Tracefinder\Data\Residuals_vis\Canon9000-2\150\s5_15_res_vis.png,Canon9000-2,150
D:\Infosys_AI-Tracefinder\Data\Residuals_vis\Canon9000-2\150\s5_16_res_vis.png,Canon9000-2,150
D:\Infosys_AI-Tracefinder\Data\Residuals_vis\Canon9000-2\150\s5_17_res_vis.png,Canon9000-2,150
D:\Infosys_AI-Tracefinder\Data\Residuals_vis\Canon9000-2\150\s5_18_res_vis.png,Canon9000-2,150
D:\Infosys_AI-Tracefinder\Data\Residuals_vis\Canon9000-2\150\s5_19_res_vis.png,Canon9000-2,150
D:\Infosys_AI-Tracefinder\Data\Residuals_vis\Canon9000-2\150\s5_1_res_vis.png,Canon9000-2,150
D:\Infosys_AI-Tracefinder\Data\Residuals_vis\Canon9000-2\150\s5_20_res_vis.png,Canon9000-2,150
D:\Infosys_AI-Tracefinder\Data\Residuals_vis\Canon9000-2\150\s5_21_res_vis.png,Canon9000-2,150
D:\Infosys_AI-Tracefinder\Data\Residuals_vis\Canon9000-2\150\s5_22_res_vis.png,Canon9000-2,150
D:\Infosys_AI-Tracefinder\Data\Residuals_vis\Canon9000-2\150\s5_23_res_vis.png,Canon9000-2,150
D:\Infosys_AI-Tracefinder\Data\Residuals_vis\Canon9000-2\150\s5_24_res_vis.png,Canon9000-2,150
D:\Infosys_AI-Tracefinder\Data\Residuals_vis\Canon9000-2\150\s5_25_res_vis.png,Canon9000-2,150
D:\Infosys_AI-Tracefinder\Data\Residuals_vis\Canon9000-2\150\s5_26_res_vis.png,Canon9000-2,150
D:\Infosys_AI-Tracefinder\Data\Residuals_vis\Canon9000-2\150\s5_27_res_vis.png,Canon9000-2,150
D:\Infosys_AI-Tracefinder\Data\Residuals_vis\Canon9000-2\150\s5_28_res_vis.png,Canon9000-2,150
D:\Infosys_AI-Tracefinder\Data\Residuals_vis\Canon9000-2\150\s5_29_res_vis.png,Canon9000-2,150
D:\Infosys_AI-Tracefinder\Data\Residuals_vis\Canon9000-2\150\s5_2_res_vis.png,Canon9000-2,150
D:\Infosys_AI-Tracefinder\Data\Residuals_vis\Canon9000-2\150\s5_30_res_vis.png,Canon9000-2,150
D:\Infosys_AI-Tracefinder\Data\Residuals_vis\Canon9000-2\150\s5_31_res_vis.png,Canon9000-2,150
D:\Infosys_AI-Tracefinder\Data\Residuals_vis\Canon9000-2\150\s5_32_res_vis.png,Canon9000-2,150
D:\Infosys_AI-Tracefinder\Data\Residuals_vis\Canon9000-2\150\s5_33_res_vis.png,Canon9000-2,150
D:\Infosys_AI-Tracefinder\Data\Residuals_vis\Canon9000-2\150\s5_34_res_vis.png,Canon9000-2,150
D:\Infosys_AI-Tracefinder\Data\Residuals_vis\Canon9000-2\150\s5_35_res_vis.png,Canon9000-2,150
D:\Infosys_AI-Tracefinder\Data\Residuals_vis\Canon9000-2\150\s5_36_res_vis.png,Canon9000-2,150
D:\Infosys_AI-Tracefinder\Data\Residuals_vis\Canon9000-2\150\s5_37_res_vis.png,Canon9000-2,150
D:\Infosys_AI-Tracefinder\Data\Residuals_vis\Canon9000-2\150\s5_38_res_vis.png,Canon9000-2,150
D:\Infosys_AI-Tracefinder\Data\Residuals_vis\Canon9000-2\150\s5_39_res_vis.png,Canon9000-2,150
D:\Infosys_AI-Tracefinder\Data\Residuals_vis\Canon9000-2\150\s5_3_res_vis.png,Canon9000-2,150
D:\Infosys_AI-Tracefinder\Data\Residuals_vis\Canon9000-2\150\s5_40_res_vis.png,Canon9000-2,150
D:\Infosys_AI-Tracefinder\Data\Residuals_vis\Canon9000-2\150\s5_41_res_vis.png,Canon9000-2,150
D:\Infosys_AI-Tracefinder\Data\Residuals_vis\Canon9000-2\150\s5_42_res_vis.png,Canon9000-2,150
D:\Infosys_AI-Tracefinder\Data\Residuals_vis\Canon9000-2\150\s5_43_res_vis.png,Canon9000-2,150
D:\Infosys_AI-Tracefinder\Data\Residuals_vis\Canon9000-2\150\s5_44_res_vis.png,Canon9000-2,150
D:\Infosys_AI-Tracefinder\Data\Residuals_vis\Canon9000-2\150\s5_45_res_vis.png,Canon9000-2,150
D:\Infosys_AI-Tracefinder\Data\Residuals_vis\Canon9000-2\150\s5_46_res_vis.png,Canon9000-2,150
D:\Infosys_AI-Tracefinder\Data\Residuals_vis\Canon9000-2\150\s5_47_res_vis.png,Canon9000-2,150
D:\Infosys_AI-Tracefinder\Data\Residuals_vis\Canon9000-2\150\s5_48_res_vis.png,Canon9000-2,150
D:\Infosys_AI-Tracefinder\Data\Residuals_vis\Canon9000-2\150\s5_49_res_vis.png,Canon9000-2,150
D:\Infosys_AI-Tracefinder\Data\Residuals_vis\Canon9000-2\150\s5_4_res_vis.png,Canon9000-2,150
D:\Infosys_AI-Tracefinder\Data\Residuals_vis\Canon9000-2\150\s5_50_res_vis.png,Canon9000-2,150
D:\Infosys_AI-Tracefinder\Data\Residuals_vis\Canon9000-2\150\s5_51_res_vis.png,Canon9000-2,150
D:\Infosys_AI-Tracefinder\Data\Residuals_vis\Canon9000-2\150\s5_52_res_vis.png,Canon9000-2,150
D:\Infosys_AI-Tracefinder\Data\Residuals_vis\Canon9000-2\150\s5_53_res_vis.png,Canon9000-2,150
D:\Infosys_AI-Tracefinder\Data\Residuals_vis\Canon9000-2\150\s5_54_res_vis.png,Canon9000-2,150
D:\Infosys_AI-Tracefinder\Data\Residuals_vis\Canon9000-2\150\s5_55_res_vis.png,Canon9000-2,150
D:\Infosys_AI-Tracefinder\Data\Residuals_vis\Canon9000-2\150\s5_56_res_vis.png,Canon9000-2,150
D:\Infosys_AI-Tracefinder\Data\Residuals_vis\Canon9000-2\150\s5_57_res_vis.png,Canon9000-2,150
D:\Infosys_AI-Tracefinder\Data\Residuals_vis\Canon9000-2\150\s5_58_res_vis.png,Canon9000-2,150
D:\Infosys_AI-Tracefinder\Data\Residuals_vis\Canon9000-2\150\s5_59_res_vis.png,Canon9000-2,150
D:\Infosys_AI-Tracefinder\Data\Residuals_vis\Canon9000-2\150\s5_5_res_vis.png,Canon9000-2,150
D:\Infosys_AI-Tracefinder\Data\Residuals_vis\Canon9000-2\150\s5_60_res_vis.png,Canon9000-2,150
D:\Infosys_AI-Tracefinder\Data\Residuals_vis\Canon9000-2\150\s5_61_res_vis.png,Canon9000-2,150
D:\Infosys_AI-Tracefinder\Data\Residuals_vis\Canon9000-2\150\s5_62_res_vis.png,Canon9000-2,150
D:\Infosys_AI-Tracefinder\Data\Residuals_vis\Canon9000-2\150\s5_63_res_vis.png,Canon9000-2,150
D:\Infosys_AI-Tracefinder\Data\Residuals_vis\Canon9000-2\150\s5_64_res_vis.png,Canon9000-2,150
D:\Infosys_AI-Tracefinder\Data\Residuals_vis\Canon9000-2\150\s5_65_res_vis.png,Canon9000-2,150
D:\Infosys_AI-Tracefinder\Data\Residuals_vis\Canon9000-2\150\s5_66_res_vis.png,Canon9000-2,150
D:\Infosys_AI-Tracefinder\Data\Residuals_vis\Canon9000-2\150\s5_67_res_vis.png,Canon9000-2,150
D:\Infosys_AI-Tracefinder\Data\Residuals_vis\Canon9000-2\150\s5_68_res_vis.png,Canon9000-2,150
D:\Infosys_AI-Tracefinder\Data\Residuals_vis\Canon9000-2\150\s5_69_res_vis.png,Canon9000-2,150
D:\Infosys_AI-Tracefinder\Data\Residuals_vis\Canon9000-2\150\s5_6_res_vis.png,Canon9000-2,150
D:\Infosys_AI-Tracefinder\Data\Residuals_vis\Canon9000-2\150\s5_70_res_vis.png,Canon9000-2,150
D:\Infosys_AI-Tracefinder\Data\Residuals_vis\Canon9000-2\150\s5_71_res_vis.png,Canon9000-2,150
D:\Infosys_AI-Tracefinder\Data\Residuals_vis\Canon9000-2\150\s5_72_res_vis.png,Canon9000-2,150
D:\Infosys_AI-Tracefinder\Data\Residuals_vis\Canon9000-2\150\s5_73_res_vis.png,Canon9000-2,150
D:\Infosys_AI-Tracefinder\Data\Residuals_vis\Canon9000-2\150\s5_74_res_vis.png,Canon9000-2,150
D:\Infosys_AI-Tracefinder\Data\Residuals_vis\Canon9000-2\150\s5_75_res_vis.png,Canon9000-2,150
D:\Infosys_AI-Tracefinder\Data\Residuals_vis\Canon9000-2\150\s5_76_res_vis.png,Canon9000-2,150
D:\Infosys_AI-Tracefinder\Data\Residuals_vis\Canon9000-2\150\s5_77_res_vis.png,Canon9000-2,150
D:\Infosys_AI-Tracefinder\Data\Residuals_vis\Canon9000-2\150\s5_78_res_vis.png,Canon9000-2,150
D:\Infosys_AI-Tracefinder\Data\Residuals_vis\Canon9000-2\150\s5_79_res_vis.png,Canon9000-2,150
D:\Infosys_AI-Tracefinder\Data\Residuals_vis\Canon9000-2\150\s5_7_res_vis.png,Canon9000-2,150
D:\Infosys_AI-Tracefinder\Data\Residuals_vis\Canon9000-2\150\s5_80_res_vis.png,Canon9000-2,150
D:\Infosys_AI-Tracefinder\Data\Residuals_vis\Canon9000-2\150\s5_81_res_vis.png,Canon9000-2,150
D:\Infosys_AI-Tracefinder\Data\Residuals_vis\Canon9000-2\150\s5_82_res_vis.png,Canon9000-2,150
D:\Infosys_AI-Tracefinder\Data\Residuals_vis\Canon9000-2\150\s5_83_res_vis.png,Canon9000-2,150
D:\Infosys_AI-Tracefinder\Data\Residuals_vis\Canon9000-2\150\s5_84_res_vis.png,Canon9000-2,150
D:\Infosys_AI-Tracefinder\Data\Residuals_vis\Canon9000-2\150\s5_85_res_vis.png,Canon9000-2,150
D:\Infosys_AI-Tracefinder\Data\Residuals_vis\Canon9000-2\150\s5_86_res_vis.png,Canon9000-2,150
D:\Infosys_AI-Tracefinder\Data\Residuals_vis\Canon9000-2\150\s5_87_res_vis.png,Canon9000-2,150
D:\Infosys_AI-Tracefinder\Data\Residuals_vis\Canon9000-2\150\s5_88_res_vis.png,Canon9000-2,150
D:\Infosys_AI-Tracefinder\Data\Residuals_vis\Canon9000-2\150\s5_89_res_vis.png,Canon9000-2,150
D:\Infosys_AI-Tracefinder\Data\Residuals_vis\Canon9000-2\150\s5_8_res_vis.png,Canon9000-2,150
D:\Infosys_AI-Tracefinder\Data\Residuals_vis\Canon9000-2\150\s5_90_res_vis.png,Canon9000-2,150
D:\Infosys_AI-Tracefinder\Data\Residuals_vis\Canon9000-2\150\s5_91_res_vis.png,Canon9000-2,150
D:\Infosys_AI-Tracefinder\Data\Residuals_vis\Canon9000-2\150\s5_92_res_vis.png,Canon9000-2,150
D:\Infosys_AI-Tracefinder\Data\Residuals_vis\Canon9000-2\150\s5_93_res_vis.png,Canon9000-2,150
D:\Infosys_AI-Tracefinder\Data\Residuals_vis\Canon9000-2\150\s5_94_res_vis.png,Canon9000-2,150
D:\Infosys_AI-Tracefinder\Data\Residuals_vis\Canon9000-2\150\s5_95_res_vis.png,Canon9000-2,150
D:\Infosys_AI-Tracefinder\Data\Residuals_vis\Canon9000-2\150\s5_96_res_vis.png,Canon9000-2,150
D:\Infosys_AI-Tracefinder\Data\Residuals_vis\Canon9000-2\150\s5_97_res_vis.png,Canon9000-2,150
D:\Infosys_AI-Tracefinder\Data\Residuals_vis\Canon9000-2\150\s5_98_res_vis.png,Canon9000-2,150
D:\Infosys_AI-Tracefinder\Data\Residuals_vis\Canon9000-2\150\s5_99_res_vis.png,Canon9000-2,150
D:\Infosys_AI-Tracefinder\Data\Residuals_vis\Canon9000-2\150\s5_9_res_vis.png,Canon9000-2,150
D:\Infosys_AI-Tracefinder\Data\Residuals_vis\Canon9000-2\300\s5_100_res_vis.png,Canon9000-2,300
D:\Infosys_AI-Tracefinder\Data\Residuals_vis\Canon9000-2\300\s5_10_res_vis.png,Canon9000-2,300
D:\Infosys_AI-Tracefinder\Data\Residuals_vis\Canon9000-2\300\s5_11_res_vis.png,Canon9000-2,300
D:\Infosys_AI-Tracefinder\Data\Residuals_vis\Canon9000-2\300\s5_12_res_vis.png,Canon9000-2,300
D:\Infosys_AI-Tracefinder\Data\Residuals_vis\Canon9000-2\300\s5_13_res_vis.png,Canon9000-2,300
D:\Infosys_AI-Tracefinder\Data\Residuals_vis\Canon9000-2\300\s5_14_res_vis.png,Canon9000-2,300
D:\Infosys_AI-Tracefinder\Data\Residuals_vis\Canon9000-2\300\s5_15_res_vis.png,Canon9000-2,300
D:\Infosys_AI-Tracefinder\Data\Residuals_vis\Canon9000-2\300\s5_16_res_vis.png,Canon9000-2,300
D:\Infosys_AI-Tracefinder\Data\Residuals_vis\Canon9000-2\300\s5_17_res_vis.png,Canon9000-2,300
D:\Infosys_AI-Tracefinder\Data\Residuals_vis\Canon9000-2\300\s5_18_res_vis.png,Canon9000-2,300
D:\Infosys_AI-Tracefinder\Data\Residuals_vis\Canon9000-2\300\s5_19_res_vis.png,Canon9000-2,300
D:\Infosys_AI-Tracefinder\Data\Residuals_vis\Canon9000-2\300\s5_1_res_vis.png,Canon9000-2,300
D:\Infosys_AI-Tracefinder\Data\Residuals_vis\Canon9000-2\300\s5_20_res_vis.png,Canon9000-2,300
D:\Infosys_AI-Tracefinder\Data\Residuals_vis\Canon9000-2\300\s5_21_res_vis.png,Canon9000-2,300
D:\Infosys_AI-Tracefinder\Data\Residuals_vis\Canon9000-2\300\s5_22_res_vis.png,Canon9000-2,300
D:\Infosys_AI-Tracefinder\Data\Residuals_vis\Canon9000-2\300\s5_23_res_vis.png,Canon9000-2,300
D:\Infosys_AI-Tracefinder\Data\Residuals_vis\Canon9000-2\300\s5_24_res_vis.png,Canon9000-2,300
D:\Infosys_AI-Tracefinder\Data\Residuals_vis\Canon9000-2\300\s5_25_res_vis.png,Canon9000-2,300
D:\Infosys_AI-Tracefinder\Data\Residuals_vis\Canon9000-2\300\s5_26_res_vis.png,Canon9000-2,300
D:\Infosys_AI-Tracefinder\Data\Residuals_vis\Canon9000-2\300\s5_27_res_vis.png,Canon9000-2,300
D:\Infosys_AI-Tracefinder\Data\Residuals_vis\Canon9000-2\300\s5_28_res_vis.png,Canon9000-2,300
D:\Infosys_AI-Tracefinder\Data\Residuals_vis\Canon9000-2\300\s5_29_res_vis.png,Canon9000-2,300
D:\Infosys_AI-Tracefinder\Data\Residuals_vis\Canon9000-2\300\s5_2_res_vis.png,Canon9000-2,300
D:\Infosys_AI-Tracefinder\Data\Residuals_vis\Canon9000-2\300\s5_30_res_vis.png,Canon9000-2,300
D:\Infosys_AI-Tracefinder\Data\Residuals_vis\Canon9000-2\300\s5_31_res_vis.png,Canon9000-2,300
D:\Infosys_AI-Tracefinder\Data\Residuals_vis\Canon9000-2\300\s5_32_res_vis.png,Canon9000-2,300
D:\Infosys_AI-Tracefinder\Data\Residuals_vis\Canon9000-2\300\s5_33_res_vis.png,Canon9000-2,300
D:\Infosys_AI-Tracefinder\Data\Residuals_vis\Canon9000-2\300\s5_34_res_vis.png,Canon9000-2,300
D:\Infosys_AI-Tracefinder\Data\Residuals_vis\Canon9000-2\300\s5_35_res_vis.png,Canon9000-2,300
D:\Infosys_AI-Tracefinder\Data\Residuals_vis\Canon9000-2\300\s5_36_res_vis.png,Canon9000-2,300
D:\Infosys_AI-Tracefinder\Data\Residuals_vis\Canon9000-2\300\s5_37_res_vis.png,Canon9000-2,300
D:\Infosys_AI-Tracefinder\Data\Residuals_vis\Canon9000-2\300\s5_38_res_vis.png,Canon9000-2,300
D:\Infosys_AI-Tracefinder\Data\Residuals_vis\Canon9000-2\300\s5_39_res_vis.png,Canon9000-2,300
D:\Infosys_AI-Tracefinder\Data\Residuals_vis\Canon9000-2\300\s5_3_res_vis.png,Canon9000-2,300
D:\Infosys_AI-Tracefinder\Data\Residuals_vis\Canon9000-2\300\s5_40_res_vis.png,Canon9000-2,300
D:\Infosys_AI-Tracefinder\Data\Residuals_vis\Canon9000-2\300\s5_41_res_vis.png,Canon9000-2,300
D:\Infosys_AI-Tracefinder\Data\Residuals_vis\Canon9000-2\300\s5_42_res_vis.png,Canon9000-2,300
D:\Infosys_AI-Tracefinder\Data\Residuals_vis\Canon9000-2\300\s5_43_res_vis.png,Canon9000-2,300
D:\Infosys_AI-Tracefinder\Data\Residuals_vis\Canon9000-2\300\s5_44_res_vis.png,Canon9000-2,300
D:\Infosys_AI-Tracefinder\Data\Residuals_vis\Canon9000-2\300\s5_45_res_vis.png,Canon9000-2,300
D:\Infosys_AI-Tracefinder\Data\Residuals_vis\Canon9000-2\300\s5_46_res_vis.png,Canon9000-2,300
D:\Infosys_AI-Tracefinder\Data\Residuals_vis\Canon9000-2\300\s5_47_res_vis.png,Canon9000-2,300
D:\Infosys_AI-Tracefinder\Data\Residuals_vis\Canon9000-2\300\s5_48_res_vis.png,Canon9000-2,300
D:\Infosys_AI-Tracefinder\Data\Residuals_vis\Canon9000-2\300\s5_49_res_vis.png,Canon9000-2,300
D:\Infosys_AI-Tracefinder\Data\Residuals_vis\Canon9000-2\300\s5_4_res_vis.png,Canon9000-2,300
D:\Infosys_AI-Tracefinder\Data\Residuals_vis\Canon9000-2\300\s5_50_res_vis.png,Canon9000-2,300
D:\Infosys_AI-Tracefinder\Data\Residuals_vis\Canon9000-2\300\s5_51_res_vis.png,Canon9000-2,300
D:\Infosys_AI-Tracefinder\Data\Residuals_vis\Canon9000-2\300\s5_52_res_vis.png,Canon9000-2,300
D:\Infosys_AI-Tracefinder\Data\Residuals_vis\Canon9000-2\300\s5_53_res_vis.png,Canon9000-2,300
D:\Infosys_AI-Tracefinder\Data\Residuals_vis\Canon9000-2\300\s5_54_res_vis.png,Canon9000-2,300
D:\Infosys_AI-Tracefinder\Data\Residuals_vis\Canon9000-2\300\s5_55_res_vis.png,Canon9000-2,300
D:\Infosys_AI-Tracefinder\Data\Residuals_vis\Canon9000-2\300\s5_56_res_vis.png,Canon9000-2,300
D:\Infosys_AI-Tracefinder\Data\Residuals_vis\Canon9000-2\300\s5_57_res_vis.png,Canon9000-2,300
D:\Infosys_AI-Tracefinder\Data\Residuals_vis\Canon9000-2\300\s5_58_res_vis.png,Canon9000-2,300
D:\Infosys_AI-Tracefinder\Data\Residuals_vis\Canon9000-2\300\s5_59_res_vis.png,Canon9000-2,300
D:\Infosys_AI-Tracefinder\Data\Residuals_vis\Canon9000-2\300\s5_5_res_vis.png,Canon9000-2,300
D:\Infosys_AI-Tracefinder\Data\Residuals_vis\Canon9000-2\300\s5_60_res_vis.png,Canon9000-2,300
D:\Infosys_AI-Tracefinder\Data\Residuals_vis\Canon9000-2\300\s5_61_res_vis.png,Canon9000-2,300
D:\Infosys_AI-Tracefinder\Data\Residuals_vis\Canon9000-2\300\s5_62_res_vis.png,Canon9000-2,300
D:\Infosys_AI-Tracefinder\Data\Residuals_vis\Canon9000-2\300\s5_63_res_vis.png,Canon9000-2,300
D:\Infosys_AI-Tracefinder\Data\Residuals_vis\Canon9000-2\300\s5_64_res_vis.png,Canon9000-2,300
D:\Infosys_AI-Tracefinder\Data\Residuals_vis\Canon9000-2\300\s5_65_res_vis.png,Canon9000-2,300
D:\Infosys_AI-Tracefinder\Data\Residuals_vis\Canon9000-2\300\s5_66_res_vis.png,Canon9000-2,300
D:\Infosys_AI-Tracefinder\Data\Residuals_vis\Canon9000-2\300\s5_67_res_vis.png,Canon9000-2,300
D:\Infosys_AI-Tracefinder\Data\Residuals_vis\Canon9000-2\300\s5_68_res_vis.png,Canon9000-2,300
D:\Infosys_AI-Tracefinder\Data\Residuals_vis\Canon9000-2\300\s5_69_res_vis.png,Canon9000-2,300
D:\Infosys_AI-Tracefinder\Data\Residuals_vis\Canon9000-2\300\s5_6_res_vis.png,Canon9000-2,300
D:\Infosys_AI-Tracefinder\Data\Residuals_vis\Canon9000-2\300\s5_70_res_vis.png,Canon9000-2,300
D:\Infosys_AI-Tracefinder\Data\Residuals_vis\Canon9000-2\300\s5_71_res_vis.png,Canon9000-2,300
D:\Infosys_AI-Tracefinder\Data\Residuals_vis\Canon9000-2\300\s5_72_res_vis.png,Canon9000-2,300
D:\Infosys_AI-Tracefinder\Data\Residuals_vis\Canon9000-2\300\s5_73_res_vis.png,Canon9000-2,300
D:\Infosys_AI-Tracefinder\Data\Residuals_vis\Canon9000-2\300\s5_74_res_vis.png,Canon9000-2,300
D:\Infosys_AI-Tracefinder\Data\Residuals_vis\Canon9000-2\300\s5_75_res_vis.png,Canon9000-2,300
D:\Infosys_AI-Tracefinder\Data\Residuals_vis\Canon9000-2\300\s5_76_res_vis.png,Canon9000-2,300
D:\Infosys_AI-Tracefinder\Data\Residuals_vis\Canon9000-2\300\s5_77_res_vis.png,Canon9000-2,300
D:\Infosys_AI-Tracefinder\Data\Residuals_vis\Canon9000-2\300\s5_78_res_vis.png,Canon9000-2,300
D:\Infosys_AI-Tracefinder\Data\Residuals_vis\Canon9000-2\300\s5_79_res_vis.png,Canon9000-2,300
D:\Infosys_AI-Tracefinder\Data\Residuals_vis\Canon9000-2\300\s5_7_res_vis.png,Canon9000-2,300
D:\Infosys_AI-Tracefinder\Data\Residuals_vis\Canon9000-2\300\s5_80_res_vis.png,Canon9000-2,300
D:\Infosys_AI-Tracefinder\Data\Residuals_vis\Canon9000-2\300\s5_81_res_vis.png,Canon9000-2,300
D:\Infosys_AI-Tracefinder\Data\Residuals_vis\Canon9000-2\300\s5_82_res_vis.png,Canon9000-2,300
D:\Infosys_AI-Tracefinder\Data\Residuals_vis\Canon9000-2\300\s5_83_res_vis.png,Canon9000-2,300
D:\Infosys_AI-Tracefinder\Data\Residuals_vis\Canon9000-2\300\s5_84_res_vis.png,Canon9000-2,300
D:\Infosys_AI-Tracefinder\Data\Residuals_vis\Canon9000-2\300\s5_85_res_vis.png,Canon9000-2,300
D:\Infosys_AI-Tracefinder\Data\Residuals_vis\Canon9000-2\300\s5_86_res_vis.png,Canon9000-2,300
D:\Infosys_AI-Tracefinder\Data\Residuals_vis\Canon9000-2\300\s5_87_res_vis.png,Canon9000-2,300
D:\Infosys_AI-Tracefinder\Data\Residuals_vis\Canon9000-2\300\s5_88_res_vis.png,Canon9000-2,300
D:\Infosys_AI-Tracefinder\Data\Residuals_vis\Canon9000-2\300\s5_89_res_vis.png,Canon9000-2,300
D:\Infosys_AI-Tracefinder\Data\Residuals_vis\Canon9000-2\300\s5_8_res_vis.png,Canon9000-2,300
D:\Infosys_AI-Tracefinder\Data\Residuals_vis\Canon9000-2\300\s5_90_res_vis.png,Canon9000-2,300
D:\Infosys_AI-Tracefinder\Data\Residuals_vis\Canon9000-2\300\s5_91_res_vis.png,Canon9000-2,300
D:\Infosys_AI-Tracefinder\Data\Residuals_vis\Canon9000-2\300\s5_92_res_vis.png,Canon9000-2,300
D:\Infosys_AI-Tracefinder\Data\Residuals_vis\Canon9000-2\300\s5_93_res_vis.png,Canon9000-2,300
D:\Infosys_AI-Tracefinder\Data\Residuals_vis\Canon9000-2\300\s5_94_res_vis.png,Canon9000-2,300
D:\Infosys_AI-Tracefinder\Data\Residuals_vis\Canon9000-2\300\s5_95_res_vis.png,Canon9000-2,300
D:\Infosys_AI-Tracefinder\Data\Residuals_vis\Canon9000-2\300\s5_96_res_vis.png,Canon9000-2,300
D:\Infosys_AI-Tracefinder\Data\Residuals_vis\Canon9000-2\300\s5_97_res_vis.png,Canon9000-2,300
D:\Infosys_AI-Tracefinder\Data\Residuals_vis\Canon9000-2\300\s5_98_res_vis.png,Canon9000-2,300
D:\Infosys_AI-Tracefinder\Data\Residuals_vis\Canon9000-2\300\s5_99_res_vis.png,Canon9000-2,300
D:\Infosys_AI-Tracefinder\Data\Residuals_vis\Canon9000-2\300\s5_9_res_vis.png,Canon9000-2,300
D:\Infosys_AI-Tracefinder\Data\Residuals_vis\EpsonV370-1\150\s6_100_res_vis.png,EpsonV370-1,150
D:\Infosys_AI-Tracefinder\Data\Residuals_vis\EpsonV370-1\150\s6_10_res_vis.png,EpsonV370-1,150
D:\Infosys_AI-Tracefinder\Data\Residuals_vis\EpsonV370-1\150\s6_11_res_vis.png,EpsonV370-1,150
D:\Infosys_AI-Tracefinder\Data\Residuals_vis\EpsonV370-1\150\s6_12_res_vis.png,EpsonV370-1,150
D:\Infosys_AI-Tracefinder\Data\Residuals_vis\EpsonV370-1\150\s6_13_res_vis.png,EpsonV370-1,150
D:\Infosys_AI-Tracefinder\Data\Residuals_vis\EpsonV370-1\150\s6_14_res_vis.png,EpsonV370-1,150
D:\Infosys_AI-Tracefinder\Data\Residuals_vis\EpsonV370-1\150\s6_15_res_vis.png,EpsonV370-1,150
D:\Infosys_AI-Tracefinder\Data\Residuals_vis\EpsonV370-1\150\s6_16_res_vis.png,EpsonV370-1,150
D:\Infosys_AI-Tracefinder\Data\Residuals_vis\EpsonV370-1\150\s6_17_res_vis.png,EpsonV370-1,150
D:\Infosys_AI-Tracefinder\Data\Residuals_vis\EpsonV370-1\150\s6_18_res_vis.png,EpsonV370-1,150
D:\Infosys_AI-Tracefinder\Data\Residuals_vis\EpsonV370-1\150\s6_19_res_vis.png,EpsonV370-1,150
D:\Infosys_AI-Tracefinder\Data\Residuals_vis\EpsonV370-1\150\s6_1_res_vis.png,EpsonV370-1,150
D:\Infosys_AI-Tracefinder\Data\Residuals_vis\EpsonV370-1\150\s6_20_res_vis.png,EpsonV370-1,150
D:\Infosys_AI-Tracefinder\Data\Residuals_vis\EpsonV370-1\150\s6_21_res_vis.png,EpsonV370-1,150
D:\Infosys_AI-Tracefinder\Data\Residuals_vis\EpsonV370-1\150\s6_22_res_vis.png,EpsonV370-1,150
D:\Infosys_AI-Tracefinder\Data\Residuals_vis\EpsonV370-1\150\s6_23_res_vis.png,EpsonV370-1,150
D:\Infosys_AI-Tracefinder\Data\Residuals_vis\EpsonV370-1\150\s6_24_res_vis.png,EpsonV370-1,150
D:\Infosys_AI-Tracefinder\Data\Residuals_vis\EpsonV370-1\150\s6_25_res_vis.png,EpsonV370-1,150
D:\Infosys_AI-Tracefinder\Data\Residuals_vis\EpsonV370-1\150\s6_26_res_vis.png,EpsonV370-1,150
D:\Infosys_AI-Tracefinder\Data\Residuals_vis\EpsonV370-1\150\s6_27_res_vis.png,EpsonV370-1,150
D:\Infosys_AI-Tracefinder\Data\Residuals_vis\EpsonV370-1\150\s6_28_res_vis.png,EpsonV370-1,150
D:\Infosys_AI-Tracefinder\Data\Residuals_vis\EpsonV370-1\150\s6_29_res_vis.png,EpsonV370-1,150
D:\Infosys_AI-Tracefinder\Data\Residuals_vis\EpsonV370-1\150\s6_2_res_vis.png,EpsonV370-1,150
D:\Infosys_AI-Tracefinder\Data\Residuals_vis\EpsonV370-1\150\s6_30_res_vis.png,EpsonV370-1,150
D:\Infosys_AI-Tracefinder\Data\Residuals_vis\EpsonV370-1\150\s6_31_res_vis.png,EpsonV370-1,150
D:\Infosys_AI-Tracefinder\Data\Residuals_vis\EpsonV370-1\150\s6_32_res_vis.png,EpsonV370-1,150
D:\Infosys_AI-Tracefinder\Data\Residuals_vis\EpsonV370-1\150\s6_33_res_vis.png,EpsonV370-1,150
D:\Infosys_AI-Tracefinder\Data\Residuals_vis\EpsonV370-1\150\s6_34_res_vis.png,EpsonV370-1,150
D:\Infosys_AI-Tracefinder\Data\Residuals_vis\EpsonV370-1\150\s6_35_res_vis.png,EpsonV370-1,150
D:\Infosys_AI-Tracefinder\Data\Residuals_vis\EpsonV370-1\150\s6_36_res_vis.png,EpsonV370-1,150
D:\Infosys_AI-Tracefinder\Data\Residuals_vis\EpsonV370-1\150\s6_37_res_vis.png,EpsonV370-1,150
D:\Infosys_AI-Tracefinder\Data\Residuals_vis\EpsonV370-1\150\s6_38_res_vis.png,EpsonV370-1,150
D:\Infosys_AI-Tracefinder\Data\Residuals_vis\EpsonV370-1\150\s6_39_res_vis.png,EpsonV370-1,150
D:\Infosys_AI-Tracefinder\Data\Residuals_vis\EpsonV370-1\150\s6_3_res_vis.png,EpsonV370-1,150
D:\Infosys_AI-Tracefinder\Data\Residuals_vis\EpsonV370-1\150\s6_40_res_vis.png,EpsonV370-1,150
D:\Infosys_AI-Tracefinder\Data\Residuals_vis\EpsonV370-1\150\s6_41_res_vis.png,EpsonV370-1,150
D:\Infosys_AI-Tracefinder\Data\Residuals_vis\EpsonV370-1\150\s6_42_res_vis.png,EpsonV370-1,150
D:\Infosys_AI-Tracefinder\Data\Residuals_vis\EpsonV370-1\150\s6_43_res_vis.png,EpsonV370-1,150
D:\Infosys_AI-Tracefinder\Data\Residuals_vis\EpsonV370-1\150\s6_44_res_vis.png,EpsonV370-1,150
D:\Infosys_AI-Tracefinder\Data\Residuals_vis\EpsonV370-1\150\s6_45_res_vis.png,EpsonV370-1,150
D:\Infosys_AI-Tracefinder\Data\Residuals_vis\EpsonV370-1\150\s6_46_res_vis.png,EpsonV370-1,150
D:\Infosys_AI-Tracefinder\Data\Residuals_vis\EpsonV370-1\150\s6_47_res_vis.png,EpsonV370-1,150
D:\Infosys_AI-Tracefinder\Data\Residuals_vis\EpsonV370-1\150\s6_48_res_vis.png,EpsonV370-1,150
D:\Infosys_AI-Tracefinder\Data\Residuals_vis\EpsonV370-1\150\s6_49_res_vis.png,EpsonV370-1,150
D:\Infosys_AI-Tracefinder\Data\Residuals_vis\EpsonV370-1\150\s6_4_res_vis.png,EpsonV370-1,150
D:\Infosys_AI-Tracefinder\Data\Residuals_vis\EpsonV370-1\150\s6_50_res_vis.png,EpsonV370-1,150
D:\Infosys_AI-Tracefinder\Data\Residuals_vis\EpsonV370-1\150\s6_51_res_vis.png,EpsonV370-1,150
D:\Infosys_AI-Tracefinder\Data\Residuals_vis\EpsonV370-1\150\s6_52_res_vis.png,EpsonV370-1,150
D:\Infosys_AI-Tracefinder\Data\Residuals_vis\EpsonV370-1\150\s6_53_res_vis.png,EpsonV370-1,150
D:\Infosys_AI-Tracefinder\Data\Residuals_vis\EpsonV370-1\150\s6_54_res_vis.png,EpsonV370-1,150
D:\Infosys_AI-Tracefinder\Data\Residuals_vis\EpsonV370-1\150\s6_55_res_vis.png,EpsonV370-1,150
D:\Infosys_AI-Tracefinder\Data\Residuals_vis\EpsonV370-1\150\s6_56_res_vis.png,EpsonV370-1,150
D:\Infosys_AI-Tracefinder\Data\Residuals_vis\EpsonV370-1\150\s6_57_res_vis.png,EpsonV370-1,150
D:\Infosys_AI-Tracefinder\Data\Residuals_vis\EpsonV370-1\150\s6_58_res_vis.png,EpsonV370-1,150
D:\Infosys_AI-Tracefinder\Data\Residuals_vis\EpsonV370-1\150\s6_59_res_vis.png,EpsonV370-1,150
D:\Infosys_AI-Tracefinder\Data\Residuals_vis\EpsonV370-1\150\s6_5_res_vis.png,EpsonV370-1,150
D:\Infosys_AI-Tracefinder\Data\Residuals_vis\EpsonV370-1\150\s6_60_res_vis.png,EpsonV370-1,150
D:\Infosys_AI-Tracefinder\Data\Residuals_vis\EpsonV370-1\150\s6_61_res_vis.png,EpsonV370-1,150
D:\Infosys_AI-Tracefinder\Data\Residuals_vis\EpsonV370-1\150\s6_62_res_vis.png,EpsonV370-1,150
D:\Infosys_AI-Tracefinder\Data\Residuals_vis\EpsonV370-1\150\s6_63_res_vis.png,EpsonV370-1,150
D:\Infosys_AI-Tracefinder\Data\Residuals_vis\EpsonV370-1\150\s6_64_res_vis.png,EpsonV370-1,150
D:\Infosys_AI-Tracefinder\Data\Residuals_vis\EpsonV370-1\150\s6_65_res_vis.png,EpsonV370-1,150
D:\Infosys_AI-Tracefinder\Data\Residuals_vis\EpsonV370-1\150\s6_66_res_vis.png,EpsonV370-1,150
D:\Infosys_AI-Tracefinder\Data\Residuals_vis\EpsonV370-1\150\s6_67_res_vis.png,EpsonV370-1,150
D:\Infosys_AI-Tracefinder\Data\Residuals_vis\EpsonV370-1\150\s6_68_res_vis.png,EpsonV370-1,150
D:\Infosys_AI-Tracefinder\Data\Residuals_vis\EpsonV370-1\150\s6_69_res_vis.png,EpsonV370-1,150
D:\Infosys_AI-Tracefinder\Data\Residuals_vis\EpsonV370-1\150\s6_6_res_vis.png,EpsonV370-1,150
D:\Infosys_AI-Tracefinder\Data\Residuals_vis\EpsonV370-1\150\s6_70_res_vis.png,EpsonV370-1,150
D:\Infosys_AI-Tracefinder\Data\Residuals_vis\EpsonV370-1\150\s6_71_res_vis.png,EpsonV370-1,150
D:\Infosys_AI-Tracefinder\Data\Residuals_vis\EpsonV370-1\150\s6_72_res_vis.png,EpsonV370-1,150
D:\Infosys_AI-Tracefinder\Data\Residuals_vis\EpsonV370-1\150\s6_73_res_vis.png,EpsonV370-1,150
D:\Infosys_AI-Tracefinder\Data\Residuals_vis\EpsonV370-1\150\s6_74_res_vis.png,EpsonV370-1,150
D:\Infosys_AI-Tracefinder\Data\Residuals_vis\EpsonV370-1\150\s6_75_res_vis.png,EpsonV370-1,150
D:\Infosys_AI-Tracefinder\Data\Residuals_vis\EpsonV370-1\150\s6_76_res_vis.png,EpsonV370-1,150
D:\Infosys_AI-Tracefinder\Data\Residuals_vis\EpsonV370-1\150\s6_77_res_vis.png,EpsonV370-1,150
D:\Infosys_AI-Tracefinder\Data\Residuals_vis\EpsonV370-1\150\s6_78_res_vis.png,EpsonV370-1,150
D:\Infosys_AI-Tracefinder\Data\Residuals_vis\EpsonV370-1\150\s6_79_res_vis.png,EpsonV370-1,150
D:\Infosys_AI-Tracefinder\Data\Residuals_vis\EpsonV370-1\150\s6_7_res_vis.png,EpsonV370-1,150
D:\Infosys_AI-Tracefinder\Data\Residuals_vis\EpsonV370-1\150\s6_80_res_vis.png,EpsonV370-1,150
D:\Infosys_AI-Tracefinder\Data\Residuals_vis\EpsonV370-1\150\s6_81_res_vis.png,EpsonV370-1,150
D:\Infosys_AI-Tracefinder\Data\Residuals_vis\EpsonV370-1\150\s6_82_res_vis.png,EpsonV370-1,150
D:\Infosys_AI-Tracefinder\Data\Residuals_vis\EpsonV370-1\150\s6_83_res_vis.png,EpsonV370-1,150
D:\Infosys_AI-Tracefinder\Data\Residuals_vis\EpsonV370-1\150\s6_84_res_vis.png,EpsonV370-1,150
D:\Infosys_AI-Tracefinder\Data\Residuals_vis\EpsonV370-1\150\s6_85_res_vis.png,EpsonV370-1,150
D:\Infosys_AI-Tracefinder\Data\Residuals_vis\EpsonV370-1\150\s6_86_res_vis.png,EpsonV370-1,150
D:\Infosys_AI-Tracefinder\Data\Residuals_vis\EpsonV370-1\150\s6_87_res_vis.png,EpsonV370-1,150
D:\Infosys_AI-Tracefinder\Data\Residuals_vis\EpsonV370-1\150\s6_88_res_vis.png,EpsonV370-1,150
D:\Infosys_AI-Tracefinder\Data\Residuals_vis\EpsonV370-1\150\s6_89_res_vis.png,EpsonV370-1,150
D:\Infosys_AI-Tracefinder\Data\Residuals_vis\EpsonV370-1\150\s6_8_res_vis.png,EpsonV370-1,150
D:\Infosys_AI-Tracefinder\Data\Residuals_vis\EpsonV370-1\150\s6_90_res_vis.png,EpsonV370-1,150
D:\Infosys_AI-Tracefinder\Data\Residuals_vis\EpsonV370-1\150\s6_91_res_vis.png,EpsonV370-1,150
D:\Infosys_AI-Tracefinder\Data\Residuals_vis\EpsonV370-1\150\s6_92_res_vis.png,EpsonV370-1,150
D:\Infosys_AI-Tracefinder\Data\Residuals_vis\EpsonV370-1\150\s6_93_res_vis.png,EpsonV370-1,150
D:\Infosys_AI-Tracefinder\Data\Residuals_vis\EpsonV370-1\150\s6_94_res_vis.png,EpsonV370-1,150
D:\Infosys_AI-Tracefinder\Data\Residuals_vis\EpsonV370-1\150\s6_95_res_vis.png,EpsonV370-1,150
D:\Infosys_AI-Tracefinder\Data\Residuals_vis\EpsonV370-1\150\s6_96_res_vis.png,EpsonV370-1,150
D:\Infosys_AI-Tracefinder\Data\Residuals_vis\EpsonV370-1\150\s6_97_res_vis.png,EpsonV370-1,150
D:\Infosys_AI-Tracefinder\Data\Residuals_vis\EpsonV370-1\150\s6_98_res_vis.png,EpsonV370-1,150
D:\Infosys_AI-Tracefinder\Data\Residuals_vis\EpsonV370-1\150\s6_99_res_vis.png,EpsonV370-1,150
D:\Infosys_AI-Tracefinder\Data\Residuals_vis\EpsonV370-1\150\s6_9_res_vis.png,EpsonV370-1,150
D:\Infosys_AI-Tracefinder\Data\Residuals_vis\EpsonV370-1\300\s6_100_res_vis.png,EpsonV370-1,300
D:\Infosys_AI-Tracefinder\Data\Residuals_vis\EpsonV370-1\300\s6_10_res_vis.png,EpsonV370-1,300
D:\Infosys_AI-Tracefinder\Data\Residuals_vis\EpsonV370-1\300\s6_11_res_vis.png,EpsonV370-1,300
D:\Infosys_AI-Tracefinder\Data\Residuals_vis\EpsonV370-1\300\s6_12_res_vis.png,EpsonV370-1,300
D:\Infosys_AI-Tracefinder\Data\Residuals_vis\EpsonV370-1\300\s6_13_res_vis.png,EpsonV370-1,300
D:\Infosys_AI-Tracefinder\Data\Residuals_vis\EpsonV370-1\300\s6_14_res_vis.png,EpsonV370-1,300
D:\Infosys_AI-Tracefinder\Data\Residuals_vis\EpsonV370-1\300\s6_15_res_vis.png,EpsonV370-1,300
D:\Infosys_AI-Tracefinder\Data\Residuals_vis\EpsonV370-1\300\s6_16_res_vis.png,EpsonV370-1,300
D:\Infosys_AI-Tracefinder\Data\Residuals_vis\EpsonV370-1\300\s6_17_res_vis.png,EpsonV370-1,300
D:\Infosys_AI-Tracefinder\Data\Residuals_vis\EpsonV370-1\300\s6_18_res_vis.png,EpsonV370-1,300
D:\Infosys_AI-Tracefinder\Data\Residuals_vis\EpsonV370-1\300\s6_19_res_vis.png,EpsonV370-1,300
D:\Infosys_AI-Tracefinder\Data\Residuals_vis\EpsonV370-1\300\s6_1_res_vis.png,EpsonV370-1,300
D:\Infosys_AI-Tracefinder\Data\Residuals_vis\EpsonV370-1\300\s6_20_res_vis.png,EpsonV370-1,300
D:\Infosys_AI-Tracefinder\Data\Residuals_vis\EpsonV370-1\300\s6_21_res_vis.png,EpsonV370-1,300
D:\Infosys_AI-Tracefinder\Data\Residuals_vis\EpsonV370-1\300\s6_22_res_vis.png,EpsonV370-1,300
D:\Infosys_AI-Tracefinder\Data\Residuals_vis\EpsonV370-1\300\s6_23_res_vis.png,EpsonV370-1,300
D:\Infosys_AI-Tracefinder\Data\Residuals_vis\EpsonV370-1\300\s6_24_res_vis.png,EpsonV370-1,300
D:\Infosys_AI-Tracefinder\Data\Residuals_vis\EpsonV370-1\300\s6_25_res_vis.png,EpsonV370-1,300
D:\Infosys_AI-Tracefinder\Data\Residuals_vis\EpsonV370-1\300\s6_26_res_vis.png,EpsonV370-1,300
D:\Infosys_AI-Tracefinder\Data\Residuals_vis\EpsonV370-1\300\s6_27_res_vis.png,EpsonV370-1,300
D:\Infosys_AI-Tracefinder\Data\Residuals_vis\EpsonV370-1\300\s6_28_res_vis.png,EpsonV370-1,300
D:\Infosys_AI-Tracefinder\Data\Residuals_vis\EpsonV370-1\300\s6_29_res_vis.png,EpsonV370-1,300
D:\Infosys_AI-Tracefinder\Data\Residuals_vis\EpsonV370-1\300\s6_2_res_vis.png,EpsonV370-1,300
D:\Infosys_AI-Tracefinder\Data\Residuals_vis\EpsonV370-1\300\s6_30_res_vis.png,EpsonV370-1,300
D:\Infosys_AI-Tracefinder\Data\Residuals_vis\EpsonV370-1\300\s6_31_res_vis.png,EpsonV370-1,300
D:\Infosys_AI-Tracefinder\Data\Residuals_vis\EpsonV370-1\300\s6_32_res_vis.png,EpsonV370-1,300
D:\Infosys_AI-Tracefinder\Data\Residuals_vis\EpsonV370-1\300\s6_33_res_vis.png,EpsonV370-1,300
D:\Infosys_AI-Tracefinder\Data\Residuals_vis\EpsonV370-1\300\s6_34_res_vis.png,EpsonV370-1,300
D:\Infosys_AI-Tracefinder\Data\Residuals_vis\EpsonV370-1\300\s6_35_res_vis.png,EpsonV370-1,300
D:\Infosys_AI-Tracefinder\Data\Residuals_vis\EpsonV370-1\300\s6_36_res_vis.png,EpsonV370-1,300
D:\Infosys_AI-Tracefinder\Data\Residuals_vis\EpsonV370-1\300\s6_37_res_vis.png,EpsonV370-1,300
D:\Infosys_AI-Tracefinder\Data\Residuals_vis\EpsonV370-1\300\s6_38_res_vis.png,EpsonV370-1,300
D:\Infosys_AI-Tracefinder\Data\Residuals_vis\EpsonV370-1\300\s6_39_res_vis.png,EpsonV370-1,300
D:\Infosys_AI-Tracefinder\Data\Residuals_vis\EpsonV370-1\300\s6_3_res_vis.png,EpsonV370-1,300
D:\Infosys_AI-Tracefinder\Data\Residuals_vis\EpsonV370-1\300\s6_40_res_vis.png,EpsonV370-1,300
D:\Infosys_AI-Tracefinder\Data\Residuals_vis\EpsonV370-1\300\s6_41_res_vis.png,EpsonV370-1,300
D:\Infosys_AI-Tracefinder\Data\Residuals_vis\EpsonV370-1\300\s6_42_res_vis.png,EpsonV370-1,300
D:\Infosys_AI-Tracefinder\Data\Residuals_vis\EpsonV370-1\300\s6_43_res_vis.png,EpsonV370-1,300
D:\Infosys_AI-Tracefinder\Data\Residuals_vis\EpsonV370-1\300\s6_44_res_vis.png,EpsonV370-1,300
D:\Infosys_AI-Tracefinder\Data\Residuals_vis\EpsonV370-1\300\s6_45_res_vis.png,EpsonV370-1,300
D:\Infosys_AI-Tracefinder\Data\Residuals_vis\EpsonV370-1\300\s6_46_res_vis.png,EpsonV370-1,300
D:\Infosys_AI-Tracefinder\Data\Residuals_vis\EpsonV370-1\300\s6_47_res_vis.png,EpsonV370-1,300
D:\Infosys_AI-Tracefinder\Data\Residuals_vis\EpsonV370-1\300\s6_48_res_vis.png,EpsonV370-1,300
D:\Infosys_AI-Tracefinder\Data\Residuals_vis\EpsonV370-1\300\s6_49_res_vis.png,EpsonV370-1,300
D:\Infosys_AI-Tracefinder\Data\Residuals_vis\EpsonV370-1\300\s6_4_res_vis.png,EpsonV370-1,300
D:\Infosys_AI-Tracefinder\Data\Residuals_vis\EpsonV370-1\300\s6_50_res_vis.png,EpsonV370-1,300
D:\Infosys_AI-Tracefinder\Data\Residuals_vis\EpsonV370-1\300\s6_51_res_vis.png,EpsonV370-1,300
D:\Infosys_AI-Tracefinder\Data\Residuals_vis\EpsonV370-1\300\s6_52_res_vis.png,EpsonV370-1,300
D:\Infosys_AI-Tracefinder\Data\Residuals_vis\EpsonV370-1\300\s6_53_res_vis.png,EpsonV370-1,300
D:\Infosys_AI-Tracefinder\Data\Residuals_vis\EpsonV370-1\300\s6_54_res_vis.png,EpsonV370-1,300
D:\Infosys_AI-Tracefinder\Data\Residuals_vis\EpsonV370-1\300\s6_55_res_vis.png,EpsonV370-1,300
D:\Infosys_AI-Tracefinder\Data\Residuals_vis\EpsonV370-1\300\s6_56_res_vis.png,EpsonV370-1,300
D:\Infosys_AI-Tracefinder\Data\Residuals_vis\EpsonV370-1\300\s6_57_res_vis.png,EpsonV370-1,300
D:\Infosys_AI-Tracefinder\Data\Residuals_vis\EpsonV370-1\300\s6_58_res_vis.png,EpsonV370-1,300
D:\Infosys_AI-Tracefinder\Data\Residuals_vis\EpsonV370-1\300\s6_59_res_vis.png,EpsonV370-1,300
D:\Infosys_AI-Tracefinder\Data\Residuals_vis\EpsonV370-1\300\s6_5_res_vis.png,EpsonV370-1,300
D:\Infosys_AI-Tracefinder\Data\Residuals_vis\EpsonV370-1\300\s6_60_res_vis.png,EpsonV370-1,300
D:\Infosys_AI-Tracefinder\Data\Residuals_vis\EpsonV370-1\300\s6_61_res_vis.png,EpsonV370-1,300
D:\Infosys_AI-Tracefinder\Data\Residuals_vis\EpsonV370-1\300\s6_62_res_vis.png,EpsonV370-1,300
D:\Infosys_AI-Tracefinder\Data\Residuals_vis\EpsonV370-1\300\s6_63_res_vis.png,EpsonV370-1,300
D:\Infosys_AI-Tracefinder\Data\Residuals_vis\EpsonV370-1\300\s6_64_res_vis.png,EpsonV370-1,300
D:\Infosys_AI-Tracefinder\Data\Residuals_vis\EpsonV370-1\300\s6_65_res_vis.png,EpsonV370-1,300
D:\Infosys_AI-Tracefinder\Data\Residuals_vis\EpsonV370-1\300\s6_66_res_vis.png,EpsonV370-1,300
D:\Infosys_AI-Tracefinder\Data\Residuals_vis\EpsonV370-1\300\s6_67_res_vis.png,EpsonV370-1,300
D:\Infosys_AI-Tracefinder\Data\Residuals_vis\EpsonV370-1\300\s6_68_res_vis.png,EpsonV370-1,300
D:\Infosys_AI-Tracefinder\Data\Residuals_vis\EpsonV370-1\300\s6_69_res_vis.png,EpsonV370-1,300
D:\Infosys_AI-Tracefinder\Data\Residuals_vis\EpsonV370-1\300\s6_6_res_vis.png,EpsonV370-1,300
D:\Infosys_AI-Tracefinder\Data\Residuals_vis\EpsonV370-1\300\s6_70_res_vis.png,EpsonV370-1,300
D:\Infosys_AI-Tracefinder\Data\Residuals_vis\EpsonV370-1\300\s6_71_res_vis.png,EpsonV370-1,300
D:\Infosys_AI-Tracefinder\Data\Residuals_vis\EpsonV370-1\300\s6_72_res_vis.png,EpsonV370-1,300
D:\Infosys_AI-Tracefinder\Data\Residuals_vis\EpsonV370-1\300\s6_73_res_vis.png,EpsonV370-1,300
D:\Infosys_AI-Tracefinder\Data\Residuals_vis\EpsonV370-1\300\s6_74_res_vis.png,EpsonV370-1,300
D:\Infosys_AI-Tracefinder\Data\Residuals_vis\EpsonV370-1\300\s6_75_res_vis.png,EpsonV370-1,300
D:\Infosys_AI-Tracefinder\Data\Residuals_vis\EpsonV370-1\300\s6_76_res_vis.png,EpsonV370-1,300
D:\Infosys_AI-Tracefinder\Data\Residuals_vis\EpsonV370-1\300\s6_77_res_vis.png,EpsonV370-1,300
D:\Infosys_AI-Tracefinder\Data\Residuals_vis\EpsonV370-1\300\s6_78_res_vis.png,EpsonV370-1,300
D:\Infosys_AI-Tracefinder\Data\Residuals_vis\EpsonV370-1\300\s6_79_res_vis.png,EpsonV370-1,300
D:\Infosys_AI-Tracefinder\Data\Residuals_vis\EpsonV370-1\300\s6_7_res_vis.png,EpsonV370-1,300
D:\Infosys_AI-Tracefinder\Data\Residuals_vis\EpsonV370-1\300\s6_80_res_vis.png,EpsonV370-1,300
D:\Infosys_AI-Tracefinder\Data\Residuals_vis\EpsonV370-1\300\s6_81_res_vis.png,EpsonV370-1,300
D:\Infosys_AI-Tracefinder\Data\Residuals_vis\EpsonV370-1\300\s6_82_res_vis.png,EpsonV370-1,300
D:\Infosys_AI-Tracefinder\Data\Residuals_vis\EpsonV370-1\300\s6_83_res_vis.png,EpsonV370-1,300
D:\Infosys_AI-Tracefinder\Data\Residuals_vis\EpsonV370-1\300\s6_84_res_vis.png,EpsonV370-1,300
D:\Infosys_AI-Tracefinder\Data\Residuals_vis\EpsonV370-1\300\s6_85_res_vis.png,EpsonV370-1,300
D:\Infosys_AI-Tracefinder\Data\Residuals_vis\EpsonV370-1\300\s6_86_res_vis.png,EpsonV370-1,300
D:\Infosys_AI-Tracefinder\Data\Residuals_vis\EpsonV370-1\300\s6_87_res_vis.png,EpsonV370-1,300
D:\Infosys_AI-Tracefinder\Data\Residuals_vis\EpsonV370-1\300\s6_88_res_vis.png,EpsonV370-1,300
D:\Infosys_AI-Tracefinder\Data\Residuals_vis\EpsonV370-1\300\s6_89_res_vis.png,EpsonV370-1,300
D:\Infosys_AI-Tracefinder\Data\Residuals_vis\EpsonV370-1\300\s6_8_res_vis.png,EpsonV370-1,300
D:\Infosys_AI-Tracefinder\Data\Residuals_vis\EpsonV370-1\300\s6_90_res_vis.png,EpsonV370-1,300
D:\Infosys_AI-Tracefinder\Data\Residuals_vis\EpsonV370-1\300\s6_91_res_vis.png,EpsonV370-1,300
D:\Infosys_AI-Tracefinder\Data\Residuals_vis\EpsonV370-1\300\s6_92_res_vis.png,EpsonV370-1,300
D:\Infosys_AI-Tracefinder\Data\Residuals_vis\EpsonV370-1\300\s6_93_res_vis.png,EpsonV370-1,300
D:\Infosys_AI-Tracefinder\Data\Residuals_vis\EpsonV370-1\300\s6_94_res_vis.png,EpsonV370-1,300
D:\Infosys_AI-Tracefinder\Data\Residuals_vis\EpsonV370-1\300\s6_95_res_vis.png,EpsonV370-1,300
D:\Infosys_AI-Tracefinder\Data\Residuals_vis\EpsonV370-1\300\s6_96_res_vis.png,EpsonV370-1,300
D:\Infosys_AI-Tracefinder\Data\Residuals_vis\EpsonV370-1\300\s6_97_res_vis.png,EpsonV370-1,300
D:\Infosys_AI-Tracefinder\Data\Residuals_vis\EpsonV370-1\300\s6_98_res_vis.png,EpsonV370-1,300
D:\Infosys_AI-Tracefinder\Data\Residuals_vis\EpsonV370-1\300\s6_99_res_vis.png,EpsonV370-1,300
D:\Infosys_AI-Tracefinder\Data\Residuals_vis\EpsonV370-1\300\s6_9_res_vis.png,EpsonV370-1,300
D:\Infosys_AI-Tracefinder\Data\Residuals_vis\EpsonV370-2\150\s7_100_res_vis.png,EpsonV370-2,150
D:\Infosys_AI-Tracefinder\Data\Residuals_vis\EpsonV370-2\150\s7_10_res_vis.png,EpsonV370-2,150
D:\Infosys_AI-Tracefinder\Data\Residuals_vis\EpsonV370-2\150\s7_11_res_vis.png,EpsonV370-2,150
D:\Infosys_AI-Tracefinder\Data\Residuals_vis\EpsonV370-2\150\s7_12_res_vis.png,EpsonV370-2,150
D:\Infosys_AI-Tracefinder\Data\Residuals_vis\EpsonV370-2\150\s7_13_res_vis.png,EpsonV370-2,150
D:\Infosys_AI-Tracefinder\Data\Residuals_vis\EpsonV370-2\150\s7_14_res_vis.png,EpsonV370-2,150
D:\Infosys_AI-Tracefinder\Data\Residuals_vis\EpsonV370-2\150\s7_15_res_vis.png,EpsonV370-2,150
D:\Infosys_AI-Tracefinder\Data\Residuals_vis\EpsonV370-2\150\s7_16_res_vis.png,EpsonV370-2,150
D:\Infosys_AI-Tracefinder\Data\Residuals_vis\EpsonV370-2\150\s7_17_res_vis.png,EpsonV370-2,150
D:\Infosys_AI-Tracefinder\Data\Residuals_vis\EpsonV370-2\150\s7_18_res_vis.png,EpsonV370-2,150
D:\Infosys_AI-Tracefinder\Data\Residuals_vis\EpsonV370-2\150\s7_19_res_vis.png,EpsonV370-2,150
D:\Infosys_AI-Tracefinder\Data\Residuals_vis\EpsonV370-2\150\s7_1_res_vis.png,EpsonV370-2,150
D:\Infosys_AI-Tracefinder\Data\Residuals_vis\EpsonV370-2\150\s7_20_res_vis.png,EpsonV370-2,150
D:\Infosys_AI-Tracefinder\Data\Residuals_vis\EpsonV370-2\150\s7_21_res_vis.png,EpsonV370-2,150
D:\Infosys_AI-Tracefinder\Data\Residuals_vis\EpsonV370-2\150\s7_22_res_vis.png,EpsonV370-2,150
D:\Infosys_AI-Tracefinder\Data\Residuals_vis\EpsonV370-2\150\s7_23_res_vis.png,EpsonV370-2,150
D:\Infosys_AI-Tracefinder\Data\Residuals_vis\EpsonV370-2\150\s7_24_res_vis.png,EpsonV370-2,150
D:\Infosys_AI-Tracefinder\Data\Residuals_vis\EpsonV370-2\150\s7_25_res_vis.png,EpsonV370-2,150
D:\Infosys_AI-Tracefinder\Data\Residuals_vis\EpsonV370-2\150\s7_26_res_vis.png,EpsonV370-2,150
D:\Infosys_AI-Tracefinder\Data\Residuals_vis\EpsonV370-2\150\s7_27_res_vis.png,EpsonV370-2,150
D:\Infosys_AI-Tracefinder\Data\Residuals_vis\EpsonV370-2\150\s7_28_res_vis.png,EpsonV370-2,150
D:\Infosys_AI-Tracefinder\Data\Residuals_vis\EpsonV370-2\150\s7_29_res_vis.png,EpsonV370-2,150
D:\Infosys_AI-Tracefinder\Data\Residuals_vis\EpsonV370-2\150\s7_2_res_vis.png,EpsonV370-2,150
D:\Infosys_AI-Tracefinder\Data\Residuals_vis\EpsonV370-2\150\s7_30_res_vis.png,EpsonV370-2,150
D:\Infosys_AI-Tracefinder\Data\Residuals_vis\EpsonV370-2\150\s7_31_res_vis.png,EpsonV370-2,150
D:\Infosys_AI-Tracefinder\Data\Residuals_vis\EpsonV370-2\150\s7_32_res_vis.png,EpsonV370-2,150
D:\Infosys_AI-Tracefinder\Data\Residuals_vis\EpsonV370-2\150\s7_33_res_vis.png,EpsonV370-2,150
D:\Infosys_AI-Tracefinder\Data\Residuals_vis\EpsonV370-2\150\s7_34_res_vis.png,EpsonV370-2,150
D:\Infosys_AI-Tracefinder\Data\Residuals_vis\EpsonV370-2\150\s7_35_res_vis.png,EpsonV370-2,150
D:\Infosys_AI-Tracefinder\Data\Residuals_vis\EpsonV370-2\150\s7_36_res_vis.png,EpsonV370-2,150
D:\Infosys_AI-Tracefinder\Data\Residuals_vis\EpsonV370-2\150\s7_37_res_vis.png,EpsonV370-2,150
D:\Infosys_AI-Tracefinder\Data\Residuals_vis\EpsonV370-2\150\s7_38_res_vis.png,EpsonV370-2,150
D:\Infosys_AI-Tracefinder\Data\Residuals_vis\EpsonV370-2\150\s7_39_res_vis.png,EpsonV370-2,150
D:\Infosys_AI-Tracefinder\Data\Residuals_vis\EpsonV370-2\150\s7_3_res_vis.png,EpsonV370-2,150
D:\Infosys_AI-Tracefinder\Data\Residuals_vis\EpsonV370-2\150\s7_40_res_vis.png,EpsonV370-2,150
D:\Infosys_AI-Tracefinder\Data\Residuals_vis\EpsonV370-2\150\s7_41_res_vis.png,EpsonV370-2,150
D:\Infosys_AI-Tracefinder\Data\Residuals_vis\EpsonV370-2\150\s7_42_res_vis.png,EpsonV370-2,150
D:\Infosys_AI-Tracefinder\Data\Residuals_vis\EpsonV370-2\150\s7_43_res_vis.png,EpsonV370-2,150
D:\Infosys_AI-Tracefinder\Data\Residuals_vis\EpsonV370-2\150\s7_44_res_vis.png,EpsonV370-2,150
D:\Infosys_AI-Tracefinder\Data\Residuals_vis\EpsonV370-2\150\s7_45_res_vis.png,EpsonV370-2,150
D:\Infosys_AI-Tracefinder\Data\Residuals_vis\EpsonV370-2\150\s7_46_res_vis.png,EpsonV370-2,150
D:\Infosys_AI-Tracefinder\Data\Residuals_vis\EpsonV370-2\150\s7_47_res_vis.png,EpsonV370-2,150
D:\Infosys_AI-Tracefinder\Data\Residuals_vis\EpsonV370-2\150\s7_48_res_vis.png,EpsonV370-2,150
D:\Infosys_AI-Tracefinder\Data\Residuals_vis\EpsonV370-2\150\s7_49_res_vis.png,EpsonV370-2,150
D:\Infosys_AI-Tracefinder\Data\Residuals_vis\EpsonV370-2\150\s7_4_res_vis.png,EpsonV370-2,150
D:\Infosys_AI-Tracefinder\Data\Residuals_vis\EpsonV370-2\150\s7_50_res_vis.png,EpsonV370-2,150
D:\Infosys_AI-Tracefinder\Data\Residuals_vis\EpsonV370-2\150\s7_51_res_vis.png,EpsonV370-2,150
D:\Infosys_AI-Tracefinder\Data\Residuals_vis\EpsonV370-2\150\s7_52_res_vis.png,EpsonV370-2,150
D:\Infosys_AI-Tracefinder\Data\Residuals_vis\EpsonV370-2\150\s7_53_res_vis.png,EpsonV370-2,150
D:\Infosys_AI-Tracefinder\Data\Residuals_vis\EpsonV370-2\150\s7_54_res_vis.png,EpsonV370-2,150
D:\Infosys_AI-Tracefinder\Data\Residuals_vis\EpsonV370-2\150\s7_55_res_vis.png,EpsonV370-2,150
D:\Infosys_AI-Tracefinder\Data\Residuals_vis\EpsonV370-2\150\s7_56_res_vis.png,EpsonV370-2,150
D:\Infosys_AI-Tracefinder\Data\Residuals_vis\EpsonV370-2\150\s7_57_res_vis.png,EpsonV370-2,150
D:\Infosys_AI-Tracefinder\Data\Residuals_vis\EpsonV370-2\150\s7_58_res_vis.png,EpsonV370-2,150
D:\Infosys_AI-Tracefinder\Data\Residuals_vis\EpsonV370-2\150\s7_59_res_vis.png,EpsonV370-2,150
D:\Infosys_AI-Tracefinder\Data\Residuals_vis\EpsonV370-2\150\s7_5_res_vis.png,EpsonV370-2,150
D:\Infosys_AI-Tracefinder\Data\Residuals_vis\EpsonV370-2\150\s7_60_res_vis.png,EpsonV370-2,150
D:\Infosys_AI-Tracefinder\Data\Residuals_vis\EpsonV370-2\150\s7_61_res_vis.png,EpsonV370-2,150
D:\Infosys_AI-Tracefinder\Data\Residuals_vis\EpsonV370-2\150\s7_62_res_vis.png,EpsonV370-2,150
D:\Infosys_AI-Tracefinder\Data\Residuals_vis\EpsonV370-2\150\s7_63_res_vis.png,EpsonV370-2,150
D:\Infosys_AI-Tracefinder\Data\Residuals_vis\EpsonV370-2\150\s7_64_res_vis.png,EpsonV370-2,150
D:\Infosys_AI-Tracefinder\Data\Residuals_vis\EpsonV370-2\150\s7_65_res_vis.png,EpsonV370-2,150
D:\Infosys_AI-Tracefinder\Data\Residuals_vis\EpsonV370-2\150\s7_66_res_vis.png,EpsonV370-2,150
D:\Infosys_AI-Tracefinder\Data\Residuals_vis\EpsonV370-2\150\s7_67_res_vis.png,EpsonV370-2,150
D:\Infosys_AI-Tracefinder\Data\Residuals_vis\EpsonV370-2\150\s7_68_res_vis.png,EpsonV370-2,150
D:\Infosys_AI-Tracefinder\Data\Residuals_vis\EpsonV370-2\150\s7_69_res_vis.png,EpsonV370-2,150
D:\Infosys_AI-Tracefinder\Data\Residuals_vis\EpsonV370-2\150\s7_6_res_vis.png,EpsonV370-2,150
D:\Infosys_AI-Tracefinder\Data\Residuals_vis\EpsonV370-2\150\s7_70_res_vis.png,EpsonV370-2,150
D:\Infosys_AI-Tracefinder\Data\Residuals_vis\EpsonV370-2\150\s7_71_res_vis.png,EpsonV370-2,150
D:\Infosys_AI-Tracefinder\Data\Residuals_vis\EpsonV370-2\150\s7_72_res_vis.png,EpsonV370-2,150
D:\Infosys_AI-Tracefinder\Data\Residuals_vis\EpsonV370-2\150\s7_73_res_vis.png,EpsonV370-2,150
D:\Infosys_AI-Tracefinder\Data\Residuals_vis\EpsonV370-2\150\s7_74_res_vis.png,EpsonV370-2,150
D:\Infosys_AI-Tracefinder\Data\Residuals_vis\EpsonV370-2\150\s7_75_res_vis.png,EpsonV370-2,150
D:\Infosys_AI-Tracefinder\Data\Residuals_vis\EpsonV370-2\150\s7_76_res_vis.png,EpsonV370-2,150
D:\Infosys_AI-Tracefinder\Data\Residuals_vis\EpsonV370-2\150\s7_77_res_vis.png,EpsonV370-2,150
D:\Infosys_AI-Tracefinder\Data\Residuals_vis\EpsonV370-2\150\s7_78_res_vis.png,EpsonV370-2,150
D:\Infosys_AI-Tracefinder\Data\Residuals_vis\EpsonV370-2\150\s7_79_res_vis.png,EpsonV370-2,150
D:\Infosys_AI-Tracefinder\Data\Residuals_vis\EpsonV370-2\150\s7_7_res_vis.png,EpsonV370-2,150
D:\Infosys_AI-Tracefinder\Data\Residuals_vis\EpsonV370-2\150\s7_80_res_vis.png,EpsonV370-2,150
D:\Infosys_AI-Tracefinder\Data\Residuals_vis\EpsonV370-2\150\s7_81_res_vis.png,EpsonV370-2,150
D:\Infosys_AI-Tracefinder\Data\Residuals_vis\EpsonV370-2\150\s7_82_res_vis.png,EpsonV370-2,150
D:\Infosys_AI-Tracefinder\Data\Residuals_vis\EpsonV370-2\150\s7_83_res_vis.png,EpsonV370-2,150
D:\Infosys_AI-Tracefinder\Data\Residuals_vis\EpsonV370-2\150\s7_84_res_vis.png,EpsonV370-2,150
D:\Infosys_AI-Tracefinder\Data\Residuals_vis\EpsonV370-2\150\s7_85_res_vis.png,EpsonV370-2,150
D:\Infosys_AI-Tracefinder\Data\Residuals_vis\EpsonV370-2\150\s7_86_res_vis.png,EpsonV370-2,150
D:\Infosys_AI-Tracefinder\Data\Residuals_vis\EpsonV370-2\150\s7_87_res_vis.png,EpsonV370-2,150
D:\Infosys_AI-Tracefinder\Data\Residuals_vis\EpsonV370-2\150\s7_88_res_vis.png,EpsonV370-2,150
D:\Infosys_AI-Tracefinder\Data\Residuals_vis\EpsonV370-2\150\s7_89_res_vis.png,EpsonV370-2,150
D:\Infosys_AI-Tracefinder\Data\Residuals_vis\EpsonV370-2\150\s7_8_res_vis.png,EpsonV370-2,150
D:\Infosys_AI-Tracefinder\Data\Residuals_vis\EpsonV370-2\150\s7_90_res_vis.png,EpsonV370-2,150
D:\Infosys_AI-Tracefinder\Data\Residuals_vis\EpsonV370-2\150\s7_91_res_vis.png,EpsonV370-2,150
D:\Infosys_AI-Tracefinder\Data\Residuals_vis\EpsonV370-2\150\s7_92_res_vis.png,EpsonV370-2,150
D:\Infosys_AI-Tracefinder\Data\Residuals_vis\EpsonV370-2\150\s7_93_res_vis.png,EpsonV370-2,150
D:\Infosys_AI-Tracefinder\Data\Residuals_vis\EpsonV370-2\150\s7_94_res_vis.png,EpsonV370-2,150
D:\Infosys_AI-Tracefinder\Data\Residuals_vis\EpsonV370-2\150\s7_95_res_vis.png,EpsonV370-2,150
D:\Infosys_AI-Tracefinder\Data\Residuals_vis\EpsonV370-2\150\s7_96_res_vis.png,EpsonV370-2,150
D:\Infosys_AI-Tracefinder\Data\Residuals_vis\EpsonV370-2\150\s7_97_res_vis.png,EpsonV370-2,150
D:\Infosys_AI-Tracefinder\Data\Residuals_vis\EpsonV370-2\150\s7_98_res_vis.png,EpsonV370-2,150
D:\Infosys_AI-Tracefinder\Data\Residuals_vis\EpsonV370-2\150\s7_99_res_vis.png,EpsonV370-2,150
D:\Infosys_AI-Tracefinder\Data\Residuals_vis\EpsonV370-2\150\s7_9_res_vis.png,EpsonV370-2,150
D:\Infosys_AI-Tracefinder\Data\Residuals_vis\EpsonV370-2\300\s7_100_res_vis.png,EpsonV370-2,300
D:\Infosys_AI-Tracefinder\Data\Residuals_vis\EpsonV370-2\300\s7_10_res_vis.png,EpsonV370-2,300
D:\Infosys_AI-Tracefinder\Data\Residuals_vis\EpsonV370-2\300\s7_11_res_vis.png,EpsonV370-2,300
D:\Infosys_AI-Tracefinder\Data\Residuals_vis\EpsonV370-2\300\s7_12_res_vis.png,EpsonV370-2,300
D:\Infosys_AI-Tracefinder\Data\Residuals_vis\EpsonV370-2\300\s7_13_res_vis.png,EpsonV370-2,300
D:\Infosys_AI-Tracefinder\Data\Residuals_vis\EpsonV370-2\300\s7_14_res_vis.png,EpsonV370-2,300
D:\Infosys_AI-Tracefinder\Data\Residuals_vis\EpsonV370-2\300\s7_15_res_vis.png,EpsonV370-2,300
D:\Infosys_AI-Tracefinder\Data\Residuals_vis\EpsonV370-2\300\s7_16_res_vis.png,EpsonV370-2,300
D:\Infosys_AI-Tracefinder\Data\Residuals_vis\EpsonV370-2\300\s7_17_res_vis.png,EpsonV370-2,300
D:\Infosys_AI-Tracefinder\Data\Residuals_vis\EpsonV370-2\300\s7_18_res_vis.png,EpsonV370-2,300
D:\Infosys_AI-Tracefinder\Data\Residuals_vis\EpsonV370-2\300\s7_19_res_vis.png,EpsonV370-2,300
D:\Infosys_AI-Tracefinder\Data\Residuals_vis\EpsonV370-2\300\s7_1_res_vis.png,EpsonV370-2,300
D:\Infosys_AI-Tracefinder\Data\Residuals_vis\EpsonV370-2\300\s7_20_res_vis.png,EpsonV370-2,300
D:\Infosys_AI-Tracefinder\Data\Residuals_vis\EpsonV370-2\300\s7_21_res_vis.png,EpsonV370-2,300
D:\Infosys_AI-Tracefinder\Data\Residuals_vis\EpsonV370-2\300\s7_22_res_vis.png,EpsonV370-2,300
D:\Infosys_AI-Tracefinder\Data\Residuals_vis\EpsonV370-2\300\s7_23_res_vis.png,EpsonV370-2,300
D:\Infosys_AI-Tracefinder\Data\Residuals_vis\EpsonV370-2\300\s7_24_res_vis.png,EpsonV370-2,300
D:\Infosys_AI-Tracefinder\Data\Residuals_vis\EpsonV370-2\300\s7_25_res_vis.png,EpsonV370-2,300
D:\Infosys_AI-Tracefinder\Data\Residuals_vis\EpsonV370-2\300\s7_26_res_vis.png,EpsonV370-2,300
D:\Infosys_AI-Tracefinder\Data\Residuals_vis\EpsonV370-2\300\s7_27_res_vis.png,EpsonV370-2,300
D:\Infosys_AI-Tracefinder\Data\Residuals_vis\EpsonV370-2\300\s7_28_res_vis.png,EpsonV370-2,300
D:\Infosys_AI-Tracefinder\Data\Residuals_vis\EpsonV370-2\300\s7_29_res_vis.png,EpsonV370-2,300
D:\Infosys_AI-Tracefinder\Data\Residuals_vis\EpsonV370-2\300\s7_2_res_vis.png,EpsonV370-2,300
D:\Infosys_AI-Tracefinder\Data\Residuals_vis\EpsonV370-2\300\s7_30_res_vis.png,EpsonV370-2,300
D:\Infosys_AI-Tracefinder\Data\Residuals_vis\EpsonV370-2\300\s7_31_res_vis.png,EpsonV370-2,300
D:\Infosys_AI-Tracefinder\Data\Residuals_vis\EpsonV370-2\300\s7_32_res_vis.png,EpsonV370-2,300
D:\Infosys_AI-Tracefinder\Data\Residuals_vis\EpsonV370-2\300\s7_33_res_vis.png,EpsonV370-2,300
D:\Infosys_AI-Tracefinder\Data\Residuals_vis\EpsonV370-2\300\s7_34_res_vis.png,EpsonV370-2,300
D:\Infosys_AI-Tracefinder\Data\Residuals_vis\EpsonV370-2\300\s7_35_res_vis.png,EpsonV370-2,300
D:\Infosys_AI-Tracefinder\Data\Residuals_vis\EpsonV370-2\300\s7_36_res_vis.png,EpsonV370-2,300
D:\Infosys_AI-Tracefinder\Data\Residuals_vis\EpsonV370-2\300\s7_37_res_vis.png,EpsonV370-2,300
D:\Infosys_AI-Tracefinder\Data\Residuals_vis\EpsonV370-2\300\s7_38_res_vis.png,EpsonV370-2,300
D:\Infosys_AI-Tracefinder\Data\Residuals_vis\EpsonV370-2\300\s7_39_res_vis.png,EpsonV370-2,300
D:\Infosys_AI-Tracefinder\Data\Residuals_vis\EpsonV370-2\300\s7_3_res_vis.png,EpsonV370-2,300
D:\Infosys_AI-Tracefinder\Data\Residuals_vis\EpsonV370-2\300\s7_40_res_vis.png,EpsonV370-2,300
D:\Infosys_AI-Tracefinder\Data\Residuals_vis\EpsonV370-2\300\s7_41_res_vis.png,EpsonV370-2,300
D:\Infosys_AI-Tracefinder\Data\Residuals_vis\EpsonV370-2\300\s7_42_res_vis.png,EpsonV370-2,300
D:\Infosys_AI-Tracefinder\Data\Residuals_vis\EpsonV370-2\300\s7_43_res_vis.png,EpsonV370-2,300
D:\Infosys_AI-Tracefinder\Data\Residuals_vis\EpsonV370-2\300\s7_44_res_vis.png,EpsonV370-2,300
D:\Infosys_AI-Tracefinder\Data\Residuals_vis\EpsonV370-2\300\s7_45_res_vis.png,EpsonV370-2,300
D:\Infosys_AI-Tracefinder\Data\Residuals_vis\EpsonV370-2\300\s7_46_res_vis.png,EpsonV370-2,300
D:\Infosys_AI-Tracefinder\Data\Residuals_vis\EpsonV370-2\300\s7_47_res_vis.png,EpsonV370-2,300
D:\Infosys_AI-Tracefinder\Data\Residuals_vis\EpsonV370-2\300\s7_48_res_vis.png,EpsonV370-2,300
D:\Infosys_AI-Tracefinder\Data\Residuals_vis\EpsonV370-2\300\s7_49_res_vis.png,EpsonV370-2,300
D:\Infosys_AI-Tracefinder\Data\Residuals_vis\EpsonV370-2\300\s7_4_res_vis.png,EpsonV370-2,300
D:\Infosys_AI-Tracefinder\Data\Residuals_vis\EpsonV370-2\300\s7_50_res_vis.png,EpsonV370-2,300
D:\Infosys_AI-Tracefinder\Data\Residuals_vis\EpsonV370-2\300\s7_51_res_vis.png,EpsonV370-2,300
D:\Infosys_AI-Tracefinder\Data\Residuals_vis\EpsonV370-2\300\s7_52_res_vis.png,EpsonV370-2,300
D:\Infosys_AI-Tracefinder\Data\Residuals_vis\EpsonV370-2\300\s7_53_res_vis.png,EpsonV370-2,300
D:\Infosys_AI-Tracefinder\Data\Residuals_vis\EpsonV370-2\300\s7_54_res_vis.png,EpsonV370-2,300
D:\Infosys_AI-Tracefinder\Data\Residuals_vis\EpsonV370-2\300\s7_55_res_vis.png,EpsonV370-2,300
D:\Infosys_AI-Tracefinder\Data\Residuals_vis\EpsonV370-2\300\s7_56_res_vis.png,EpsonV370-2,300
D:\Infosys_AI-Tracefinder\Data\Residuals_vis\EpsonV370-2\300\s7_57_res_vis.png,EpsonV370-2,300
D:\Infosys_AI-Tracefinder\Data\Residuals_vis\EpsonV370-2\300\s7_58_res_vis.png,EpsonV370-2,300
D:\Infosys_AI-Tracefinder\Data\Residuals_vis\EpsonV370-2\300\s7_59_res_vis.png,EpsonV370-2,300
D:\Infosys_AI-Tracefinder\Data\Residuals_vis\EpsonV370-2\300\s7_5_res_vis.png,EpsonV370-2,300
D:\Infosys_AI-Tracefinder\Data\Residuals_vis\EpsonV370-2\300\s7_60_res_vis.png,EpsonV370-2,300
D:\Infosys_AI-Tracefinder\Data\Residuals_vis\EpsonV370-2\300\s7_61_res_vis.png,EpsonV370-2,300
D:\Infosys_AI-Tracefinder\Data\Residuals_vis\EpsonV370-2\300\s7_62_res_vis.png,EpsonV370-2,300
D:\Infosys_AI-Tracefinder\Data\Residuals_vis\EpsonV370-2\300\s7_63_res_vis.png,EpsonV370-2,300
D:\Infosys_AI-Tracefinder\Data\Residuals_vis\EpsonV370-2\300\s7_64_res_vis.png,EpsonV370-2,300
D:\Infosys_AI-Tracefinder\Data\Residuals_vis\EpsonV370-2\300\s7_65_res_vis.png,EpsonV370-2,300
D:\Infosys_AI-Tracefinder\Data\Residuals_vis\EpsonV370-2\300\s7_66_res_vis.png,EpsonV370-2,300
D:\Infosys_AI-Tracefinder\Data\Residuals_vis\EpsonV370-2\300\s7_67_res_vis.png,EpsonV370-2,300
D:\Infosys_AI-Tracefinder\Data\Residuals_vis\EpsonV370-2\300\s7_68_res_vis.png,EpsonV370-2,300
D:\Infosys_AI-Tracefinder\Data\Residuals_vis\EpsonV370-2\300\s7_69_res_vis.png,EpsonV370-2,300
D:\Infosys_AI-Tracefinder\Data\Residuals_vis\EpsonV370-2\300\s7_6_res_vis.png,EpsonV370-2,300
D:\Infosys_AI-Tracefinder\Data\Residuals_vis\EpsonV370-2\300\s7_70_res_vis.png,EpsonV370-2,300
D:\Infosys_AI-Tracefinder\Data\Residuals_vis\EpsonV370-2\300\s7_71_res_vis.png,EpsonV370-2,300
D:\Infosys_AI-Tracefinder\Data\Residuals_vis\EpsonV370-2\300\s7_72_res_vis.png,EpsonV370-2,300
D:\Infosys_AI-Tracefinder\Data\Residuals_vis\EpsonV370-2\300\s7_73_res_vis.png,EpsonV370-2,300
D:\Infosys_AI-Tracefinder\Data\Residuals_vis\EpsonV370-2\300\s7_74_res_vis.png,EpsonV370-2,300
D:\Infosys_AI-Tracefinder\Data\Residuals_vis\EpsonV370-2\300\s7_75_res_vis.png,EpsonV370-2,300
D:\Infosys_AI-Tracefinder\Data\Residuals_vis\EpsonV370-2\300\s7_76_res_vis.png,EpsonV370-2,300
D:\Infosys_AI-Tracefinder\Data\Residuals_vis\EpsonV370-2\300\s7_77_res_vis.png,EpsonV370-2,300
D:\Infosys_AI-Tracefinder\Data\Residuals_vis\EpsonV370-2\300\s7_78_res_vis.png,EpsonV370-2,300
D:\Infosys_AI-Tracefinder\Data\Residuals_vis\EpsonV370-2\300\s7_79_res_vis.png,EpsonV370-2,300
D:\Infosys_AI-Tracefinder\Data\Residuals_vis\EpsonV370-2\300\s7_7_res_vis.png,EpsonV370-2,300
D:\Infosys_AI-Tracefinder\Data\Residuals_vis\EpsonV370-2\300\s7_80_res_vis.png,EpsonV370-2,300
D:\Infosys_AI-Tracefinder\Data\Residuals_vis\EpsonV370-2\300\s7_81_res_vis.png,EpsonV370-2,300
D:\Infosys_AI-Tracefinder\Data\Residuals_vis\EpsonV370-2\300\s7_82_res_vis.png,EpsonV370-2,300
D:\Infosys_AI-Tracefinder\Data\Residuals_vis\EpsonV370-2\300\s7_83_res_vis.png,EpsonV370-2,300
D:\Infosys_AI-Tracefinder\Data\Residuals_vis\EpsonV370-2\300\s7_84_res_vis.png,EpsonV370-2,300
D:\Infosys_AI-Tracefinder\Data\Residuals_vis\EpsonV370-2\300\s7_85_res_vis.png,EpsonV370-2,300
D:\Infosys_AI-Tracefinder\Data\Residuals_vis\EpsonV370-2\300\s7_86_res_vis.png,EpsonV370-2,300
D:\Infosys_AI-Tracefinder\Data\Residuals_vis\EpsonV370-2\300\s7_87_res_vis.png,EpsonV370-2,300
D:\Infosys_AI-Tracefinder\Data\Residuals_vis\EpsonV370-2\300\s7_88_res_vis.png,EpsonV370-2,300
D:\Infosys_AI-Tracefinder\Data\Residuals_vis\EpsonV370-2\300\s7_89_res_vis.png,EpsonV370-2,300
D:\Infosys_AI-Tracefinder\Data\Residuals_vis\EpsonV370-2\300\s7_8_res_vis.png,EpsonV370-2,300
D:\Infosys_AI-Tracefinder\Data\Residuals_vis\EpsonV370-2\300\s7_90_res_vis.png,EpsonV370-2,300
D:\Infosys_AI-Tracefinder\Data\Residuals_vis\EpsonV370-2\300\s7_91_res_vis.png,EpsonV370-2,300
D:\Infosys_AI-Tracefinder\Data\Residuals_vis\EpsonV370-2\300\s7_92_res_vis.png,EpsonV370-2,300
D:\Infosys_AI-Tracefinder\Data\Residuals_vis\EpsonV370-2\300\s7_93_res_vis.png,EpsonV370-2,300
D:\Infosys_AI-Tracefinder\Data\Residuals_vis\EpsonV370-2\300\s7_94_res_vis.png,EpsonV370-2,300
D:\Infosys_AI-Tracefinder\Data\Residuals_vis\EpsonV370-2\300\s7_95_res_vis.png,EpsonV370-2,300
D:\Infosys_AI-Tracefinder\Data\Residuals_vis\EpsonV370-2\300\s7_96_res_vis.png,EpsonV370-2,300
D:\Infosys_AI-Tracefinder\Data\Residuals_vis\EpsonV370-2\300\s7_97_res_vis.png,EpsonV370-2,300
D:\Infosys_AI-Tracefinder\Data\Residuals_vis\EpsonV370-2\300\s7_98_res_vis.png,EpsonV370-2,300
D:\Infosys_AI-Tracefinder\Data\Residuals_vis\EpsonV370-2\300\s7_99_res_vis.png,EpsonV370-2,300
D:\Infosys_AI-Tracefinder\Data\Residuals_vis\EpsonV370-2\300\s7_9_res_vis.png,EpsonV370-2,300
D:\Infosys_AI-Tracefinder\Data\Residuals_vis\EpsonV39-1\150\s8_100_res_vis.png,EpsonV39-1,150
D:\Infosys_AI-Tracefinder\Data\Residuals_vis\EpsonV39-1\150\s8_10_res_vis.png,EpsonV39-1,150
D:\Infosys_AI-Tracefinder\Data\Residuals_vis\EpsonV39-1\150\s8_11_res_vis.png,EpsonV39-1,150
D:\Infosys_AI-Tracefinder\Data\Residuals_vis\EpsonV39-1\150\s8_12_res_vis.png,EpsonV39-1,150
D:\Infosys_AI-Tracefinder\Data\Residuals_vis\EpsonV39-1\150\s8_13_res_vis.png,EpsonV39-1,150
D:\Infosys_AI-Tracefinder\Data\Residuals_vis\EpsonV39-1\150\s8_14_res_vis.png,EpsonV39-1,150
D:\Infosys_AI-Tracefinder\Data\Residuals_vis\EpsonV39-1\150\s8_15_res_vis.png,EpsonV39-1,150
D:\Infosys_AI-Tracefinder\Data\Residuals_vis\EpsonV39-1\150\s8_16_res_vis.png,EpsonV39-1,150
D:\Infosys_AI-Tracefinder\Data\Residuals_vis\EpsonV39-1\150\s8_17_res_vis.png,EpsonV39-1,150
D:\Infosys_AI-Tracefinder\Data\Residuals_vis\EpsonV39-1\150\s8_18_res_vis.png,EpsonV39-1,150
D:\Infosys_AI-Tracefinder\Data\Residuals_vis\EpsonV39-1\150\s8_19_res_vis.png,EpsonV39-1,150
D:\Infosys_AI-Tracefinder\Data\Residuals_vis\EpsonV39-1\150\s8_1_res_vis.png,EpsonV39-1,150
D:\Infosys_AI-Tracefinder\Data\Residuals_vis\EpsonV39-1\150\s8_20_res_vis.png,EpsonV39-1,150
D:\Infosys_AI-Tracefinder\Data\Residuals_vis\EpsonV39-1\150\s8_21_res_vis.png,EpsonV39-1,150
D:\Infosys_AI-Tracefinder\Data\Residuals_vis\EpsonV39-1\150\s8_22_res_vis.png,EpsonV39-1,150
D:\Infosys_AI-Tracefinder\Data\Residuals_vis\EpsonV39-1\150\s8_23_res_vis.png,EpsonV39-1,150
D:\Infosys_AI-Tracefinder\Data\Residuals_vis\EpsonV39-1\150\s8_24_res_vis.png,EpsonV39-1,150
D:\Infosys_AI-Tracefinder\Data\Residuals_vis\EpsonV39-1\150\s8_25_res_vis.png,EpsonV39-1,150
D:\Infosys_AI-Tracefinder\Data\Residuals_vis\EpsonV39-1\150\s8_26_res_vis.png,EpsonV39-1,150
D:\Infosys_AI-Tracefinder\Data\Residuals_vis\EpsonV39-1\150\s8_27_res_vis.png,EpsonV39-1,150
D:\Infosys_AI-Tracefinder\Data\Residuals_vis\EpsonV39-1\150\s8_28_res_vis.png,EpsonV39-1,150
D:\Infosys_AI-Tracefinder\Data\Residuals_vis\EpsonV39-1\150\s8_29_res_vis.png,EpsonV39-1,150
D:\Infosys_AI-Tracefinder\Data\Residuals_vis\EpsonV39-1\150\s8_2_res_vis.png,EpsonV39-1,150
D:\Infosys_AI-Tracefinder\Data\Residuals_vis\EpsonV39-1\150\s8_30_res_vis.png,EpsonV39-1,150
D:\Infosys_AI-Tracefinder\Data\Residuals_vis\EpsonV39-1\150\s8_31_res_vis.png,EpsonV39-1,150
D:\Infosys_AI-Tracefinder\Data\Residuals_vis\EpsonV39-1\150\s8_32_res_vis.png,EpsonV39-1,150
D:\Infosys_AI-Tracefinder\Data\Residuals_vis\EpsonV39-1\150\s8_33_res_vis.png,EpsonV39-1,150
D:\Infosys_AI-Tracefinder\Data\Residuals_vis\EpsonV39-1\150\s8_34_res_vis.png,EpsonV39-1,150
D:\Infosys_AI-Tracefinder\Data\Residuals_vis\EpsonV39-1\150\s8_35_res_vis.png,EpsonV39-1,150
D:\Infosys_AI-Tracefinder\Data\Residuals_vis\EpsonV39-1\150\s8_36_res_vis.png,EpsonV39-1,150
D:\Infosys_AI-Tracefinder\Data\Residuals_vis\EpsonV39-1\150\s8_37_res_vis.png,EpsonV39-1,150
D:\Infosys_AI-Tracefinder\Data\Residuals_vis\EpsonV39-1\150\s8_38_res_vis.png,EpsonV39-1,150
D:\Infosys_AI-Tracefinder\Data\Residuals_vis\EpsonV39-1\150\s8_39_res_vis.png,EpsonV39-1,150
D:\Infosys_AI-Tracefinder\Data\Residuals_vis\EpsonV39-1\150\s8_3_res_vis.png,EpsonV39-1,150
D:\Infosys_AI-Tracefinder\Data\Residuals_vis\EpsonV39-1\150\s8_40_res_vis.png,EpsonV39-1,150
D:\Infosys_AI-Tracefinder\Data\Residuals_vis\EpsonV39-1\150\s8_41_res_vis.png,EpsonV39-1,150
D:\Infosys_AI-Tracefinder\Data\Residuals_vis\EpsonV39-1\150\s8_42_res_vis.png,EpsonV39-1,150
D:\Infosys_AI-Tracefinder\Data\Residuals_vis\EpsonV39-1\150\s8_43_res_vis.png,EpsonV39-1,150
D:\Infosys_AI-Tracefinder\Data\Residuals_vis\EpsonV39-1\150\s8_44_res_vis.png,EpsonV39-1,150
D:\Infosys_AI-Tracefinder\Data\Residuals_vis\EpsonV39-1\150\s8_45_res_vis.png,EpsonV39-1,150
D:\Infosys_AI-Tracefinder\Data\Residuals_vis\EpsonV39-1\150\s8_46_res_vis.png,EpsonV39-1,150
D:\Infosys_AI-Tracefinder\Data\Residuals_vis\EpsonV39-1\150\s8_47_res_vis.png,EpsonV39-1,150
D:\Infosys_AI-Tracefinder\Data\Residuals_vis\EpsonV39-1\150\s8_48_res_vis.png,EpsonV39-1,150
D:\Infosys_AI-Tracefinder\Data\Residuals_vis\EpsonV39-1\150\s8_49_res_vis.png,EpsonV39-1,150
D:\Infosys_AI-Tracefinder\Data\Residuals_vis\EpsonV39-1\150\s8_4_res_vis.png,EpsonV39-1,150
D:\Infosys_AI-Tracefinder\Data\Residuals_vis\EpsonV39-1\150\s8_50_res_vis.png,EpsonV39-1,150
D:\Infosys_AI-Tracefinder\Data\Residuals_vis\EpsonV39-1\150\s8_51_res_vis.png,EpsonV39-1,150
D:\Infosys_AI-Tracefinder\Data\Residuals_vis\EpsonV39-1\150\s8_52_res_vis.png,EpsonV39-1,150
D:\Infosys_AI-Tracefinder\Data\Residuals_vis\EpsonV39-1\150\s8_53_res_vis.png,EpsonV39-1,150
D:\Infosys_AI-Tracefinder\Data\Residuals_vis\EpsonV39-1\150\s8_54_res_vis.png,EpsonV39-1,150
D:\Infosys_AI-Tracefinder\Data\Residuals_vis\EpsonV39-1\150\s8_55_res_vis.png,EpsonV39-1,150
D:\Infosys_AI-Tracefinder\Data\Residuals_vis\EpsonV39-1\150\s8_56_res_vis.png,EpsonV39-1,150
D:\Infosys_AI-Tracefinder\Data\Residuals_vis\EpsonV39-1\150\s8_57_res_vis.png,EpsonV39-1,150
D:\Infosys_AI-Tracefinder\Data\Residuals_vis\EpsonV39-1\150\s8_58_res_vis.png,EpsonV39-1,150
D:\Infosys_AI-Tracefinder\Data\Residuals_vis\EpsonV39-1\150\s8_59_res_vis.png,EpsonV39-1,150
D:\Infosys_AI-Tracefinder\Data\Residuals_vis\EpsonV39-1\150\s8_5_res_vis.png,EpsonV39-1,150
D:\Infosys_AI-Tracefinder\Data\Residuals_vis\EpsonV39-1\150\s8_60_res_vis.png,EpsonV39-1,150
D:\Infosys_AI-Tracefinder\Data\Residuals_vis\EpsonV39-1\150\s8_61_res_vis.png,EpsonV39-1,150
D:\Infosys_AI-Tracefinder\Data\Residuals_vis\EpsonV39-1\150\s8_62_res_vis.png,EpsonV39-1,150
D:\Infosys_AI-Tracefinder\Data\Residuals_vis\EpsonV39-1\150\s8_63_res_vis.png,EpsonV39-1,150
D:\Infosys_AI-Tracefinder\Data\Residuals_vis\EpsonV39-1\150\s8_64_res_vis.png,EpsonV39-1,150
D:\Infosys_AI-Tracefinder\Data\Residuals_vis\EpsonV39-1\150\s8_65_res_vis.png,EpsonV39-1,150
D:\Infosys_AI-Tracefinder\Data\Residuals_vis\EpsonV39-1\150\s8_66_res_vis.png,EpsonV39-1,150
D:\Infosys_AI-Tracefinder\Data\Residuals_vis\EpsonV39-1\150\s8_67_res_vis.png,EpsonV39-1,150
D:\Infosys_AI-Tracefinder\Data\Residuals_vis\EpsonV39-1\150\s8_68_res_vis.png,EpsonV39-1,150
D:\Infosys_AI-Tracefinder\Data\Residuals_vis\EpsonV39-1\150\s8_69_res_vis.png,EpsonV39-1,150
D:\Infosys_AI-Tracefinder\Data\Residuals_vis\EpsonV39-1\150\s8_6_res_vis.png,EpsonV39-1,150
D:\Infosys_AI-Tracefinder\Data\Residuals_vis\EpsonV39-1\150\s8_70_res_vis.png,EpsonV39-1,150
D:\Infosys_AI-Tracefinder\Data\Residuals_vis\EpsonV39-1\150\s8_71_res_vis.png,EpsonV39-1,150
D:\Infosys_AI-Tracefinder\Data\Residuals_vis\EpsonV39-1\150\s8_72_res_vis.png,EpsonV39-1,150
D:\Infosys_AI-Tracefinder\Data\Residuals_vis\EpsonV39-1\150\s8_73_res_vis.png,EpsonV39-1,150
D:\Infosys_AI-Tracefinder\Data\Residuals_vis\EpsonV39-1\150\s8_74_res_vis.png,EpsonV39-1,150
D:\Infosys_AI-Tracefinder\Data\Residuals_vis\EpsonV39-1\150\s8_75_res_vis.png,EpsonV39-1,150
D:\Infosys_AI-Tracefinder\Data\Residuals_vis\EpsonV39-1\150\s8_76_res_vis.png,EpsonV39-1,150
D:\Infosys_AI-Tracefinder\Data\Residuals_vis\EpsonV39-1\150\s8_77_res_vis.png,EpsonV39-1,150
D:\Infosys_AI-Tracefinder\Data\Residuals_vis\EpsonV39-1\150\s8_78_res_vis.png,EpsonV39-1,150
D:\Infosys_AI-Tracefinder\Data\Residuals_vis\EpsonV39-1\150\s8_79_res_vis.png,EpsonV39-1,150
D:\Infosys_AI-Tracefinder\Data\Residuals_vis\EpsonV39-1\150\s8_7_res_vis.png,EpsonV39-1,150
D:\Infosys_AI-Tracefinder\Data\Residuals_vis\EpsonV39-1\150\s8_80_res_vis.png,EpsonV39-1,150
D:\Infosys_AI-Tracefinder\Data\Residuals_vis\EpsonV39-1\150\s8_81_res_vis.png,EpsonV39-1,150
D:\Infosys_AI-Tracefinder\Data\Residuals_vis\EpsonV39-1\150\s8_82_res_vis.png,EpsonV39-1,150
D:\Infosys_AI-Tracefinder\Data\Residuals_vis\EpsonV39-1\150\s8_83_res_vis.png,EpsonV39-1,150
D:\Infosys_AI-Tracefinder\Data\Residuals_vis\EpsonV39-1\150\s8_84_res_vis.png,EpsonV39-1,150
D:\Infosys_AI-Tracefinder\Data\Residuals_vis\EpsonV39-1\150\s8_85_res_vis.png,EpsonV39-1,150
D:\Infosys_AI-Tracefinder\Data\Residuals_vis\EpsonV39-1\150\s8_86_res_vis.png,EpsonV39-1,150
D:\Infosys_AI-Tracefinder\Data\Residuals_vis\EpsonV39-1\150\s8_87_res_vis.png,EpsonV39-1,150
D:\Infosys_AI-Tracefinder\Data\Residuals_vis\EpsonV39-1\150\s8_88_res_vis.png,EpsonV39-1,150
D:\Infosys_AI-Tracefinder\Data\Residuals_vis\EpsonV39-1\150\s8_89_res_vis.png,EpsonV39-1,150
D:\Infosys_AI-Tracefinder\Data\Residuals_vis\EpsonV39-1\150\s8_8_res_vis.png,EpsonV39-1,150
D:\Infosys_AI-Tracefinder\Data\Residuals_vis\EpsonV39-1\150\s8_90_res_vis.png,EpsonV39-1,150
D:\Infosys_AI-Tracefinder\Data\Residuals_vis\EpsonV39-1\150\s8_91_res_vis.png,EpsonV39-1,150
D:\Infosys_AI-Tracefinder\Data\Residuals_vis\EpsonV39-1\150\s8_92_res_vis.png,EpsonV39-1,150
D:\Infosys_AI-Tracefinder\Data\Residuals_vis\EpsonV39-1\150\s8_93_res_vis.png,EpsonV39-1,150
D:\Infosys_AI-Tracefinder\Data\Residuals_vis\EpsonV39-1\150\s8_94_res_vis.png,EpsonV39-1,150
D:\Infosys_AI-Tracefinder\Data\Residuals_vis\EpsonV39-1\150\s8_95_res_vis.png,EpsonV39-1,150
D:\Infosys_AI-Tracefinder\Data\Residuals_vis\EpsonV39-1\150\s8_96_res_vis.png,EpsonV39-1,150
D:\Infosys_AI-Tracefinder\Data\Residuals_vis\EpsonV39-1\150\s8_97_res_vis.png,EpsonV39-1,150
D:\Infosys_AI-Tracefinder\Data\Residuals_vis\EpsonV39-1\150\s8_98_res_vis.png,EpsonV39-1,150
D:\Infosys_AI-Tracefinder\Data\Residuals_vis\EpsonV39-1\150\s8_99_res_vis.png,EpsonV39-1,150
D:\Infosys_AI-Tracefinder\Data\Residuals_vis\EpsonV39-1\150\s8_9_res_vis.png,EpsonV39-1,150
D:\Infosys_AI-Tracefinder\Data\Residuals_vis\EpsonV39-1\300\s8_100_res_vis.png,EpsonV39-1,300
D:\Infosys_AI-Tracefinder\Data\Residuals_vis\EpsonV39-1\300\s8_10_res_vis.png,EpsonV39-1,300
D:\Infosys_AI-Tracefinder\Data\Residuals_vis\EpsonV39-1\300\s8_11_res_vis.png,EpsonV39-1,300
D:\Infosys_AI-Tracefinder\Data\Residuals_vis\EpsonV39-1\300\s8_12_res_vis.png,EpsonV39-1,300
D:\Infosys_AI-Tracefinder\Data\Residuals_vis\EpsonV39-1\300\s8_13_res_vis.png,EpsonV39-1,300
D:\Infosys_AI-Tracefinder\Data\Residuals_vis\EpsonV39-1\300\s8_14_res_vis.png,EpsonV39-1,300
D:\Infosys_AI-Tracefinder\Data\Residuals_vis\EpsonV39-1\300\s8_15_res_vis.png,EpsonV39-1,300
D:\Infosys_AI-Tracefinder\Data\Residuals_vis\EpsonV39-1\300\s8_16_res_vis.png,EpsonV39-1,300
D:\Infosys_AI-Tracefinder\Data\Residuals_vis\EpsonV39-1\300\s8_17_res_vis.png,EpsonV39-1,300
D:\Infosys_AI-Tracefinder\Data\Residuals_vis\EpsonV39-1\300\s8_18_res_vis.png,EpsonV39-1,300
D:\Infosys_AI-Tracefinder\Data\Residuals_vis\EpsonV39-1\300\s8_19_res_vis.png,EpsonV39-1,300
D:\Infosys_AI-Tracefinder\Data\Residuals_vis\EpsonV39-1\300\s8_1_res_vis.png,EpsonV39-1,300
D:\Infosys_AI-Tracefinder\Data\Residuals_vis\EpsonV39-1\300\s8_20_res_vis.png,EpsonV39-1,300
D:\Infosys_AI-Tracefinder\Data\Residuals_vis\EpsonV39-1\300\s8_21_res_vis.png,EpsonV39-1,300
D:\Infosys_AI-Tracefinder\Data\Residuals_vis\EpsonV39-1\300\s8_22_res_vis.png,EpsonV39-1,300
D:\Infosys_AI-Tracefinder\Data\Residuals_vis\EpsonV39-1\300\s8_23_res_vis.png,EpsonV39-1,300
D:\Infosys_AI-Tracefinder\Data\Residuals_vis\EpsonV39-1\300\s8_24_res_vis.png,EpsonV39-1,300
D:\Infosys_AI-Tracefinder\Data\Residuals_vis\EpsonV39-1\300\s8_25_res_vis.png,EpsonV39-1,300
D:\Infosys_AI-Tracefinder\Data\Residuals_vis\EpsonV39-1\300\s8_26_res_vis.png,EpsonV39-1,300
D:\Infosys_AI-Tracefinder\Data\Residuals_vis\EpsonV39-1\300\s8_27_res_vis.png,EpsonV39-1,300
D:\Infosys_AI-Tracefinder\Data\Residuals_vis\EpsonV39-1\300\s8_28_res_vis.png,EpsonV39-1,300
D:\Infosys_AI-Tracefinder\Data\Residuals_vis\EpsonV39-1\300\s8_29_res_vis.png,EpsonV39-1,300
D:\Infosys_AI-Tracefinder\Data\Residuals_vis\EpsonV39-1\300\s8_2_res_vis.png,EpsonV39-1,300
D:\Infosys_AI-Tracefinder\Data\Residuals_vis\EpsonV39-1\300\s8_30_res_vis.png,EpsonV39-1,300
D:\Infosys_AI-Tracefinder\Data\Residuals_vis\EpsonV39-1\300\s8_31_res_vis.png,EpsonV39-1,300
D:\Infosys_AI-Tracefinder\Data\Residuals_vis\EpsonV39-1\300\s8_32_res_vis.png,EpsonV39-1,300
D:\Infosys_AI-Tracefinder\Data\Residuals_vis\EpsonV39-1\300\s8_33_res_vis.png,EpsonV39-1,300
D:\Infosys_AI-Tracefinder\Data\Residuals_vis\EpsonV39-1\300\s8_34_res_vis.png,EpsonV39-1,300
D:\Infosys_AI-Tracefinder\Data\Residuals_vis\EpsonV39-1\300\s8_35_res_vis.png,EpsonV39-1,300
D:\Infosys_AI-Tracefinder\Data\Residuals_vis\EpsonV39-1\300\s8_36_res_vis.png,EpsonV39-1,300
D:\Infosys_AI-Tracefinder\Data\Residuals_vis\EpsonV39-1\300\s8_37_res_vis.png,EpsonV39-1,300
D:\Infosys_AI-Tracefinder\Data\Residuals_vis\EpsonV39-1\300\s8_38_res_vis.png,EpsonV39-1,300
D:\Infosys_AI-Tracefinder\Data\Residuals_vis\EpsonV39-1\300\s8_39_res_vis.png,EpsonV39-1,300
D:\Infosys_AI-Tracefinder\Data\Residuals_vis\EpsonV39-1\300\s8_3_res_vis.png,EpsonV39-1,300
D:\Infosys_AI-Tracefinder\Data\Residuals_vis\EpsonV39-1\300\s8_40_res_vis.png,EpsonV39-1,300
D:\Infosys_AI-Tracefinder\Data\Residuals_vis\EpsonV39-1\300\s8_41_res_vis.png,EpsonV39-1,300
D:\Infosys_AI-Tracefinder\Data\Residuals_vis\EpsonV39-1\300\s8_42_res_vis.png,EpsonV39-1,300
D:\Infosys_AI-Tracefinder\Data\Residuals_vis\EpsonV39-1\300\s8_43_res_vis.png,EpsonV39-1,300
D:\Infosys_AI-Tracefinder\Data\Residuals_vis\EpsonV39-1\300\s8_44_res_vis.png,EpsonV39-1,300
D:\Infosys_AI-Tracefinder\Data\Residuals_vis\EpsonV39-1\300\s8_45_res_vis.png,EpsonV39-1,300
D:\Infosys_AI-Tracefinder\Data\Residuals_vis\EpsonV39-1\300\s8_46_res_vis.png,EpsonV39-1,300
D:\Infosys_AI-Tracefinder\Data\Residuals_vis\EpsonV39-1\300\s8_47_res_vis.png,EpsonV39-1,300
D:\Infosys_AI-Tracefinder\Data\Residuals_vis\EpsonV39-1\300\s8_48_res_vis.png,EpsonV39-1,300
D:\Infosys_AI-Tracefinder\Data\Residuals_vis\EpsonV39-1\300\s8_49_res_vis.png,EpsonV39-1,300
D:\Infosys_AI-Tracefinder\Data\Residuals_vis\EpsonV39-1\300\s8_4_res_vis.png,EpsonV39-1,300
D:\Infosys_AI-Tracefinder\Data\Residuals_vis\EpsonV39-1\300\s8_50_res_vis.png,EpsonV39-1,300
D:\Infosys_AI-Tracefinder\Data\Residuals_vis\EpsonV39-1\300\s8_51_res_vis.png,EpsonV39-1,300
D:\Infosys_AI-Tracefinder\Data\Residuals_vis\EpsonV39-1\300\s8_52_res_vis.png,EpsonV39-1,300
D:\Infosys_AI-Tracefinder\Data\Residuals_vis\EpsonV39-1\300\s8_53_res_vis.png,EpsonV39-1,300
D:\Infosys_AI-Tracefinder\Data\Residuals_vis\EpsonV39-1\300\s8_54_res_vis.png,EpsonV39-1,300
D:\Infosys_AI-Tracefinder\Data\Residuals_vis\EpsonV39-1\300\s8_55_res_vis.png,EpsonV39-1,300
D:\Infosys_AI-Tracefinder\Data\Residuals_vis\EpsonV39-1\300\s8_56_res_vis.png,EpsonV39-1,300
D:\Infosys_AI-Tracefinder\Data\Residuals_vis\EpsonV39-1\300\s8_57_res_vis.png,EpsonV39-1,300
D:\Infosys_AI-Tracefinder\Data\Residuals_vis\EpsonV39-1\300\s8_58_res_vis.png,EpsonV39-1,300
D:\Infosys_AI-Tracefinder\Data\Residuals_vis\EpsonV39-1\300\s8_59_res_vis.png,EpsonV39-1,300
D:\Infosys_AI-Tracefinder\Data\Residuals_vis\EpsonV39-1\300\s8_5_res_vis.png,EpsonV39-1,300
D:\Infosys_AI-Tracefinder\Data\Residuals_vis\EpsonV39-1\300\s8_60_res_vis.png,EpsonV39-1,300
D:\Infosys_AI-Tracefinder\Data\Residuals_vis\EpsonV39-1\300\s8_61_res_vis.png,EpsonV39-1,300
D:\Infosys_AI-Tracefinder\Data\Residuals_vis\EpsonV39-1\300\s8_62_res_vis.png,EpsonV39-1,300
D:\Infosys_AI-Tracefinder\Data\Residuals_vis\EpsonV39-1\300\s8_63_res_vis.png,EpsonV39-1,300
D:\Infosys_AI-Tracefinder\Data\Residuals_vis\EpsonV39-1\300\s8_64_res_vis.png,EpsonV39-1,300
D:\Infosys_AI-Tracefinder\Data\Residuals_vis\EpsonV39-1\300\s8_65_res_vis.png,EpsonV39-1,300
D:\Infosys_AI-Tracefinder\Data\Residuals_vis\EpsonV39-1\300\s8_66_res_vis.png,EpsonV39-1,300
D:\Infosys_AI-Tracefinder\Data\Residuals_vis\EpsonV39-1\300\s8_67_res_vis.png,EpsonV39-1,300
D:\Infosys_AI-Tracefinder\Data\Residuals_vis\EpsonV39-1\300\s8_68_res_vis.png,EpsonV39-1,300
D:\Infosys_AI-Tracefinder\Data\Residuals_vis\EpsonV39-1\300\s8_69_res_vis.png,EpsonV39-1,300
D:\Infosys_AI-Tracefinder\Data\Residuals_vis\EpsonV39-1\300\s8_6_res_vis.png,EpsonV39-1,300
D:\Infosys_AI-Tracefinder\Data\Residuals_vis\EpsonV39-1\300\s8_70_res_vis.png,EpsonV39-1,300
D:\Infosys_AI-Tracefinder\Data\Residuals_vis\EpsonV39-1\300\s8_71_res_vis.png,EpsonV39-1,300
D:\Infosys_AI-Tracefinder\Data\Residuals_vis\EpsonV39-1\300\s8_72_res_vis.png,EpsonV39-1,300
D:\Infosys_AI-Tracefinder\Data\Residuals_vis\EpsonV39-1\300\s8_73_res_vis.png,EpsonV39-1,300
D:\Infosys_AI-Tracefinder\Data\Residuals_vis\EpsonV39-1\300\s8_74_res_vis.png,EpsonV39-1,300
D:\Infosys_AI-Tracefinder\Data\Residuals_vis\EpsonV39-1\300\s8_75_res_vis.png,EpsonV39-1,300
D:\Infosys_AI-Tracefinder\Data\Residuals_vis\EpsonV39-1\300\s8_76_res_vis.png,EpsonV39-1,300
D:\Infosys_AI-Tracefinder\Data\Residuals_vis\EpsonV39-1\300\s8_77_res_vis.png,EpsonV39-1,300
D:\Infosys_AI-Tracefinder\Data\Residuals_vis\EpsonV39-1\300\s8_78_res_vis.png,EpsonV39-1,300
D:\Infosys_AI-Tracefinder\Data\Residuals_vis\EpsonV39-1\300\s8_79_res_vis.png,EpsonV39-1,300
D:\Infosys_AI-Tracefinder\Data\Residuals_vis\EpsonV39-1\300\s8_7_res_vis.png,EpsonV39-1,300
D:\Infosys_AI-Tracefinder\Data\Residuals_vis\EpsonV39-1\300\s8_80_res_vis.png,EpsonV39-1,300
D:\Infosys_AI-Tracefinder\Data\Residuals_vis\EpsonV39-1\300\s8_81_res_vis.png,EpsonV39-1,300
D:\Infosys_AI-Tracefinder\Data\Residuals_vis\EpsonV39-1\300\s8_82_res_vis.png,EpsonV39-1,300
D:\Infosys_AI-Tracefinder\Data\Residuals_vis\EpsonV39-1\300\s8_83_res_vis.png,EpsonV39-1,300
D:\Infosys_AI-Tracefinder\Data\Residuals_vis\EpsonV39-1\300\s8_84_res_vis.png,EpsonV39-1,300
D:\Infosys_AI-Tracefinder\Data\Residuals_vis\EpsonV39-1\300\s8_85_res_vis.png,EpsonV39-1,300
D:\Infosys_AI-Tracefinder\Data\Residuals_vis\EpsonV39-1\300\s8_86_res_vis.png,EpsonV39-1,300
D:\Infosys_AI-Tracefinder\Data\Residuals_vis\EpsonV39-1\300\s8_87_res_vis.png,EpsonV39-1,300
D:\Infosys_AI-Tracefinder\Data\Residuals_vis\EpsonV39-1\300\s8_88_res_vis.png,EpsonV39-1,300
D:\Infosys_AI-Tracefinder\Data\Residuals_vis\EpsonV39-1\300\s8_89_res_vis.png,EpsonV39-1,300
D:\Infosys_AI-Tracefinder\Data\Residuals_vis\EpsonV39-1\300\s8_8_res_vis.png,EpsonV39-1,300
D:\Infosys_AI-Tracefinder\Data\Residuals_vis\EpsonV39-1\300\s8_90_res_vis.png,EpsonV39-1,300
D:\Infosys_AI-Tracefinder\Data\Residuals_vis\EpsonV39-1\300\s8_91_res_vis.png,EpsonV39-1,300
D:\Infosys_AI-Tracefinder\Data\Residuals_vis\EpsonV39-1\300\s8_92_res_vis.png,EpsonV39-1,300
D:\Infosys_AI-Tracefinder\Data\Residuals_vis\EpsonV39-1\300\s8_93_res_vis.png,EpsonV39-1,300
D:\Infosys_AI-Tracefinder\Data\Residuals_vis\EpsonV39-1\300\s8_94_res_vis.png,EpsonV39-1,300
D:\Infosys_AI-Tracefinder\Data\Residuals_vis\EpsonV39-1\300\s8_95_res_vis.png,EpsonV39-1,300
D:\Infosys_AI-Tracefinder\Data\Residuals_vis\EpsonV39-1\300\s8_96_res_vis.png,EpsonV39-1,300
D:\Infosys_AI-Tracefinder\Data\Residuals_vis\EpsonV39-1\300\s8_97_res_vis.png,EpsonV39-1,300
D:\Infosys_AI-Tracefinder\Data\Residuals_vis\EpsonV39-1\300\s8_98_res_vis.png,EpsonV39-1,300
D:\Infosys_AI-Tracefinder\Data\Residuals_vis\EpsonV39-1\300\s8_99_res_vis.png,EpsonV39-1,300
D:\Infosys_AI-Tracefinder\Data\Residuals_vis\EpsonV39-1\300\s8_9_res_vis.png,EpsonV39-1,300
D:\Infosys_AI-Tracefinder\Data\Residuals_vis\EpsonV39-2\150\s9_100_res_vis.png,EpsonV39-2,150
D:\Infosys_AI-Tracefinder\Data\Residuals_vis\EpsonV39-2\150\s9_10_res_vis.png,EpsonV39-2,150
D:\Infosys_AI-Tracefinder\Data\Residuals_vis\EpsonV39-2\150\s9_11_res_vis.png,EpsonV39-2,150
D:\Infosys_AI-Tracefinder\Data\Residuals_vis\EpsonV39-2\150\s9_12_res_vis.png,EpsonV39-2,150
D:\Infosys_AI-Tracefinder\Data\Residuals_vis\EpsonV39-2\150\s9_13_res_vis.png,EpsonV39-2,150
D:\Infosys_AI-Tracefinder\Data\Residuals_vis\EpsonV39-2\150\s9_14_res_vis.png,EpsonV39-2,150
D:\Infosys_AI-Tracefinder\Data\Residuals_vis\EpsonV39-2\150\s9_15_res_vis.png,EpsonV39-2,150
D:\Infosys_AI-Tracefinder\Data\Residuals_vis\EpsonV39-2\150\s9_16_res_vis.png,EpsonV39-2,150
D:\Infosys_AI-Tracefinder\Data\Residuals_vis\EpsonV39-2\150\s9_17_res_vis.png,EpsonV39-2,150
D:\Infosys_AI-Tracefinder\Data\Residuals_vis\EpsonV39-2\150\s9_18_res_vis.png,EpsonV39-2,150
D:\Infosys_AI-Tracefinder\Data\Residuals_vis\EpsonV39-2\150\s9_19_res_vis.png,EpsonV39-2,150
D:\Infosys_AI-Tracefinder\Data\Residuals_vis\EpsonV39-2\150\s9_1_res_vis.png,EpsonV39-2,150
D:\Infosys_AI-Tracefinder\Data\Residuals_vis\EpsonV39-2\150\s9_20_res_vis.png,EpsonV39-2,150
D:\Infosys_AI-Tracefinder\Data\Residuals_vis\EpsonV39-2\150\s9_21_res_vis.png,EpsonV39-2,150
D:\Infosys_AI-Tracefinder\Data\Residuals_vis\EpsonV39-2\150\s9_22_res_vis.png,EpsonV39-2,150
D:\Infosys_AI-Tracefinder\Data\Residuals_vis\EpsonV39-2\150\s9_23_res_vis.png,EpsonV39-2,150
D:\Infosys_AI-Tracefinder\Data\Residuals_vis\EpsonV39-2\150\s9_24_res_vis.png,EpsonV39-2,150
D:\Infosys_AI-Tracefinder\Data\Residuals_vis\EpsonV39-2\150\s9_25_res_vis.png,EpsonV39-2,150
D:\Infosys_AI-Tracefinder\Data\Residuals_vis\EpsonV39-2\150\s9_26_res_vis.png,EpsonV39-2,150
D:\Infosys_AI-Tracefinder\Data\Residuals_vis\EpsonV39-2\150\s9_27_res_vis.png,EpsonV39-2,150
D:\Infosys_AI-Tracefinder\Data\Residuals_vis\EpsonV39-2\150\s9_28_res_vis.png,EpsonV39-2,150
D:\Infosys_AI-Tracefinder\Data\Residuals_vis\EpsonV39-2\150\s9_29_res_vis.png,EpsonV39-2,150
D:\Infosys_AI-Tracefinder\Data\Residuals_vis\EpsonV39-2\150\s9_2_res_vis.png,EpsonV39-2,150
D:\Infosys_AI-Tracefinder\Data\Residuals_vis\EpsonV39-2\150\s9_30_res_vis.png,EpsonV39-2,150
D:\Infosys_AI-Tracefinder\Data\Residuals_vis\EpsonV39-2\150\s9_31_res_vis.png,EpsonV39-2,150
D:\Infosys_AI-Tracefinder\Data\Residuals_vis\EpsonV39-2\150\s9_32_res_vis.png,EpsonV39-2,150
D:\Infosys_AI-Tracefinder\Data\Residuals_vis\EpsonV39-2\150\s9_33_res_vis.png,EpsonV39-2,150
D:\Infosys_AI-Tracefinder\Data\Residuals_vis\EpsonV39-2\150\s9_34_res_vis.png,EpsonV39-2,150
D:\Infosys_AI-Tracefinder\Data\Residuals_vis\EpsonV39-2\150\s9_35_res_vis.png,EpsonV39-2,150
D:\Infosys_AI-Tracefinder\Data\Residuals_vis\EpsonV39-2\150\s9_36_res_vis.png,EpsonV39-2,150
D:\Infosys_AI-Tracefinder\Data\Residuals_vis\EpsonV39-2\150\s9_37_res_vis.png,EpsonV39-2,150
D:\Infosys_AI-Tracefinder\Data\Residuals_vis\EpsonV39-2\150\s9_38_res_vis.png,EpsonV39-2,150
D:\Infosys_AI-Tracefinder\Data\Residuals_vis\EpsonV39-2\150\s9_39_res_vis.png,EpsonV39-2,150
D:\Infosys_AI-Tracefinder\Data\Residuals_vis\EpsonV39-2\150\s9_3_res_vis.png,EpsonV39-2,150
D:\Infosys_AI-Tracefinder\Data\Residuals_vis\EpsonV39-2\150\s9_40_res_vis.png,EpsonV39-2,150
D:\Infosys_AI-Tracefinder\Data\Residuals_vis\EpsonV39-2\150\s9_41_res_vis.png,EpsonV39-2,150
D:\Infosys_AI-Tracefinder\Data\Residuals_vis\EpsonV39-2\150\s9_42_res_vis.png,EpsonV39-2,150
D:\Infosys_AI-Tracefinder\Data\Residuals_vis\EpsonV39-2\150\s9_43_res_vis.png,EpsonV39-2,150
D:\Infosys_AI-Tracefinder\Data\Residuals_vis\EpsonV39-2\150\s9_44_res_vis.png,EpsonV39-2,150
D:\Infosys_AI-Tracefinder\Data\Residuals_vis\EpsonV39-2\150\s9_45_res_vis.png,EpsonV39-2,150
D:\Infosys_AI-Tracefinder\Data\Residuals_vis\EpsonV39-2\150\s9_46_res_vis.png,EpsonV39-2,150
D:\Infosys_AI-Tracefinder\Data\Residuals_vis\EpsonV39-2\150\s9_47_res_vis.png,EpsonV39-2,150
D:\Infosys_AI-Tracefinder\Data\Residuals_vis\EpsonV39-2\150\s9_48_res_vis.png,EpsonV39-2,150
D:\Infosys_AI-Tracefinder\Data\Residuals_vis\EpsonV39-2\150\s9_49_res_vis.png,EpsonV39-2,150
D:\Infosys_AI-Tracefinder\Data\Residuals_vis\EpsonV39-2\150\s9_4_res_vis.png,EpsonV39-2,150
D:\Infosys_AI-Tracefinder\Data\Residuals_vis\EpsonV39-2\150\s9_50_res_vis.png,EpsonV39-2,150
D:\Infosys_AI-Tracefinder\Data\Residuals_vis\EpsonV39-2\150\s9_51_res_vis.png,EpsonV39-2,150
D:\Infosys_AI-Tracefinder\Data\Residuals_vis\EpsonV39-2\150\s9_52_res_vis.png,EpsonV39-2,150
D:\Infosys_AI-Tracefinder\Data\Residuals_vis\EpsonV39-2\150\s9_53_res_vis.png,EpsonV39-2,150
D:\Infosys_AI-Tracefinder\Data\Residuals_vis\EpsonV39-2\150\s9_54_res_vis.png,EpsonV39-2,150
D:\Infosys_AI-Tracefinder\Data\Residuals_vis\EpsonV39-2\150\s9_55_res_vis.png,EpsonV39-2,150
D:\Infosys_AI-Tracefinder\Data\Residuals_vis\EpsonV39-2\150\s9_56_res_vis.png,EpsonV39-2,150
D:\Infosys_AI-Tracefinder\Data\Residuals_vis\EpsonV39-2\150\s9_57_res_vis.png,EpsonV39-2,150
D:\Infosys_AI-Tracefinder\Data\Residuals_vis\EpsonV39-2\150\s9_58_res_vis.png,EpsonV39-2,150
D:\Infosys_AI-Tracefinder\Data\Residuals_vis\EpsonV39-2\150\s9_59_res_vis.png,EpsonV39-2,150
D:\Infosys_AI-Tracefinder\Data\Residuals_vis\EpsonV39-2\150\s9_5_res_vis.png,EpsonV39-2,150
D:\Infosys_AI-Tracefinder\Data\Residuals_vis\EpsonV39-2\150\s9_60_res_vis.png,EpsonV39-2,150
D:\Infosys_AI-Tracefinder\Data\Residuals_vis\EpsonV39-2\150\s9_61_res_vis.png,EpsonV39-2,150
D:\Infosys_AI-Tracefinder\Data\Residuals_vis\EpsonV39-2\150\s9_62_res_vis.png,EpsonV39-2,150
D:\Infosys_AI-Tracefinder\Data\Residuals_vis\EpsonV39-2\150\s9_63_res_vis.png,EpsonV39-2,150
D:\Infosys_AI-Tracefinder\Data\Residuals_vis\EpsonV39-2\150\s9_64_res_vis.png,EpsonV39-2,150
D:\Infosys_AI-Tracefinder\Data\Residuals_vis\EpsonV39-2\150\s9_65_res_vis.png,EpsonV39-2,150
D:\Infosys_AI-Tracefinder\Data\Residuals_vis\EpsonV39-2\150\s9_66_res_vis.png,EpsonV39-2,150
D:\Infosys_AI-Tracefinder\Data\Residuals_vis\EpsonV39-2\150\s9_67_res_vis.png,EpsonV39-2,150
D:\Infosys_AI-Tracefinder\Data\Residuals_vis\EpsonV39-2\150\s9_68_res_vis.png,EpsonV39-2,150
D:\Infosys_AI-Tracefinder\Data\Residuals_vis\EpsonV39-2\150\s9_69_res_vis.png,EpsonV39-2,150
D:\Infosys_AI-Tracefinder\Data\Residuals_vis\EpsonV39-2\150\s9_6_res_vis.png,EpsonV39-2,150
D:\Infosys_AI-Tracefinder\Data\Residuals_vis\EpsonV39-2\150\s9_70_res_vis.png,EpsonV39-2,150
D:\Infosys_AI-Tracefinder\Data\Residuals_vis\EpsonV39-2\150\s9_71_res_vis.png,EpsonV39-2,150
D:\Infosys_AI-Tracefinder\Data\Residuals_vis\EpsonV39-2\150\s9_72_res_vis.png,EpsonV39-2,150
D:\Infosys_AI-Tracefinder\Data\Residuals_vis\EpsonV39-2\150\s9_73_res_vis.png,EpsonV39-2,150
D:\Infosys_AI-Tracefinder\Data\Residuals_vis\EpsonV39-2\150\s9_74_res_vis.png,EpsonV39-2,150
D:\Infosys_AI-Tracefinder\Data\Residuals_vis\EpsonV39-2\150\s9_75_res_vis.png,EpsonV39-2,150
D:\Infosys_AI-Tracefinder\Data\Residuals_vis\EpsonV39-2\150\s9_76_res_vis.png,EpsonV39-2,150
D:\Infosys_AI-Tracefinder\Data\Residuals_vis\EpsonV39-2\150\s9_77_res_vis.png,EpsonV39-2,150
D:\Infosys_AI-Tracefinder\Data\Residuals_vis\EpsonV39-2\150\s9_78_res_vis.png,EpsonV39-2,150
D:\Infosys_AI-Tracefinder\Data\Residuals_vis\EpsonV39-2\150\s9_79_res_vis.png,EpsonV39-2,150
D:\Infosys_AI-Tracefinder\Data\Residuals_vis\EpsonV39-2\150\s9_7_res_vis.png,EpsonV39-2,150
D:\Infosys_AI-Tracefinder\Data\Residuals_vis\EpsonV39-2\150\s9_80_res_vis.png,EpsonV39-2,150
D:\Infosys_AI-Tracefinder\Data\Residuals_vis\EpsonV39-2\150\s9_81_res_vis.png,EpsonV39-2,150
D:\Infosys_AI-Tracefinder\Data\Residuals_vis\EpsonV39-2\150\s9_82_res_vis.png,EpsonV39-2,150
D:\Infosys_AI-Tracefinder\Data\Residuals_vis\EpsonV39-2\150\s9_83_res_vis.png,EpsonV39-2,150
D:\Infosys_AI-Tracefinder\Data\Residuals_vis\EpsonV39-2\150\s9_84_res_vis.png,EpsonV39-2,150
D:\Infosys_AI-Tracefinder\Data\Residuals_vis\EpsonV39-2\150\s9_85_res_vis.png,EpsonV39-2,150
D:\Infosys_AI-Tracefinder\Data\Residuals_vis\EpsonV39-2\150\s9_86_res_vis.png,EpsonV39-2,150
D:\Infosys_AI-Tracefinder\Data\Residuals_vis\EpsonV39-2\150\s9_87_res_vis.png,EpsonV39-2,150
D:\Infosys_AI-Tracefinder\Data\Residuals_vis\EpsonV39-2\150\s9_88_res_vis.png,EpsonV39-2,150
D:\Infosys_AI-Tracefinder\Data\Residuals_vis\EpsonV39-2\150\s9_89_res_vis.png,EpsonV39-2,150
D:\Infosys_AI-Tracefinder\Data\Residuals_vis\EpsonV39-2\150\s9_8_res_vis.png,EpsonV39-2,150
D:\Infosys_AI-Tracefinder\Data\Residuals_vis\EpsonV39-2\150\s9_90_res_vis.png,EpsonV39-2,150
D:\Infosys_AI-Tracefinder\Data\Residuals_vis\EpsonV39-2\150\s9_91_res_vis.png,EpsonV39-2,150
D:\Infosys_AI-Tracefinder\Data\Residuals_vis\EpsonV39-2\150\s9_92_res_vis.png,EpsonV39-2,150
D:\Infosys_AI-Tracefinder\Data\Residuals_vis\EpsonV39-2\150\s9_93_res_vis.png,EpsonV39-2,150
D:\Infosys_AI-Tracefinder\Data\Residuals_vis\EpsonV39-2\150\s9_94_res_vis.png,EpsonV39-2,150
D:\Infosys_AI-Tracefinder\Data\Residuals_vis\EpsonV39-2\150\s9_95_res_vis.png,EpsonV39-2,150
D:\Infosys_AI-Tracefinder\Data\Residuals_vis\EpsonV39-2\150\s9_96_res_vis.png,EpsonV39-2,150
D:\Infosys_AI-Tracefinder\Data\Residuals_vis\EpsonV39-2\150\s9_97_res_vis.png,EpsonV39-2,150
D:\Infosys_AI-Tracefinder\Data\Residuals_vis\EpsonV39-2\150\s9_98_res_vis.png,EpsonV39-2,150
D:\Infosys_AI-Tracefinder\Data\Residuals_vis\EpsonV39-2\150\s9_99_res_vis.png,EpsonV39-2,150
D:\Infosys_AI-Tracefinder\Data\Residuals_vis\EpsonV39-2\150\s9_9_res_vis.png,EpsonV39-2,150
D:\Infosys_AI-Tracefinder\Data\Residuals_vis\EpsonV39-2\300\s9_100_res_vis.png,EpsonV39-2,300
D:\Infosys_AI-Tracefinder\Data\Residuals_vis\EpsonV39-2\300\s9_10_res_vis.png,EpsonV39-2,300
D:\Infosys_AI-Tracefinder\Data\Residuals_vis\EpsonV39-2\300\s9_11_res_vis.png,EpsonV39-2,300
D:\Infosys_AI-Tracefinder\Data\Residuals_vis\EpsonV39-2\300\s9_12_res_vis.png,EpsonV39-2,300
D:\Infosys_AI-Tracefinder\Data\Residuals_vis\EpsonV39-2\300\s9_13_res_vis.png,EpsonV39-2,300
D:\Infosys_AI-Tracefinder\Data\Residuals_vis\EpsonV39-2\300\s9_14_res_vis.png,EpsonV39-2,300
D:\Infosys_AI-Tracefinder\Data\Residuals_vis\EpsonV39-2\300\s9_15_res_vis.png,EpsonV39-2,300
D:\Infosys_AI-Tracefinder\Data\Residuals_vis\EpsonV39-2\300\s9_16_res_vis.png,EpsonV39-2,300
D:\Infosys_AI-Tracefinder\Data\Residuals_vis\EpsonV39-2\300\s9_17_res_vis.png,EpsonV39-2,300
D:\Infosys_AI-Tracefinder\Data\Residuals_vis\EpsonV39-2\300\s9_18_res_vis.png,EpsonV39-2,300
D:\Infosys_AI-Tracefinder\Data\Residuals_vis\EpsonV39-2\300\s9_19_res_vis.png,EpsonV39-2,300
D:\Infosys_AI-Tracefinder\Data\Residuals_vis\EpsonV39-2\300\s9_1_res_vis.png,EpsonV39-2,300
D:\Infosys_AI-Tracefinder\Data\Residuals_vis\EpsonV39-2\300\s9_20_res_vis.png,EpsonV39-2,300
D:\Infosys_AI-Tracefinder\Data\Residuals_vis\EpsonV39-2\300\s9_21_res_vis.png,EpsonV39-2,300
D:\Infosys_AI-Tracefinder\Data\Residuals_vis\EpsonV39-2\300\s9_22_res_vis.png,EpsonV39-2,300
D:\Infosys_AI-Tracefinder\Data\Residuals_vis\EpsonV39-2\300\s9_23_res_vis.png,EpsonV39-2,300
D:\Infosys_AI-Tracefinder\Data\Residuals_vis\EpsonV39-2\300\s9_24_res_vis.png,EpsonV39-2,300
D:\Infosys_AI-Tracefinder\Data\Residuals_vis\EpsonV39-2\300\s9_25_res_vis.png,EpsonV39-2,300
D:\Infosys_AI-Tracefinder\Data\Residuals_vis\EpsonV39-2\300\s9_26_res_vis.png,EpsonV39-2,300
D:\Infosys_AI-Tracefinder\Data\Residuals_vis\EpsonV39-2\300\s9_27_res_vis.png,EpsonV39-2,300
D:\Infosys_AI-Tracefinder\Data\Residuals_vis\EpsonV39-2\300\s9_28_res_vis.png,EpsonV39-2,300
D:\Infosys_AI-Tracefinder\Data\Residuals_vis\EpsonV39-2\300\s9_29_res_vis.png,EpsonV39-2,300
D:\Infosys_AI-Tracefinder\Data\Residuals_vis\EpsonV39-2\300\s9_2_res_vis.png,EpsonV39-2,300
D:\Infosys_AI-Tracefinder\Data\Residuals_vis\EpsonV39-2\300\s9_30_res_vis.png,EpsonV39-2,300
D:\Infosys_AI-Tracefinder\Data\Residuals_vis\EpsonV39-2\300\s9_31_res_vis.png,EpsonV39-2,300
D:\Infosys_AI-Tracefinder\Data\Residuals_vis\EpsonV39-2\300\s9_32_res_vis.png,EpsonV39-2,300
D:\Infosys_AI-Tracefinder\Data\Residuals_vis\EpsonV39-2\300\s9_33_res_vis.png,EpsonV39-2,300
D:\Infosys_AI-Tracefinder\Data\Residuals_vis\EpsonV39-2\300\s9_34_res_vis.png,EpsonV39-2,300
D:\Infosys_AI-Tracefinder\Data\Residuals_vis\EpsonV39-2\300\s9_35_res_vis.png,EpsonV39-2,300
D:\Infosys_AI-Tracefinder\Data\Residuals_vis\EpsonV39-2\300\s9_36_res_vis.png,EpsonV39-2,300
D:\Infosys_AI-Tracefinder\Data\Residuals_vis\EpsonV39-2\300\s9_37_res_vis.png,EpsonV39-2,300
D:\Infosys_AI-Tracefinder\Data\Residuals_vis\EpsonV39-2\300\s9_38_res_vis.png,EpsonV39-2,300
D:\Infosys_AI-Tracefinder\Data\Residuals_vis\EpsonV39-2\300\s9_39_res_vis.png,EpsonV39-2,300
D:\Infosys_AI-Tracefinder\Data\Residuals_vis\EpsonV39-2\300\s9_3_res_vis.png,EpsonV39-2,300
D:\Infosys_AI-Tracefinder\Data\Residuals_vis\EpsonV39-2\300\s9_40_res_vis.png,EpsonV39-2,300
D:\Infosys_AI-Tracefinder\Data\Residuals_vis\EpsonV39-2\300\s9_41_res_vis.png,EpsonV39-2,300
D:\Infosys_AI-Tracefinder\Data\Residuals_vis\EpsonV39-2\300\s9_42_res_vis.png,EpsonV39-2,300
D:\Infosys_AI-Tracefinder\Data\Residuals_vis\EpsonV39-2\300\s9_43_res_vis.png,EpsonV39-2,300
D:\Infosys_AI-Tracefinder\Data\Residuals_vis\EpsonV39-2\300\s9_44_res_vis.png,EpsonV39-2,300
D:\Infosys_AI-Tracefinder\Data\Residuals_vis\EpsonV39-2\300\s9_45_res_vis.png,EpsonV39-2,300
D:\Infosys_AI-Tracefinder\Data\Residuals_vis\EpsonV39-2\300\s9_46_res_vis.png,EpsonV39-2,300
D:\Infosys_AI-Tracefinder\Data\Residuals_vis\EpsonV39-2\300\s9_47_res_vis.png,EpsonV39-2,300
D:\Infosys_AI-Tracefinder\Data\Residuals_vis\EpsonV39-2\300\s9_48_res_vis.png,EpsonV39-2,300
D:\Infosys_AI-Tracefinder\Data\Residuals_vis\EpsonV39-2\300\s9_49_res_vis.png,EpsonV39-2,300
D:\Infosys_AI-Tracefinder\Data\Residuals_vis\EpsonV39-2\300\s9_4_res_vis.png,EpsonV39-2,300
D:\Infosys_AI-Tracefinder\Data\Residuals_vis\EpsonV39-2\300\s9_50_res_vis.png,EpsonV39-2,300
D:\Infosys_AI-Tracefinder\Data\Residuals_vis\EpsonV39-2\300\s9_51_res_vis.png,EpsonV39-2,300
D:\Infosys_AI-Tracefinder\Data\Residuals_vis\EpsonV39-2\300\s9_52_res_vis.png,EpsonV39-2,300
D:\Infosys_AI-Tracefinder\Data\Residuals_vis\EpsonV39-2\300\s9_53_res_vis.png,EpsonV39-2,300
D:\Infosys_AI-Tracefinder\Data\Residuals_vis\EpsonV39-2\300\s9_54_res_vis.png,EpsonV39-2,300
D:\Infosys_AI-Tracefinder\Data\Residuals_vis\EpsonV39-2\300\s9_55_res_vis.png,EpsonV39-2,300
D:\Infosys_AI-Tracefinder\Data\Residuals_vis\EpsonV39-2\300\s9_56_res_vis.png,EpsonV39-2,300
D:\Infosys_AI-Tracefinder\Data\Residuals_vis\EpsonV39-2\300\s9_57_res_vis.png,EpsonV39-2,300
D:\Infosys_AI-Tracefinder\Data\Residuals_vis\EpsonV39-2\300\s9_58_res_vis.png,EpsonV39-2,300
D:\Infosys_AI-Tracefinder\Data\Residuals_vis\EpsonV39-2\300\s9_59_res_vis.png,EpsonV39-2,300
D:\Infosys_AI-Tracefinder\Data\Residuals_vis\EpsonV39-2\300\s9_5_res_vis.png,EpsonV39-2,300
D:\Infosys_AI-Tracefinder\Data\Residuals_vis\EpsonV39-2\300\s9_60_res_vis.png,EpsonV39-2,300
D:\Infosys_AI-Tracefinder\Data\Residuals_vis\EpsonV39-2\300\s9_61_res_vis.png,EpsonV39-2,300
D:\Infosys_AI-Tracefinder\Data\Residuals_vis\EpsonV39-2\300\s9_62_res_vis.png,EpsonV39-2,300
D:\Infosys_AI-Tracefinder\Data\Residuals_vis\EpsonV39-2\300\s9_63_res_vis.png,EpsonV39-2,300
D:\Infosys_AI-Tracefinder\Data\Residuals_vis\EpsonV39-2\300\s9_64_res_vis.png,EpsonV39-2,300
D:\Infosys_AI-Tracefinder\Data\Residuals_vis\EpsonV39-2\300\s9_65_res_vis.png,EpsonV39-2,300
D:\Infosys_AI-Tracefinder\Data\Residuals_vis\EpsonV39-2\300\s9_66_res_vis.png,EpsonV39-2,300
D:\Infosys_AI-Tracefinder\Data\Residuals_vis\EpsonV39-2\300\s9_67_res_vis.png,EpsonV39-2,300
D:\Infosys_AI-Tracefinder\Data\Residuals_vis\EpsonV39-2\300\s9_68_res_vis.png,EpsonV39-2,300
D:\Infosys_AI-Tracefinder\Data\Residuals_vis\EpsonV39-2\300\s9_69_res_vis.png,EpsonV39-2,300
D:\Infosys_AI-Tracefinder\Data\Residuals_vis\EpsonV39-2\300\s9_6_res_vis.png,EpsonV39-2,300
D:\Infosys_AI-Tracefinder\Data\Residuals_vis\EpsonV39-2\300\s9_70_res_vis.png,EpsonV39-2,300
D:\Infosys_AI-Tracefinder\Data\Residuals_vis\EpsonV39-2\300\s9_71_res_vis.png,EpsonV39-2,300
D:\Infosys_AI-Tracefinder\Data\Residuals_vis\EpsonV39-2\300\s9_72_res_vis.png,EpsonV39-2,300
D:\Infosys_AI-Tracefinder\Data\Residuals_vis\EpsonV39-2\300\s9_73_res_vis.png,EpsonV39-2,300
D:\Infosys_AI-Tracefinder\Data\Residuals_vis\EpsonV39-2\300\s9_74_res_vis.png,EpsonV39-2,300
D:\Infosys_AI-Tracefinder\Data\Residuals_vis\EpsonV39-2\300\s9_75_res_vis.png,EpsonV39-2,300
D:\Infosys_AI-Tracefinder\Data\Residuals_vis\EpsonV39-2\300\s9_76_res_vis.png,EpsonV39-2,300
D:\Infosys_AI-Tracefinder\Data\Residuals_vis\EpsonV39-2\300\s9_77_res_vis.png,EpsonV39-2,300
D:\Infosys_AI-Tracefinder\Data\Residuals_vis\EpsonV39-2\300\s9_78_res_vis.png,EpsonV39-2,300
D:\Infosys_AI-Tracefinder\Data\Residuals_vis\EpsonV39-2\300\s9_79_res_vis.png,EpsonV39-2,300
D:\Infosys_AI-Tracefinder\Data\Residuals_vis\EpsonV39-2\300\s9_7_res_vis.png,EpsonV39-2,300
D:\Infosys_AI-Tracefinder\Data\Residuals_vis\EpsonV39-2\300\s9_80_res_vis.png,EpsonV39-2,300
D:\Infosys_AI-Tracefinder\Data\Residuals_vis\EpsonV39-2\300\s9_81_res_vis.png,EpsonV39-2,300
D:\Infosys_AI-Tracefinder\Data\Residuals_vis\EpsonV39-2\300\s9_82_res_vis.png,EpsonV39-2,300
D:\Infosys_AI-Tracefinder\Data\Residuals_vis\EpsonV39-2\300\s9_83_res_vis.png,EpsonV39-2,300
D:\Infosys_AI-Tracefinder\Data\Residuals_vis\EpsonV39-2\300\s9_84_res_vis.png,EpsonV39-2,300
D:\Infosys_AI-Tracefinder\Data\Residuals_vis\EpsonV39-2\300\s9_85_res_vis.png,EpsonV39-2,300
D:\Infosys_AI-Tracefinder\Data\Residuals_vis\EpsonV39-2\300\s9_86_res_vis.png,EpsonV39-2,300
D:\Infosys_AI-Tracefinder\Data\Residuals_vis\EpsonV39-2\300\s9_87_res_vis.png,EpsonV39-2,300
D:\Infosys_AI-Tracefinder\Data\Residuals_vis\EpsonV39-2\300\s9_88_res_vis.png,EpsonV39-2,300
D:\Infosys_AI-Tracefinder\Data\Residuals_vis\EpsonV39-2\300\s9_89_res_vis.png,EpsonV39-2,300
D:\Infosys_AI-Tracefinder\Data\Residuals_vis\EpsonV39-2\300\s9_8_res_vis.png,EpsonV39-2,300
D:\Infosys_AI-Tracefinder\Data\Residuals_vis\EpsonV39-2\300\s9_90_res_vis.png,EpsonV39-2,300
D:\Infosys_AI-Tracefinder\Data\Residuals_vis\EpsonV39-2\300\s9_91_res_vis.png,EpsonV39-2,300
D:\Infosys_AI-Tracefinder\Data\Residuals_vis\EpsonV39-2\300\s9_92_res_vis.png,EpsonV39-2,300
D:\Infosys_AI-Tracefinder\Data\Residuals_vis\EpsonV39-2\300\s9_93_res_vis.png,EpsonV39-2,300
D:\Infosys_AI-Tracefinder\Data\Residuals_vis\EpsonV39-2\300\s9_94_res_vis.png,EpsonV39-2,300
D:\Infosys_AI-Tracefinder\Data\Residuals_vis\EpsonV39-2\300\s9_95_res_vis.png,EpsonV39-2,300
D:\Infosys_AI-Tracefinder\Data\Residuals_vis\EpsonV39-2\300\s9_96_res_vis.png,EpsonV39-2,300
D:\Infosys_AI-Tracefinder\Data\Residuals_vis\EpsonV39-2\300\s9_97_res_vis.png,EpsonV39-2,300
D:\Infosys_AI-Tracefinder\Data\Residuals_vis\EpsonV39-2\300\s9_98_res_vis.png,EpsonV39-2,300
D:\Infosys_AI-Tracefinder\Data\Residuals_vis\EpsonV39-2\300\s9_99_res_vis.png,EpsonV39-2,300
D:\Infosys_AI-Tracefinder\Data\Residuals_vis\EpsonV39-2\300\s9_9_res_vis.png,EpsonV39-2,300
D:\Infosys_AI-Tracefinder\Data\Residuals_vis\EpsonV550\150\s10_100_res_vis.png,EpsonV550,150
D:\Infosys_AI-Tracefinder\Data\Residuals_vis\EpsonV550\150\s10_10_res_vis.png,EpsonV550,150
D:\Infosys_AI-Tracefinder\Data\Residuals_vis\EpsonV550\150\s10_11_res_vis.png,EpsonV550,150
D:\Infosys_AI-Tracefinder\Data\Residuals_vis\EpsonV550\150\s10_12_res_vis.png,EpsonV550,150
D:\Infosys_AI-Tracefinder\Data\Residuals_vis\EpsonV550\150\s10_13_res_vis.png,EpsonV550,150
D:\Infosys_AI-Tracefinder\Data\Residuals_vis\EpsonV550\150\s10_14_res_vis.png,EpsonV550,150
D:\Infosys_AI-Tracefinder\Data\Residuals_vis\EpsonV550\150\s10_15_res_vis.png,EpsonV550,150
D:\Infosys_AI-Tracefinder\Data\Residuals_vis\EpsonV550\150\s10_16_res_vis.png,EpsonV550,150
D:\Infosys_AI-Tracefinder\Data\Residuals_vis\EpsonV550\150\s10_17_res_vis.png,EpsonV550,150
D:\Infosys_AI-Tracefinder\Data\Residuals_vis\EpsonV550\150\s10_18_res_vis.png,EpsonV550,150
D:\Infosys_AI-Tracefinder\Data\Residuals_vis\EpsonV550\150\s10_19_res_vis.png,EpsonV550,150
D:\Infosys_AI-Tracefinder\Data\Residuals_vis\EpsonV550\150\s10_1_res_vis.png,EpsonV550,150
D:\Infosys_AI-Tracefinder\Data\Residuals_vis\EpsonV550\150\s10_20_res_vis.png,EpsonV550,150
D:\Infosys_AI-Tracefinder\Data\Residuals_vis\EpsonV550\150\s10_21_res_vis.png,EpsonV550,150
D:\Infosys_AI-Tracefinder\Data\Residuals_vis\EpsonV550\150\s10_22_res_vis.png,EpsonV550,150
D:\Infosys_AI-Tracefinder\Data\Residuals_vis\EpsonV550\150\s10_23_res_vis.png,EpsonV550,150
D:\Infosys_AI-Tracefinder\Data\Residuals_vis\EpsonV550\150\s10_24_res_vis.png,EpsonV550,150
D:\Infosys_AI-Tracefinder\Data\Residuals_vis\EpsonV550\150\s10_25_res_vis.png,EpsonV550,150
D:\Infosys_AI-Tracefinder\Data\Residuals_vis\EpsonV550\150\s10_26_res_vis.png,EpsonV550,150
D:\Infosys_AI-Tracefinder\Data\Residuals_vis\EpsonV550\150\s10_27_res_vis.png,EpsonV550,150
D:\Infosys_AI-Tracefinder\Data\Residuals_vis\EpsonV550\150\s10_28_res_vis.png,EpsonV550,150
D:\Infosys_AI-Tracefinder\Data\Residuals_vis\EpsonV550\150\s10_29_res_vis.png,EpsonV550,150
D:\Infosys_AI-Tracefinder\Data\Residuals_vis\EpsonV550\150\s10_2_res_vis.png,EpsonV550,150
D:\Infosys_AI-Tracefinder\Data\Residuals_vis\EpsonV550\150\s10_30_res_vis.png,EpsonV550,150
D:\Infosys_AI-Tracefinder\Data\Residuals_vis\EpsonV550\150\s10_31_res_vis.png,EpsonV550,150
D:\Infosys_AI-Tracefinder\Data\Residuals_vis\EpsonV550\150\s10_32_res_vis.png,EpsonV550,150
D:\Infosys_AI-Tracefinder\Data\Residuals_vis\EpsonV550\150\s10_33_res_vis.png,EpsonV550,150
D:\Infosys_AI-Tracefinder\Data\Residuals_vis\EpsonV550\150\s10_34_res_vis.png,EpsonV550,150
D:\Infosys_AI-Tracefinder\Data\Residuals_vis\EpsonV550\150\s10_35_res_vis.png,EpsonV550,150
D:\Infosys_AI-Tracefinder\Data\Residuals_vis\EpsonV550\150\s10_36_res_vis.png,EpsonV550,150
D:\Infosys_AI-Tracefinder\Data\Residuals_vis\EpsonV550\150\s10_37_res_vis.png,EpsonV550,150
D:\Infosys_AI-Tracefinder\Data\Residuals_vis\EpsonV550\150\s10_38_res_vis.png,EpsonV550,150
D:\Infosys_AI-Tracefinder\Data\Residuals_vis\EpsonV550\150\s10_39_res_vis.png,EpsonV550,150
D:\Infosys_AI-Tracefinder\Data\Residuals_vis\EpsonV550\150\s10_3_res_vis.png,EpsonV550,150
D:\Infosys_AI-Tracefinder\Data\Residuals_vis\EpsonV550\150\s10_40_res_vis.png,EpsonV550,150
D:\Infosys_AI-Tracefinder\Data\Residuals_vis\EpsonV550\150\s10_41_res_vis.png,EpsonV550,150
D:\Infosys_AI-Tracefinder\Data\Residuals_vis\EpsonV550\150\s10_42_res_vis.png,EpsonV550,150
D:\Infosys_AI-Tracefinder\Data\Residuals_vis\EpsonV550\150\s10_43_res_vis.png,EpsonV550,150
D:\Infosys_AI-Tracefinder\Data\Residuals_vis\EpsonV550\150\s10_44_res_vis.png,EpsonV550,150
D:\Infosys_AI-Tracefinder\Data\Residuals_vis\EpsonV550\150\s10_45_res_vis.png,EpsonV550,150
D:\Infosys_AI-Tracefinder\Data\Residuals_vis\EpsonV550\150\s10_46_res_vis.png,EpsonV550,150
D:\Infosys_AI-Tracefinder\Data\Residuals_vis\EpsonV550\150\s10_47_res_vis.png,EpsonV550,150
D:\Infosys_AI-Tracefinder\Data\Residuals_vis\EpsonV550\150\s10_48_res_vis.png,EpsonV550,150
D:\Infosys_AI-Tracefinder\Data\Residuals_vis\EpsonV550\150\s10_49_res_vis.png,EpsonV550,150
D:\Infosys_AI-Tracefinder\Data\Residuals_vis\EpsonV550\150\s10_4_res_vis.png,EpsonV550,150
D:\Infosys_AI-Tracefinder\Data\Residuals_vis\EpsonV550\150\s10_50_res_vis.png,EpsonV550,150
D:\Infosys_AI-Tracefinder\Data\Residuals_vis\EpsonV550\150\s10_51_res_vis.png,EpsonV550,150
D:\Infosys_AI-Tracefinder\Data\Residuals_vis\EpsonV550\150\s10_52_res_vis.png,EpsonV550,150
D:\Infosys_AI-Tracefinder\Data\Residuals_vis\EpsonV550\150\s10_53_res_vis.png,EpsonV550,150
D:\Infosys_AI-Tracefinder\Data\Residuals_vis\EpsonV550\150\s10_54_res_vis.png,EpsonV550,150
D:\Infosys_AI-Tracefinder\Data\Residuals_vis\EpsonV550\150\s10_55_res_vis.png,EpsonV550,150
D:\Infosys_AI-Tracefinder\Data\Residuals_vis\EpsonV550\150\s10_56_res_vis.png,EpsonV550,150
D:\Infosys_AI-Tracefinder\Data\Residuals_vis\EpsonV550\150\s10_57_res_vis.png,EpsonV550,150
D:\Infosys_AI-Tracefinder\Data\Residuals_vis\EpsonV550\150\s10_58_res_vis.png,EpsonV550,150
D:\Infosys_AI-Tracefinder\Data\Residuals_vis\EpsonV550\150\s10_59_res_vis.png,EpsonV550,150
D:\Infosys_AI-Tracefinder\Data\Residuals_vis\EpsonV550\150\s10_5_res_vis.png,EpsonV550,150
D:\Infosys_AI-Tracefinder\Data\Residuals_vis\EpsonV550\150\s10_60_res_vis.png,EpsonV550,150
D:\Infosys_AI-Tracefinder\Data\Residuals_vis\EpsonV550\150\s10_61_res_vis.png,EpsonV550,150
D:\Infosys_AI-Tracefinder\Data\Residuals_vis\EpsonV550\150\s10_62_res_vis.png,EpsonV550,150
D:\Infosys_AI-Tracefinder\Data\Residuals_vis\EpsonV550\150\s10_63_res_vis.png,EpsonV550,150
D:\Infosys_AI-Tracefinder\Data\Residuals_vis\EpsonV550\150\s10_64_res_vis.png,EpsonV550,150
D:\Infosys_AI-Tracefinder\Data\Residuals_vis\EpsonV550\150\s10_65_res_vis.png,EpsonV550,150
D:\Infosys_AI-Tracefinder\Data\Residuals_vis\EpsonV550\150\s10_66_res_vis.png,EpsonV550,150
D:\Infosys_AI-Tracefinder\Data\Residuals_vis\EpsonV550\150\s10_67_res_vis.png,EpsonV550,150
D:\Infosys_AI-Tracefinder\Data\Residuals_vis\EpsonV550\150\s10_68_res_vis.png,EpsonV550,150
D:\Infosys_AI-Tracefinder\Data\Residuals_vis\EpsonV550\150\s10_69_res_vis.png,EpsonV550,150
D:\Infosys_AI-Tracefinder\Data\Residuals_vis\EpsonV550\150\s10_6_res_vis.png,EpsonV550,150
D:\Infosys_AI-Tracefinder\Data\Residuals_vis\EpsonV550\150\s10_70_res_vis.png,EpsonV550,150
D:\Infosys_AI-Tracefinder\Data\Residuals_vis\EpsonV550\150\s10_71_res_vis.png,EpsonV550,150
D:\Infosys_AI-Tracefinder\Data\Residuals_vis\EpsonV550\150\s10_72_res_vis.png,EpsonV550,150
D:\Infosys_AI-Tracefinder\Data\Residuals_vis\EpsonV550\150\s10_73_res_vis.png,EpsonV550,150
D:\Infosys_AI-Tracefinder\Data\Residuals_vis\EpsonV550\150\s10_74_res_vis.png,EpsonV550,150
D:\Infosys_AI-Tracefinder\Data\Residuals_vis\EpsonV550\150\s10_75_res_vis.png,EpsonV550,150
D:\Infosys_AI-Tracefinder\Data\Residuals_vis\EpsonV550\150\s10_76_res_vis.png,EpsonV550,150
D:\Infosys_AI-Tracefinder\Data\Residuals_vis\EpsonV550\150\s10_77_res_vis.png,EpsonV550,150
D:\Infosys_AI-Tracefinder\Data\Residuals_vis\EpsonV550\150\s10_78_res_vis.png,EpsonV550,150
D:\Infosys_AI-Tracefinder\Data\Residuals_vis\EpsonV550\150\s10_79_res_vis.png,EpsonV550,150
D:\Infosys_AI-Tracefinder\Data\Residuals_vis\EpsonV550\150\s10_7_res_vis.png,EpsonV550,150
D:\Infosys_AI-Tracefinder\Data\Residuals_vis\EpsonV550\150\s10_80_res_vis.png,EpsonV550,150
D:\Infosys_AI-Tracefinder\Data\Residuals_vis\EpsonV550\150\s10_81_res_vis.png,EpsonV550,150
D:\Infosys_AI-Tracefinder\Data\Residuals_vis\EpsonV550\150\s10_82_res_vis.png,EpsonV550,150
D:\Infosys_AI-Tracefinder\Data\Residuals_vis\EpsonV550\150\s10_83_res_vis.png,EpsonV550,150
D:\Infosys_AI-Tracefinder\Data\Residuals_vis\EpsonV550\150\s10_84_res_vis.png,EpsonV550,150
D:\Infosys_AI-Tracefinder\Data\Residuals_vis\EpsonV550\150\s10_85_res_vis.png,EpsonV550,150
D:\Infosys_AI-Tracefinder\Data\Residuals_vis\EpsonV550\150\s10_86_res_vis.png,EpsonV550,150
D:\Infosys_AI-Tracefinder\Data\Residuals_vis\EpsonV550\150\s10_87_res_vis.png,EpsonV550,150
D:\Infosys_AI-Tracefinder\Data\Residuals_vis\EpsonV550\150\s10_88_res_vis.png,EpsonV550,150
D:\Infosys_AI-Tracefinder\Data\Residuals_vis\EpsonV550\150\s10_89_res_vis.png,EpsonV550,150
D:\Infosys_AI-Tracefinder\Data\Residuals_vis\EpsonV550\150\s10_8_res_vis.png,EpsonV550,150
D:\Infosys_AI-Tracefinder\Data\Residuals_vis\EpsonV550\150\s10_90_res_vis.png,EpsonV550,150
D:\Infosys_AI-Tracefinder\Data\Residuals_vis\EpsonV550\150\s10_91_res_vis.png,EpsonV550,150
D:\Infosys_AI-Tracefinder\Data\Residuals_vis\EpsonV550\150\s10_92_res_vis.png,EpsonV550,150
D:\Infosys_AI-Tracefinder\Data\Residuals_vis\EpsonV550\150\s10_93_res_vis.png,EpsonV550,150
D:\Infosys_AI-Tracefinder\Data\Residuals_vis\EpsonV550\150\s10_94_res_vis.png,EpsonV550,150
D:\Infosys_AI-Tracefinder\Data\Residuals_vis\EpsonV550\150\s10_95_res_vis.png,EpsonV550,150
D:\Infosys_AI-Tracefinder\Data\Residuals_vis\EpsonV550\150\s10_96_res_vis.png,EpsonV550,150
D:\Infosys_AI-Tracefinder\Data\Residuals_vis\EpsonV550\150\s10_97_res_vis.png,EpsonV550,150
D:\Infosys_AI-Tracefinder\Data\Residuals_vis\EpsonV550\150\s10_98_res_vis.png,EpsonV550,150
D:\Infosys_AI-Tracefinder\Data\Residuals_vis\EpsonV550\150\s10_99_res_vis.png,EpsonV550,150
D:\Infosys_AI-Tracefinder\Data\Residuals_vis\EpsonV550\150\s10_9_res_vis.png,EpsonV550,150
D:\Infosys_AI-Tracefinder\Data\Residuals_vis\EpsonV550\300\s10_100_res_vis.png,EpsonV550,300
D:\Infosys_AI-Tracefinder\Data\Residuals_vis\EpsonV550\300\s10_10_res_vis.png,EpsonV550,300
D:\Infosys_AI-Tracefinder\Data\Residuals_vis\EpsonV550\300\s10_11_res_vis.png,EpsonV550,300
D:\Infosys_AI-Tracefinder\Data\Residuals_vis\EpsonV550\300\s10_12_res_vis.png,EpsonV550,300
D:\Infosys_AI-Tracefinder\Data\Residuals_vis\EpsonV550\300\s10_13_res_vis.png,EpsonV550,300
D:\Infosys_AI-Tracefinder\Data\Residuals_vis\EpsonV550\300\s10_14_res_vis.png,EpsonV550,300
D:\Infosys_AI-Tracefinder\Data\Residuals_vis\EpsonV550\300\s10_15_res_vis.png,EpsonV550,300
D:\Infosys_AI-Tracefinder\Data\Residuals_vis\EpsonV550\300\s10_16_res_vis.png,EpsonV550,300
D:\Infosys_AI-Tracefinder\Data\Residuals_vis\EpsonV550\300\s10_17_res_vis.png,EpsonV550,300
D:\Infosys_AI-Tracefinder\Data\Residuals_vis\EpsonV550\300\s10_18_res_vis.png,EpsonV550,300
D:\Infosys_AI-Tracefinder\Data\Residuals_vis\EpsonV550\300\s10_19_res_vis.png,EpsonV550,300
D:\Infosys_AI-Tracefinder\Data\Residuals_vis\EpsonV550\300\s10_1_res_vis.png,EpsonV550,300
D:\Infosys_AI-Tracefinder\Data\Residuals_vis\EpsonV550\300\s10_20_res_vis.png,EpsonV550,300
D:\Infosys_AI-Tracefinder\Data\Residuals_vis\EpsonV550\300\s10_21_res_vis.png,EpsonV550,300
D:\Infosys_AI-Tracefinder\Data\Residuals_vis\EpsonV550\300\s10_22_res_vis.png,EpsonV550,300
D:\Infosys_AI-Tracefinder\Data\Residuals_vis\EpsonV550\300\s10_23_res_vis.png,EpsonV550,300
D:\Infosys_AI-Tracefinder\Data\Residuals_vis\EpsonV550\300\s10_24_res_vis.png,EpsonV550,300
D:\Infosys_AI-Tracefinder\Data\Residuals_vis\EpsonV550\300\s10_25_res_vis.png,EpsonV550,300
D:\Infosys_AI-Tracefinder\Data\Residuals_vis\EpsonV550\300\s10_26_res_vis.png,EpsonV550,300
D:\Infosys_AI-Tracefinder\Data\Residuals_vis\EpsonV550\300\s10_27_res_vis.png,EpsonV550,300
D:\Infosys_AI-Tracefinder\Data\Residuals_vis\EpsonV550\300\s10_28_res_vis.png,EpsonV550,300
D:\Infosys_AI-Tracefinder\Data\Residuals_vis\EpsonV550\300\s10_29_res_vis.png,EpsonV550,300
D:\Infosys_AI-Tracefinder\Data\Residuals_vis\EpsonV550\300\s10_2_res_vis.png,EpsonV550,300
D:\Infosys_AI-Tracefinder\Data\Residuals_vis\EpsonV550\300\s10_30_res_vis.png,EpsonV550,300
D:\Infosys_AI-Tracefinder\Data\Residuals_vis\EpsonV550\300\s10_31_res_vis.png,EpsonV550,300
D:\Infosys_AI-Tracefinder\Data\Residuals_vis\EpsonV550\300\s10_32_res_vis.png,EpsonV550,300
D:\Infosys_AI-Tracefinder\Data\Residuals_vis\EpsonV550\300\s10_33_res_vis.png,EpsonV550,300
D:\Infosys_AI-Tracefinder\Data\Residuals_vis\EpsonV550\300\s10_34_res_vis.png,EpsonV550,300
D:\Infosys_AI-Tracefinder\Data\Residuals_vis\EpsonV550\300\s10_35_res_vis.png,EpsonV550,300
D:\Infosys_AI-Tracefinder\Data\Residuals_vis\EpsonV550\300\s10_36_res_vis.png,EpsonV550,300
D:\Infosys_AI-Tracefinder\Data\Residuals_vis\EpsonV550\300\s10_37_res_vis.png,EpsonV550,300
D:\Infosys_AI-Tracefinder\Data\Residuals_vis\EpsonV550\300\s10_38_res_vis.png,EpsonV550,300
D:\Infosys_AI-Tracefinder\Data\Residuals_vis\EpsonV550\300\s10_39_res_vis.png,EpsonV550,300
D:\Infosys_AI-Tracefinder\Data\Residuals_vis\EpsonV550\300\s10_3_res_vis.png,EpsonV550,300
D:\Infosys_AI-Tracefinder\Data\Residuals_vis\EpsonV550\300\s10_40_res_vis.png,EpsonV550,300
D:\Infosys_AI-Tracefinder\Data\Residuals_vis\EpsonV550\300\s10_41_res_vis.png,EpsonV550,300
D:\Infosys_AI-Tracefinder\Data\Residuals_vis\EpsonV550\300\s10_42_res_vis.png,EpsonV550,300
D:\Infosys_AI-Tracefinder\Data\Residuals_vis\EpsonV550\300\s10_43_res_vis.png,EpsonV550,300
D:\Infosys_AI-Tracefinder\Data\Residuals_vis\EpsonV550\300\s10_44_res_vis.png,EpsonV550,300
D:\Infosys_AI-Tracefinder\Data\Residuals_vis\EpsonV550\300\s10_45_res_vis.png,EpsonV550,300
D:\Infosys_AI-Tracefinder\Data\Residuals_vis\EpsonV550\300\s10_46_res_vis.png,EpsonV550,300
D:\Infosys_AI-Tracefinder\Data\Residuals_vis\EpsonV550\300\s10_47_res_vis.png,EpsonV550,300
D:\Infosys_AI-Tracefinder\Data\Residuals_vis\EpsonV550\300\s10_48_res_vis.png,EpsonV550,300
D:\Infosys_AI-Tracefinder\Data\Residuals_vis\EpsonV550\300\s10_49_res_vis.png,EpsonV550,300
D:\Infosys_AI-Tracefinder\Data\Residuals_vis\EpsonV550\300\s10_4_res_vis.png,EpsonV550,300
D:\Infosys_AI-Tracefinder\Data\Residuals_vis\EpsonV550\300\s10_50_res_vis.png,EpsonV550,300
D:\Infosys_AI-Tracefinder\Data\Residuals_vis\EpsonV550\300\s10_51_res_vis.png,EpsonV550,300
D:\Infosys_AI-Tracefinder\Data\Residuals_vis\EpsonV550\300\s10_52_res_vis.png,EpsonV550,300
D:\Infosys_AI-Tracefinder\Data\Residuals_vis\EpsonV550\300\s10_53_res_vis.png,EpsonV550,300
D:\Infosys_AI-Tracefinder\Data\Residuals_vis\EpsonV550\300\s10_54_res_vis.png,EpsonV550,300
D:\Infosys_AI-Tracefinder\Data\Residuals_vis\EpsonV550\300\s10_55_res_vis.png,EpsonV550,300
D:\Infosys_AI-Tracefinder\Data\Residuals_vis\EpsonV550\300\s10_56_res_vis.png,EpsonV550,300
D:\Infosys_AI-Tracefinder\Data\Residuals_vis\EpsonV550\300\s10_57_res_vis.png,EpsonV550,300
D:\Infosys_AI-Tracefinder\Data\Residuals_vis\EpsonV550\300\s10_58_res_vis.png,EpsonV550,300
D:\Infosys_AI-Tracefinder\Data\Residuals_vis\EpsonV550\300\s10_59_res_vis.png,EpsonV550,300
D:\Infosys_AI-Tracefinder\Data\Residuals_vis\EpsonV550\300\s10_5_res_vis.png,EpsonV550,300
D:\Infosys_AI-Tracefinder\Data\Residuals_vis\EpsonV550\300\s10_60_res_vis.png,EpsonV550,300
D:\Infosys_AI-Tracefinder\Data\Residuals_vis\EpsonV550\300\s10_61_res_vis.png,EpsonV550,300
D:\Infosys_AI-Tracefinder\Data\Residuals_vis\EpsonV550\300\s10_62_res_vis.png,EpsonV550,300
D:\Infosys_AI-Tracefinder\Data\Residuals_vis\EpsonV550\300\s10_63_res_vis.png,EpsonV550,300
D:\Infosys_AI-Tracefinder\Data\Residuals_vis\EpsonV550\300\s10_64_res_vis.png,EpsonV550,300
D:\Infosys_AI-Tracefinder\Data\Residuals_vis\EpsonV550\300\s10_65_res_vis.png,EpsonV550,300
D:\Infosys_AI-Tracefinder\Data\Residuals_vis\EpsonV550\300\s10_66_res_vis.png,EpsonV550,300
D:\Infosys_AI-Tracefinder\Data\Residuals_vis\EpsonV550\300\s10_67_res_vis.png,EpsonV550,300
D:\Infosys_AI-Tracefinder\Data\Residuals_vis\EpsonV550\300\s10_68_res_vis.png,EpsonV550,300
D:\Infosys_AI-Tracefinder\Data\Residuals_vis\EpsonV550\300\s10_69_res_vis.png,EpsonV550,300
D:\Infosys_AI-Tracefinder\Data\Residuals_vis\EpsonV550\300\s10_6_res_vis.png,EpsonV550,300
D:\Infosys_AI-Tracefinder\Data\Residuals_vis\EpsonV550\300\s10_70_res_vis.png,EpsonV550,300
D:\Infosys_AI-Tracefinder\Data\Residuals_vis\EpsonV550\300\s10_71_res_vis.png,EpsonV550,300
D:\Infosys_AI-Tracefinder\Data\Residuals_vis\EpsonV550\300\s10_72_res_vis.png,EpsonV550,300
D:\Infosys_AI-Tracefinder\Data\Residuals_vis\EpsonV550\300\s10_73_res_vis.png,EpsonV550,300
D:\Infosys_AI-Tracefinder\Data\Residuals_vis\EpsonV550\300\s10_74_res_vis.png,EpsonV550,300
D:\Infosys_AI-Tracefinder\Data\Residuals_vis\EpsonV550\300\s10_75_res_vis.png,EpsonV550,300
D:\Infosys_AI-Tracefinder\Data\Residuals_vis\EpsonV550\300\s10_76_res_vis.png,EpsonV550,300
D:\Infosys_AI-Tracefinder\Data\Residuals_vis\EpsonV550\300\s10_77_res_vis.png,EpsonV550,300
D:\Infosys_AI-Tracefinder\Data\Residuals_vis\EpsonV550\300\s10_78_res_vis.png,EpsonV550,300
D:\Infosys_AI-Tracefinder\Data\Residuals_vis\EpsonV550\300\s10_79_res_vis.png,EpsonV550,300
D:\Infosys_AI-Tracefinder\Data\Residuals_vis\EpsonV550\300\s10_7_res_vis.png,EpsonV550,300
D:\Infosys_AI-Tracefinder\Data\Residuals_vis\EpsonV550\300\s10_80_res_vis.png,EpsonV550,300
D:\Infosys_AI-Tracefinder\Data\Residuals_vis\EpsonV550\300\s10_81_res_vis.png,EpsonV550,300
D:\Infosys_AI-Tracefinder\Data\Residuals_vis\EpsonV550\300\s10_82_res_vis.png,EpsonV550,300
D:\Infosys_AI-Tracefinder\Data\Residuals_vis\EpsonV550\300\s10_83_res_vis.png,EpsonV550,300
D:\Infosys_AI-Tracefinder\Data\Residuals_vis\EpsonV550\300\s10_84_res_vis.png,EpsonV550,300
D:\Infosys_AI-Tracefinder\Data\Residuals_vis\EpsonV550\300\s10_85_res_vis.png,EpsonV550,300
D:\Infosys_AI-Tracefinder\Data\Residuals_vis\EpsonV550\300\s10_86_res_vis.png,EpsonV550,300
D:\Infosys_AI-Tracefinder\Data\Residuals_vis\EpsonV550\300\s10_87_res_vis.png,EpsonV550,300
D:\Infosys_AI-Tracefinder\Data\Residuals_vis\EpsonV550\300\s10_88_res_vis.png,EpsonV550,300
D:\Infosys_AI-Tracefinder\Data\Residuals_vis\EpsonV550\300\s10_89_res_vis.png,EpsonV550,300
D:\Infosys_AI-Tracefinder\Data\Residuals_vis\EpsonV550\300\s10_8_res_vis.png,EpsonV550,300
D:\Infosys_AI-Tracefinder\Data\Residuals_vis\EpsonV550\300\s10_90_res_vis.png,EpsonV550,300
D:\Infosys_AI-Tracefinder\Data\Residuals_vis\EpsonV550\300\s10_91_res_vis.png,EpsonV550,300
D:\Infosys_AI-Tracefinder\Data\Residuals_vis\EpsonV550\300\s10_92_res_vis.png,EpsonV550,300
D:\Infosys_AI-Tracefinder\Data\Residuals_vis\EpsonV550\300\s10_93_res_vis.png,EpsonV550,300
D:\Infosys_AI-Tracefinder\Data\Residuals_vis\EpsonV550\300\s10_94_res_vis.png,EpsonV550,300
D:\Infosys_AI-Tracefinder\Data\Residuals_vis\EpsonV550\300\s10_95_res_vis.png,EpsonV550,300
D:\Infosys_AI-Tracefinder\Data\Residuals_vis\EpsonV550\300\s10_96_res_vis.png,EpsonV550,300
D:\Infosys_AI-Tracefinder\Data\Residuals_vis\EpsonV550\300\s10_97_res_vis.png,EpsonV550,300
D:\Infosys_AI-Tracefinder\Data\Residuals_vis\EpsonV550\300\s10_98_res_vis.png,EpsonV550,300
D:\Infosys_AI-Tracefinder\Data\Residuals_vis\EpsonV550\300\s10_99_res_vis.png,EpsonV550,300
D:\Infosys_AI-Tracefinder\Data\Residuals_vis\EpsonV550\300\s10_9_res_vis.png,EpsonV550,300
D:\Infosys_AI-Tracefinder\Data\Residuals_vis\HP\150\s11_100_res_vis.png,HP,150
D:\Infosys_AI-Tracefinder\Data\Residuals_vis\HP\150\s11_10_res_vis.png,HP,150
D:\Infosys_AI-Tracefinder\Data\Residuals_vis\HP\150\s11_11_res_vis.png,HP,150
D:\Infosys_AI-Tracefinder\Data\Residuals_vis\HP\150\s11_12_res_vis.png,HP,150
D:\Infosys_AI-Tracefinder\Data\Residuals_vis\HP\150\s11_13_res_vis.png,HP,150
D:\Infosys_AI-Tracefinder\Data\Residuals_vis\HP\150\s11_14_res_vis.png,HP,150
D:\Infosys_AI-Tracefinder\Data\Residuals_vis\HP\150\s11_15_res_vis.png,HP,150
D:\Infosys_AI-Tracefinder\Data\Residuals_vis\HP\150\s11_16_res_vis.png,HP,150
D:\Infosys_AI-Tracefinder\Data\Residuals_vis\HP\150\s11_17_res_vis.png,HP,150
D:\Infosys_AI-Tracefinder\Data\Residuals_vis\HP\150\s11_18_res_vis.png,HP,150
D:\Infosys_AI-Tracefinder\Data\Residuals_vis\HP\150\s11_19_res_vis.png,HP,150
D:\Infosys_AI-Tracefinder\Data\Residuals_vis\HP\150\s11_1_res_vis.png,HP,150
D:\Infosys_AI-Tracefinder\Data\Residuals_vis\HP\150\s11_20_res_vis.png,HP,150
D:\Infosys_AI-Tracefinder\Data\Residuals_vis\HP\150\s11_21_res_vis.png,HP,150
D:\Infosys_AI-Tracefinder\Data\Residuals_vis\HP\150\s11_22_res_vis.png,HP,150
D:\Infosys_AI-Tracefinder\Data\Residuals_vis\HP\150\s11_23_res_vis.png,HP,150
D:\Infosys_AI-Tracefinder\Data\Residuals_vis\HP\150\s11_24_res_vis.png,HP,150
D:\Infosys_AI-Tracefinder\Data\Residuals_vis\HP\150\s11_25_res_vis.png,HP,150
D:\Infosys_AI-Tracefinder\Data\Residuals_vis\HP\150\s11_26_res_vis.png,HP,150
D:\Infosys_AI-Tracefinder\Data\Residuals_vis\HP\150\s11_27_res_vis.png,HP,150
D:\Infosys_AI-Tracefinder\Data\Residuals_vis\HP\150\s11_28_res_vis.png,HP,150
D:\Infosys_AI-Tracefinder\Data\Residuals_vis\HP\150\s11_29_res_vis.png,HP,150
D:\Infosys_AI-Tracefinder\Data\Residuals_vis\HP\150\s11_2_res_vis.png,HP,150
D:\Infosys_AI-Tracefinder\Data\Residuals_vis\HP\150\s11_30_res_vis.png,HP,150
D:\Infosys_AI-Tracefinder\Data\Residuals_vis\HP\150\s11_31_res_vis.png,HP,150
D:\Infosys_AI-Tracefinder\Data\Residuals_vis\HP\150\s11_32_res_vis.png,HP,150
D:\Infosys_AI-Tracefinder\Data\Residuals_vis\HP\150\s11_33_res_vis.png,HP,150
D:\Infosys_AI-Tracefinder\Data\Residuals_vis\HP\150\s11_34_res_vis.png,HP,150
D:\Infosys_AI-Tracefinder\Data\Residuals_vis\HP\150\s11_35_res_vis.png,HP,150
D:\Infosys_AI-Tracefinder\Data\Residuals_vis\HP\150\s11_36_res_vis.png,HP,150
D:\Infosys_AI-Tracefinder\Data\Residuals_vis\HP\150\s11_37_res_vis.png,HP,150
D:\Infosys_AI-Tracefinder\Data\Residuals_vis\HP\150\s11_38_res_vis.png,HP,150
D:\Infosys_AI-Tracefinder\Data\Residuals_vis\HP\150\s11_39_res_vis.png,HP,150
D:\Infosys_AI-Tracefinder\Data\Residuals_vis\HP\150\s11_3_res_vis.png,HP,150
D:\Infosys_AI-Tracefinder\Data\Residuals_vis\HP\150\s11_40_res_vis.png,HP,150
D:\Infosys_AI-Tracefinder\Data\Residuals_vis\HP\150\s11_41_res_vis.png,HP,150
D:\Infosys_AI-Tracefinder\Data\Residuals_vis\HP\150\s11_42_res_vis.png,HP,150
D:\Infosys_AI-Tracefinder\Data\Residuals_vis\HP\150\s11_43_res_vis.png,HP,150
D:\Infosys_AI-Tracefinder\Data\Residuals_vis\HP\150\s11_44_res_vis.png,HP,150
D:\Infosys_AI-Tracefinder\Data\Residuals_vis\HP\150\s11_45_res_vis.png,HP,150
D:\Infosys_AI-Tracefinder\Data\Residuals_vis\HP\150\s11_46_res_vis.png,HP,150
D:\Infosys_AI-Tracefinder\Data\Residuals_vis\HP\150\s11_47_res_vis.png,HP,150
D:\Infosys_AI-Tracefinder\Data\Residuals_vis\HP\150\s11_48_res_vis.png,HP,150
D:\Infosys_AI-Tracefinder\Data\Residuals_vis\HP\150\s11_49_res_vis.png,HP,150
D:\Infosys_AI-Tracefinder\Data\Residuals_vis\HP\150\s11_4_res_vis.png,HP,150
D:\Infosys_AI-Tracefinder\Data\Residuals_vis\HP\150\s11_50_res_vis.png,HP,150
D:\Infosys_AI-Tracefinder\Data\Residuals_vis\HP\150\s11_51_res_vis.png,HP,150
D:\Infosys_AI-Tracefinder\Data\Residuals_vis\HP\150\s11_52_res_vis.png,HP,150
D:\Infosys_AI-Tracefinder\Data\Residuals_vis\HP\150\s11_53_res_vis.png,HP,150
D:\Infosys_AI-Tracefinder\Data\Residuals_vis\HP\150\s11_54_res_vis.png,HP,150
D:\Infosys_AI-Tracefinder\Data\Residuals_vis\HP\150\s11_55_res_vis.png,HP,150
D:\Infosys_AI-Tracefinder\Data\Residuals_vis\HP\150\s11_56_res_vis.png,HP,150
D:\Infosys_AI-Tracefinder\Data\Residuals_vis\HP\150\s11_57_res_vis.png,HP,150
D:\Infosys_AI-Tracefinder\Data\Residuals_vis\HP\150\s11_58_res_vis.png,HP,150
D:\Infosys_AI-Tracefinder\Data\Residuals_vis\HP\150\s11_59_res_vis.png,HP,150
D:\Infosys_AI-Tracefinder\Data\Residuals_vis\HP\150\s11_5_res_vis.png,HP,150
D:\Infosys_AI-Tracefinder\Data\Residuals_vis\HP\150\s11_60_res_vis.png,HP,150
D:\Infosys_AI-Tracefinder\Data\Residuals_vis\HP\150\s11_61_res_vis.png,HP,150
D:\Infosys_AI-Tracefinder\Data\Residuals_vis\HP\150\s11_62_res_vis.png,HP,150
D:\Infosys_AI-Tracefinder\Data\Residuals_vis\HP\150\s11_63_res_vis.png,HP,150
D:\Infosys_AI-Tracefinder\Data\Residuals_vis\HP\150\s11_64_res_vis.png,HP,150
D:\Infosys_AI-Tracefinder\Data\Residuals_vis\HP\150\s11_65_res_vis.png,HP,150
D:\Infosys_AI-Tracefinder\Data\Residuals_vis\HP\150\s11_66_res_vis.png,HP,150
D:\Infosys_AI-Tracefinder\Data\Residuals_vis\HP\150\s11_67_res_vis.png,HP,150
D:\Infosys_AI-Tracefinder\Data\Residuals_vis\HP\150\s11_68_res_vis.png,HP,150
D:\Infosys_AI-Tracefinder\Data\Residuals_vis\HP\150\s11_69_res_vis.png,HP,150
D:\Infosys_AI-Tracefinder\Data\Residuals_vis\HP\150\s11_6_res_vis.png,HP,150
D:\Infosys_AI-Tracefinder\Data\Residuals_vis\HP\150\s11_70_res_vis.png,HP,150
D:\Infosys_AI-Tracefinder\Data\Residuals_vis\HP\150\s11_71_res_vis.png,HP,150
D:\Infosys_AI-Tracefinder\Data\Residuals_vis\HP\150\s11_72_res_vis.png,HP,150
D:\Infosys_AI-Tracefinder\Data\Residuals_vis\HP\150\s11_73_res_vis.png,HP,150
D:\Infosys_AI-Tracefinder\Data\Residuals_vis\HP\150\s11_74_res_vis.png,HP,150
D:\Infosys_AI-Tracefinder\Data\Residuals_vis\HP\150\s11_75_res_vis.png,HP,150
D:\Infosys_AI-Tracefinder\Data\Residuals_vis\HP\150\s11_76_res_vis.png,HP,150
D:\Infosys_AI-Tracefinder\Data\Residuals_vis\HP\150\s11_77_res_vis.png,HP,150
D:\Infosys_AI-Tracefinder\Data\Residuals_vis\HP\150\s11_78_res_vis.png,HP,150
D:\Infosys_AI-Tracefinder\Data\Residuals_vis\HP\150\s11_79_res_vis.png,HP,150
D:\Infosys_AI-Tracefinder\Data\Residuals_vis\HP\150\s11_7_res_vis.png,HP,150
D:\Infosys_AI-Tracefinder\Data\Residuals_vis\HP\150\s11_80_res_vis.png,HP,150
D:\Infosys_AI-Tracefinder\Data\Residuals_vis\HP\150\s11_81_res_vis.png,HP,150
D:\Infosys_AI-Tracefinder\Data\Residuals_vis\HP\150\s11_82_res_vis.png,HP,150
D:\Infosys_AI-Tracefinder\Data\Residuals_vis\HP\150\s11_83_res_vis.png,HP,150
D:\Infosys_AI-Tracefinder\Data\Residuals_vis\HP\150\s11_84_res_vis.png,HP,150
D:\Infosys_AI-Tracefinder\Data\Residuals_vis\HP\150\s11_85_res_vis.png,HP,150
D:\Infosys_AI-Tracefinder\Data\Residuals_vis\HP\150\s11_86_res_vis.png,HP,150
D:\Infosys_AI-Tracefinder\Data\Residuals_vis\HP\150\s11_87_res_vis.png,HP,150
D:\Infosys_AI-Tracefinder\Data\Residuals_vis\HP\150\s11_88_res_vis.png,HP,150
D:\Infosys_AI-Tracefinder\Data\Residuals_vis\HP\150\s11_89_res_vis.png,HP,150
D:\Infosys_AI-Tracefinder\Data\Residuals_vis\HP\150\s11_8_res_vis.png,HP,150
D:\Infosys_AI-Tracefinder\Data\Residuals_vis\HP\150\s11_90_res_vis.png,HP,150
D:\Infosys_AI-Tracefinder\Data\Residuals_vis\HP\150\s11_91_res_vis.png,HP,150
D:\Infosys_AI-Tracefinder\Data\Residuals_vis\HP\150\s11_92_res_vis.png,HP,150
D:\Infosys_AI-Tracefinder\Data\Residuals_vis\HP\150\s11_93_res_vis.png,HP,150
D:\Infosys_AI-Tracefinder\Data\Residuals_vis\HP\150\s11_94_res_vis.png,HP,150
D:\Infosys_AI-Tracefinder\Data\Residuals_vis\HP\150\s11_95_res_vis.png,HP,150
D:\Infosys_AI-Tracefinder\Data\Residuals_vis\HP\150\s11_96_res_vis.png,HP,150
D:\Infosys_AI-Tracefinder\Data\Residuals_vis\HP\150\s11_97_res_vis.png,HP,150
D:\Infosys_AI-Tracefinder\Data\Residuals_vis\HP\150\s11_98_res_vis.png,HP,150
D:\Infosys_AI-Tracefinder\Data\Residuals_vis\HP\150\s11_99_res_vis.png,HP,150
D:\Infosys_AI-Tracefinder\Data\Residuals_vis\HP\150\s11_9_res_vis.png,HP,150
D:\Infosys_AI-Tracefinder\Data\Residuals_vis\HP\300\s11_100_res_vis.png,HP,300
D:\Infosys_AI-Tracefinder\Data\Residuals_vis\HP\300\s11_10_res_vis.png,HP,300
D:\Infosys_AI-Tracefinder\Data\Residuals_vis\HP\300\s11_11_res_vis.png,HP,300
D:\Infosys_AI-Tracefinder\Data\Residuals_vis\HP\300\s11_12_res_vis.png,HP,300
D:\Infosys_AI-Tracefinder\Data\Residuals_vis\HP\300\s11_13_res_vis.png,HP,300
D:\Infosys_AI-Tracefinder\Data\Residuals_vis\HP\300\s11_14_res_vis.png,HP,300
D:\Infosys_AI-Tracefinder\Data\Residuals_vis\HP\300\s11_15_res_vis.png,HP,300
D:\Infosys_AI-Tracefinder\Data\Residuals_vis\HP\300\s11_16_res_vis.png,HP,300
D:\Infosys_AI-Tracefinder\Data\Residuals_vis\HP\300\s11_17_res_vis.png,HP,300
D:\Infosys_AI-Tracefinder\Data\Residuals_vis\HP\300\s11_18_res_vis.png,HP,300
D:\Infosys_AI-Tracefinder\Data\Residuals_vis\HP\300\s11_19_res_vis.png,HP,300
D:\Infosys_AI-Tracefinder\Data\Residuals_vis\HP\300\s11_1_res_vis.png,HP,300
D:\Infosys_AI-Tracefinder\Data\Residuals_vis\HP\300\s11_20_res_vis.png,HP,300
D:\Infosys_AI-Tracefinder\Data\Residuals_vis\HP\300\s11_21_res_vis.png,HP,300
D:\Infosys_AI-Tracefinder\Data\Residuals_vis\HP\300\s11_22_res_vis.png,HP,300
D:\Infosys_AI-Tracefinder\Data\Residuals_vis\HP\300\s11_23_res_vis.png,HP,300
D:\Infosys_AI-Tracefinder\Data\Residuals_vis\HP\300\s11_24_res_vis.png,HP,300
D:\Infosys_AI-Tracefinder\Data\Residuals_vis\HP\300\s11_25_res_vis.png,HP,300
D:\Infosys_AI-Tracefinder\Data\Residuals_vis\HP\300\s11_26_res_vis.png,HP,300
D:\Infosys_AI-Tracefinder\Data\Residuals_vis\HP\300\s11_27_res_vis.png,HP,300
D:\Infosys_AI-Tracefinder\Data\Residuals_vis\HP\300\s11_28_res_vis.png,HP,300
D:\Infosys_AI-Tracefinder\Data\Residuals_vis\HP\300\s11_29_res_vis.png,HP,300
D:\Infosys_AI-Tracefinder\Data\Residuals_vis\HP\300\s11_2_res_vis.png,HP,300
D:\Infosys_AI-Tracefinder\Data\Residuals_vis\HP\300\s11_30_res_vis.png,HP,300
D:\Infosys_AI-Tracefinder\Data\Residuals_vis\HP\300\s11_31_res_vis.png,HP,300
D:\Infosys_AI-Tracefinder\Data\Residuals_vis\HP\300\s11_32_res_vis.png,HP,300
D:\Infosys_AI-Tracefinder\Data\Residuals_vis\HP\300\s11_33_res_vis.png,HP,300
D:\Infosys_AI-Tracefinder\Data\Residuals_vis\HP\300\s11_34_res_vis.png,HP,300
D:\Infosys_AI-Tracefinder\Data\Residuals_vis\HP\300\s11_35_res_vis.png,HP,300
D:\Infosys_AI-Tracefinder\Data\Residuals_vis\HP\300\s11_36_res_vis.png,HP,300
D:\Infosys_AI-Tracefinder\Data\Residuals_vis\HP\300\s11_37_res_vis.png,HP,300
D:\Infosys_AI-Tracefinder\Data\Residuals_vis\HP\300\s11_38_res_vis.png,HP,300
D:\Infosys_AI-Tracefinder\Data\Residuals_vis\HP\300\s11_39_res_vis.png,HP,300
D:\Infosys_AI-Tracefinder\Data\Residuals_vis\HP\300\s11_3_res_vis.png,HP,300
D:\Infosys_AI-Tracefinder\Data\Residuals_vis\HP\300\s11_40_res_vis.png,HP,300
D:\Infosys_AI-Tracefinder\Data\Residuals_vis\HP\300\s11_41_res_vis.png,HP,300
D:\Infosys_AI-Tracefinder\Data\Residuals_vis\HP\300\s11_42_res_vis.png,HP,300
D:\Infosys_AI-Tracefinder\Data\Residuals_vis\HP\300\s11_43_res_vis.png,HP,300
D:\Infosys_AI-Tracefinder\Data\Residuals_vis\HP\300\s11_44_res_vis.png,HP,300
D:\Infosys_AI-Tracefinder\Data\Residuals_vis\HP\300\s11_45_res_vis.png,HP,300
D:\Infosys_AI-Tracefinder\Data\Residuals_vis\HP\300\s11_46_res_vis.png,HP,300
D:\Infosys_AI-Tracefinder\Data\Residuals_vis\HP\300\s11_47_res_vis.png,HP,300
D:\Infosys_AI-Tracefinder\Data\Residuals_vis\HP\300\s11_48_res_vis.png,HP,300
D:\Infosys_AI-Tracefinder\Data\Residuals_vis\HP\300\s11_49_res_vis.png,HP,300
D:\Infosys_AI-Tracefinder\Data\Residuals_vis\HP\300\s11_4_res_vis.png,HP,300
D:\Infosys_AI-Tracefinder\Data\Residuals_vis\HP\300\s11_50_res_vis.png,HP,300
D:\Infosys_AI-Tracefinder\Data\Residuals_vis\HP\300\s11_51_res_vis.png,HP,300
D:\Infosys_AI-Tracefinder\Data\Residuals_vis\HP\300\s11_52_res_vis.png,HP,300
D:\Infosys_AI-Tracefinder\Data\Residuals_vis\HP\300\s11_53_res_vis.png,HP,300
D:\Infosys_AI-Tracefinder\Data\Residuals_vis\HP\300\s11_54_res_vis.png,HP,300
D:\Infosys_AI-Tracefinder\Data\Residuals_vis\HP\300\s11_55_res_vis.png,HP,300
D:\Infosys_AI-Tracefinder\Data\Residuals_vis\HP\300\s11_56_res_vis.png,HP,300
D:\Infosys_AI-Tracefinder\Data\Residuals_vis\HP\300\s11_57_res_vis.png,HP,300
D:\Infosys_AI-Tracefinder\Data\Residuals_vis\HP\300\s11_58_res_vis.png,HP,300
D:\Infosys_AI-Tracefinder\Data\Residuals_vis\HP\300\s11_59_res_vis.png,HP,300
D:\Infosys_AI-Tracefinder\Data\Residuals_vis\HP\300\s11_5_res_vis.png,HP,300
D:\Infosys_AI-Tracefinder\Data\Residuals_vis\HP\300\s11_60_res_vis.png,HP,300
D:\Infosys_AI-Tracefinder\Data\Residuals_vis\HP\300\s11_61_res_vis.png,HP,300
D:\Infosys_AI-Tracefinder\Data\Residuals_vis\HP\300\s11_62_res_vis.png,HP,300
D:\Infosys_AI-Tracefinder\Data\Residuals_vis\HP\300\s11_63_res_vis.png,HP,300
D:\Infosys_AI-Tracefinder\Data\Residuals_vis\HP\300\s11_64_res_vis.png,HP,300
D:\Infosys_AI-Tracefinder\Data\Residuals_vis\HP\300\s11_65_res_vis.png,HP,300
D:\Infosys_AI-Tracefinder\Data\Residuals_vis\HP\300\s11_66_res_vis.png,HP,300
D:\Infosys_AI-Tracefinder\Data\Residuals_vis\HP\300\s11_67_res_vis.png,HP,300
D:\Infosys_AI-Tracefinder\Data\Residuals_vis\HP\300\s11_68_res_vis.png,HP,300
D:\Infosys_AI-Tracefinder\Data\Residuals_vis\HP\300\s11_69_res_vis.png,HP,300
D:\Infosys_AI-Tracefinder\Data\Residuals_vis\HP\300\s11_6_res_vis.png,HP,300
D:\Infosys_AI-Tracefinder\Data\Residuals_vis\HP\300\s11_70_res_vis.png,HP,300
D:\Infosys_AI-Tracefinder\Data\Residuals_vis\HP\300\s11_71_res_vis.png,HP,300
D:\Infosys_AI-Tracefinder\Data\Residuals_vis\HP\300\s11_72_res_vis.png,HP,300
D:\Infosys_AI-Tracefinder\Data\Residuals_vis\HP\300\s11_73_res_vis.png,HP,300
D:\Infosys_AI-Tracefinder\Data\Residuals_vis\HP\300\s11_74_res_vis.png,HP,300
D:\Infosys_AI-Tracefinder\Data\Residuals_vis\HP\300\s11_75_res_vis.png,HP,300
D:\Infosys_AI-Tracefinder\Data\Residuals_vis\HP\300\s11_76_res_vis.png,HP,300
D:\Infosys_AI-Tracefinder\Data\Residuals_vis\HP\300\s11_77_res_vis.png,HP,300
D:\Infosys_AI-Tracefinder\Data\Residuals_vis\HP\300\s11_78_res_vis.png,HP,300
D:\Infosys_AI-Tracefinder\Data\Residuals_vis\HP\300\s11_79_res_vis.png,HP,300
D:\Infosys_AI-Tracefinder\Data\Residuals_vis\HP\300\s11_7_res_vis.png,HP,300
D:\Infosys_AI-Tracefinder\Data\Residuals_vis\HP\300\s11_80_res_vis.png,HP,300
D:\Infosys_AI-Tracefinder\Data\Residuals_vis\HP\300\s11_81_res_vis.png,HP,300
D:\Infosys_AI-Tracefinder\Data\Residuals_vis\HP\300\s11_82_res_vis.png,HP,300
D:\Infosys_AI-Tracefinder\Data\Residuals_vis\HP\300\s11_83_res_vis.png,HP,300
D:\Infosys_AI-Tracefinder\Data\Residuals_vis\HP\300\s11_84_res_vis.png,HP,300
D:\Infosys_AI-Tracefinder\Data\Residuals_vis\HP\300\s11_85_res_vis.png,HP,300
D:\Infosys_AI-Tracefinder\Data\Residuals_vis\HP\300\s11_86_res_vis.png,HP,300
D:\Infosys_AI-Tracefinder\Data\Residuals_vis\HP\300\s11_87_res_vis.png,HP,300
D:\Infosys_AI-Tracefinder\Data\Residuals_vis\HP\300\s11_88_res_vis.png,HP,300
D:\Infosys_AI-Tracefinder\Data\Residuals_vis\HP\300\s11_89_res_vis.png,HP,300
D:\Infosys_AI-Tracefinder\Data\Residuals_vis\HP\300\s11_8_res_vis.png,HP,300
D:\Infosys_AI-Tracefinder\Data\Residuals_vis\HP\300\s11_90_res_vis.png,HP,300
D:\Infosys_AI-Tracefinder\Data\Residuals_vis\HP\300\s11_91_res_vis.png,HP,300
D:\Infosys_AI-Tracefinder\Data\Residuals_vis\HP\300\s11_92_res_vis.png,HP,300
D:\Infosys_AI-Tracefinder\Data\Residuals_vis\HP\300\s11_93_res_vis.png,HP,300
D:\Infosys_AI-Tracefinder\Data\Residuals_vis\HP\300\s11_94_res_vis.png,HP,300
D:\Infosys_AI-Tracefinder\Data\Residuals_vis\HP\300\s11_95_res_vis.png,HP,300
D:\Infosys_AI-Tracefinder\Data\Residuals_vis\HP\300\s11_96_res_vis.png,HP,300
D:\Infosys_AI-Tracefinder\Data\Residuals_vis\HP\300\s11_97_res_vis.png,HP,300
D:\Infosys_AI-Tracefinder\Data\Residuals_vis\HP\300\s11_98_res_vis.png,HP,300
D:\Infosys_AI-Tracefinder\Data\Residuals_vis\HP\300\s11_99_res_vis.png,HP,300
D:\Infosys_AI-Tracefinder\Data\Residuals_vis\HP\300\s11_9_res_vis.png,HP,300
